ISO-10303-21;
HEADER;
/* Generated by software containing ST-Developer
 * from STEP Tools, Inc. (www.steptools.com) 
 */

FILE_DESCRIPTION(
/* description */ (''),
/* implementation_level */ '2;1');

FILE_NAME(
/* name */ 'TOP PART.step',
/* time_stamp */ '2026-07-28T14:38:05+07:00',
/* author */ (''),
/* organization */ (''),
/* preprocessor_version */ 'ST-DEVELOPER v20.1',
/* originating_system */ 'Autodesk Translation Framework v15.8.0.0',
/* authorisation */ '');

FILE_SCHEMA (('AUTOMOTIVE_DESIGN { 1 0 10303 214 3 1 1 }'));
ENDSEC;

DATA;
#10=MECHANICAL_DESIGN_GEOMETRIC_PRESENTATION_REPRESENTATION('',(#13),#16907);
#11=SHAPE_REPRESENTATION_RELATIONSHIP('SRR','None',#16913,#12);
#12=ADVANCED_BREP_SHAPE_REPRESENTATION('',(#14),#16906);
#13=STYLED_ITEM('',(#16923),#14);
#14=MANIFOLD_SOLID_BREP('top',#9756);
#15=TOROIDAL_SURFACE('',#10202,2.,1.);
#16=TOROIDAL_SURFACE('',#10209,2.,1.);
#17=TOROIDAL_SURFACE('',#10215,2.,1.);
#18=TOROIDAL_SURFACE('',#10221,2.,1.);
#19=CYLINDRICAL_SURFACE('',#9906,1.37999999999998);
#20=CYLINDRICAL_SURFACE('',#9909,1.38);
#21=CYLINDRICAL_SURFACE('',#9911,1.2645);
#22=CYLINDRICAL_SURFACE('',#9914,1.2645);
#23=CYLINDRICAL_SURFACE('',#9917,1.2645);
#24=CYLINDRICAL_SURFACE('',#9920,1.2645);
#25=CYLINDRICAL_SURFACE('',#9923,1.2645);
#26=CYLINDRICAL_SURFACE('',#9926,1.2645);
#27=CYLINDRICAL_SURFACE('',#9929,1.2645);
#28=CYLINDRICAL_SURFACE('',#9932,1.2645);
#29=CYLINDRICAL_SURFACE('',#9935,2.);
#30=CYLINDRICAL_SURFACE('',#9937,3.00000000000001);
#31=CYLINDRICAL_SURFACE('',#9939,2.);
#32=CYLINDRICAL_SURFACE('',#9942,2.);
#33=CYLINDRICAL_SURFACE('',#9944,2.99999999999999);
#34=CYLINDRICAL_SURFACE('',#9946,2.);
#35=CYLINDRICAL_SURFACE('',#9949,2.);
#36=CYLINDRICAL_SURFACE('',#9951,3.);
#37=CYLINDRICAL_SURFACE('',#9953,2.);
#38=CYLINDRICAL_SURFACE('',#9956,2.);
#39=CYLINDRICAL_SURFACE('',#9958,3.00000000000001);
#40=CYLINDRICAL_SURFACE('',#9960,2.);
#41=CYLINDRICAL_SURFACE('',#9962,2.);
#42=CYLINDRICAL_SURFACE('',#9964,2.99999999999999);
#43=CYLINDRICAL_SURFACE('',#9966,2.);
#44=CYLINDRICAL_SURFACE('',#9968,2.);
#45=CYLINDRICAL_SURFACE('',#9970,3.);
#46=CYLINDRICAL_SURFACE('',#9972,2.);
#47=CYLINDRICAL_SURFACE('',#9974,2.);
#48=CYLINDRICAL_SURFACE('',#9976,3.);
#49=CYLINDRICAL_SURFACE('',#9978,2.);
#50=CYLINDRICAL_SURFACE('',#9996,2.99999999999999);
#51=CYLINDRICAL_SURFACE('',#9998,1.49999999999959);
#52=CYLINDRICAL_SURFACE('',#10000,2.99999999999999);
#53=CYLINDRICAL_SURFACE('',#10003,1.5);
#54=CYLINDRICAL_SURFACE('',#10006,3.);
#55=CYLINDRICAL_SURFACE('',#10009,3.);
#56=CYLINDRICAL_SURFACE('',#10012,3.);
#57=CYLINDRICAL_SURFACE('',#10014,3.);
#58=CYLINDRICAL_SURFACE('',#10016,3.);
#59=CYLINDRICAL_SURFACE('',#10018,3.);
#60=CYLINDRICAL_SURFACE('',#10020,3.);
#61=CYLINDRICAL_SURFACE('',#10022,3.);
#62=CYLINDRICAL_SURFACE('',#10025,2.);
#63=CYLINDRICAL_SURFACE('',#10028,2.);
#64=CYLINDRICAL_SURFACE('',#10031,1.5);
#65=CYLINDRICAL_SURFACE('',#10109,1.5);
#66=CYLINDRICAL_SURFACE('',#10111,1.5);
#67=CYLINDRICAL_SURFACE('',#10114,1.5);
#68=CYLINDRICAL_SURFACE('',#10116,1.5);
#69=CYLINDRICAL_SURFACE('',#10119,1.5);
#70=CYLINDRICAL_SURFACE('',#10122,1.5);
#71=CYLINDRICAL_SURFACE('',#10125,1.5);
#72=CYLINDRICAL_SURFACE('',#10127,1.5);
#73=CYLINDRICAL_SURFACE('',#10130,1.5);
#74=CYLINDRICAL_SURFACE('',#10133,1.5);
#75=CYLINDRICAL_SURFACE('',#10135,1.5);
#76=CYLINDRICAL_SURFACE('',#10138,1.5);
#77=CYLINDRICAL_SURFACE('',#10141,1.5);
#78=CYLINDRICAL_SURFACE('',#10143,1.5);
#79=CYLINDRICAL_SURFACE('',#10146,1.5);
#80=CYLINDRICAL_SURFACE('',#10149,1.5);
#81=CYLINDRICAL_SURFACE('',#10152,1.5);
#82=CYLINDRICAL_SURFACE('',#10155,1.5);
#83=CYLINDRICAL_SURFACE('',#10157,0.499999999999865);
#84=CYLINDRICAL_SURFACE('',#10159,1.49999999999999);
#85=CYLINDRICAL_SURFACE('',#10160,2.49999999999998);
#86=CYLINDRICAL_SURFACE('',#10161,2.49999999999996);
#87=CYLINDRICAL_SURFACE('',#10162,2.49999999999993);
#88=CYLINDRICAL_SURFACE('',#10163,2.49999999999994);
#89=CYLINDRICAL_SURFACE('',#10164,2.49999999999989);
#90=CYLINDRICAL_SURFACE('',#10165,2.50000000000008);
#91=CYLINDRICAL_SURFACE('',#10167,0.499999999999842);
#92=CYLINDRICAL_SURFACE('',#10169,2.49999999999986);
#93=CYLINDRICAL_SURFACE('',#10170,2.50000000000006);
#94=CYLINDRICAL_SURFACE('',#10172,0.499999999999838);
#95=CYLINDRICAL_SURFACE('',#10174,0.500000000000206);
#96=CYLINDRICAL_SURFACE('',#10176,2.50000000000007);
#97=CYLINDRICAL_SURFACE('',#10177,2.50000000000007);
#98=CYLINDRICAL_SURFACE('',#10179,0.499999999999998);
#99=CYLINDRICAL_SURFACE('',#10181,0.499999999999961);
#100=CYLINDRICAL_SURFACE('',#10183,2.50000000000005);
#101=CYLINDRICAL_SURFACE('',#10184,2.50000000000005);
#102=CYLINDRICAL_SURFACE('',#10186,2.49999999999967);
#103=CYLINDRICAL_SURFACE('',#10187,2.49999999999976);
#104=CYLINDRICAL_SURFACE('',#10189,1.5);
#105=CYLINDRICAL_SURFACE('',#10192,1.5);
#106=CYLINDRICAL_SURFACE('',#10194,1.5);
#107=CYLINDRICAL_SURFACE('',#10197,1.5);
#108=CYLINDRICAL_SURFACE('',#10200,1.5);
#109=CYLINDRICAL_SURFACE('',#10207,1.);
#110=CYLINDRICAL_SURFACE('',#10213,1.);
#111=CYLINDRICAL_SURFACE('',#10219,1.);
#112=CYLINDRICAL_SURFACE('',#10225,1.);
#113=CYLINDRICAL_SURFACE('',#10226,3.);
#114=CYLINDRICAL_SURFACE('',#10228,3.);
#115=CYLINDRICAL_SURFACE('',#10286,1.5);
#116=CYLINDRICAL_SURFACE('',#10298,1.5);
#117=CYLINDRICAL_SURFACE('',#10300,1.5);
#118=CYLINDRICAL_SURFACE('',#10313,1.5);
#119=CYLINDRICAL_SURFACE('',#10315,1.5);
#120=CYLINDRICAL_SURFACE('',#10326,1.5);
#121=CYLINDRICAL_SURFACE('',#10328,1.5);
#122=CYLINDRICAL_SURFACE('',#10349,1.5);
#123=CYLINDRICAL_SURFACE('',#10376,1.5);
#124=CYLINDRICAL_SURFACE('',#10378,1.5);
#125=CYLINDRICAL_SURFACE('',#10379,1.5);
#126=CYLINDRICAL_SURFACE('',#10380,1.5);
#127=CYLINDRICAL_SURFACE('',#10382,1.5);
#128=CYLINDRICAL_SURFACE('',#10384,3.);
#129=CYLINDRICAL_SURFACE('',#10386,3.);
#130=CYLINDRICAL_SURFACE('',#10389,1.03775);
#131=CYLINDRICAL_SURFACE('',#10392,1.03775);
#132=CYLINDRICAL_SURFACE('',#10395,1.03775);
#133=CYLINDRICAL_SURFACE('',#10398,1.03775);
#134=CYLINDRICAL_SURFACE('',#10401,1.03775);
#135=CYLINDRICAL_SURFACE('',#10404,1.03775);
#136=CYLINDRICAL_SURFACE('',#10407,1.03775);
#137=CIRCLE('',#9825,1.87999999999998);
#138=CIRCLE('',#9826,1.37999999999998);
#139=CIRCLE('',#9830,1.88000000000001);
#140=CIRCLE('',#9831,1.38);
#141=CIRCLE('',#9836,3.);
#142=CIRCLE('',#9837,3.);
#143=CIRCLE('',#9838,3.);
#144=CIRCLE('',#9839,3.);
#145=CIRCLE('',#9840,3.);
#146=CIRCLE('',#9841,2.50000000000008);
#147=CIRCLE('',#9842,2.);
#148=CIRCLE('',#9843,3.);
#149=CIRCLE('',#9844,2.);
#150=CIRCLE('',#9845,2.49999999999989);
#151=CIRCLE('',#9846,3.);
#152=CIRCLE('',#9847,3.);
#153=CIRCLE('',#9848,2.49999999999994);
#154=CIRCLE('',#9849,2.);
#155=CIRCLE('',#9850,3.);
#156=CIRCLE('',#9851,2.);
#157=CIRCLE('',#9852,2.49999999999993);
#158=CIRCLE('',#9853,3.);
#159=CIRCLE('',#9854,3.);
#160=CIRCLE('',#9855,2.49999999999996);
#161=CIRCLE('',#9856,2.);
#162=CIRCLE('',#9857,2.99999999999999);
#163=CIRCLE('',#9858,2.);
#164=CIRCLE('',#9859,2.49999999999998);
#165=CIRCLE('',#9860,3.);
#166=CIRCLE('',#9861,1.5);
#167=CIRCLE('',#9862,2.99999999999999);
#168=CIRCLE('',#9863,1.49999999999999);
#169=CIRCLE('',#9864,2.);
#170=CIRCLE('',#9865,0.499999999999865);
#171=CIRCLE('',#9866,2.50000000000005);
#172=CIRCLE('',#9867,2.);
#173=CIRCLE('',#9868,3.00000000000001);
#174=CIRCLE('',#9869,2.);
#175=CIRCLE('',#9870,2.50000000000005);
#176=CIRCLE('',#9871,0.499999999999961);
#177=CIRCLE('',#9872,0.499999999999998);
#178=CIRCLE('',#9873,2.50000000000007);
#179=CIRCLE('',#9874,2.);
#180=CIRCLE('',#9875,3.);
#181=CIRCLE('',#9876,2.);
#182=CIRCLE('',#9877,2.50000000000007);
#183=CIRCLE('',#9878,0.500000000000206);
#184=CIRCLE('',#9879,0.499999999999838);
#185=CIRCLE('',#9880,2.50000000000006);
#186=CIRCLE('',#9881,2.);
#187=CIRCLE('',#9882,2.99999999999999);
#188=CIRCLE('',#9883,2.);
#189=CIRCLE('',#9884,2.49999999999986);
#190=CIRCLE('',#9885,0.499999999999842);
#191=CIRCLE('',#9886,2.);
#192=CIRCLE('',#9887,1.49999999999959);
#193=CIRCLE('',#9888,2.99999999999999);
#194=CIRCLE('',#9889,1.5);
#195=CIRCLE('',#9890,3.);
#196=CIRCLE('',#9891,2.49999999999976);
#197=CIRCLE('',#9892,2.);
#198=CIRCLE('',#9893,3.00000000000001);
#199=CIRCLE('',#9894,2.);
#200=CIRCLE('',#9895,2.49999999999967);
#201=CIRCLE('',#9896,3.);
#202=CIRCLE('',#9897,1.2645);
#203=CIRCLE('',#9898,1.2645);
#204=CIRCLE('',#9899,1.2645);
#205=CIRCLE('',#9900,1.2645);
#206=CIRCLE('',#9901,1.2645);
#207=CIRCLE('',#9902,1.2645);
#208=CIRCLE('',#9903,1.2645);
#209=CIRCLE('',#9904,1.2645);
#210=CIRCLE('',#9907,1.37999999999998);
#211=CIRCLE('',#9910,1.38);
#212=CIRCLE('',#9912,1.2645);
#213=CIRCLE('',#9915,1.2645);
#214=CIRCLE('',#9918,1.2645);
#215=CIRCLE('',#9921,1.2645);
#216=CIRCLE('',#9924,1.2645);
#217=CIRCLE('',#9927,1.2645);
#218=CIRCLE('',#9930,1.2645);
#219=CIRCLE('',#9933,1.2645);
#220=CIRCLE('',#9936,2.);
#221=CIRCLE('',#9938,3.00000000000001);
#222=CIRCLE('',#9940,2.);
#223=CIRCLE('',#9943,2.);
#224=CIRCLE('',#9945,2.99999999999999);
#225=CIRCLE('',#9947,2.);
#226=CIRCLE('',#9950,2.);
#227=CIRCLE('',#9952,3.);
#228=CIRCLE('',#9954,2.);
#229=CIRCLE('',#9957,2.);
#230=CIRCLE('',#9959,3.00000000000001);
#231=CIRCLE('',#9961,2.);
#232=CIRCLE('',#9963,2.);
#233=CIRCLE('',#9965,2.99999999999999);
#234=CIRCLE('',#9967,2.);
#235=CIRCLE('',#9969,2.);
#236=CIRCLE('',#9971,3.);
#237=CIRCLE('',#9973,2.);
#238=CIRCLE('',#9975,2.);
#239=CIRCLE('',#9977,3.);
#240=CIRCLE('',#9979,2.);
#241=CIRCLE('',#9997,2.99999999999999);
#242=CIRCLE('',#9999,1.49999999999959);
#243=CIRCLE('',#10001,2.99999999999999);
#244=CIRCLE('',#10004,1.5);
#245=CIRCLE('',#10005,1.5);
#246=CIRCLE('',#10007,3.);
#247=CIRCLE('',#10010,3.);
#248=CIRCLE('',#10013,3.);
#249=CIRCLE('',#10015,3.);
#250=CIRCLE('',#10017,3.);
#251=CIRCLE('',#10019,3.);
#252=CIRCLE('',#10021,3.);
#253=CIRCLE('',#10023,3.);
#254=CIRCLE('',#10026,2.);
#255=CIRCLE('',#10029,2.);
#256=CIRCLE('',#10032,1.5);
#257=CIRCLE('',#10033,1.5);
#258=CIRCLE('',#10035,1.5);
#259=CIRCLE('',#10036,1.5);
#260=CIRCLE('',#10037,1.5);
#261=CIRCLE('',#10038,2.49999999999998);
#262=CIRCLE('',#10039,2.49999999999996);
#263=CIRCLE('',#10040,1.5);
#264=CIRCLE('',#10041,1.5);
#265=CIRCLE('',#10042,1.5);
#266=CIRCLE('',#10043,1.5);
#267=CIRCLE('',#10044,1.5);
#268=CIRCLE('',#10045,1.5);
#269=CIRCLE('',#10046,1.5);
#270=CIRCLE('',#10047,1.5);
#271=CIRCLE('',#10048,1.5);
#272=CIRCLE('',#10049,1.5);
#273=CIRCLE('',#10050,1.5);
#274=CIRCLE('',#10051,1.5);
#275=CIRCLE('',#10052,1.5);
#276=CIRCLE('',#10053,1.5);
#277=CIRCLE('',#10054,1.5);
#278=CIRCLE('',#10055,1.5);
#279=CIRCLE('',#10056,1.5);
#280=CIRCLE('',#10057,1.5);
#281=CIRCLE('',#10058,0.499999999999842);
#282=CIRCLE('',#10059,2.49999999999986);
#283=CIRCLE('',#10060,2.50000000000006);
#284=CIRCLE('',#10061,0.499999999999838);
#285=CIRCLE('',#10062,0.500000000000206);
#286=CIRCLE('',#10063,2.50000000000007);
#287=CIRCLE('',#10064,2.50000000000007);
#288=CIRCLE('',#10065,0.499999999999998);
#289=CIRCLE('',#10066,0.499999999999961);
#290=CIRCLE('',#10067,2.50000000000005);
#291=CIRCLE('',#10068,2.50000000000005);
#292=CIRCLE('',#10069,0.499999999999865);
#293=CIRCLE('',#10070,1.49999999999999);
#294=CIRCLE('',#10071,1.03775);
#295=CIRCLE('',#10072,1.5);
#296=CIRCLE('',#10073,1.5);
#297=CIRCLE('',#10074,1.5);
#298=CIRCLE('',#10075,1.5);
#299=CIRCLE('',#10076,1.5);
#300=CIRCLE('',#10077,1.5);
#301=CIRCLE('',#10078,1.5);
#302=CIRCLE('',#10079,1.5);
#303=CIRCLE('',#10080,1.5);
#304=CIRCLE('',#10081,1.5);
#305=CIRCLE('',#10082,1.5);
#306=CIRCLE('',#10083,1.03775);
#307=CIRCLE('',#10084,1.03775);
#308=CIRCLE('',#10085,1.03775);
#309=CIRCLE('',#10086,1.5);
#310=CIRCLE('',#10087,1.5);
#311=CIRCLE('',#10088,1.5);
#312=CIRCLE('',#10089,1.5);
#313=CIRCLE('',#10091,2.49999999999967);
#314=CIRCLE('',#10092,2.49999999999976);
#315=CIRCLE('',#10093,1.03775);
#316=CIRCLE('',#10095,2.49999999999989);
#317=CIRCLE('',#10096,2.50000000000008);
#318=CIRCLE('',#10097,1.03775);
#319=CIRCLE('',#10101,2.49999999999993);
#320=CIRCLE('',#10102,2.49999999999994);
#321=CIRCLE('',#10103,1.03775);
#322=CIRCLE('',#10110,1.5);
#323=CIRCLE('',#10112,1.5);
#324=CIRCLE('',#10115,1.5);
#325=CIRCLE('',#10117,1.5);
#326=CIRCLE('',#10120,1.5);
#327=CIRCLE('',#10123,1.5);
#328=CIRCLE('',#10126,1.5);
#329=CIRCLE('',#10128,1.5);
#330=CIRCLE('',#10131,1.5);
#331=CIRCLE('',#10134,1.5);
#332=CIRCLE('',#10136,1.5);
#333=CIRCLE('',#10139,1.5);
#334=CIRCLE('',#10142,1.5);
#335=CIRCLE('',#10144,1.5);
#336=CIRCLE('',#10147,1.5);
#337=CIRCLE('',#10150,1.5);
#338=CIRCLE('',#10153,1.5);
#339=CIRCLE('',#10156,1.5);
#340=CIRCLE('',#10190,1.5);
#341=CIRCLE('',#10193,1.5);
#342=CIRCLE('',#10195,1.5);
#343=CIRCLE('',#10198,1.5);
#344=CIRCLE('',#10201,1.5);
#345=CIRCLE('',#10203,0.999999999999979);
#346=CIRCLE('',#10204,2.);
#347=CIRCLE('',#10205,1.);
#348=CIRCLE('',#10206,3.);
#349=CIRCLE('',#10208,1.);
#350=CIRCLE('',#10210,1.);
#351=CIRCLE('',#10211,3.);
#352=CIRCLE('',#10212,2.);
#353=CIRCLE('',#10214,1.);
#354=CIRCLE('',#10216,1.);
#355=CIRCLE('',#10217,3.);
#356=CIRCLE('',#10218,2.);
#357=CIRCLE('',#10220,1.);
#358=CIRCLE('',#10222,1.);
#359=CIRCLE('',#10223,3.);
#360=CIRCLE('',#10224,2.);
#361=CIRCLE('',#10230,2.);
#362=CIRCLE('',#10231,2.00000000000001);
#363=CIRCLE('',#10232,2.00000000000001);
#364=CIRCLE('',#10233,2.);
#365=CIRCLE('',#10234,2.);
#366=CIRCLE('',#10235,2.);
#367=CIRCLE('',#10236,2.);
#368=CIRCLE('',#10237,2.);
#369=CIRCLE('',#10238,2.);
#370=CIRCLE('',#10239,2.);
#371=CIRCLE('',#10240,2.);
#372=CIRCLE('',#10241,2.);
#373=CIRCLE('',#10242,2.);
#374=CIRCLE('',#10243,2.);
#375=CIRCLE('',#10244,2.);
#376=CIRCLE('',#10245,2.00000000000001);
#377=CIRCLE('',#10246,2.00000000000001);
#378=CIRCLE('',#10247,2.);
#379=CIRCLE('',#10248,2.);
#380=CIRCLE('',#10249,2.);
#381=CIRCLE('',#10250,2.);
#382=CIRCLE('',#10251,2.00000000000002);
#383=CIRCLE('',#10252,2.00000000000001);
#384=CIRCLE('',#10253,2.);
#385=CIRCLE('',#10254,2.);
#386=CIRCLE('',#10255,2.);
#387=CIRCLE('',#10256,2.00000000000002);
#388=CIRCLE('',#10257,2.00000000000001);
#389=CIRCLE('',#10258,2.);
#390=CIRCLE('',#10259,2.);
#391=CIRCLE('',#10260,1.);
#392=CIRCLE('',#10261,2.);
#393=CIRCLE('',#10262,2.);
#394=CIRCLE('',#10263,1.);
#395=CIRCLE('',#10264,2.00000000000001);
#396=CIRCLE('',#10265,2.00000000000001);
#397=CIRCLE('',#10266,2.);
#398=CIRCLE('',#10267,2.);
#399=CIRCLE('',#10276,1.5);
#400=CIRCLE('',#10279,1.5);
#401=CIRCLE('',#10290,1.5);
#402=CIRCLE('',#10293,1.5);
#403=CIRCLE('',#10304,1.5);
#404=CIRCLE('',#10307,1.5);
#405=CIRCLE('',#10310,1.5);
#406=CIRCLE('',#10318,1.5);
#407=CIRCLE('',#10321,1.5);
#408=CIRCLE('',#10324,1.5);
#409=CIRCLE('',#10336,1.5);
#410=CIRCLE('',#10341,1.5);
#411=CIRCLE('',#10348,1.5);
#412=CIRCLE('',#10388,1.03775);
#413=CIRCLE('',#10391,1.03775);
#414=CIRCLE('',#10394,1.03775);
#415=CIRCLE('',#10397,1.03775);
#416=CIRCLE('',#10400,1.03775);
#417=CIRCLE('',#10403,1.03775);
#418=CIRCLE('',#10406,1.03775);
#419=CONICAL_SURFACE('',#9824,1.62999999999998,0.785398163397448);
#420=CONICAL_SURFACE('',#9829,1.63,0.785398163397451);
#421=CONICAL_SURFACE('',#10269,1.25,0.785398163397447);
#422=CONICAL_SURFACE('',#10271,1.75,0.785398163397444);
#423=CONICAL_SURFACE('',#10273,1.75,0.785398163397447);
#424=CONICAL_SURFACE('',#10275,1.25,0.785398163397447);
#425=CONICAL_SURFACE('',#10278,1.75000000000001,0.785398163397459);
#426=CONICAL_SURFACE('',#10281,1.75000000000001,0.785398163397459);
#427=CONICAL_SURFACE('',#10283,1.75,0.785398163397447);
#428=CONICAL_SURFACE('',#10285,1.75,0.785398163397447);
#429=CONICAL_SURFACE('',#10289,1.75,0.785398163397444);
#430=CONICAL_SURFACE('',#10292,1.75000000000001,0.785398163397459);
#431=CONICAL_SURFACE('',#10295,1.75000000000001,0.785398163397462);
#432=CONICAL_SURFACE('',#10297,1.75,0.785398163397451);
#433=CONICAL_SURFACE('',#10303,1.75000000000001,0.785398163397466);
#434=CONICAL_SURFACE('',#10306,1.75000000000001,0.785398163397459);
#435=CONICAL_SURFACE('',#10309,1.75,0.785398163397447);
#436=CONICAL_SURFACE('',#10312,1.75,0.785398163397447);
#437=CONICAL_SURFACE('',#10317,1.75,0.785398163397447);
#438=CONICAL_SURFACE('',#10320,1.75,0.785398163397447);
#439=CONICAL_SURFACE('',#10323,1.75,0.785398163397447);
#440=CONICAL_SURFACE('',#10331,1.75,0.785398163397448);
#441=CONICAL_SURFACE('',#10333,1.75,0.78539816339745);
#442=CONICAL_SURFACE('',#10335,1.75,0.785398163397447);
#443=CONICAL_SURFACE('',#10340,1.75,0.785398163397447);
#444=CONICAL_SURFACE('',#10343,1.75,0.785398163397447);
#445=CONICAL_SURFACE('',#10345,1.75,0.785398163397447);
#446=CONICAL_SURFACE('',#10347,1.75,0.785398163397445);
#447=CONICAL_SURFACE('',#10352,1.75,0.785398163397447);
#448=CONICAL_SURFACE('',#10354,1.75,0.785398163397447);
#449=CONICAL_SURFACE('',#10356,1.75000000000001,0.785398163397472);
#450=CONICAL_SURFACE('',#10358,1.75000000000001,0.785398163397459);
#451=CONICAL_SURFACE('',#10359,1.75,0.785398163397447);
#452=CONICAL_SURFACE('',#10361,1.75,0.78539816339745);
#453=CONICAL_SURFACE('',#10363,1.75,0.785398163397447);
#454=CONICAL_SURFACE('',#10365,1.75,0.785398163397447);
#455=CONICAL_SURFACE('',#10368,1.75000000000001,0.785398163397459);
#456=CONICAL_SURFACE('',#10370,1.75000000000001,0.785398163397459);
#457=CONICAL_SURFACE('',#10372,1.75,0.785398163397447);
#458=CONICAL_SURFACE('',#10374,1.75,0.785398163397444);
#459=CONICAL_SURFACE('',#10387,0.518933683945348,1.02974425867665);
#460=CONICAL_SURFACE('',#10390,0.518933683945348,1.02974425867665);
#461=CONICAL_SURFACE('',#10393,0.518933683945348,1.02974425867665);
#462=CONICAL_SURFACE('',#10396,0.518933683945348,1.02974425867665);
#463=CONICAL_SURFACE('',#10399,0.518933683945348,1.02974425867665);
#464=CONICAL_SURFACE('',#10402,0.518933683945348,1.02974425867665);
#465=CONICAL_SURFACE('',#10405,0.518933683945348,1.02974425867665);
#466=FACE_BOUND('',#1302,.T.);
#467=FACE_BOUND('',#1380,.T.);
#468=FACE_BOUND('',#1467,.T.);
#469=FACE_BOUND('',#1468,.T.);
#470=FACE_BOUND('',#1469,.T.);
#471=FACE_BOUND('',#1470,.T.);
#472=FACE_BOUND('',#1471,.T.);
#473=FACE_BOUND('',#1472,.T.);
#474=FACE_BOUND('',#1473,.T.);
#475=FACE_BOUND('',#1474,.T.);
#476=FACE_BOUND('',#1557,.T.);
#477=FACE_BOUND('',#1558,.T.);
#478=FACE_BOUND('',#1559,.T.);
#479=FACE_BOUND('',#1560,.T.);
#480=FACE_BOUND('',#1561,.T.);
#481=FACE_BOUND('',#1562,.T.);
#482=FACE_BOUND('',#1563,.T.);
#483=FACE_BOUND('',#1565,.T.);
#484=FACE_BOUND('',#1567,.T.);
#485=FACE_BOUND('',#1571,.T.);
#486=FACE_BOUND('',#1659,.T.);
#487=FACE_BOUND('',#1660,.T.);
#488=FACE_BOUND('',#1661,.T.);
#489=FACE_BOUND('',#1662,.T.);
#490=FACE_BOUND('',#1663,.T.);
#491=FACE_BOUND('',#1664,.T.);
#492=FACE_BOUND('',#1665,.T.);
#493=FACE_BOUND('',#1666,.T.);
#494=FACE_BOUND('',#1667,.T.);
#495=FACE_BOUND('',#1668,.T.);
#496=FACE_BOUND('',#1669,.T.);
#497=FACE_BOUND('',#1670,.T.);
#498=FACE_BOUND('',#1671,.T.);
#499=FACE_BOUND('',#1672,.T.);
#500=FACE_BOUND('',#1673,.T.);
#501=FACE_BOUND('',#1674,.T.);
#502=PLANE('',#9758);
#503=PLANE('',#9759);
#504=PLANE('',#9760);
#505=PLANE('',#9761);
#506=PLANE('',#9762);
#507=PLANE('',#9763);
#508=PLANE('',#9764);
#509=PLANE('',#9765);
#510=PLANE('',#9766);
#511=PLANE('',#9767);
#512=PLANE('',#9768);
#513=PLANE('',#9769);
#514=PLANE('',#9770);
#515=PLANE('',#9771);
#516=PLANE('',#9772);
#517=PLANE('',#9773);
#518=PLANE('',#9774);
#519=PLANE('',#9775);
#520=PLANE('',#9776);
#521=PLANE('',#9777);
#522=PLANE('',#9778);
#523=PLANE('',#9779);
#524=PLANE('',#9780);
#525=PLANE('',#9781);
#526=PLANE('',#9782);
#527=PLANE('',#9783);
#528=PLANE('',#9784);
#529=PLANE('',#9785);
#530=PLANE('',#9786);
#531=PLANE('',#9787);
#532=PLANE('',#9788);
#533=PLANE('',#9789);
#534=PLANE('',#9790);
#535=PLANE('',#9791);
#536=PLANE('',#9792);
#537=PLANE('',#9793);
#538=PLANE('',#9794);
#539=PLANE('',#9795);
#540=PLANE('',#9796);
#541=PLANE('',#9797);
#542=PLANE('',#9798);
#543=PLANE('',#9799);
#544=PLANE('',#9800);
#545=PLANE('',#9801);
#546=PLANE('',#9802);
#547=PLANE('',#9803);
#548=PLANE('',#9804);
#549=PLANE('',#9805);
#550=PLANE('',#9806);
#551=PLANE('',#9807);
#552=PLANE('',#9808);
#553=PLANE('',#9809);
#554=PLANE('',#9810);
#555=PLANE('',#9811);
#556=PLANE('',#9812);
#557=PLANE('',#9813);
#558=PLANE('',#9814);
#559=PLANE('',#9815);
#560=PLANE('',#9816);
#561=PLANE('',#9817);
#562=PLANE('',#9818);
#563=PLANE('',#9819);
#564=PLANE('',#9820);
#565=PLANE('',#9821);
#566=PLANE('',#9822);
#567=PLANE('',#9823);
#568=PLANE('',#9827);
#569=PLANE('',#9828);
#570=PLANE('',#9832);
#571=PLANE('',#9833);
#572=PLANE('',#9834);
#573=PLANE('',#9835);
#574=PLANE('',#9905);
#575=PLANE('',#9908);
#576=PLANE('',#9913);
#577=PLANE('',#9916);
#578=PLANE('',#9919);
#579=PLANE('',#9922);
#580=PLANE('',#9925);
#581=PLANE('',#9928);
#582=PLANE('',#9931);
#583=PLANE('',#9934);
#584=PLANE('',#9941);
#585=PLANE('',#9948);
#586=PLANE('',#9955);
#587=PLANE('',#9980);
#588=PLANE('',#9981);
#589=PLANE('',#9982);
#590=PLANE('',#9983);
#591=PLANE('',#9984);
#592=PLANE('',#9985);
#593=PLANE('',#9986);
#594=PLANE('',#9987);
#595=PLANE('',#9988);
#596=PLANE('',#9989);
#597=PLANE('',#9990);
#598=PLANE('',#9991);
#599=PLANE('',#9992);
#600=PLANE('',#9993);
#601=PLANE('',#9994);
#602=PLANE('',#9995);
#603=PLANE('',#10002);
#604=PLANE('',#10008);
#605=PLANE('',#10011);
#606=PLANE('',#10024);
#607=PLANE('',#10027);
#608=PLANE('',#10030);
#609=PLANE('',#10034);
#610=PLANE('',#10090);
#611=PLANE('',#10094);
#612=PLANE('',#10098);
#613=PLANE('',#10099);
#614=PLANE('',#10100);
#615=PLANE('',#10104);
#616=PLANE('',#10105);
#617=PLANE('',#10106);
#618=PLANE('',#10107);
#619=PLANE('',#10108);
#620=PLANE('',#10113);
#621=PLANE('',#10118);
#622=PLANE('',#10121);
#623=PLANE('',#10124);
#624=PLANE('',#10129);
#625=PLANE('',#10132);
#626=PLANE('',#10137);
#627=PLANE('',#10140);
#628=PLANE('',#10145);
#629=PLANE('',#10148);
#630=PLANE('',#10151);
#631=PLANE('',#10154);
#632=PLANE('',#10158);
#633=PLANE('',#10166);
#634=PLANE('',#10168);
#635=PLANE('',#10171);
#636=PLANE('',#10173);
#637=PLANE('',#10175);
#638=PLANE('',#10178);
#639=PLANE('',#10180);
#640=PLANE('',#10182);
#641=PLANE('',#10185);
#642=PLANE('',#10188);
#643=PLANE('',#10191);
#644=PLANE('',#10196);
#645=PLANE('',#10199);
#646=PLANE('',#10227);
#647=PLANE('',#10229);
#648=PLANE('',#10268);
#649=PLANE('',#10270);
#650=PLANE('',#10272);
#651=PLANE('',#10274);
#652=PLANE('',#10277);
#653=PLANE('',#10280);
#654=PLANE('',#10282);
#655=PLANE('',#10284);
#656=PLANE('',#10287);
#657=PLANE('',#10288);
#658=PLANE('',#10291);
#659=PLANE('',#10294);
#660=PLANE('',#10296);
#661=PLANE('',#10299);
#662=PLANE('',#10301);
#663=PLANE('',#10302);
#664=PLANE('',#10305);
#665=PLANE('',#10308);
#666=PLANE('',#10311);
#667=PLANE('',#10314);
#668=PLANE('',#10316);
#669=PLANE('',#10319);
#670=PLANE('',#10322);
#671=PLANE('',#10325);
#672=PLANE('',#10327);
#673=PLANE('',#10329);
#674=PLANE('',#10330);
#675=PLANE('',#10332);
#676=PLANE('',#10334);
#677=PLANE('',#10337);
#678=PLANE('',#10338);
#679=PLANE('',#10339);
#680=PLANE('',#10342);
#681=PLANE('',#10344);
#682=PLANE('',#10346);
#683=PLANE('',#10350);
#684=PLANE('',#10351);
#685=PLANE('',#10353);
#686=PLANE('',#10355);
#687=PLANE('',#10357);
#688=PLANE('',#10360);
#689=PLANE('',#10362);
#690=PLANE('',#10364);
#691=PLANE('',#10366);
#692=PLANE('',#10367);
#693=PLANE('',#10369);
#694=PLANE('',#10371);
#695=PLANE('',#10373);
#696=PLANE('',#10375);
#697=PLANE('',#10377);
#698=PLANE('',#10381);
#699=PLANE('',#10383);
#700=PLANE('',#10385);
#701=PLANE('',#10408);
#702=FACE_OUTER_BOUND('',#1231,.T.);
#703=FACE_OUTER_BOUND('',#1232,.T.);
#704=FACE_OUTER_BOUND('',#1233,.T.);
#705=FACE_OUTER_BOUND('',#1234,.T.);
#706=FACE_OUTER_BOUND('',#1235,.T.);
#707=FACE_OUTER_BOUND('',#1236,.T.);
#708=FACE_OUTER_BOUND('',#1237,.T.);
#709=FACE_OUTER_BOUND('',#1238,.T.);
#710=FACE_OUTER_BOUND('',#1239,.T.);
#711=FACE_OUTER_BOUND('',#1240,.T.);
#712=FACE_OUTER_BOUND('',#1241,.T.);
#713=FACE_OUTER_BOUND('',#1242,.T.);
#714=FACE_OUTER_BOUND('',#1243,.T.);
#715=FACE_OUTER_BOUND('',#1244,.T.);
#716=FACE_OUTER_BOUND('',#1245,.T.);
#717=FACE_OUTER_BOUND('',#1246,.T.);
#718=FACE_OUTER_BOUND('',#1247,.T.);
#719=FACE_OUTER_BOUND('',#1248,.T.);
#720=FACE_OUTER_BOUND('',#1249,.T.);
#721=FACE_OUTER_BOUND('',#1250,.T.);
#722=FACE_OUTER_BOUND('',#1251,.T.);
#723=FACE_OUTER_BOUND('',#1252,.T.);
#724=FACE_OUTER_BOUND('',#1253,.T.);
#725=FACE_OUTER_BOUND('',#1254,.T.);
#726=FACE_OUTER_BOUND('',#1255,.T.);
#727=FACE_OUTER_BOUND('',#1256,.T.);
#728=FACE_OUTER_BOUND('',#1257,.T.);
#729=FACE_OUTER_BOUND('',#1258,.T.);
#730=FACE_OUTER_BOUND('',#1259,.T.);
#731=FACE_OUTER_BOUND('',#1260,.T.);
#732=FACE_OUTER_BOUND('',#1261,.T.);
#733=FACE_OUTER_BOUND('',#1262,.T.);
#734=FACE_OUTER_BOUND('',#1263,.T.);
#735=FACE_OUTER_BOUND('',#1264,.T.);
#736=FACE_OUTER_BOUND('',#1265,.T.);
#737=FACE_OUTER_BOUND('',#1266,.T.);
#738=FACE_OUTER_BOUND('',#1267,.T.);
#739=FACE_OUTER_BOUND('',#1268,.T.);
#740=FACE_OUTER_BOUND('',#1269,.T.);
#741=FACE_OUTER_BOUND('',#1270,.T.);
#742=FACE_OUTER_BOUND('',#1271,.T.);
#743=FACE_OUTER_BOUND('',#1272,.T.);
#744=FACE_OUTER_BOUND('',#1273,.T.);
#745=FACE_OUTER_BOUND('',#1274,.T.);
#746=FACE_OUTER_BOUND('',#1275,.T.);
#747=FACE_OUTER_BOUND('',#1276,.T.);
#748=FACE_OUTER_BOUND('',#1277,.T.);
#749=FACE_OUTER_BOUND('',#1278,.T.);
#750=FACE_OUTER_BOUND('',#1279,.T.);
#751=FACE_OUTER_BOUND('',#1280,.T.);
#752=FACE_OUTER_BOUND('',#1281,.T.);
#753=FACE_OUTER_BOUND('',#1282,.T.);
#754=FACE_OUTER_BOUND('',#1283,.T.);
#755=FACE_OUTER_BOUND('',#1284,.T.);
#756=FACE_OUTER_BOUND('',#1285,.T.);
#757=FACE_OUTER_BOUND('',#1286,.T.);
#758=FACE_OUTER_BOUND('',#1287,.T.);
#759=FACE_OUTER_BOUND('',#1288,.T.);
#760=FACE_OUTER_BOUND('',#1289,.T.);
#761=FACE_OUTER_BOUND('',#1290,.T.);
#762=FACE_OUTER_BOUND('',#1291,.T.);
#763=FACE_OUTER_BOUND('',#1292,.T.);
#764=FACE_OUTER_BOUND('',#1293,.T.);
#765=FACE_OUTER_BOUND('',#1294,.T.);
#766=FACE_OUTER_BOUND('',#1295,.T.);
#767=FACE_OUTER_BOUND('',#1296,.T.);
#768=FACE_OUTER_BOUND('',#1297,.T.);
#769=FACE_OUTER_BOUND('',#1298,.T.);
#770=FACE_OUTER_BOUND('',#1299,.T.);
#771=FACE_OUTER_BOUND('',#1300,.T.);
#772=FACE_OUTER_BOUND('',#1301,.T.);
#773=FACE_OUTER_BOUND('',#1303,.T.);
#774=FACE_OUTER_BOUND('',#1304,.T.);
#775=FACE_OUTER_BOUND('',#1305,.T.);
#776=FACE_OUTER_BOUND('',#1306,.T.);
#777=FACE_OUTER_BOUND('',#1307,.T.);
#778=FACE_OUTER_BOUND('',#1308,.T.);
#779=FACE_OUTER_BOUND('',#1309,.T.);
#780=FACE_OUTER_BOUND('',#1310,.T.);
#781=FACE_OUTER_BOUND('',#1311,.T.);
#782=FACE_OUTER_BOUND('',#1312,.T.);
#783=FACE_OUTER_BOUND('',#1313,.T.);
#784=FACE_OUTER_BOUND('',#1314,.T.);
#785=FACE_OUTER_BOUND('',#1315,.T.);
#786=FACE_OUTER_BOUND('',#1316,.T.);
#787=FACE_OUTER_BOUND('',#1317,.T.);
#788=FACE_OUTER_BOUND('',#1318,.T.);
#789=FACE_OUTER_BOUND('',#1319,.T.);
#790=FACE_OUTER_BOUND('',#1320,.T.);
#791=FACE_OUTER_BOUND('',#1321,.T.);
#792=FACE_OUTER_BOUND('',#1322,.T.);
#793=FACE_OUTER_BOUND('',#1323,.T.);
#794=FACE_OUTER_BOUND('',#1324,.T.);
#795=FACE_OUTER_BOUND('',#1325,.T.);
#796=FACE_OUTER_BOUND('',#1326,.T.);
#797=FACE_OUTER_BOUND('',#1327,.T.);
#798=FACE_OUTER_BOUND('',#1328,.T.);
#799=FACE_OUTER_BOUND('',#1329,.T.);
#800=FACE_OUTER_BOUND('',#1330,.T.);
#801=FACE_OUTER_BOUND('',#1331,.T.);
#802=FACE_OUTER_BOUND('',#1332,.T.);
#803=FACE_OUTER_BOUND('',#1333,.T.);
#804=FACE_OUTER_BOUND('',#1334,.T.);
#805=FACE_OUTER_BOUND('',#1335,.T.);
#806=FACE_OUTER_BOUND('',#1336,.T.);
#807=FACE_OUTER_BOUND('',#1337,.T.);
#808=FACE_OUTER_BOUND('',#1338,.T.);
#809=FACE_OUTER_BOUND('',#1339,.T.);
#810=FACE_OUTER_BOUND('',#1340,.T.);
#811=FACE_OUTER_BOUND('',#1341,.T.);
#812=FACE_OUTER_BOUND('',#1342,.T.);
#813=FACE_OUTER_BOUND('',#1343,.T.);
#814=FACE_OUTER_BOUND('',#1344,.T.);
#815=FACE_OUTER_BOUND('',#1345,.T.);
#816=FACE_OUTER_BOUND('',#1346,.T.);
#817=FACE_OUTER_BOUND('',#1347,.T.);
#818=FACE_OUTER_BOUND('',#1348,.T.);
#819=FACE_OUTER_BOUND('',#1349,.T.);
#820=FACE_OUTER_BOUND('',#1350,.T.);
#821=FACE_OUTER_BOUND('',#1351,.T.);
#822=FACE_OUTER_BOUND('',#1352,.T.);
#823=FACE_OUTER_BOUND('',#1353,.T.);
#824=FACE_OUTER_BOUND('',#1354,.T.);
#825=FACE_OUTER_BOUND('',#1355,.T.);
#826=FACE_OUTER_BOUND('',#1356,.T.);
#827=FACE_OUTER_BOUND('',#1357,.T.);
#828=FACE_OUTER_BOUND('',#1358,.T.);
#829=FACE_OUTER_BOUND('',#1359,.T.);
#830=FACE_OUTER_BOUND('',#1360,.T.);
#831=FACE_OUTER_BOUND('',#1361,.T.);
#832=FACE_OUTER_BOUND('',#1362,.T.);
#833=FACE_OUTER_BOUND('',#1363,.T.);
#834=FACE_OUTER_BOUND('',#1364,.T.);
#835=FACE_OUTER_BOUND('',#1365,.T.);
#836=FACE_OUTER_BOUND('',#1366,.T.);
#837=FACE_OUTER_BOUND('',#1367,.T.);
#838=FACE_OUTER_BOUND('',#1368,.T.);
#839=FACE_OUTER_BOUND('',#1369,.T.);
#840=FACE_OUTER_BOUND('',#1370,.T.);
#841=FACE_OUTER_BOUND('',#1371,.T.);
#842=FACE_OUTER_BOUND('',#1372,.T.);
#843=FACE_OUTER_BOUND('',#1373,.T.);
#844=FACE_OUTER_BOUND('',#1374,.T.);
#845=FACE_OUTER_BOUND('',#1375,.T.);
#846=FACE_OUTER_BOUND('',#1376,.T.);
#847=FACE_OUTER_BOUND('',#1377,.T.);
#848=FACE_OUTER_BOUND('',#1378,.T.);
#849=FACE_OUTER_BOUND('',#1379,.T.);
#850=FACE_OUTER_BOUND('',#1381,.T.);
#851=FACE_OUTER_BOUND('',#1382,.T.);
#852=FACE_OUTER_BOUND('',#1383,.T.);
#853=FACE_OUTER_BOUND('',#1384,.T.);
#854=FACE_OUTER_BOUND('',#1385,.T.);
#855=FACE_OUTER_BOUND('',#1386,.T.);
#856=FACE_OUTER_BOUND('',#1387,.T.);
#857=FACE_OUTER_BOUND('',#1388,.T.);
#858=FACE_OUTER_BOUND('',#1389,.T.);
#859=FACE_OUTER_BOUND('',#1390,.T.);
#860=FACE_OUTER_BOUND('',#1391,.T.);
#861=FACE_OUTER_BOUND('',#1392,.T.);
#862=FACE_OUTER_BOUND('',#1393,.T.);
#863=FACE_OUTER_BOUND('',#1394,.T.);
#864=FACE_OUTER_BOUND('',#1395,.T.);
#865=FACE_OUTER_BOUND('',#1396,.T.);
#866=FACE_OUTER_BOUND('',#1397,.T.);
#867=FACE_OUTER_BOUND('',#1398,.T.);
#868=FACE_OUTER_BOUND('',#1399,.T.);
#869=FACE_OUTER_BOUND('',#1400,.T.);
#870=FACE_OUTER_BOUND('',#1401,.T.);
#871=FACE_OUTER_BOUND('',#1402,.T.);
#872=FACE_OUTER_BOUND('',#1403,.T.);
#873=FACE_OUTER_BOUND('',#1404,.T.);
#874=FACE_OUTER_BOUND('',#1405,.T.);
#875=FACE_OUTER_BOUND('',#1406,.T.);
#876=FACE_OUTER_BOUND('',#1407,.T.);
#877=FACE_OUTER_BOUND('',#1408,.T.);
#878=FACE_OUTER_BOUND('',#1409,.T.);
#879=FACE_OUTER_BOUND('',#1410,.T.);
#880=FACE_OUTER_BOUND('',#1411,.T.);
#881=FACE_OUTER_BOUND('',#1412,.T.);
#882=FACE_OUTER_BOUND('',#1413,.T.);
#883=FACE_OUTER_BOUND('',#1414,.T.);
#884=FACE_OUTER_BOUND('',#1415,.T.);
#885=FACE_OUTER_BOUND('',#1416,.T.);
#886=FACE_OUTER_BOUND('',#1417,.T.);
#887=FACE_OUTER_BOUND('',#1418,.T.);
#888=FACE_OUTER_BOUND('',#1419,.T.);
#889=FACE_OUTER_BOUND('',#1420,.T.);
#890=FACE_OUTER_BOUND('',#1421,.T.);
#891=FACE_OUTER_BOUND('',#1422,.T.);
#892=FACE_OUTER_BOUND('',#1423,.T.);
#893=FACE_OUTER_BOUND('',#1424,.T.);
#894=FACE_OUTER_BOUND('',#1425,.T.);
#895=FACE_OUTER_BOUND('',#1426,.T.);
#896=FACE_OUTER_BOUND('',#1427,.T.);
#897=FACE_OUTER_BOUND('',#1428,.T.);
#898=FACE_OUTER_BOUND('',#1429,.T.);
#899=FACE_OUTER_BOUND('',#1430,.T.);
#900=FACE_OUTER_BOUND('',#1431,.T.);
#901=FACE_OUTER_BOUND('',#1432,.T.);
#902=FACE_OUTER_BOUND('',#1433,.T.);
#903=FACE_OUTER_BOUND('',#1434,.T.);
#904=FACE_OUTER_BOUND('',#1435,.T.);
#905=FACE_OUTER_BOUND('',#1436,.T.);
#906=FACE_OUTER_BOUND('',#1437,.T.);
#907=FACE_OUTER_BOUND('',#1438,.T.);
#908=FACE_OUTER_BOUND('',#1439,.T.);
#909=FACE_OUTER_BOUND('',#1440,.T.);
#910=FACE_OUTER_BOUND('',#1441,.T.);
#911=FACE_OUTER_BOUND('',#1442,.T.);
#912=FACE_OUTER_BOUND('',#1443,.T.);
#913=FACE_OUTER_BOUND('',#1444,.T.);
#914=FACE_OUTER_BOUND('',#1445,.T.);
#915=FACE_OUTER_BOUND('',#1446,.T.);
#916=FACE_OUTER_BOUND('',#1447,.T.);
#917=FACE_OUTER_BOUND('',#1448,.T.);
#918=FACE_OUTER_BOUND('',#1449,.T.);
#919=FACE_OUTER_BOUND('',#1450,.T.);
#920=FACE_OUTER_BOUND('',#1451,.T.);
#921=FACE_OUTER_BOUND('',#1452,.T.);
#922=FACE_OUTER_BOUND('',#1453,.T.);
#923=FACE_OUTER_BOUND('',#1454,.T.);
#924=FACE_OUTER_BOUND('',#1455,.T.);
#925=FACE_OUTER_BOUND('',#1456,.T.);
#926=FACE_OUTER_BOUND('',#1457,.T.);
#927=FACE_OUTER_BOUND('',#1458,.T.);
#928=FACE_OUTER_BOUND('',#1459,.T.);
#929=FACE_OUTER_BOUND('',#1460,.T.);
#930=FACE_OUTER_BOUND('',#1461,.T.);
#931=FACE_OUTER_BOUND('',#1462,.T.);
#932=FACE_OUTER_BOUND('',#1463,.T.);
#933=FACE_OUTER_BOUND('',#1464,.T.);
#934=FACE_OUTER_BOUND('',#1465,.T.);
#935=FACE_OUTER_BOUND('',#1466,.T.);
#936=FACE_OUTER_BOUND('',#1475,.T.);
#937=FACE_OUTER_BOUND('',#1476,.T.);
#938=FACE_OUTER_BOUND('',#1477,.T.);
#939=FACE_OUTER_BOUND('',#1478,.T.);
#940=FACE_OUTER_BOUND('',#1479,.T.);
#941=FACE_OUTER_BOUND('',#1480,.T.);
#942=FACE_OUTER_BOUND('',#1481,.T.);
#943=FACE_OUTER_BOUND('',#1482,.T.);
#944=FACE_OUTER_BOUND('',#1483,.T.);
#945=FACE_OUTER_BOUND('',#1484,.T.);
#946=FACE_OUTER_BOUND('',#1485,.T.);
#947=FACE_OUTER_BOUND('',#1486,.T.);
#948=FACE_OUTER_BOUND('',#1487,.T.);
#949=FACE_OUTER_BOUND('',#1488,.T.);
#950=FACE_OUTER_BOUND('',#1489,.T.);
#951=FACE_OUTER_BOUND('',#1490,.T.);
#952=FACE_OUTER_BOUND('',#1491,.T.);
#953=FACE_OUTER_BOUND('',#1492,.T.);
#954=FACE_OUTER_BOUND('',#1493,.T.);
#955=FACE_OUTER_BOUND('',#1494,.T.);
#956=FACE_OUTER_BOUND('',#1495,.T.);
#957=FACE_OUTER_BOUND('',#1496,.T.);
#958=FACE_OUTER_BOUND('',#1497,.T.);
#959=FACE_OUTER_BOUND('',#1498,.T.);
#960=FACE_OUTER_BOUND('',#1499,.T.);
#961=FACE_OUTER_BOUND('',#1500,.T.);
#962=FACE_OUTER_BOUND('',#1501,.T.);
#963=FACE_OUTER_BOUND('',#1502,.T.);
#964=FACE_OUTER_BOUND('',#1503,.T.);
#965=FACE_OUTER_BOUND('',#1504,.T.);
#966=FACE_OUTER_BOUND('',#1505,.T.);
#967=FACE_OUTER_BOUND('',#1506,.T.);
#968=FACE_OUTER_BOUND('',#1507,.T.);
#969=FACE_OUTER_BOUND('',#1508,.T.);
#970=FACE_OUTER_BOUND('',#1509,.T.);
#971=FACE_OUTER_BOUND('',#1510,.T.);
#972=FACE_OUTER_BOUND('',#1511,.T.);
#973=FACE_OUTER_BOUND('',#1512,.T.);
#974=FACE_OUTER_BOUND('',#1513,.T.);
#975=FACE_OUTER_BOUND('',#1514,.T.);
#976=FACE_OUTER_BOUND('',#1515,.T.);
#977=FACE_OUTER_BOUND('',#1516,.T.);
#978=FACE_OUTER_BOUND('',#1517,.T.);
#979=FACE_OUTER_BOUND('',#1518,.T.);
#980=FACE_OUTER_BOUND('',#1519,.T.);
#981=FACE_OUTER_BOUND('',#1520,.T.);
#982=FACE_OUTER_BOUND('',#1521,.T.);
#983=FACE_OUTER_BOUND('',#1522,.T.);
#984=FACE_OUTER_BOUND('',#1523,.T.);
#985=FACE_OUTER_BOUND('',#1524,.T.);
#986=FACE_OUTER_BOUND('',#1525,.T.);
#987=FACE_OUTER_BOUND('',#1526,.T.);
#988=FACE_OUTER_BOUND('',#1527,.T.);
#989=FACE_OUTER_BOUND('',#1528,.T.);
#990=FACE_OUTER_BOUND('',#1529,.T.);
#991=FACE_OUTER_BOUND('',#1530,.T.);
#992=FACE_OUTER_BOUND('',#1531,.T.);
#993=FACE_OUTER_BOUND('',#1532,.T.);
#994=FACE_OUTER_BOUND('',#1533,.T.);
#995=FACE_OUTER_BOUND('',#1534,.T.);
#996=FACE_OUTER_BOUND('',#1535,.T.);
#997=FACE_OUTER_BOUND('',#1536,.T.);
#998=FACE_OUTER_BOUND('',#1537,.T.);
#999=FACE_OUTER_BOUND('',#1538,.T.);
#1000=FACE_OUTER_BOUND('',#1539,.T.);
#1001=FACE_OUTER_BOUND('',#1540,.T.);
#1002=FACE_OUTER_BOUND('',#1541,.T.);
#1003=FACE_OUTER_BOUND('',#1542,.T.);
#1004=FACE_OUTER_BOUND('',#1543,.T.);
#1005=FACE_OUTER_BOUND('',#1544,.T.);
#1006=FACE_OUTER_BOUND('',#1545,.T.);
#1007=FACE_OUTER_BOUND('',#1546,.T.);
#1008=FACE_OUTER_BOUND('',#1547,.T.);
#1009=FACE_OUTER_BOUND('',#1548,.T.);
#1010=FACE_OUTER_BOUND('',#1549,.T.);
#1011=FACE_OUTER_BOUND('',#1550,.T.);
#1012=FACE_OUTER_BOUND('',#1551,.T.);
#1013=FACE_OUTER_BOUND('',#1552,.T.);
#1014=FACE_OUTER_BOUND('',#1553,.T.);
#1015=FACE_OUTER_BOUND('',#1554,.T.);
#1016=FACE_OUTER_BOUND('',#1555,.T.);
#1017=FACE_OUTER_BOUND('',#1556,.T.);
#1018=FACE_OUTER_BOUND('',#1564,.T.);
#1019=FACE_OUTER_BOUND('',#1566,.T.);
#1020=FACE_OUTER_BOUND('',#1568,.T.);
#1021=FACE_OUTER_BOUND('',#1569,.T.);
#1022=FACE_OUTER_BOUND('',#1570,.T.);
#1023=FACE_OUTER_BOUND('',#1572,.T.);
#1024=FACE_OUTER_BOUND('',#1573,.T.);
#1025=FACE_OUTER_BOUND('',#1574,.T.);
#1026=FACE_OUTER_BOUND('',#1575,.T.);
#1027=FACE_OUTER_BOUND('',#1576,.T.);
#1028=FACE_OUTER_BOUND('',#1577,.T.);
#1029=FACE_OUTER_BOUND('',#1578,.T.);
#1030=FACE_OUTER_BOUND('',#1579,.T.);
#1031=FACE_OUTER_BOUND('',#1580,.T.);
#1032=FACE_OUTER_BOUND('',#1581,.T.);
#1033=FACE_OUTER_BOUND('',#1582,.T.);
#1034=FACE_OUTER_BOUND('',#1583,.T.);
#1035=FACE_OUTER_BOUND('',#1584,.T.);
#1036=FACE_OUTER_BOUND('',#1585,.T.);
#1037=FACE_OUTER_BOUND('',#1586,.T.);
#1038=FACE_OUTER_BOUND('',#1587,.T.);
#1039=FACE_OUTER_BOUND('',#1588,.T.);
#1040=FACE_OUTER_BOUND('',#1589,.T.);
#1041=FACE_OUTER_BOUND('',#1590,.T.);
#1042=FACE_OUTER_BOUND('',#1591,.T.);
#1043=FACE_OUTER_BOUND('',#1592,.T.);
#1044=FACE_OUTER_BOUND('',#1593,.T.);
#1045=FACE_OUTER_BOUND('',#1594,.T.);
#1046=FACE_OUTER_BOUND('',#1595,.T.);
#1047=FACE_OUTER_BOUND('',#1596,.T.);
#1048=FACE_OUTER_BOUND('',#1597,.T.);
#1049=FACE_OUTER_BOUND('',#1598,.T.);
#1050=FACE_OUTER_BOUND('',#1599,.T.);
#1051=FACE_OUTER_BOUND('',#1600,.T.);
#1052=FACE_OUTER_BOUND('',#1601,.T.);
#1053=FACE_OUTER_BOUND('',#1602,.T.);
#1054=FACE_OUTER_BOUND('',#1603,.T.);
#1055=FACE_OUTER_BOUND('',#1604,.T.);
#1056=FACE_OUTER_BOUND('',#1605,.T.);
#1057=FACE_OUTER_BOUND('',#1606,.T.);
#1058=FACE_OUTER_BOUND('',#1607,.T.);
#1059=FACE_OUTER_BOUND('',#1608,.T.);
#1060=FACE_OUTER_BOUND('',#1609,.T.);
#1061=FACE_OUTER_BOUND('',#1610,.T.);
#1062=FACE_OUTER_BOUND('',#1611,.T.);
#1063=FACE_OUTER_BOUND('',#1612,.T.);
#1064=FACE_OUTER_BOUND('',#1613,.T.);
#1065=FACE_OUTER_BOUND('',#1614,.T.);
#1066=FACE_OUTER_BOUND('',#1615,.T.);
#1067=FACE_OUTER_BOUND('',#1616,.T.);
#1068=FACE_OUTER_BOUND('',#1617,.T.);
#1069=FACE_OUTER_BOUND('',#1618,.T.);
#1070=FACE_OUTER_BOUND('',#1619,.T.);
#1071=FACE_OUTER_BOUND('',#1620,.T.);
#1072=FACE_OUTER_BOUND('',#1621,.T.);
#1073=FACE_OUTER_BOUND('',#1622,.T.);
#1074=FACE_OUTER_BOUND('',#1623,.T.);
#1075=FACE_OUTER_BOUND('',#1624,.T.);
#1076=FACE_OUTER_BOUND('',#1625,.T.);
#1077=FACE_OUTER_BOUND('',#1626,.T.);
#1078=FACE_OUTER_BOUND('',#1627,.T.);
#1079=FACE_OUTER_BOUND('',#1628,.T.);
#1080=FACE_OUTER_BOUND('',#1629,.T.);
#1081=FACE_OUTER_BOUND('',#1630,.T.);
#1082=FACE_OUTER_BOUND('',#1631,.T.);
#1083=FACE_OUTER_BOUND('',#1632,.T.);
#1084=FACE_OUTER_BOUND('',#1633,.T.);
#1085=FACE_OUTER_BOUND('',#1634,.T.);
#1086=FACE_OUTER_BOUND('',#1635,.T.);
#1087=FACE_OUTER_BOUND('',#1636,.T.);
#1088=FACE_OUTER_BOUND('',#1637,.T.);
#1089=FACE_OUTER_BOUND('',#1638,.T.);
#1090=FACE_OUTER_BOUND('',#1639,.T.);
#1091=FACE_OUTER_BOUND('',#1640,.T.);
#1092=FACE_OUTER_BOUND('',#1641,.T.);
#1093=FACE_OUTER_BOUND('',#1642,.T.);
#1094=FACE_OUTER_BOUND('',#1643,.T.);
#1095=FACE_OUTER_BOUND('',#1644,.T.);
#1096=FACE_OUTER_BOUND('',#1645,.T.);
#1097=FACE_OUTER_BOUND('',#1646,.T.);
#1098=FACE_OUTER_BOUND('',#1647,.T.);
#1099=FACE_OUTER_BOUND('',#1648,.T.);
#1100=FACE_OUTER_BOUND('',#1649,.T.);
#1101=FACE_OUTER_BOUND('',#1650,.T.);
#1102=FACE_OUTER_BOUND('',#1651,.T.);
#1103=FACE_OUTER_BOUND('',#1652,.T.);
#1104=FACE_OUTER_BOUND('',#1653,.T.);
#1105=FACE_OUTER_BOUND('',#1654,.T.);
#1106=FACE_OUTER_BOUND('',#1655,.T.);
#1107=FACE_OUTER_BOUND('',#1656,.T.);
#1108=FACE_OUTER_BOUND('',#1657,.T.);
#1109=FACE_OUTER_BOUND('',#1658,.T.);
#1110=FACE_OUTER_BOUND('',#1675,.T.);
#1111=FACE_OUTER_BOUND('',#1676,.T.);
#1112=FACE_OUTER_BOUND('',#1677,.T.);
#1113=FACE_OUTER_BOUND('',#1678,.T.);
#1114=FACE_OUTER_BOUND('',#1679,.T.);
#1115=FACE_OUTER_BOUND('',#1680,.T.);
#1116=FACE_OUTER_BOUND('',#1681,.T.);
#1117=FACE_OUTER_BOUND('',#1682,.T.);
#1118=FACE_OUTER_BOUND('',#1683,.T.);
#1119=FACE_OUTER_BOUND('',#1684,.T.);
#1120=FACE_OUTER_BOUND('',#1685,.T.);
#1121=FACE_OUTER_BOUND('',#1686,.T.);
#1122=FACE_OUTER_BOUND('',#1687,.T.);
#1123=FACE_OUTER_BOUND('',#1688,.T.);
#1124=FACE_OUTER_BOUND('',#1689,.T.);
#1125=FACE_OUTER_BOUND('',#1690,.T.);
#1126=FACE_OUTER_BOUND('',#1691,.T.);
#1127=FACE_OUTER_BOUND('',#1692,.T.);
#1128=FACE_OUTER_BOUND('',#1693,.T.);
#1129=FACE_OUTER_BOUND('',#1694,.T.);
#1130=FACE_OUTER_BOUND('',#1695,.T.);
#1131=FACE_OUTER_BOUND('',#1696,.T.);
#1132=FACE_OUTER_BOUND('',#1697,.T.);
#1133=FACE_OUTER_BOUND('',#1698,.T.);
#1134=FACE_OUTER_BOUND('',#1699,.T.);
#1135=FACE_OUTER_BOUND('',#1700,.T.);
#1136=FACE_OUTER_BOUND('',#1701,.T.);
#1137=FACE_OUTER_BOUND('',#1702,.T.);
#1138=FACE_OUTER_BOUND('',#1703,.T.);
#1139=FACE_OUTER_BOUND('',#1704,.T.);
#1140=FACE_OUTER_BOUND('',#1705,.T.);
#1141=FACE_OUTER_BOUND('',#1706,.T.);
#1142=FACE_OUTER_BOUND('',#1707,.T.);
#1143=FACE_OUTER_BOUND('',#1708,.T.);
#1144=FACE_OUTER_BOUND('',#1709,.T.);
#1145=FACE_OUTER_BOUND('',#1710,.T.);
#1146=FACE_OUTER_BOUND('',#1711,.T.);
#1147=FACE_OUTER_BOUND('',#1712,.T.);
#1148=FACE_OUTER_BOUND('',#1713,.T.);
#1149=FACE_OUTER_BOUND('',#1714,.T.);
#1150=FACE_OUTER_BOUND('',#1715,.T.);
#1151=FACE_OUTER_BOUND('',#1716,.T.);
#1152=FACE_OUTER_BOUND('',#1717,.T.);
#1153=FACE_OUTER_BOUND('',#1718,.T.);
#1154=FACE_OUTER_BOUND('',#1719,.T.);
#1155=FACE_OUTER_BOUND('',#1720,.T.);
#1156=FACE_OUTER_BOUND('',#1721,.T.);
#1157=FACE_OUTER_BOUND('',#1722,.T.);
#1158=FACE_OUTER_BOUND('',#1723,.T.);
#1159=FACE_OUTER_BOUND('',#1724,.T.);
#1160=FACE_OUTER_BOUND('',#1725,.T.);
#1161=FACE_OUTER_BOUND('',#1726,.T.);
#1162=FACE_OUTER_BOUND('',#1727,.T.);
#1163=FACE_OUTER_BOUND('',#1728,.T.);
#1164=FACE_OUTER_BOUND('',#1729,.T.);
#1165=FACE_OUTER_BOUND('',#1730,.T.);
#1166=FACE_OUTER_BOUND('',#1731,.T.);
#1167=FACE_OUTER_BOUND('',#1732,.T.);
#1168=FACE_OUTER_BOUND('',#1733,.T.);
#1169=FACE_OUTER_BOUND('',#1734,.T.);
#1170=FACE_OUTER_BOUND('',#1735,.T.);
#1171=FACE_OUTER_BOUND('',#1736,.T.);
#1172=FACE_OUTER_BOUND('',#1737,.T.);
#1173=FACE_OUTER_BOUND('',#1738,.T.);
#1174=FACE_OUTER_BOUND('',#1739,.T.);
#1175=FACE_OUTER_BOUND('',#1740,.T.);
#1176=FACE_OUTER_BOUND('',#1741,.T.);
#1177=FACE_OUTER_BOUND('',#1742,.T.);
#1178=FACE_OUTER_BOUND('',#1743,.T.);
#1179=FACE_OUTER_BOUND('',#1744,.T.);
#1180=FACE_OUTER_BOUND('',#1745,.T.);
#1181=FACE_OUTER_BOUND('',#1746,.T.);
#1182=FACE_OUTER_BOUND('',#1747,.T.);
#1183=FACE_OUTER_BOUND('',#1748,.T.);
#1184=FACE_OUTER_BOUND('',#1749,.T.);
#1185=FACE_OUTER_BOUND('',#1750,.T.);
#1186=FACE_OUTER_BOUND('',#1751,.T.);
#1187=FACE_OUTER_BOUND('',#1752,.T.);
#1188=FACE_OUTER_BOUND('',#1753,.T.);
#1189=FACE_OUTER_BOUND('',#1754,.T.);
#1190=FACE_OUTER_BOUND('',#1755,.T.);
#1191=FACE_OUTER_BOUND('',#1756,.T.);
#1192=FACE_OUTER_BOUND('',#1757,.T.);
#1193=FACE_OUTER_BOUND('',#1758,.T.);
#1194=FACE_OUTER_BOUND('',#1759,.T.);
#1195=FACE_OUTER_BOUND('',#1760,.T.);
#1196=FACE_OUTER_BOUND('',#1761,.T.);
#1197=FACE_OUTER_BOUND('',#1762,.T.);
#1198=FACE_OUTER_BOUND('',#1763,.T.);
#1199=FACE_OUTER_BOUND('',#1764,.T.);
#1200=FACE_OUTER_BOUND('',#1765,.T.);
#1201=FACE_OUTER_BOUND('',#1766,.T.);
#1202=FACE_OUTER_BOUND('',#1767,.T.);
#1203=FACE_OUTER_BOUND('',#1768,.T.);
#1204=FACE_OUTER_BOUND('',#1769,.T.);
#1205=FACE_OUTER_BOUND('',#1770,.T.);
#1206=FACE_OUTER_BOUND('',#1771,.T.);
#1207=FACE_OUTER_BOUND('',#1772,.T.);
#1208=FACE_OUTER_BOUND('',#1773,.T.);
#1209=FACE_OUTER_BOUND('',#1774,.T.);
#1210=FACE_OUTER_BOUND('',#1775,.T.);
#1211=FACE_OUTER_BOUND('',#1776,.T.);
#1212=FACE_OUTER_BOUND('',#1777,.T.);
#1213=FACE_OUTER_BOUND('',#1778,.T.);
#1214=FACE_OUTER_BOUND('',#1779,.T.);
#1215=FACE_OUTER_BOUND('',#1780,.T.);
#1216=FACE_OUTER_BOUND('',#1781,.T.);
#1217=FACE_OUTER_BOUND('',#1782,.T.);
#1218=FACE_OUTER_BOUND('',#1783,.T.);
#1219=FACE_OUTER_BOUND('',#1784,.T.);
#1220=FACE_OUTER_BOUND('',#1785,.T.);
#1221=FACE_OUTER_BOUND('',#1786,.T.);
#1222=FACE_OUTER_BOUND('',#1787,.T.);
#1223=FACE_OUTER_BOUND('',#1788,.T.);
#1224=FACE_OUTER_BOUND('',#1789,.T.);
#1225=FACE_OUTER_BOUND('',#1790,.T.);
#1226=FACE_OUTER_BOUND('',#1791,.T.);
#1227=FACE_OUTER_BOUND('',#1792,.T.);
#1228=FACE_OUTER_BOUND('',#1793,.T.);
#1229=FACE_OUTER_BOUND('',#1794,.T.);
#1230=FACE_OUTER_BOUND('',#1795,.T.);
#1231=EDGE_LOOP('',(#6179,#6180,#6181,#6182));
#1232=EDGE_LOOP('',(#6183,#6184,#6185,#6186));
#1233=EDGE_LOOP('',(#6187,#6188,#6189,#6190));
#1234=EDGE_LOOP('',(#6191,#6192,#6193,#6194));
#1235=EDGE_LOOP('',(#6195,#6196,#6197,#6198));
#1236=EDGE_LOOP('',(#6199,#6200,#6201,#6202));
#1237=EDGE_LOOP('',(#6203,#6204,#6205,#6206));
#1238=EDGE_LOOP('',(#6207,#6208,#6209,#6210));
#1239=EDGE_LOOP('',(#6211,#6212,#6213,#6214));
#1240=EDGE_LOOP('',(#6215,#6216,#6217,#6218));
#1241=EDGE_LOOP('',(#6219,#6220,#6221,#6222));
#1242=EDGE_LOOP('',(#6223,#6224,#6225,#6226));
#1243=EDGE_LOOP('',(#6227,#6228,#6229,#6230));
#1244=EDGE_LOOP('',(#6231,#6232,#6233,#6234));
#1245=EDGE_LOOP('',(#6235,#6236,#6237,#6238));
#1246=EDGE_LOOP('',(#6239,#6240,#6241,#6242));
#1247=EDGE_LOOP('',(#6243,#6244,#6245,#6246));
#1248=EDGE_LOOP('',(#6247,#6248,#6249,#6250,#6251,#6252,#6253,#6254,#6255,
#6256,#6257,#6258,#6259,#6260,#6261,#6262,#6263));
#1249=EDGE_LOOP('',(#6264,#6265,#6266,#6267));
#1250=EDGE_LOOP('',(#6268,#6269,#6270,#6271));
#1251=EDGE_LOOP('',(#6272,#6273,#6274,#6275));
#1252=EDGE_LOOP('',(#6276,#6277,#6278,#6279));
#1253=EDGE_LOOP('',(#6280,#6281,#6282,#6283));
#1254=EDGE_LOOP('',(#6284,#6285,#6286,#6287));
#1255=EDGE_LOOP('',(#6288,#6289,#6290,#6291));
#1256=EDGE_LOOP('',(#6292,#6293,#6294,#6295));
#1257=EDGE_LOOP('',(#6296,#6297,#6298,#6299));
#1258=EDGE_LOOP('',(#6300,#6301,#6302,#6303));
#1259=EDGE_LOOP('',(#6304,#6305,#6306,#6307));
#1260=EDGE_LOOP('',(#6308,#6309,#6310,#6311));
#1261=EDGE_LOOP('',(#6312,#6313,#6314,#6315));
#1262=EDGE_LOOP('',(#6316,#6317,#6318,#6319));
#1263=EDGE_LOOP('',(#6320,#6321,#6322,#6323));
#1264=EDGE_LOOP('',(#6324,#6325,#6326,#6327));
#1265=EDGE_LOOP('',(#6328,#6329,#6330,#6331));
#1266=EDGE_LOOP('',(#6332,#6333,#6334,#6335));
#1267=EDGE_LOOP('',(#6336,#6337,#6338,#6339));
#1268=EDGE_LOOP('',(#6340,#6341,#6342,#6343));
#1269=EDGE_LOOP('',(#6344,#6345,#6346,#6347));
#1270=EDGE_LOOP('',(#6348,#6349,#6350,#6351));
#1271=EDGE_LOOP('',(#6352,#6353,#6354,#6355));
#1272=EDGE_LOOP('',(#6356,#6357,#6358,#6359));
#1273=EDGE_LOOP('',(#6360,#6361,#6362,#6363));
#1274=EDGE_LOOP('',(#6364,#6365,#6366,#6367));
#1275=EDGE_LOOP('',(#6368,#6369,#6370,#6371));
#1276=EDGE_LOOP('',(#6372,#6373,#6374,#6375));
#1277=EDGE_LOOP('',(#6376,#6377,#6378,#6379));
#1278=EDGE_LOOP('',(#6380,#6381,#6382,#6383));
#1279=EDGE_LOOP('',(#6384,#6385,#6386,#6387));
#1280=EDGE_LOOP('',(#6388,#6389,#6390,#6391));
#1281=EDGE_LOOP('',(#6392,#6393,#6394,#6395));
#1282=EDGE_LOOP('',(#6396,#6397,#6398,#6399));
#1283=EDGE_LOOP('',(#6400,#6401,#6402,#6403));
#1284=EDGE_LOOP('',(#6404,#6405,#6406,#6407));
#1285=EDGE_LOOP('',(#6408,#6409,#6410,#6411));
#1286=EDGE_LOOP('',(#6412,#6413,#6414,#6415));
#1287=EDGE_LOOP('',(#6416,#6417,#6418,#6419));
#1288=EDGE_LOOP('',(#6420,#6421,#6422,#6423));
#1289=EDGE_LOOP('',(#6424,#6425,#6426,#6427));
#1290=EDGE_LOOP('',(#6428,#6429,#6430,#6431));
#1291=EDGE_LOOP('',(#6432,#6433,#6434,#6435));
#1292=EDGE_LOOP('',(#6436,#6437,#6438,#6439));
#1293=EDGE_LOOP('',(#6440,#6441,#6442,#6443));
#1294=EDGE_LOOP('',(#6444,#6445,#6446,#6447));
#1295=EDGE_LOOP('',(#6448,#6449,#6450,#6451));
#1296=EDGE_LOOP('',(#6452,#6453,#6454,#6455));
#1297=EDGE_LOOP('',(#6456,#6457,#6458,#6459));
#1298=EDGE_LOOP('',(#6460,#6461,#6462,#6463));
#1299=EDGE_LOOP('',(#6464,#6465,#6466,#6467));
#1300=EDGE_LOOP('',(#6468,#6469,#6470,#6471));
#1301=EDGE_LOOP('',(#6472,#6473,#6474,#6475,#6476,#6477,#6478,#6479,#6480,
#6481,#6482,#6483,#6484,#6485,#6486,#6487,#6488,#6489,#6490,#6491,#6492,
#6493,#6494,#6495,#6496,#6497));
#1302=EDGE_LOOP('',(#6498,#6499,#6500,#6501,#6502,#6503,#6504,#6505,#6506,
#6507,#6508,#6509,#6510,#6511,#6512,#6513,#6514,#6515,#6516,#6517,#6518,
#6519,#6520,#6521,#6522,#6523));
#1303=EDGE_LOOP('',(#6524,#6525,#6526,#6527));
#1304=EDGE_LOOP('',(#6528,#6529,#6530,#6531));
#1305=EDGE_LOOP('',(#6532,#6533,#6534,#6535));
#1306=EDGE_LOOP('',(#6536,#6537,#6538,#6539));
#1307=EDGE_LOOP('',(#6540,#6541,#6542,#6543));
#1308=EDGE_LOOP('',(#6544,#6545,#6546,#6547));
#1309=EDGE_LOOP('',(#6548,#6549,#6550,#6551));
#1310=EDGE_LOOP('',(#6552,#6553,#6554,#6555));
#1311=EDGE_LOOP('',(#6556,#6557,#6558,#6559));
#1312=EDGE_LOOP('',(#6560,#6561,#6562,#6563));
#1313=EDGE_LOOP('',(#6564,#6565,#6566,#6567));
#1314=EDGE_LOOP('',(#6568,#6569,#6570,#6571));
#1315=EDGE_LOOP('',(#6572,#6573,#6574,#6575,#6576,#6577,#6578,#6579,#6580,
#6581,#6582,#6583));
#1316=EDGE_LOOP('',(#6584,#6585,#6586,#6587));
#1317=EDGE_LOOP('',(#6588,#6589,#6590,#6591));
#1318=EDGE_LOOP('',(#6592,#6593,#6594,#6595));
#1319=EDGE_LOOP('',(#6596,#6597,#6598,#6599));
#1320=EDGE_LOOP('',(#6600,#6601,#6602,#6603));
#1321=EDGE_LOOP('',(#6604,#6605,#6606,#6607));
#1322=EDGE_LOOP('',(#6608,#6609,#6610,#6611));
#1323=EDGE_LOOP('',(#6612,#6613,#6614,#6615));
#1324=EDGE_LOOP('',(#6616,#6617,#6618,#6619));
#1325=EDGE_LOOP('',(#6620,#6621,#6622,#6623));
#1326=EDGE_LOOP('',(#6624,#6625,#6626,#6627));
#1327=EDGE_LOOP('',(#6628,#6629,#6630,#6631));
#1328=EDGE_LOOP('',(#6632,#6633,#6634,#6635));
#1329=EDGE_LOOP('',(#6636,#6637,#6638,#6639));
#1330=EDGE_LOOP('',(#6640,#6641,#6642,#6643));
#1331=EDGE_LOOP('',(#6644,#6645,#6646,#6647));
#1332=EDGE_LOOP('',(#6648,#6649,#6650,#6651));
#1333=EDGE_LOOP('',(#6652,#6653,#6654,#6655));
#1334=EDGE_LOOP('',(#6656,#6657,#6658,#6659));
#1335=EDGE_LOOP('',(#6660,#6661,#6662,#6663));
#1336=EDGE_LOOP('',(#6664,#6665,#6666,#6667));
#1337=EDGE_LOOP('',(#6668,#6669,#6670,#6671));
#1338=EDGE_LOOP('',(#6672,#6673,#6674,#6675));
#1339=EDGE_LOOP('',(#6676,#6677,#6678,#6679));
#1340=EDGE_LOOP('',(#6680,#6681,#6682,#6683));
#1341=EDGE_LOOP('',(#6684,#6685,#6686,#6687));
#1342=EDGE_LOOP('',(#6688,#6689,#6690,#6691));
#1343=EDGE_LOOP('',(#6692,#6693,#6694,#6695));
#1344=EDGE_LOOP('',(#6696,#6697,#6698,#6699));
#1345=EDGE_LOOP('',(#6700,#6701,#6702,#6703));
#1346=EDGE_LOOP('',(#6704,#6705,#6706,#6707,#6708,#6709,#6710,#6711,#6712,
#6713,#6714,#6715,#6716,#6717,#6718,#6719,#6720,#6721,#6722,#6723,#6724,
#6725,#6726,#6727,#6728,#6729,#6730,#6731,#6732,#6733));
#1347=EDGE_LOOP('',(#6734,#6735,#6736,#6737));
#1348=EDGE_LOOP('',(#6738,#6739,#6740,#6741));
#1349=EDGE_LOOP('',(#6742,#6743,#6744,#6745));
#1350=EDGE_LOOP('',(#6746,#6747,#6748,#6749));
#1351=EDGE_LOOP('',(#6750,#6751,#6752,#6753));
#1352=EDGE_LOOP('',(#6754,#6755,#6756,#6757));
#1353=EDGE_LOOP('',(#6758,#6759,#6760,#6761));
#1354=EDGE_LOOP('',(#6762,#6763,#6764,#6765));
#1355=EDGE_LOOP('',(#6766,#6767,#6768,#6769));
#1356=EDGE_LOOP('',(#6770,#6771,#6772,#6773));
#1357=EDGE_LOOP('',(#6774,#6775,#6776,#6777));
#1358=EDGE_LOOP('',(#6778,#6779,#6780,#6781));
#1359=EDGE_LOOP('',(#6782,#6783,#6784,#6785));
#1360=EDGE_LOOP('',(#6786,#6787,#6788,#6789));
#1361=EDGE_LOOP('',(#6790,#6791,#6792,#6793));
#1362=EDGE_LOOP('',(#6794,#6795,#6796,#6797));
#1363=EDGE_LOOP('',(#6798,#6799,#6800,#6801));
#1364=EDGE_LOOP('',(#6802,#6803,#6804,#6805));
#1365=EDGE_LOOP('',(#6806,#6807,#6808,#6809));
#1366=EDGE_LOOP('',(#6810,#6811,#6812,#6813));
#1367=EDGE_LOOP('',(#6814,#6815,#6816,#6817));
#1368=EDGE_LOOP('',(#6818,#6819,#6820,#6821));
#1369=EDGE_LOOP('',(#6822,#6823,#6824,#6825));
#1370=EDGE_LOOP('',(#6826,#6827,#6828,#6829));
#1371=EDGE_LOOP('',(#6830,#6831,#6832,#6833));
#1372=EDGE_LOOP('',(#6834,#6835,#6836,#6837));
#1373=EDGE_LOOP('',(#6838,#6839,#6840,#6841));
#1374=EDGE_LOOP('',(#6842,#6843,#6844,#6845));
#1375=EDGE_LOOP('',(#6846,#6847,#6848,#6849));
#1376=EDGE_LOOP('',(#6850,#6851,#6852,#6853));
#1377=EDGE_LOOP('',(#6854,#6855,#6856,#6857));
#1378=EDGE_LOOP('',(#6858,#6859,#6860,#6861));
#1379=EDGE_LOOP('',(#6862,#6863,#6864,#6865,#6866,#6867,#6868,#6869,#6870,
#6871,#6872,#6873,#6874,#6875,#6876,#6877,#6878));
#1380=EDGE_LOOP('',(#6879,#6880,#6881,#6882,#6883,#6884,#6885,#6886,#6887,
#6888,#6889,#6890,#6891,#6892,#6893));
#1381=EDGE_LOOP('',(#6894,#6895,#6896,#6897));
#1382=EDGE_LOOP('',(#6898,#6899,#6900,#6901));
#1383=EDGE_LOOP('',(#6902,#6903,#6904,#6905));
#1384=EDGE_LOOP('',(#6906,#6907,#6908,#6909));
#1385=EDGE_LOOP('',(#6910,#6911,#6912,#6913));
#1386=EDGE_LOOP('',(#6914,#6915,#6916,#6917));
#1387=EDGE_LOOP('',(#6918,#6919,#6920,#6921));
#1388=EDGE_LOOP('',(#6922,#6923,#6924,#6925));
#1389=EDGE_LOOP('',(#6926,#6927,#6928,#6929,#6930,#6931,#6932,#6933));
#1390=EDGE_LOOP('',(#6934,#6935,#6936,#6937));
#1391=EDGE_LOOP('',(#6938,#6939,#6940,#6941));
#1392=EDGE_LOOP('',(#6942,#6943,#6944,#6945));
#1393=EDGE_LOOP('',(#6946,#6947,#6948,#6949));
#1394=EDGE_LOOP('',(#6950,#6951,#6952,#6953));
#1395=EDGE_LOOP('',(#6954,#6955,#6956,#6957));
#1396=EDGE_LOOP('',(#6958,#6959,#6960,#6961));
#1397=EDGE_LOOP('',(#6962,#6963,#6964,#6965));
#1398=EDGE_LOOP('',(#6966,#6967,#6968,#6969));
#1399=EDGE_LOOP('',(#6970,#6971,#6972,#6973));
#1400=EDGE_LOOP('',(#6974,#6975,#6976,#6977));
#1401=EDGE_LOOP('',(#6978,#6979,#6980,#6981));
#1402=EDGE_LOOP('',(#6982,#6983,#6984,#6985));
#1403=EDGE_LOOP('',(#6986,#6987,#6988,#6989));
#1404=EDGE_LOOP('',(#6990,#6991,#6992,#6993));
#1405=EDGE_LOOP('',(#6994,#6995,#6996,#6997));
#1406=EDGE_LOOP('',(#6998,#6999,#7000,#7001));
#1407=EDGE_LOOP('',(#7002,#7003,#7004,#7005));
#1408=EDGE_LOOP('',(#7006,#7007,#7008,#7009));
#1409=EDGE_LOOP('',(#7010,#7011,#7012,#7013));
#1410=EDGE_LOOP('',(#7014,#7015,#7016,#7017));
#1411=EDGE_LOOP('',(#7018,#7019,#7020,#7021));
#1412=EDGE_LOOP('',(#7022,#7023,#7024,#7025));
#1413=EDGE_LOOP('',(#7026,#7027,#7028,#7029));
#1414=EDGE_LOOP('',(#7030,#7031,#7032,#7033));
#1415=EDGE_LOOP('',(#7034,#7035,#7036,#7037));
#1416=EDGE_LOOP('',(#7038,#7039,#7040,#7041));
#1417=EDGE_LOOP('',(#7042,#7043,#7044,#7045));
#1418=EDGE_LOOP('',(#7046,#7047,#7048,#7049));
#1419=EDGE_LOOP('',(#7050,#7051,#7052,#7053));
#1420=EDGE_LOOP('',(#7054,#7055,#7056,#7057));
#1421=EDGE_LOOP('',(#7058,#7059,#7060,#7061));
#1422=EDGE_LOOP('',(#7062,#7063,#7064,#7065));
#1423=EDGE_LOOP('',(#7066,#7067,#7068,#7069));
#1424=EDGE_LOOP('',(#7070,#7071,#7072,#7073));
#1425=EDGE_LOOP('',(#7074,#7075,#7076,#7077));
#1426=EDGE_LOOP('',(#7078,#7079,#7080,#7081));
#1427=EDGE_LOOP('',(#7082,#7083,#7084,#7085));
#1428=EDGE_LOOP('',(#7086,#7087,#7088,#7089));
#1429=EDGE_LOOP('',(#7090,#7091,#7092,#7093));
#1430=EDGE_LOOP('',(#7094,#7095,#7096,#7097));
#1431=EDGE_LOOP('',(#7098,#7099,#7100,#7101));
#1432=EDGE_LOOP('',(#7102,#7103,#7104,#7105));
#1433=EDGE_LOOP('',(#7106,#7107,#7108,#7109));
#1434=EDGE_LOOP('',(#7110,#7111,#7112,#7113));
#1435=EDGE_LOOP('',(#7114,#7115,#7116,#7117));
#1436=EDGE_LOOP('',(#7118,#7119,#7120,#7121));
#1437=EDGE_LOOP('',(#7122,#7123,#7124,#7125));
#1438=EDGE_LOOP('',(#7126,#7127,#7128,#7129));
#1439=EDGE_LOOP('',(#7130,#7131,#7132,#7133));
#1440=EDGE_LOOP('',(#7134,#7135,#7136,#7137));
#1441=EDGE_LOOP('',(#7138,#7139,#7140,#7141));
#1442=EDGE_LOOP('',(#7142,#7143,#7144,#7145));
#1443=EDGE_LOOP('',(#7146,#7147,#7148,#7149));
#1444=EDGE_LOOP('',(#7150,#7151,#7152,#7153));
#1445=EDGE_LOOP('',(#7154,#7155,#7156,#7157));
#1446=EDGE_LOOP('',(#7158,#7159,#7160,#7161));
#1447=EDGE_LOOP('',(#7162,#7163,#7164,#7165));
#1448=EDGE_LOOP('',(#7166,#7167,#7168,#7169));
#1449=EDGE_LOOP('',(#7170,#7171,#7172,#7173));
#1450=EDGE_LOOP('',(#7174,#7175,#7176,#7177));
#1451=EDGE_LOOP('',(#7178,#7179,#7180,#7181));
#1452=EDGE_LOOP('',(#7182,#7183,#7184,#7185));
#1453=EDGE_LOOP('',(#7186,#7187,#7188,#7189));
#1454=EDGE_LOOP('',(#7190,#7191,#7192,#7193));
#1455=EDGE_LOOP('',(#7194,#7195,#7196,#7197));
#1456=EDGE_LOOP('',(#7198,#7199,#7200,#7201,#7202,#7203,#7204,#7205,#7206,
#7207,#7208,#7209,#7210,#7211,#7212,#7213,#7214,#7215,#7216,#7217,#7218,
#7219,#7220,#7221,#7222,#7223,#7224,#7225,#7226,#7227,#7228,#7229,#7230,
#7231,#7232,#7233,#7234,#7235,#7236,#7237,#7238,#7239,#7240,#7241,#7242,
#7243,#7244,#7245,#7246,#7247,#7248,#7249,#7250,#7251,#7252,#7253,#7254,
#7255,#7256,#7257,#7258,#7259,#7260,#7261,#7262,#7263));
#1457=EDGE_LOOP('',(#7264,#7265,#7266,#7267,#7268,#7269,#7270,#7271,#7272,
#7273,#7274,#7275,#7276,#7277,#7278));
#1458=EDGE_LOOP('',(#7279,#7280,#7281,#7282,#7283,#7284,#7285,#7286,#7287,
#7288,#7289,#7290,#7291,#7292,#7293,#7294,#7295,#7296,#7297,#7298,#7299,
#7300,#7301,#7302,#7303,#7304));
#1459=EDGE_LOOP('',(#7305,#7306,#7307,#7308));
#1460=EDGE_LOOP('',(#7309,#7310,#7311,#7312));
#1461=EDGE_LOOP('',(#7313,#7314,#7315,#7316));
#1462=EDGE_LOOP('',(#7317,#7318,#7319,#7320));
#1463=EDGE_LOOP('',(#7321,#7322,#7323,#7324));
#1464=EDGE_LOOP('',(#7325,#7326,#7327,#7328));
#1465=EDGE_LOOP('',(#7329,#7330,#7331,#7332,#7333,#7334,#7335,#7336,#7337,
#7338));
#1466=EDGE_LOOP('',(#7339,#7340,#7341,#7342,#7343,#7344,#7345,#7346,#7347,
#7348,#7349,#7350,#7351,#7352,#7353,#7354,#7355,#7356,#7357,#7358,#7359,
#7360,#7361,#7362,#7363,#7364,#7365,#7366,#7367,#7368,#7369,#7370,#7371,
#7372,#7373,#7374,#7375,#7376,#7377,#7378,#7379,#7380,#7381,#7382,#7383,
#7384,#7385,#7386,#7387,#7388,#7389,#7390,#7391,#7392,#7393,#7394,#7395,
#7396,#7397,#7398,#7399,#7400,#7401,#7402,#7403,#7404,#7405,#7406,#7407,
#7408,#7409,#7410,#7411,#7412,#7413,#7414,#7415,#7416,#7417,#7418,#7419,
#7420,#7421,#7422,#7423,#7424,#7425,#7426,#7427,#7428,#7429,#7430,#7431,
#7432,#7433,#7434,#7435,#7436,#7437,#7438,#7439,#7440,#7441,#7442,#7443,
#7444,#7445,#7446,#7447,#7448));
#1467=EDGE_LOOP('',(#7449));
#1468=EDGE_LOOP('',(#7450));
#1469=EDGE_LOOP('',(#7451));
#1470=EDGE_LOOP('',(#7452));
#1471=EDGE_LOOP('',(#7453));
#1472=EDGE_LOOP('',(#7454));
#1473=EDGE_LOOP('',(#7455));
#1474=EDGE_LOOP('',(#7456));
#1475=EDGE_LOOP('',(#7457,#7458,#7459,#7460));
#1476=EDGE_LOOP('',(#7461,#7462,#7463,#7464));
#1477=EDGE_LOOP('',(#7465,#7466,#7467,#7468));
#1478=EDGE_LOOP('',(#7469,#7470,#7471,#7472));
#1479=EDGE_LOOP('',(#7473,#7474,#7475,#7476));
#1480=EDGE_LOOP('',(#7477));
#1481=EDGE_LOOP('',(#7478,#7479,#7480,#7481));
#1482=EDGE_LOOP('',(#7482));
#1483=EDGE_LOOP('',(#7483,#7484,#7485,#7486));
#1484=EDGE_LOOP('',(#7487));
#1485=EDGE_LOOP('',(#7488,#7489,#7490,#7491));
#1486=EDGE_LOOP('',(#7492));
#1487=EDGE_LOOP('',(#7493,#7494,#7495,#7496));
#1488=EDGE_LOOP('',(#7497));
#1489=EDGE_LOOP('',(#7498,#7499,#7500,#7501));
#1490=EDGE_LOOP('',(#7502));
#1491=EDGE_LOOP('',(#7503,#7504,#7505,#7506));
#1492=EDGE_LOOP('',(#7507));
#1493=EDGE_LOOP('',(#7508,#7509,#7510,#7511));
#1494=EDGE_LOOP('',(#7512));
#1495=EDGE_LOOP('',(#7513,#7514,#7515,#7516));
#1496=EDGE_LOOP('',(#7517,#7518,#7519,#7520));
#1497=EDGE_LOOP('',(#7521,#7522,#7523,#7524));
#1498=EDGE_LOOP('',(#7525,#7526,#7527,#7528));
#1499=EDGE_LOOP('',(#7529,#7530,#7531,#7532));
#1500=EDGE_LOOP('',(#7533,#7534,#7535,#7536));
#1501=EDGE_LOOP('',(#7537,#7538,#7539,#7540));
#1502=EDGE_LOOP('',(#7541,#7542,#7543,#7544));
#1503=EDGE_LOOP('',(#7545,#7546,#7547,#7548));
#1504=EDGE_LOOP('',(#7549,#7550,#7551,#7552));
#1505=EDGE_LOOP('',(#7553,#7554,#7555,#7556));
#1506=EDGE_LOOP('',(#7557,#7558,#7559,#7560));
#1507=EDGE_LOOP('',(#7561,#7562,#7563,#7564));
#1508=EDGE_LOOP('',(#7565,#7566,#7567,#7568));
#1509=EDGE_LOOP('',(#7569,#7570,#7571,#7572));
#1510=EDGE_LOOP('',(#7573,#7574,#7575,#7576));
#1511=EDGE_LOOP('',(#7577,#7578,#7579,#7580));
#1512=EDGE_LOOP('',(#7581,#7582,#7583,#7584));
#1513=EDGE_LOOP('',(#7585,#7586,#7587,#7588));
#1514=EDGE_LOOP('',(#7589,#7590,#7591,#7592));
#1515=EDGE_LOOP('',(#7593,#7594,#7595,#7596));
#1516=EDGE_LOOP('',(#7597,#7598,#7599,#7600));
#1517=EDGE_LOOP('',(#7601,#7602,#7603,#7604));
#1518=EDGE_LOOP('',(#7605,#7606,#7607,#7608));
#1519=EDGE_LOOP('',(#7609,#7610,#7611,#7612));
#1520=EDGE_LOOP('',(#7613,#7614,#7615,#7616));
#1521=EDGE_LOOP('',(#7617,#7618,#7619,#7620));
#1522=EDGE_LOOP('',(#7621,#7622,#7623,#7624));
#1523=EDGE_LOOP('',(#7625,#7626,#7627,#7628));
#1524=EDGE_LOOP('',(#7629,#7630,#7631,#7632));
#1525=EDGE_LOOP('',(#7633,#7634,#7635,#7636));
#1526=EDGE_LOOP('',(#7637,#7638,#7639,#7640));
#1527=EDGE_LOOP('',(#7641,#7642,#7643,#7644));
#1528=EDGE_LOOP('',(#7645,#7646,#7647,#7648));
#1529=EDGE_LOOP('',(#7649,#7650,#7651,#7652));
#1530=EDGE_LOOP('',(#7653,#7654,#7655,#7656));
#1531=EDGE_LOOP('',(#7657,#7658,#7659,#7660));
#1532=EDGE_LOOP('',(#7661,#7662,#7663,#7664));
#1533=EDGE_LOOP('',(#7665,#7666,#7667,#7668));
#1534=EDGE_LOOP('',(#7669,#7670,#7671,#7672,#7673,#7674));
#1535=EDGE_LOOP('',(#7675,#7676,#7677,#7678));
#1536=EDGE_LOOP('',(#7679,#7680,#7681,#7682));
#1537=EDGE_LOOP('',(#7683,#7684,#7685,#7686));
#1538=EDGE_LOOP('',(#7687,#7688,#7689,#7690));
#1539=EDGE_LOOP('',(#7691,#7692,#7693,#7694,#7695,#7696));
#1540=EDGE_LOOP('',(#7697,#7698,#7699,#7700));
#1541=EDGE_LOOP('',(#7701,#7702,#7703,#7704,#7705,#7706,#7707,#7708,#7709,
#7710,#7711,#7712,#7713,#7714,#7715,#7716,#7717,#7718,#7719,#7720,#7721,
#7722,#7723,#7724,#7725,#7726,#7727,#7728,#7729,#7730,#7731,#7732,#7733,
#7734,#7735,#7736,#7737,#7738,#7739,#7740));
#1542=EDGE_LOOP('',(#7741,#7742,#7743,#7744));
#1543=EDGE_LOOP('',(#7745,#7746,#7747,#7748));
#1544=EDGE_LOOP('',(#7749,#7750,#7751,#7752));
#1545=EDGE_LOOP('',(#7753,#7754,#7755,#7756));
#1546=EDGE_LOOP('',(#7757,#7758,#7759,#7760));
#1547=EDGE_LOOP('',(#7761,#7762,#7763,#7764));
#1548=EDGE_LOOP('',(#7765,#7766,#7767,#7768));
#1549=EDGE_LOOP('',(#7769,#7770,#7771,#7772));
#1550=EDGE_LOOP('',(#7773,#7774,#7775,#7776));
#1551=EDGE_LOOP('',(#7777,#7778,#7779,#7780));
#1552=EDGE_LOOP('',(#7781,#7782,#7783,#7784));
#1553=EDGE_LOOP('',(#7785,#7786,#7787,#7788));
#1554=EDGE_LOOP('',(#7789,#7790,#7791,#7792));
#1555=EDGE_LOOP('',(#7793,#7794,#7795,#7796));
#1556=EDGE_LOOP('',(#7797,#7798,#7799,#7800,#7801,#7802,#7803,#7804,#7805,
#7806,#7807,#7808,#7809,#7810,#7811,#7812,#7813,#7814,#7815,#7816,#7817,
#7818,#7819,#7820,#7821,#7822,#7823,#7824,#7825,#7826,#7827,#7828,#7829,
#7830,#7831,#7832,#7833,#7834,#7835,#7836,#7837,#7838,#7839,#7840,#7841,
#7842,#7843,#7844,#7845,#7846,#7847,#7848,#7849,#7850,#7851,#7852,#7853,
#7854,#7855,#7856,#7857,#7858,#7859,#7860,#7861,#7862,#7863,#7864,#7865,
#7866,#7867,#7868,#7869,#7870,#7871,#7872,#7873,#7874,#7875,#7876,#7877,
#7878,#7879,#7880,#7881,#7882,#7883,#7884,#7885,#7886,#7887,#7888,#7889,
#7890,#7891,#7892,#7893,#7894,#7895,#7896,#7897,#7898));
#1557=EDGE_LOOP('',(#7899));
#1558=EDGE_LOOP('',(#7900,#7901,#7902,#7903,#7904,#7905,#7906,#7907));
#1559=EDGE_LOOP('',(#7908,#7909,#7910,#7911,#7912,#7913,#7914,#7915,#7916,
#7917,#7918,#7919,#7920,#7921,#7922,#7923));
#1560=EDGE_LOOP('',(#7924));
#1561=EDGE_LOOP('',(#7925));
#1562=EDGE_LOOP('',(#7926));
#1563=EDGE_LOOP('',(#7927,#7928,#7929,#7930,#7931,#7932,#7933,#7934));
#1564=EDGE_LOOP('',(#7935,#7936,#7937,#7938,#7939,#7940,#7941,#7942,#7943,
#7944,#7945,#7946));
#1565=EDGE_LOOP('',(#7947));
#1566=EDGE_LOOP('',(#7948,#7949,#7950,#7951,#7952,#7953,#7954,#7955,#7956,
#7957,#7958,#7959));
#1567=EDGE_LOOP('',(#7960));
#1568=EDGE_LOOP('',(#7961,#7962,#7963,#7964));
#1569=EDGE_LOOP('',(#7965,#7966,#7967,#7968));
#1570=EDGE_LOOP('',(#7969,#7970,#7971,#7972,#7973,#7974,#7975,#7976,#7977,
#7978,#7979,#7980));
#1571=EDGE_LOOP('',(#7981));
#1572=EDGE_LOOP('',(#7982,#7983,#7984,#7985));
#1573=EDGE_LOOP('',(#7986,#7987,#7988,#7989));
#1574=EDGE_LOOP('',(#7990,#7991,#7992,#7993));
#1575=EDGE_LOOP('',(#7994,#7995,#7996,#7997));
#1576=EDGE_LOOP('',(#7998,#7999,#8000,#8001));
#1577=EDGE_LOOP('',(#8002,#8003,#8004,#8005));
#1578=EDGE_LOOP('',(#8006,#8007,#8008,#8009));
#1579=EDGE_LOOP('',(#8010,#8011,#8012,#8013));
#1580=EDGE_LOOP('',(#8014,#8015,#8016,#8017));
#1581=EDGE_LOOP('',(#8018,#8019,#8020,#8021));
#1582=EDGE_LOOP('',(#8022,#8023,#8024,#8025));
#1583=EDGE_LOOP('',(#8026,#8027,#8028,#8029));
#1584=EDGE_LOOP('',(#8030,#8031,#8032,#8033));
#1585=EDGE_LOOP('',(#8034,#8035,#8036,#8037));
#1586=EDGE_LOOP('',(#8038,#8039,#8040,#8041));
#1587=EDGE_LOOP('',(#8042,#8043,#8044,#8045));
#1588=EDGE_LOOP('',(#8046,#8047,#8048,#8049));
#1589=EDGE_LOOP('',(#8050,#8051,#8052,#8053));
#1590=EDGE_LOOP('',(#8054,#8055,#8056,#8057));
#1591=EDGE_LOOP('',(#8058,#8059,#8060,#8061));
#1592=EDGE_LOOP('',(#8062,#8063,#8064,#8065));
#1593=EDGE_LOOP('',(#8066,#8067,#8068,#8069));
#1594=EDGE_LOOP('',(#8070,#8071,#8072,#8073));
#1595=EDGE_LOOP('',(#8074,#8075,#8076,#8077));
#1596=EDGE_LOOP('',(#8078,#8079,#8080,#8081));
#1597=EDGE_LOOP('',(#8082,#8083,#8084,#8085));
#1598=EDGE_LOOP('',(#8086,#8087,#8088,#8089));
#1599=EDGE_LOOP('',(#8090,#8091,#8092,#8093));
#1600=EDGE_LOOP('',(#8094,#8095,#8096,#8097));
#1601=EDGE_LOOP('',(#8098,#8099,#8100,#8101));
#1602=EDGE_LOOP('',(#8102,#8103,#8104,#8105));
#1603=EDGE_LOOP('',(#8106,#8107,#8108,#8109));
#1604=EDGE_LOOP('',(#8110,#8111,#8112,#8113));
#1605=EDGE_LOOP('',(#8114,#8115,#8116,#8117));
#1606=EDGE_LOOP('',(#8118,#8119,#8120,#8121));
#1607=EDGE_LOOP('',(#8122,#8123,#8124,#8125));
#1608=EDGE_LOOP('',(#8126,#8127,#8128,#8129));
#1609=EDGE_LOOP('',(#8130,#8131,#8132,#8133));
#1610=EDGE_LOOP('',(#8134,#8135,#8136,#8137));
#1611=EDGE_LOOP('',(#8138,#8139,#8140,#8141));
#1612=EDGE_LOOP('',(#8142,#8143,#8144,#8145));
#1613=EDGE_LOOP('',(#8146,#8147,#8148,#8149));
#1614=EDGE_LOOP('',(#8150,#8151,#8152,#8153));
#1615=EDGE_LOOP('',(#8154,#8155,#8156,#8157));
#1616=EDGE_LOOP('',(#8158,#8159,#8160,#8161));
#1617=EDGE_LOOP('',(#8162,#8163,#8164,#8165));
#1618=EDGE_LOOP('',(#8166,#8167,#8168,#8169));
#1619=EDGE_LOOP('',(#8170,#8171,#8172,#8173));
#1620=EDGE_LOOP('',(#8174,#8175,#8176,#8177));
#1621=EDGE_LOOP('',(#8178,#8179,#8180,#8181));
#1622=EDGE_LOOP('',(#8182,#8183,#8184,#8185));
#1623=EDGE_LOOP('',(#8186,#8187,#8188,#8189));
#1624=EDGE_LOOP('',(#8190,#8191,#8192,#8193));
#1625=EDGE_LOOP('',(#8194,#8195,#8196,#8197));
#1626=EDGE_LOOP('',(#8198,#8199,#8200,#8201));
#1627=EDGE_LOOP('',(#8202,#8203,#8204,#8205));
#1628=EDGE_LOOP('',(#8206,#8207,#8208,#8209));
#1629=EDGE_LOOP('',(#8210,#8211,#8212,#8213));
#1630=EDGE_LOOP('',(#8214,#8215,#8216,#8217));
#1631=EDGE_LOOP('',(#8218,#8219,#8220,#8221));
#1632=EDGE_LOOP('',(#8222,#8223,#8224,#8225));
#1633=EDGE_LOOP('',(#8226,#8227,#8228,#8229));
#1634=EDGE_LOOP('',(#8230,#8231,#8232,#8233));
#1635=EDGE_LOOP('',(#8234,#8235,#8236,#8237));
#1636=EDGE_LOOP('',(#8238,#8239,#8240,#8241));
#1637=EDGE_LOOP('',(#8242,#8243,#8244,#8245));
#1638=EDGE_LOOP('',(#8246,#8247,#8248,#8249));
#1639=EDGE_LOOP('',(#8250,#8251,#8252,#8253));
#1640=EDGE_LOOP('',(#8254,#8255,#8256,#8257));
#1641=EDGE_LOOP('',(#8258,#8259,#8260,#8261));
#1642=EDGE_LOOP('',(#8262,#8263,#8264,#8265));
#1643=EDGE_LOOP('',(#8266,#8267,#8268,#8269));
#1644=EDGE_LOOP('',(#8270,#8271,#8272,#8273));
#1645=EDGE_LOOP('',(#8274,#8275,#8276,#8277));
#1646=EDGE_LOOP('',(#8278,#8279,#8280,#8281));
#1647=EDGE_LOOP('',(#8282,#8283,#8284,#8285));
#1648=EDGE_LOOP('',(#8286,#8287,#8288,#8289));
#1649=EDGE_LOOP('',(#8290,#8291,#8292,#8293));
#1650=EDGE_LOOP('',(#8294,#8295,#8296,#8297));
#1651=EDGE_LOOP('',(#8298,#8299,#8300,#8301));
#1652=EDGE_LOOP('',(#8302,#8303,#8304,#8305));
#1653=EDGE_LOOP('',(#8306,#8307,#8308,#8309));
#1654=EDGE_LOOP('',(#8310,#8311,#8312,#8313));
#1655=EDGE_LOOP('',(#8314,#8315,#8316,#8317));
#1656=EDGE_LOOP('',(#8318,#8319,#8320,#8321));
#1657=EDGE_LOOP('',(#8322,#8323,#8324,#8325));
#1658=EDGE_LOOP('',(#8326,#8327,#8328,#8329,#8330,#8331,#8332,#8333));
#1659=EDGE_LOOP('',(#8334,#8335,#8336,#8337,#8338,#8339,#8340,#8341));
#1660=EDGE_LOOP('',(#8342,#8343,#8344,#8345,#8346,#8347,#8348));
#1661=EDGE_LOOP('',(#8349,#8350,#8351,#8352,#8353,#8354,#8355,#8356));
#1662=EDGE_LOOP('',(#8357,#8358,#8359,#8360,#8361,#8362,#8363,#8364));
#1663=EDGE_LOOP('',(#8365,#8366,#8367,#8368,#8369,#8370,#8371,#8372));
#1664=EDGE_LOOP('',(#8373,#8374,#8375,#8376,#8377,#8378,#8379,#8380));
#1665=EDGE_LOOP('',(#8381,#8382,#8383,#8384,#8385,#8386,#8387));
#1666=EDGE_LOOP('',(#8388,#8389,#8390,#8391,#8392,#8393,#8394,#8395));
#1667=EDGE_LOOP('',(#8396,#8397,#8398,#8399,#8400,#8401,#8402,#8403,#8404,
#8405,#8406,#8407,#8408,#8409,#8410,#8411));
#1668=EDGE_LOOP('',(#8412,#8413,#8414,#8415,#8416,#8417,#8418,#8419,#8420,
#8421,#8422,#8423,#8424,#8425,#8426,#8427,#8428,#8429,#8430,#8431,#8432,
#8433,#8434,#8435,#8436,#8437,#8438,#8439,#8440,#8441,#8442,#8443,#8444,
#8445,#8446,#8447,#8448,#8449,#8450,#8451,#8452,#8453,#8454,#8455,#8456,
#8457,#8458,#8459,#8460,#8461,#8462,#8463,#8464,#8465,#8466,#8467,#8468,
#8469,#8470,#8471,#8472,#8473,#8474,#8475,#8476,#8477));
#1669=EDGE_LOOP('',(#8478,#8479,#8480,#8481,#8482,#8483,#8484,#8485));
#1670=EDGE_LOOP('',(#8486,#8487,#8488,#8489,#8490,#8491,#8492,#8493,#8494,
#8495,#8496,#8497,#8498,#8499,#8500,#8501,#8502));
#1671=EDGE_LOOP('',(#8503,#8504,#8505,#8506,#8507,#8508,#8509,#8510,#8511,
#8512,#8513,#8514,#8515,#8516,#8517,#8518,#8519,#8520,#8521,#8522,#8523,
#8524,#8525,#8526,#8527,#8528,#8529,#8530,#8531,#8532));
#1672=EDGE_LOOP('',(#8533,#8534,#8535,#8536,#8537,#8538,#8539,#8540,#8541,
#8542,#8543,#8544));
#1673=EDGE_LOOP('',(#8545,#8546,#8547,#8548,#8549,#8550,#8551,#8552,#8553,
#8554,#8555,#8556,#8557,#8558,#8559,#8560,#8561,#8562,#8563,#8564,#8565,
#8566,#8567,#8568,#8569,#8570));
#1674=EDGE_LOOP('',(#8571,#8572,#8573,#8574,#8575,#8576,#8577,#8578,#8579,
#8580,#8581,#8582,#8583,#8584,#8585,#8586,#8587));
#1675=EDGE_LOOP('',(#8588,#8589,#8590,#8591));
#1676=EDGE_LOOP('',(#8592,#8593,#8594,#8595));
#1677=EDGE_LOOP('',(#8596,#8597,#8598,#8599));
#1678=EDGE_LOOP('',(#8600,#8601,#8602,#8603));
#1679=EDGE_LOOP('',(#8604,#8605,#8606,#8607));
#1680=EDGE_LOOP('',(#8608,#8609,#8610,#8611));
#1681=EDGE_LOOP('',(#8612,#8613,#8614,#8615));
#1682=EDGE_LOOP('',(#8616,#8617,#8618,#8619));
#1683=EDGE_LOOP('',(#8620,#8621,#8622,#8623));
#1684=EDGE_LOOP('',(#8624,#8625,#8626,#8627));
#1685=EDGE_LOOP('',(#8628,#8629,#8630,#8631));
#1686=EDGE_LOOP('',(#8632,#8633,#8634,#8635));
#1687=EDGE_LOOP('',(#8636,#8637,#8638,#8639));
#1688=EDGE_LOOP('',(#8640,#8641,#8642,#8643));
#1689=EDGE_LOOP('',(#8644,#8645,#8646,#8647));
#1690=EDGE_LOOP('',(#8648,#8649,#8650,#8651));
#1691=EDGE_LOOP('',(#8652,#8653,#8654,#8655));
#1692=EDGE_LOOP('',(#8656,#8657,#8658,#8659));
#1693=EDGE_LOOP('',(#8660,#8661,#8662,#8663));
#1694=EDGE_LOOP('',(#8664,#8665,#8666,#8667));
#1695=EDGE_LOOP('',(#8668,#8669,#8670,#8671));
#1696=EDGE_LOOP('',(#8672,#8673,#8674,#8675));
#1697=EDGE_LOOP('',(#8676,#8677,#8678,#8679));
#1698=EDGE_LOOP('',(#8680,#8681,#8682,#8683));
#1699=EDGE_LOOP('',(#8684,#8685,#8686,#8687));
#1700=EDGE_LOOP('',(#8688,#8689,#8690,#8691));
#1701=EDGE_LOOP('',(#8692,#8693,#8694,#8695));
#1702=EDGE_LOOP('',(#8696,#8697,#8698,#8699));
#1703=EDGE_LOOP('',(#8700,#8701,#8702,#8703));
#1704=EDGE_LOOP('',(#8704,#8705,#8706,#8707));
#1705=EDGE_LOOP('',(#8708,#8709,#8710,#8711));
#1706=EDGE_LOOP('',(#8712,#8713,#8714,#8715));
#1707=EDGE_LOOP('',(#8716,#8717,#8718,#8719));
#1708=EDGE_LOOP('',(#8720,#8721,#8722,#8723));
#1709=EDGE_LOOP('',(#8724,#8725,#8726,#8727));
#1710=EDGE_LOOP('',(#8728,#8729,#8730,#8731));
#1711=EDGE_LOOP('',(#8732,#8733,#8734,#8735));
#1712=EDGE_LOOP('',(#8736,#8737,#8738,#8739));
#1713=EDGE_LOOP('',(#8740,#8741,#8742,#8743));
#1714=EDGE_LOOP('',(#8744,#8745,#8746,#8747));
#1715=EDGE_LOOP('',(#8748,#8749,#8750,#8751,#8752,#8753));
#1716=EDGE_LOOP('',(#8754,#8755,#8756,#8757));
#1717=EDGE_LOOP('',(#8758,#8759,#8760,#8761));
#1718=EDGE_LOOP('',(#8762,#8763,#8764,#8765));
#1719=EDGE_LOOP('',(#8766,#8767,#8768,#8769));
#1720=EDGE_LOOP('',(#8770,#8771,#8772,#8773));
#1721=EDGE_LOOP('',(#8774,#8775,#8776,#8777));
#1722=EDGE_LOOP('',(#8778,#8779,#8780,#8781));
#1723=EDGE_LOOP('',(#8782,#8783,#8784,#8785));
#1724=EDGE_LOOP('',(#8786,#8787,#8788,#8789));
#1725=EDGE_LOOP('',(#8790,#8791,#8792,#8793));
#1726=EDGE_LOOP('',(#8794,#8795,#8796,#8797));
#1727=EDGE_LOOP('',(#8798,#8799,#8800,#8801));
#1728=EDGE_LOOP('',(#8802,#8803,#8804,#8805));
#1729=EDGE_LOOP('',(#8806,#8807,#8808,#8809));
#1730=EDGE_LOOP('',(#8810,#8811,#8812,#8813));
#1731=EDGE_LOOP('',(#8814,#8815,#8816,#8817));
#1732=EDGE_LOOP('',(#8818,#8819,#8820,#8821));
#1733=EDGE_LOOP('',(#8822,#8823,#8824,#8825));
#1734=EDGE_LOOP('',(#8826,#8827,#8828,#8829));
#1735=EDGE_LOOP('',(#8830,#8831,#8832,#8833));
#1736=EDGE_LOOP('',(#8834,#8835,#8836,#8837));
#1737=EDGE_LOOP('',(#8838,#8839,#8840,#8841));
#1738=EDGE_LOOP('',(#8842,#8843,#8844,#8845));
#1739=EDGE_LOOP('',(#8846,#8847,#8848,#8849));
#1740=EDGE_LOOP('',(#8850,#8851,#8852,#8853));
#1741=EDGE_LOOP('',(#8854,#8855,#8856,#8857));
#1742=EDGE_LOOP('',(#8858,#8859,#8860,#8861));
#1743=EDGE_LOOP('',(#8862,#8863,#8864,#8865));
#1744=EDGE_LOOP('',(#8866,#8867,#8868,#8869));
#1745=EDGE_LOOP('',(#8870,#8871,#8872,#8873));
#1746=EDGE_LOOP('',(#8874,#8875,#8876,#8877));
#1747=EDGE_LOOP('',(#8878,#8879,#8880,#8881));
#1748=EDGE_LOOP('',(#8882,#8883,#8884,#8885));
#1749=EDGE_LOOP('',(#8886,#8887,#8888,#8889));
#1750=EDGE_LOOP('',(#8890,#8891,#8892,#8893));
#1751=EDGE_LOOP('',(#8894,#8895,#8896,#8897));
#1752=EDGE_LOOP('',(#8898,#8899,#8900,#8901));
#1753=EDGE_LOOP('',(#8902,#8903,#8904,#8905));
#1754=EDGE_LOOP('',(#8906,#8907,#8908,#8909));
#1755=EDGE_LOOP('',(#8910,#8911,#8912,#8913));
#1756=EDGE_LOOP('',(#8914,#8915,#8916,#8917));
#1757=EDGE_LOOP('',(#8918,#8919,#8920,#8921));
#1758=EDGE_LOOP('',(#8922,#8923,#8924,#8925));
#1759=EDGE_LOOP('',(#8926,#8927,#8928,#8929));
#1760=EDGE_LOOP('',(#8930,#8931,#8932,#8933));
#1761=EDGE_LOOP('',(#8934,#8935,#8936,#8937));
#1762=EDGE_LOOP('',(#8938,#8939,#8940,#8941));
#1763=EDGE_LOOP('',(#8942,#8943,#8944,#8945));
#1764=EDGE_LOOP('',(#8946,#8947,#8948,#8949));
#1765=EDGE_LOOP('',(#8950,#8951,#8952,#8953));
#1766=EDGE_LOOP('',(#8954,#8955,#8956,#8957));
#1767=EDGE_LOOP('',(#8958,#8959,#8960,#8961));
#1768=EDGE_LOOP('',(#8962,#8963,#8964,#8965));
#1769=EDGE_LOOP('',(#8966,#8967,#8968,#8969));
#1770=EDGE_LOOP('',(#8970,#8971,#8972,#8973));
#1771=EDGE_LOOP('',(#8974,#8975,#8976,#8977));
#1772=EDGE_LOOP('',(#8978,#8979,#8980,#8981));
#1773=EDGE_LOOP('',(#8982,#8983,#8984,#8985));
#1774=EDGE_LOOP('',(#8986,#8987,#8988,#8989));
#1775=EDGE_LOOP('',(#8990,#8991,#8992,#8993));
#1776=EDGE_LOOP('',(#8994,#8995,#8996,#8997));
#1777=EDGE_LOOP('',(#8998,#8999,#9000,#9001));
#1778=EDGE_LOOP('',(#9002,#9003,#9004,#9005));
#1779=EDGE_LOOP('',(#9006,#9007,#9008,#9009));
#1780=EDGE_LOOP('',(#9010,#9011,#9012,#9013));
#1781=EDGE_LOOP('',(#9014,#9015,#9016));
#1782=EDGE_LOOP('',(#9017,#9018,#9019,#9020));
#1783=EDGE_LOOP('',(#9021,#9022,#9023));
#1784=EDGE_LOOP('',(#9024,#9025,#9026,#9027));
#1785=EDGE_LOOP('',(#9028,#9029,#9030));
#1786=EDGE_LOOP('',(#9031,#9032,#9033,#9034));
#1787=EDGE_LOOP('',(#9035,#9036,#9037));
#1788=EDGE_LOOP('',(#9038,#9039,#9040,#9041));
#1789=EDGE_LOOP('',(#9042,#9043,#9044));
#1790=EDGE_LOOP('',(#9045,#9046,#9047,#9048));
#1791=EDGE_LOOP('',(#9049,#9050,#9051));
#1792=EDGE_LOOP('',(#9052,#9053,#9054,#9055));
#1793=EDGE_LOOP('',(#9056,#9057,#9058));
#1794=EDGE_LOOP('',(#9059,#9060,#9061,#9062));
#1795=EDGE_LOOP('',(#9063,#9064,#9065,#9066));
#1796=LINE('',#12568,#2638);
#1797=LINE('',#12573,#2639);
#1798=LINE('',#12576,#2640);
#1799=LINE('',#12578,#2641);
#1800=LINE('',#12579,#2642);
#1801=LINE('',#12582,#2643);
#1802=LINE('',#12584,#2644);
#1803=LINE('',#12585,#2645);
#1804=LINE('',#12588,#2646);
#1805=LINE('',#12590,#2647);
#1806=LINE('',#12591,#2648);
#1807=LINE('',#12603,#2649);
#1808=LINE('',#12618,#2650);
#1809=LINE('',#12624,#2651);
#1810=LINE('',#12626,#2652);
#1811=LINE('',#12627,#2653);
#1812=LINE('',#12630,#2654);
#1813=LINE('',#12632,#2655);
#1814=LINE('',#12633,#2656);
#1815=LINE('',#12636,#2657);
#1816=LINE('',#12638,#2658);
#1817=LINE('',#12639,#2659);
#1818=LINE('',#12642,#2660);
#1819=LINE('',#12644,#2661);
#1820=LINE('',#12645,#2662);
#1821=LINE('',#12648,#2663);
#1822=LINE('',#12650,#2664);
#1823=LINE('',#12651,#2665);
#1824=LINE('',#12654,#2666);
#1825=LINE('',#12656,#2667);
#1826=LINE('',#12657,#2668);
#1827=LINE('',#12660,#2669);
#1828=LINE('',#12662,#2670);
#1829=LINE('',#12663,#2671);
#1830=LINE('',#12666,#2672);
#1831=LINE('',#12668,#2673);
#1832=LINE('',#12669,#2674);
#1833=LINE('',#12672,#2675);
#1834=LINE('',#12674,#2676);
#1835=LINE('',#12675,#2677);
#1836=LINE('',#12678,#2678);
#1837=LINE('',#12680,#2679);
#1838=LINE('',#12681,#2680);
#1839=LINE('',#12707,#2681);
#1840=LINE('',#12712,#2682);
#1841=LINE('',#12724,#2683);
#1842=LINE('',#12739,#2684);
#1843=LINE('',#12754,#2685);
#1844=LINE('',#12769,#2686);
#1845=LINE('',#12775,#2687);
#1846=LINE('',#12777,#2688);
#1847=LINE('',#12778,#2689);
#1848=LINE('',#12790,#2690);
#1849=LINE('',#12805,#2691);
#1850=LINE('',#12820,#2692);
#1851=LINE('',#12835,#2693);
#1852=LINE('',#12850,#2694);
#1853=LINE('',#12865,#2695);
#1854=LINE('',#12880,#2696);
#1855=LINE('',#12895,#2697);
#1856=LINE('',#12910,#2698);
#1857=LINE('',#12925,#2699);
#1858=LINE('',#12940,#2700);
#1859=LINE('',#12955,#2701);
#1860=LINE('',#12961,#2702);
#1861=LINE('',#12963,#2703);
#1862=LINE('',#12964,#2704);
#1863=LINE('',#12976,#2705);
#1864=LINE('',#12991,#2706);
#1865=LINE('',#13006,#2707);
#1866=LINE('',#13021,#2708);
#1867=LINE('',#13036,#2709);
#1868=LINE('',#13051,#2710);
#1869=LINE('',#13079,#2711);
#1870=LINE('',#13084,#2712);
#1871=LINE('',#13096,#2713);
#1872=LINE('',#13111,#2714);
#1873=LINE('',#13126,#2715);
#1874=LINE('',#13132,#2716);
#1875=LINE('',#13134,#2717);
#1876=LINE('',#13135,#2718);
#1877=LINE('',#13147,#2719);
#1878=LINE('',#13162,#2720);
#1879=LINE('',#13177,#2721);
#1880=LINE('',#13192,#2722);
#1881=LINE('',#13207,#2723);
#1882=LINE('',#13222,#2724);
#1883=LINE('',#13237,#2725);
#1884=LINE('',#13252,#2726);
#1885=LINE('',#13267,#2727);
#1886=LINE('',#13282,#2728);
#1887=LINE('',#13297,#2729);
#1888=LINE('',#13312,#2730);
#1889=LINE('',#13318,#2731);
#1890=LINE('',#13320,#2732);
#1891=LINE('',#13321,#2733);
#1892=LINE('',#13333,#2734);
#1893=LINE('',#13348,#2735);
#1894=LINE('',#13363,#2736);
#1895=LINE('',#13378,#2737);
#1896=LINE('',#13393,#2738);
#1897=LINE('',#13408,#2739);
#1898=LINE('',#13423,#2740);
#1899=LINE('',#13443,#2741);
#1900=LINE('',#13445,#2742);
#1901=LINE('',#13447,#2743);
#1902=LINE('',#13448,#2744);
#1903=LINE('',#13451,#2745);
#1904=LINE('',#13453,#2746);
#1905=LINE('',#13454,#2747);
#1906=LINE('',#13457,#2748);
#1907=LINE('',#13459,#2749);
#1908=LINE('',#13460,#2750);
#1909=LINE('',#13463,#2751);
#1910=LINE('',#13465,#2752);
#1911=LINE('',#13466,#2753);
#1912=LINE('',#13469,#2754);
#1913=LINE('',#13471,#2755);
#1914=LINE('',#13472,#2756);
#1915=LINE('',#13475,#2757);
#1916=LINE('',#13477,#2758);
#1917=LINE('',#13478,#2759);
#1918=LINE('',#13481,#2760);
#1919=LINE('',#13483,#2761);
#1920=LINE('',#13484,#2762);
#1921=LINE('',#13487,#2763);
#1922=LINE('',#13489,#2764);
#1923=LINE('',#13490,#2765);
#1924=LINE('',#13493,#2766);
#1925=LINE('',#13495,#2767);
#1926=LINE('',#13496,#2768);
#1927=LINE('',#13499,#2769);
#1928=LINE('',#13501,#2770);
#1929=LINE('',#13502,#2771);
#1930=LINE('',#13505,#2772);
#1931=LINE('',#13507,#2773);
#1932=LINE('',#13508,#2774);
#1933=LINE('',#13510,#2775);
#1934=LINE('',#13511,#2776);
#1935=LINE('',#13525,#2777);
#1936=LINE('',#13530,#2778);
#1937=LINE('',#13542,#2779);
#1938=LINE('',#13557,#2780);
#1939=LINE('',#13572,#2781);
#1940=LINE('',#13578,#2782);
#1941=LINE('',#13580,#2783);
#1942=LINE('',#13581,#2784);
#1943=LINE('',#13584,#2785);
#1944=LINE('',#13586,#2786);
#1945=LINE('',#13587,#2787);
#1946=LINE('',#13590,#2788);
#1947=LINE('',#13592,#2789);
#1948=LINE('',#13593,#2790);
#1949=LINE('',#13605,#2791);
#1950=LINE('',#13620,#2792);
#1951=LINE('',#13635,#2793);
#1952=LINE('',#13650,#2794);
#1953=LINE('',#13665,#2795);
#1954=LINE('',#13680,#2796);
#1955=LINE('',#13695,#2797);
#1956=LINE('',#13710,#2798);
#1957=LINE('',#13725,#2799);
#1958=LINE('',#13740,#2800);
#1959=LINE('',#13755,#2801);
#1960=LINE('',#13770,#2802);
#1961=LINE('',#13776,#2803);
#1962=LINE('',#13778,#2804);
#1963=LINE('',#13779,#2805);
#1964=LINE('',#13782,#2806);
#1965=LINE('',#13784,#2807);
#1966=LINE('',#13785,#2808);
#1967=LINE('',#13788,#2809);
#1968=LINE('',#13790,#2810);
#1969=LINE('',#13791,#2811);
#1970=LINE('',#13803,#2812);
#1971=LINE('',#13818,#2813);
#1972=LINE('',#13833,#2814);
#1973=LINE('',#13848,#2815);
#1974=LINE('',#13863,#2816);
#1975=LINE('',#13878,#2817);
#1976=LINE('',#13893,#2818);
#1977=LINE('',#13922,#2819);
#1978=LINE('',#13927,#2820);
#1979=LINE('',#13939,#2821);
#1980=LINE('',#13954,#2822);
#1981=LINE('',#13969,#2823);
#1982=LINE('',#13984,#2824);
#1983=LINE('',#13999,#2825);
#1984=LINE('',#14014,#2826);
#1985=LINE('',#14029,#2827);
#1986=LINE('',#14044,#2828);
#1987=LINE('',#14059,#2829);
#1988=LINE('',#14074,#2830);
#1989=LINE('',#14089,#2831);
#1990=LINE('',#14095,#2832);
#1991=LINE('',#14097,#2833);
#1992=LINE('',#14098,#2834);
#1993=LINE('',#14101,#2835);
#1994=LINE('',#14103,#2836);
#1995=LINE('',#14104,#2837);
#1996=LINE('',#14106,#2838);
#1997=LINE('',#14107,#2839);
#1998=LINE('',#14120,#2840);
#1999=LINE('',#14125,#2841);
#2000=LINE('',#14137,#2842);
#2001=LINE('',#14152,#2843);
#2002=LINE('',#14167,#2844);
#2003=LINE('',#14182,#2845);
#2004=LINE('',#14197,#2846);
#2005=LINE('',#14212,#2847);
#2006=LINE('',#14227,#2848);
#2007=LINE('',#14242,#2849);
#2008=LINE('',#14257,#2850);
#2009=LINE('',#14272,#2851);
#2010=LINE('',#14287,#2852);
#2011=LINE('',#14293,#2853);
#2012=LINE('',#14295,#2854);
#2013=LINE('',#14296,#2855);
#2014=LINE('',#14299,#2856);
#2015=LINE('',#14301,#2857);
#2016=LINE('',#14302,#2858);
#2017=LINE('',#14305,#2859);
#2018=LINE('',#14307,#2860);
#2019=LINE('',#14308,#2861);
#2020=LINE('',#14311,#2862);
#2021=LINE('',#14313,#2863);
#2022=LINE('',#14314,#2864);
#2023=LINE('',#14316,#2865);
#2024=LINE('',#14317,#2866);
#2025=LINE('',#14322,#2867);
#2026=LINE('',#14324,#2868);
#2027=LINE('',#14326,#2869);
#2028=LINE('',#14327,#2870);
#2029=LINE('',#14330,#2871);
#2030=LINE('',#14332,#2872);
#2031=LINE('',#14333,#2873);
#2032=LINE('',#14336,#2874);
#2033=LINE('',#14338,#2875);
#2034=LINE('',#14339,#2876);
#2035=LINE('',#14342,#2877);
#2036=LINE('',#14344,#2878);
#2037=LINE('',#14345,#2879);
#2038=LINE('',#14348,#2880);
#2039=LINE('',#14350,#2881);
#2040=LINE('',#14351,#2882);
#2041=LINE('',#14354,#2883);
#2042=LINE('',#14356,#2884);
#2043=LINE('',#14357,#2885);
#2044=LINE('',#14360,#2886);
#2045=LINE('',#14362,#2887);
#2046=LINE('',#14363,#2888);
#2047=LINE('',#14365,#2889);
#2048=LINE('',#14366,#2890);
#2049=LINE('',#14380,#2891);
#2050=LINE('',#14385,#2892);
#2051=LINE('',#14397,#2893);
#2052=LINE('',#14412,#2894);
#2053=LINE('',#14427,#2895);
#2054=LINE('',#14442,#2896);
#2055=LINE('',#14457,#2897);
#2056=LINE('',#14472,#2898);
#2057=LINE('',#14487,#2899);
#2058=LINE('',#14502,#2900);
#2059=LINE('',#14517,#2901);
#2060=LINE('',#14532,#2902);
#2061=LINE('',#14547,#2903);
#2062=LINE('',#14562,#2904);
#2063=LINE('',#14577,#2905);
#2064=LINE('',#14592,#2906);
#2065=LINE('',#14607,#2907);
#2066=LINE('',#14622,#2908);
#2067=LINE('',#14637,#2909);
#2068=LINE('',#14652,#2910);
#2069=LINE('',#14667,#2911);
#2070=LINE('',#14682,#2912);
#2071=LINE('',#14697,#2913);
#2072=LINE('',#14703,#2914);
#2073=LINE('',#14705,#2915);
#2074=LINE('',#14706,#2916);
#2075=LINE('',#14709,#2917);
#2076=LINE('',#14711,#2918);
#2077=LINE('',#14712,#2919);
#2078=LINE('',#14715,#2920);
#2079=LINE('',#14717,#2921);
#2080=LINE('',#14718,#2922);
#2081=LINE('',#14730,#2923);
#2082=LINE('',#14745,#2924);
#2083=LINE('',#14760,#2925);
#2084=LINE('',#14775,#2926);
#2085=LINE('',#14790,#2927);
#2086=LINE('',#14805,#2928);
#2087=LINE('',#14820,#2929);
#2088=LINE('',#14835,#2930);
#2089=LINE('',#14850,#2931);
#2090=LINE('',#14865,#2932);
#2091=LINE('',#14880,#2933);
#2092=LINE('',#14895,#2934);
#2093=LINE('',#14910,#2935);
#2094=LINE('',#14925,#2936);
#2095=LINE('',#14940,#2937);
#2096=LINE('',#14955,#2938);
#2097=LINE('',#14970,#2939);
#2098=LINE('',#14985,#2940);
#2099=LINE('',#15000,#2941);
#2100=LINE('',#15015,#2942);
#2101=LINE('',#15030,#2943);
#2102=LINE('',#15045,#2944);
#2103=LINE('',#15060,#2945);
#2104=LINE('',#15075,#2946);
#2105=LINE('',#15090,#2947);
#2106=LINE('',#15105,#2948);
#2107=LINE('',#15120,#2949);
#2108=LINE('',#15135,#2950);
#2109=LINE('',#15150,#2951);
#2110=LINE('',#15165,#2952);
#2111=LINE('',#15171,#2953);
#2112=LINE('',#15173,#2954);
#2113=LINE('',#15174,#2955);
#2114=LINE('',#15177,#2956);
#2115=LINE('',#15179,#2957);
#2116=LINE('',#15180,#2958);
#2117=LINE('',#15183,#2959);
#2118=LINE('',#15185,#2960);
#2119=LINE('',#15186,#2961);
#2120=LINE('',#15198,#2962);
#2121=LINE('',#15213,#2963);
#2122=LINE('',#15228,#2964);
#2123=LINE('',#15243,#2965);
#2124=LINE('',#15258,#2966);
#2125=LINE('',#15273,#2967);
#2126=LINE('',#15288,#2968);
#2127=LINE('',#15310,#2969);
#2128=LINE('',#15314,#2970);
#2129=LINE('',#15318,#2971);
#2130=LINE('',#15320,#2972);
#2131=LINE('',#15321,#2973);
#2132=LINE('',#15325,#2974);
#2133=LINE('',#15326,#2975);
#2134=LINE('',#15327,#2976);
#2135=LINE('',#15332,#2977);
#2136=LINE('',#15337,#2978);
#2137=LINE('',#15338,#2979);
#2138=LINE('',#15339,#2980);
#2139=LINE('',#15342,#2981);
#2140=LINE('',#15344,#2982);
#2141=LINE('',#15345,#2983);
#2142=LINE('',#15348,#2984);
#2143=LINE('',#15350,#2985);
#2144=LINE('',#15352,#2986);
#2145=LINE('',#15354,#2987);
#2146=LINE('',#15355,#2988);
#2147=LINE('',#15360,#2989);
#2148=LINE('',#15364,#2990);
#2149=LINE('',#15368,#2991);
#2150=LINE('',#15371,#2992);
#2151=LINE('',#15373,#2993);
#2152=LINE('',#15377,#2994);
#2153=LINE('',#15381,#2995);
#2154=LINE('',#15389,#2996);
#2155=LINE('',#15393,#2997);
#2156=LINE('',#15397,#2998);
#2157=LINE('',#15401,#2999);
#2158=LINE('',#15405,#3000);
#2159=LINE('',#15413,#3001);
#2160=LINE('',#15417,#3002);
#2161=LINE('',#15421,#3003);
#2162=LINE('',#15425,#3004);
#2163=LINE('',#15429,#3005);
#2164=LINE('',#15437,#3006);
#2165=LINE('',#15441,#3007);
#2166=LINE('',#15445,#3008);
#2167=LINE('',#15453,#3009);
#2168=LINE('',#15457,#3010);
#2169=LINE('',#15461,#3011);
#2170=LINE('',#15465,#3012);
#2171=LINE('',#15473,#3013);
#2172=LINE('',#15477,#3014);
#2173=LINE('',#15481,#3015);
#2174=LINE('',#15485,#3016);
#2175=LINE('',#15489,#3017);
#2176=LINE('',#15497,#3018);
#2177=LINE('',#15501,#3019);
#2178=LINE('',#15505,#3020);
#2179=LINE('',#15509,#3021);
#2180=LINE('',#15513,#3022);
#2181=LINE('',#15521,#3023);
#2182=LINE('',#15525,#3024);
#2183=LINE('',#15529,#3025);
#2184=LINE('',#15533,#3026);
#2185=LINE('',#15541,#3027);
#2186=LINE('',#15545,#3028);
#2187=LINE('',#15549,#3029);
#2188=LINE('',#15557,#3030);
#2189=LINE('',#15561,#3031);
#2190=LINE('',#15564,#3032);
#2191=LINE('',#15583,#3033);
#2192=LINE('',#15584,#3034);
#2193=LINE('',#15587,#3035);
#2194=LINE('',#15591,#3036);
#2195=LINE('',#15592,#3037);
#2196=LINE('',#15597,#3038);
#2197=LINE('',#15602,#3039);
#2198=LINE('',#15607,#3040);
#2199=LINE('',#15612,#3041);
#2200=LINE('',#15617,#3042);
#2201=LINE('',#15622,#3043);
#2202=LINE('',#15627,#3044);
#2203=LINE('',#15632,#3045);
#2204=LINE('',#15637,#3046);
#2205=LINE('',#15640,#3047);
#2206=LINE('',#15643,#3048);
#2207=LINE('',#15647,#3049);
#2208=LINE('',#15651,#3050);
#2209=LINE('',#15652,#3051);
#2210=LINE('',#15655,#3052);
#2211=LINE('',#15658,#3053);
#2212=LINE('',#15661,#3054);
#2213=LINE('',#15665,#3055);
#2214=LINE('',#15669,#3056);
#2215=LINE('',#15670,#3057);
#2216=LINE('',#15673,#3058);
#2217=LINE('',#15676,#3059);
#2218=LINE('',#15679,#3060);
#2219=LINE('',#15683,#3061);
#2220=LINE('',#15687,#3062);
#2221=LINE('',#15688,#3063);
#2222=LINE('',#15691,#3064);
#2223=LINE('',#15694,#3065);
#2224=LINE('',#15698,#3066);
#2225=LINE('',#15702,#3067);
#2226=LINE('',#15705,#3068);
#2227=LINE('',#15708,#3069);
#2228=LINE('',#15712,#3070);
#2229=LINE('',#15716,#3071);
#2230=LINE('',#15719,#3072);
#2231=LINE('',#15722,#3073);
#2232=LINE('',#15726,#3074);
#2233=LINE('',#15730,#3075);
#2234=LINE('',#15733,#3076);
#2235=LINE('',#15736,#3077);
#2236=LINE('',#15740,#3078);
#2237=LINE('',#15744,#3079);
#2238=LINE('',#15747,#3080);
#2239=LINE('',#15748,#3081);
#2240=LINE('',#15751,#3082);
#2241=LINE('',#15752,#3083);
#2242=LINE('',#15755,#3084);
#2243=LINE('',#15756,#3085);
#2244=LINE('',#15759,#3086);
#2245=LINE('',#15760,#3087);
#2246=LINE('',#15763,#3088);
#2247=LINE('',#15764,#3089);
#2248=LINE('',#15767,#3090);
#2249=LINE('',#15768,#3091);
#2250=LINE('',#15771,#3092);
#2251=LINE('',#15772,#3093);
#2252=LINE('',#15775,#3094);
#2253=LINE('',#15776,#3095);
#2254=LINE('',#15779,#3096);
#2255=LINE('',#15780,#3097);
#2256=LINE('',#15783,#3098);
#2257=LINE('',#15784,#3099);
#2258=LINE('',#15787,#3100);
#2259=LINE('',#15788,#3101);
#2260=LINE('',#15792,#3102);
#2261=LINE('',#15794,#3103);
#2262=LINE('',#15796,#3104);
#2263=LINE('',#15797,#3105);
#2264=LINE('',#15801,#3106);
#2265=LINE('',#15803,#3107);
#2266=LINE('',#15805,#3108);
#2267=LINE('',#15806,#3109);
#2268=LINE('',#15810,#3110);
#2269=LINE('',#15812,#3111);
#2270=LINE('',#15814,#3112);
#2271=LINE('',#15815,#3113);
#2272=LINE('',#15819,#3114);
#2273=LINE('',#15821,#3115);
#2274=LINE('',#15823,#3116);
#2275=LINE('',#15824,#3117);
#2276=LINE('',#15827,#3118);
#2277=LINE('',#15829,#3119);
#2278=LINE('',#15831,#3120);
#2279=LINE('',#15833,#3121);
#2280=LINE('',#15834,#3122);
#2281=LINE('',#15837,#3123);
#2282=LINE('',#15840,#3124);
#2283=LINE('',#15843,#3125);
#2284=LINE('',#15849,#3126);
#2285=LINE('',#15850,#3127);
#2286=LINE('',#15854,#3128);
#2287=LINE('',#15856,#3129);
#2288=LINE('',#15858,#3130);
#2289=LINE('',#15859,#3131);
#2290=LINE('',#15865,#3132);
#2291=LINE('',#15868,#3133);
#2292=LINE('',#15871,#3134);
#2293=LINE('',#15873,#3135);
#2294=LINE('',#15874,#3136);
#2295=LINE('',#15876,#3137);
#2296=LINE('',#15878,#3138);
#2297=LINE('',#15880,#3139);
#2298=LINE('',#15882,#3140);
#2299=LINE('',#15884,#3141);
#2300=LINE('',#15886,#3142);
#2301=LINE('',#15888,#3143);
#2302=LINE('',#15890,#3144);
#2303=LINE('',#15892,#3145);
#2304=LINE('',#15894,#3146);
#2305=LINE('',#15896,#3147);
#2306=LINE('',#15898,#3148);
#2307=LINE('',#15900,#3149);
#2308=LINE('',#15902,#3150);
#2309=LINE('',#15904,#3151);
#2310=LINE('',#15906,#3152);
#2311=LINE('',#15908,#3153);
#2312=LINE('',#15910,#3154);
#2313=LINE('',#15912,#3155);
#2314=LINE('',#15913,#3156);
#2315=LINE('',#15915,#3157);
#2316=LINE('',#15917,#3158);
#2317=LINE('',#15918,#3159);
#2318=LINE('',#15920,#3160);
#2319=LINE('',#15922,#3161);
#2320=LINE('',#15923,#3162);
#2321=LINE('',#15926,#3163);
#2322=LINE('',#15930,#3164);
#2323=LINE('',#15931,#3165);
#2324=LINE('',#15934,#3166);
#2325=LINE('',#15939,#3167);
#2326=LINE('',#15942,#3168);
#2327=LINE('',#15947,#3169);
#2328=LINE('',#15950,#3170);
#2329=LINE('',#15955,#3171);
#2330=LINE('',#15958,#3172);
#2331=LINE('',#15959,#3173);
#2332=LINE('',#15964,#3174);
#2333=LINE('',#15965,#3175);
#2334=LINE('',#15967,#3176);
#2335=LINE('',#15972,#3177);
#2336=LINE('',#15973,#3178);
#2337=LINE('',#15976,#3179);
#2338=LINE('',#15977,#3180);
#2339=LINE('',#15983,#3181);
#2340=LINE('',#15988,#3182);
#2341=LINE('',#15992,#3183);
#2342=LINE('',#15997,#3184);
#2343=LINE('',#16001,#3185);
#2344=LINE('',#16005,#3186);
#2345=LINE('',#16009,#3187);
#2346=LINE('',#16014,#3188);
#2347=LINE('',#16018,#3189);
#2348=LINE('',#16022,#3190);
#2349=LINE('',#16027,#3191);
#2350=LINE('',#16031,#3192);
#2351=LINE('',#16033,#3193);
#2352=LINE('',#16038,#3194);
#2353=LINE('',#16042,#3195);
#2354=LINE('',#16044,#3196);
#2355=LINE('',#16049,#3197);
#2356=LINE('',#16053,#3198);
#2357=LINE('',#16057,#3199);
#2358=LINE('',#16061,#3200);
#2359=LINE('',#16066,#3201);
#2360=LINE('',#16070,#3202);
#2361=LINE('',#16074,#3203);
#2362=LINE('',#16079,#3204);
#2363=LINE('',#16083,#3205);
#2364=LINE('',#16087,#3206);
#2365=LINE('',#16092,#3207);
#2366=LINE('',#16095,#3208);
#2367=LINE('',#16102,#3209);
#2368=LINE('',#16106,#3210);
#2369=LINE('',#16110,#3211);
#2370=LINE('',#16113,#3212);
#2371=LINE('',#16117,#3213);
#2372=LINE('',#16121,#3214);
#2373=LINE('',#16125,#3215);
#2374=LINE('',#16129,#3216);
#2375=LINE('',#16133,#3217);
#2376=LINE('',#16137,#3218);
#2377=LINE('',#16148,#3219);
#2378=LINE('',#16152,#3220);
#2379=LINE('',#16156,#3221);
#2380=LINE('',#16160,#3222);
#2381=LINE('',#16167,#3223);
#2382=LINE('',#16169,#3224);
#2383=LINE('',#16175,#3225);
#2384=LINE('',#16177,#3226);
#2385=LINE('',#16180,#3227);
#2386=LINE('',#16184,#3228);
#2387=LINE('',#16188,#3229);
#2388=LINE('',#16190,#3230);
#2389=LINE('',#16192,#3231);
#2390=LINE('',#16194,#3232);
#2391=LINE('',#16197,#3233);
#2392=LINE('',#16199,#3234);
#2393=LINE('',#16200,#3235);
#2394=LINE('',#16205,#3236);
#2395=LINE('',#16208,#3237);
#2396=LINE('',#16211,#3238);
#2397=LINE('',#16212,#3239);
#2398=LINE('',#16217,#3240);
#2399=LINE('',#16221,#3241);
#2400=LINE('',#16222,#3242);
#2401=LINE('',#16225,#3243);
#2402=LINE('',#16229,#3244);
#2403=LINE('',#16230,#3245);
#2404=LINE('',#16233,#3246);
#2405=LINE('',#16237,#3247);
#2406=LINE('',#16238,#3248);
#2407=LINE('',#16243,#3249);
#2408=LINE('',#16247,#3250);
#2409=LINE('',#16248,#3251);
#2410=LINE('',#16251,#3252);
#2411=LINE('',#16255,#3253);
#2412=LINE('',#16256,#3254);
#2413=LINE('',#16261,#3255);
#2414=LINE('',#16265,#3256);
#2415=LINE('',#16266,#3257);
#2416=LINE('',#16269,#3258);
#2417=LINE('',#16273,#3259);
#2418=LINE('',#16274,#3260);
#2419=LINE('',#16277,#3261);
#2420=LINE('',#16281,#3262);
#2421=LINE('',#16285,#3263);
#2422=LINE('',#16286,#3264);
#2423=LINE('',#16289,#3265);
#2424=LINE('',#16293,#3266);
#2425=LINE('',#16294,#3267);
#2426=LINE('',#16297,#3268);
#2427=LINE('',#16301,#3269);
#2428=LINE('',#16302,#3270);
#2429=LINE('',#16305,#3271);
#2430=LINE('',#16309,#3272);
#2431=LINE('',#16310,#3273);
#2432=LINE('',#16313,#3274);
#2433=LINE('',#16316,#3275);
#2434=LINE('',#16318,#3276);
#2435=LINE('',#16327,#3277);
#2436=LINE('',#16329,#3278);
#2437=LINE('',#16331,#3279);
#2438=LINE('',#16334,#3280);
#2439=LINE('',#16336,#3281);
#2440=LINE('',#16338,#3282);
#2441=LINE('',#16340,#3283);
#2442=LINE('',#16342,#3284);
#2443=LINE('',#16344,#3285);
#2444=LINE('',#16347,#3286);
#2445=LINE('',#16349,#3287);
#2446=LINE('',#16351,#3288);
#2447=LINE('',#16353,#3289);
#2448=LINE('',#16355,#3290);
#2449=LINE('',#16357,#3291);
#2450=LINE('',#16360,#3292);
#2451=LINE('',#16366,#3293);
#2452=LINE('',#16367,#3294);
#2453=LINE('',#16370,#3295);
#2454=LINE('',#16373,#3296);
#2455=LINE('',#16376,#3297);
#2456=LINE('',#16377,#3298);
#2457=LINE('',#16382,#3299);
#2458=LINE('',#16386,#3300);
#2459=LINE('',#16387,#3301);
#2460=LINE('',#16390,#3302);
#2461=LINE('',#16394,#3303);
#2462=LINE('',#16395,#3304);
#2463=LINE('',#16411,#3305);
#2464=LINE('',#16412,#3306);
#2465=LINE('',#16423,#3307);
#2466=LINE('',#16424,#3308);
#2467=LINE('',#16433,#3309);
#2468=LINE('',#16441,#3310);
#2469=LINE('',#16442,#3311);
#2470=LINE('',#16444,#3312);
#2471=LINE('',#16446,#3313);
#2472=LINE('',#16448,#3314);
#2473=LINE('',#16452,#3315);
#2474=LINE('',#16456,#3316);
#2475=LINE('',#16460,#3317);
#2476=LINE('',#16464,#3318);
#2477=LINE('',#16468,#3319);
#2478=LINE('',#16472,#3320);
#2479=LINE('',#16476,#3321);
#2480=LINE('',#16479,#3322);
#2481=LINE('',#16482,#3323);
#2482=LINE('',#16486,#3324);
#2483=LINE('',#16490,#3325);
#2484=LINE('',#16494,#3326);
#2485=LINE('',#16500,#3327);
#2486=LINE('',#16504,#3328);
#2487=LINE('',#16508,#3329);
#2488=LINE('',#16511,#3330);
#2489=LINE('',#16514,#3331);
#2490=LINE('',#16518,#3332);
#2491=LINE('',#16522,#3333);
#2492=LINE('',#16526,#3334);
#2493=LINE('',#16530,#3335);
#2494=LINE('',#16534,#3336);
#2495=LINE('',#16538,#3337);
#2496=LINE('',#16542,#3338);
#2497=LINE('',#16546,#3339);
#2498=LINE('',#16550,#3340);
#2499=LINE('',#16554,#3341);
#2500=LINE('',#16557,#3342);
#2501=LINE('',#16560,#3343);
#2502=LINE('',#16564,#3344);
#2503=LINE('',#16568,#3345);
#2504=LINE('',#16572,#3346);
#2505=LINE('',#16576,#3347);
#2506=LINE('',#16580,#3348);
#2507=LINE('',#16584,#3349);
#2508=LINE('',#16588,#3350);
#2509=LINE('',#16592,#3351);
#2510=LINE('',#16596,#3352);
#2511=LINE('',#16600,#3353);
#2512=LINE('',#16604,#3354);
#2513=LINE('',#16607,#3355);
#2514=LINE('',#16608,#3356);
#2515=LINE('',#16610,#3357);
#2516=LINE('',#16612,#3358);
#2517=LINE('',#16614,#3359);
#2518=LINE('',#16616,#3360);
#2519=LINE('',#16618,#3361);
#2520=LINE('',#16621,#3362);
#2521=LINE('',#16622,#3363);
#2522=LINE('',#16626,#3364);
#2523=LINE('',#16629,#3365);
#2524=LINE('',#16630,#3366);
#2525=LINE('',#16634,#3367);
#2526=LINE('',#16636,#3368);
#2527=LINE('',#16637,#3369);
#2528=LINE('',#16639,#3370);
#2529=LINE('',#16641,#3371);
#2530=LINE('',#16643,#3372);
#2531=LINE('',#16645,#3373);
#2532=LINE('',#16648,#3374);
#2533=LINE('',#16649,#3375);
#2534=LINE('',#16653,#3376);
#2535=LINE('',#16654,#3377);
#2536=LINE('',#16655,#3378);
#2537=LINE('',#16659,#3379);
#2538=LINE('',#16662,#3380);
#2539=LINE('',#16663,#3381);
#2540=LINE('',#16666,#3382);
#2541=LINE('',#16668,#3383);
#2542=LINE('',#16670,#3384);
#2543=LINE('',#16672,#3385);
#2544=LINE('',#16675,#3386);
#2545=LINE('',#16677,#3387);
#2546=LINE('',#16679,#3388);
#2547=LINE('',#16682,#3389);
#2548=LINE('',#16683,#3390);
#2549=LINE('',#16686,#3391);
#2550=LINE('',#16688,#3392);
#2551=LINE('',#16692,#3393);
#2552=LINE('',#16695,#3394);
#2553=LINE('',#16696,#3395);
#2554=LINE('',#16699,#3396);
#2555=LINE('',#16701,#3397);
#2556=LINE('',#16704,#3398);
#2557=LINE('',#16706,#3399);
#2558=LINE('',#16711,#3400);
#2559=LINE('',#16712,#3401);
#2560=LINE('',#16713,#3402);
#2561=LINE('',#16717,#3403);
#2562=LINE('',#16720,#3404);
#2563=LINE('',#16721,#3405);
#2564=LINE('',#16724,#3406);
#2565=LINE('',#16726,#3407);
#2566=LINE('',#16730,#3408);
#2567=LINE('',#16732,#3409);
#2568=LINE('',#16734,#3410);
#2569=LINE('',#16736,#3411);
#2570=LINE('',#16738,#3412);
#2571=LINE('',#16740,#3413);
#2572=LINE('',#16743,#3414);
#2573=LINE('',#16744,#3415);
#2574=LINE('',#16745,#3416);
#2575=LINE('',#16747,#3417);
#2576=LINE('',#16749,#3418);
#2577=LINE('',#16751,#3419);
#2578=LINE('',#16753,#3420);
#2579=LINE('',#16757,#3421);
#2580=LINE('',#16759,#3422);
#2581=LINE('',#16761,#3423);
#2582=LINE('',#16764,#3424);
#2583=LINE('',#16766,#3425);
#2584=LINE('',#16767,#3426);
#2585=LINE('',#16770,#3427);
#2586=LINE('',#16772,#3428);
#2587=LINE('',#16774,#3429);
#2588=LINE('',#16776,#3430);
#2589=LINE('',#16778,#3431);
#2590=LINE('',#16780,#3432);
#2591=LINE('',#16784,#3433);
#2592=LINE('',#16786,#3434);
#2593=LINE('',#16788,#3435);
#2594=LINE('',#16789,#3436);
#2595=LINE('',#16791,#3437);
#2596=LINE('',#16793,#3438);
#2597=LINE('',#16795,#3439);
#2598=LINE('',#16797,#3440);
#2599=LINE('',#16799,#3441);
#2600=LINE('',#16801,#3442);
#2601=LINE('',#16804,#3443);
#2602=LINE('',#16805,#3444);
#2603=LINE('',#16807,#3445);
#2604=LINE('',#16809,#3446);
#2605=LINE('',#16811,#3447);
#2606=LINE('',#16813,#3448);
#2607=LINE('',#16815,#3449);
#2608=LINE('',#16817,#3450);
#2609=LINE('',#16820,#3451);
#2610=LINE('',#16821,#3452);
#2611=LINE('',#16823,#3453);
#2612=LINE('',#16825,#3454);
#2613=LINE('',#16827,#3455);
#2614=LINE('',#16829,#3456);
#2615=LINE('',#16831,#3457);
#2616=LINE('',#16833,#3458);
#2617=LINE('',#16836,#3459);
#2618=LINE('',#16839,#3460);
#2619=LINE('',#16843,#3461);
#2620=LINE('',#16846,#3462);
#2621=LINE('',#16849,#3463);
#2622=LINE('',#16850,#3464);
#2623=LINE('',#16852,#3465);
#2624=LINE('',#16858,#3466);
#2625=LINE('',#16860,#3467);
#2626=LINE('',#16865,#3468);
#2627=LINE('',#16867,#3469);
#2628=LINE('',#16872,#3470);
#2629=LINE('',#16874,#3471);
#2630=LINE('',#16879,#3472);
#2631=LINE('',#16881,#3473);
#2632=LINE('',#16886,#3474);
#2633=LINE('',#16888,#3475);
#2634=LINE('',#16893,#3476);
#2635=LINE('',#16895,#3477);
#2636=LINE('',#16900,#3478);
#2637=LINE('',#16902,#3479);
#2638=VECTOR('',#10411,10.);
#2639=VECTOR('',#10412,10.);
#2640=VECTOR('',#10415,10.);
#2641=VECTOR('',#10416,10.);
#2642=VECTOR('',#10417,10.);
#2643=VECTOR('',#10420,10.);
#2644=VECTOR('',#10421,10.);
#2645=VECTOR('',#10422,10.);
#2646=VECTOR('',#10425,10.);
#2647=VECTOR('',#10426,10.);
#2648=VECTOR('',#10427,10.);
#2649=VECTOR('',#10428,10.);
#2650=VECTOR('',#10429,10.);
#2651=VECTOR('',#10432,10.);
#2652=VECTOR('',#10433,10.);
#2653=VECTOR('',#10434,10.);
#2654=VECTOR('',#10437,10.);
#2655=VECTOR('',#10438,10.);
#2656=VECTOR('',#10439,10.);
#2657=VECTOR('',#10442,10.);
#2658=VECTOR('',#10443,10.);
#2659=VECTOR('',#10444,10.);
#2660=VECTOR('',#10447,10.);
#2661=VECTOR('',#10448,10.);
#2662=VECTOR('',#10449,10.);
#2663=VECTOR('',#10452,10.);
#2664=VECTOR('',#10453,10.);
#2665=VECTOR('',#10454,10.);
#2666=VECTOR('',#10457,10.);
#2667=VECTOR('',#10458,10.);
#2668=VECTOR('',#10459,10.);
#2669=VECTOR('',#10462,10.);
#2670=VECTOR('',#10463,10.);
#2671=VECTOR('',#10464,10.);
#2672=VECTOR('',#10467,10.);
#2673=VECTOR('',#10468,10.);
#2674=VECTOR('',#10469,10.);
#2675=VECTOR('',#10472,10.);
#2676=VECTOR('',#10473,10.);
#2677=VECTOR('',#10474,10.);
#2678=VECTOR('',#10477,10.);
#2679=VECTOR('',#10478,10.);
#2680=VECTOR('',#10479,10.);
#2681=VECTOR('',#10482,10.);
#2682=VECTOR('',#10483,10.);
#2683=VECTOR('',#10484,10.);
#2684=VECTOR('',#10485,10.);
#2685=VECTOR('',#10486,10.);
#2686=VECTOR('',#10487,10.);
#2687=VECTOR('',#10490,10.);
#2688=VECTOR('',#10491,10.);
#2689=VECTOR('',#10492,10.);
#2690=VECTOR('',#10493,10.);
#2691=VECTOR('',#10494,10.);
#2692=VECTOR('',#10495,10.);
#2693=VECTOR('',#10496,10.);
#2694=VECTOR('',#10497,10.);
#2695=VECTOR('',#10498,10.);
#2696=VECTOR('',#10499,10.);
#2697=VECTOR('',#10500,10.);
#2698=VECTOR('',#10501,10.);
#2699=VECTOR('',#10502,10.);
#2700=VECTOR('',#10503,10.);
#2701=VECTOR('',#10504,10.);
#2702=VECTOR('',#10507,10.);
#2703=VECTOR('',#10508,10.);
#2704=VECTOR('',#10509,10.);
#2705=VECTOR('',#10510,10.);
#2706=VECTOR('',#10511,10.);
#2707=VECTOR('',#10512,10.);
#2708=VECTOR('',#10513,10.);
#2709=VECTOR('',#10514,10.);
#2710=VECTOR('',#10515,10.);
#2711=VECTOR('',#10516,10.);
#2712=VECTOR('',#10517,10.);
#2713=VECTOR('',#10518,10.);
#2714=VECTOR('',#10519,10.);
#2715=VECTOR('',#10520,10.);
#2716=VECTOR('',#10523,10.);
#2717=VECTOR('',#10524,10.);
#2718=VECTOR('',#10525,10.);
#2719=VECTOR('',#10526,10.);
#2720=VECTOR('',#10527,10.);
#2721=VECTOR('',#10528,10.);
#2722=VECTOR('',#10529,10.);
#2723=VECTOR('',#10530,10.);
#2724=VECTOR('',#10531,10.);
#2725=VECTOR('',#10532,10.);
#2726=VECTOR('',#10533,10.);
#2727=VECTOR('',#10534,10.);
#2728=VECTOR('',#10535,10.);
#2729=VECTOR('',#10536,10.);
#2730=VECTOR('',#10537,10.);
#2731=VECTOR('',#10540,10.);
#2732=VECTOR('',#10541,10.);
#2733=VECTOR('',#10542,10.);
#2734=VECTOR('',#10543,10.);
#2735=VECTOR('',#10544,10.);
#2736=VECTOR('',#10545,10.);
#2737=VECTOR('',#10546,10.);
#2738=VECTOR('',#10547,10.);
#2739=VECTOR('',#10548,10.);
#2740=VECTOR('',#10549,10.);
#2741=VECTOR('',#10554,10.);
#2742=VECTOR('',#10555,10.);
#2743=VECTOR('',#10556,10.);
#2744=VECTOR('',#10557,10.);
#2745=VECTOR('',#10560,10.);
#2746=VECTOR('',#10561,10.);
#2747=VECTOR('',#10562,10.);
#2748=VECTOR('',#10565,10.);
#2749=VECTOR('',#10566,10.);
#2750=VECTOR('',#10567,10.);
#2751=VECTOR('',#10570,10.);
#2752=VECTOR('',#10571,10.);
#2753=VECTOR('',#10572,10.);
#2754=VECTOR('',#10575,10.);
#2755=VECTOR('',#10576,10.);
#2756=VECTOR('',#10577,10.);
#2757=VECTOR('',#10580,10.);
#2758=VECTOR('',#10581,10.);
#2759=VECTOR('',#10582,10.);
#2760=VECTOR('',#10585,10.);
#2761=VECTOR('',#10586,10.);
#2762=VECTOR('',#10587,10.);
#2763=VECTOR('',#10590,10.);
#2764=VECTOR('',#10591,10.);
#2765=VECTOR('',#10592,10.);
#2766=VECTOR('',#10595,10.);
#2767=VECTOR('',#10596,10.);
#2768=VECTOR('',#10597,10.);
#2769=VECTOR('',#10600,10.);
#2770=VECTOR('',#10601,10.);
#2771=VECTOR('',#10602,10.);
#2772=VECTOR('',#10605,10.);
#2773=VECTOR('',#10606,10.);
#2774=VECTOR('',#10607,10.);
#2775=VECTOR('',#10610,10.);
#2776=VECTOR('',#10611,10.);
#2777=VECTOR('',#10614,10.);
#2778=VECTOR('',#10615,10.);
#2779=VECTOR('',#10616,10.);
#2780=VECTOR('',#10617,10.);
#2781=VECTOR('',#10618,10.);
#2782=VECTOR('',#10621,10.);
#2783=VECTOR('',#10622,10.);
#2784=VECTOR('',#10623,10.);
#2785=VECTOR('',#10626,10.);
#2786=VECTOR('',#10627,10.);
#2787=VECTOR('',#10628,10.);
#2788=VECTOR('',#10631,10.);
#2789=VECTOR('',#10632,10.);
#2790=VECTOR('',#10633,10.);
#2791=VECTOR('',#10634,10.);
#2792=VECTOR('',#10635,10.);
#2793=VECTOR('',#10636,10.);
#2794=VECTOR('',#10637,10.);
#2795=VECTOR('',#10638,10.);
#2796=VECTOR('',#10639,10.);
#2797=VECTOR('',#10640,10.);
#2798=VECTOR('',#10641,10.);
#2799=VECTOR('',#10642,10.);
#2800=VECTOR('',#10643,10.);
#2801=VECTOR('',#10644,10.);
#2802=VECTOR('',#10645,10.);
#2803=VECTOR('',#10648,10.);
#2804=VECTOR('',#10649,10.);
#2805=VECTOR('',#10650,10.);
#2806=VECTOR('',#10653,10.);
#2807=VECTOR('',#10654,10.);
#2808=VECTOR('',#10655,10.);
#2809=VECTOR('',#10658,10.);
#2810=VECTOR('',#10659,10.);
#2811=VECTOR('',#10660,10.);
#2812=VECTOR('',#10661,10.);
#2813=VECTOR('',#10662,10.);
#2814=VECTOR('',#10663,10.);
#2815=VECTOR('',#10664,10.);
#2816=VECTOR('',#10665,10.);
#2817=VECTOR('',#10666,10.);
#2818=VECTOR('',#10667,10.);
#2819=VECTOR('',#10670,10.);
#2820=VECTOR('',#10671,10.);
#2821=VECTOR('',#10672,10.);
#2822=VECTOR('',#10673,10.);
#2823=VECTOR('',#10674,10.);
#2824=VECTOR('',#10675,10.);
#2825=VECTOR('',#10676,10.);
#2826=VECTOR('',#10677,10.);
#2827=VECTOR('',#10678,10.);
#2828=VECTOR('',#10679,10.);
#2829=VECTOR('',#10680,10.);
#2830=VECTOR('',#10681,10.);
#2831=VECTOR('',#10682,10.);
#2832=VECTOR('',#10685,10.);
#2833=VECTOR('',#10686,10.);
#2834=VECTOR('',#10687,10.);
#2835=VECTOR('',#10690,10.);
#2836=VECTOR('',#10691,10.);
#2837=VECTOR('',#10692,10.);
#2838=VECTOR('',#10695,10.);
#2839=VECTOR('',#10696,10.);
#2840=VECTOR('',#10697,10.);
#2841=VECTOR('',#10698,10.);
#2842=VECTOR('',#10699,10.);
#2843=VECTOR('',#10700,10.);
#2844=VECTOR('',#10701,10.);
#2845=VECTOR('',#10702,10.);
#2846=VECTOR('',#10703,10.);
#2847=VECTOR('',#10704,10.);
#2848=VECTOR('',#10705,10.);
#2849=VECTOR('',#10706,10.);
#2850=VECTOR('',#10707,10.);
#2851=VECTOR('',#10708,10.);
#2852=VECTOR('',#10709,10.);
#2853=VECTOR('',#10712,10.);
#2854=VECTOR('',#10713,10.);
#2855=VECTOR('',#10714,10.);
#2856=VECTOR('',#10717,10.);
#2857=VECTOR('',#10718,10.);
#2858=VECTOR('',#10719,10.);
#2859=VECTOR('',#10722,10.);
#2860=VECTOR('',#10723,10.);
#2861=VECTOR('',#10724,10.);
#2862=VECTOR('',#10727,10.);
#2863=VECTOR('',#10728,10.);
#2864=VECTOR('',#10729,10.);
#2865=VECTOR('',#10732,10.);
#2866=VECTOR('',#10733,10.);
#2867=VECTOR('',#10738,10.);
#2868=VECTOR('',#10739,10.);
#2869=VECTOR('',#10740,10.);
#2870=VECTOR('',#10741,10.);
#2871=VECTOR('',#10744,10.);
#2872=VECTOR('',#10745,10.);
#2873=VECTOR('',#10746,10.);
#2874=VECTOR('',#10749,10.);
#2875=VECTOR('',#10750,10.);
#2876=VECTOR('',#10751,10.);
#2877=VECTOR('',#10754,10.);
#2878=VECTOR('',#10755,10.);
#2879=VECTOR('',#10756,10.);
#2880=VECTOR('',#10759,10.);
#2881=VECTOR('',#10760,10.);
#2882=VECTOR('',#10761,10.);
#2883=VECTOR('',#10764,10.);
#2884=VECTOR('',#10765,10.);
#2885=VECTOR('',#10766,10.);
#2886=VECTOR('',#10769,10.);
#2887=VECTOR('',#10770,10.);
#2888=VECTOR('',#10771,10.);
#2889=VECTOR('',#10774,10.);
#2890=VECTOR('',#10775,10.);
#2891=VECTOR('',#10778,10.);
#2892=VECTOR('',#10779,10.);
#2893=VECTOR('',#10780,10.);
#2894=VECTOR('',#10781,10.);
#2895=VECTOR('',#10782,10.);
#2896=VECTOR('',#10783,10.);
#2897=VECTOR('',#10784,10.);
#2898=VECTOR('',#10785,10.);
#2899=VECTOR('',#10786,10.);
#2900=VECTOR('',#10787,10.);
#2901=VECTOR('',#10788,10.);
#2902=VECTOR('',#10789,10.);
#2903=VECTOR('',#10790,10.);
#2904=VECTOR('',#10791,10.);
#2905=VECTOR('',#10792,10.);
#2906=VECTOR('',#10793,10.);
#2907=VECTOR('',#10794,10.);
#2908=VECTOR('',#10795,10.);
#2909=VECTOR('',#10796,10.);
#2910=VECTOR('',#10797,10.);
#2911=VECTOR('',#10798,10.);
#2912=VECTOR('',#10799,10.);
#2913=VECTOR('',#10800,10.);
#2914=VECTOR('',#10803,10.);
#2915=VECTOR('',#10804,10.);
#2916=VECTOR('',#10805,10.);
#2917=VECTOR('',#10808,10.);
#2918=VECTOR('',#10809,10.);
#2919=VECTOR('',#10810,10.);
#2920=VECTOR('',#10813,10.);
#2921=VECTOR('',#10814,10.);
#2922=VECTOR('',#10815,10.);
#2923=VECTOR('',#10816,10.);
#2924=VECTOR('',#10817,10.);
#2925=VECTOR('',#10818,10.);
#2926=VECTOR('',#10819,10.);
#2927=VECTOR('',#10820,10.);
#2928=VECTOR('',#10821,10.);
#2929=VECTOR('',#10822,10.);
#2930=VECTOR('',#10823,10.);
#2931=VECTOR('',#10824,10.);
#2932=VECTOR('',#10825,10.);
#2933=VECTOR('',#10826,10.);
#2934=VECTOR('',#10827,10.);
#2935=VECTOR('',#10828,10.);
#2936=VECTOR('',#10829,10.);
#2937=VECTOR('',#10830,10.);
#2938=VECTOR('',#10831,10.);
#2939=VECTOR('',#10832,10.);
#2940=VECTOR('',#10833,10.);
#2941=VECTOR('',#10834,10.);
#2942=VECTOR('',#10835,10.);
#2943=VECTOR('',#10836,10.);
#2944=VECTOR('',#10837,10.);
#2945=VECTOR('',#10838,10.);
#2946=VECTOR('',#10839,10.);
#2947=VECTOR('',#10840,10.);
#2948=VECTOR('',#10841,10.);
#2949=VECTOR('',#10842,10.);
#2950=VECTOR('',#10843,10.);
#2951=VECTOR('',#10844,10.);
#2952=VECTOR('',#10845,10.);
#2953=VECTOR('',#10848,10.);
#2954=VECTOR('',#10849,10.);
#2955=VECTOR('',#10850,10.);
#2956=VECTOR('',#10853,10.);
#2957=VECTOR('',#10854,10.);
#2958=VECTOR('',#10855,10.);
#2959=VECTOR('',#10858,10.);
#2960=VECTOR('',#10859,10.);
#2961=VECTOR('',#10860,10.);
#2962=VECTOR('',#10861,10.);
#2963=VECTOR('',#10862,10.);
#2964=VECTOR('',#10863,10.);
#2965=VECTOR('',#10864,10.);
#2966=VECTOR('',#10865,10.);
#2967=VECTOR('',#10866,10.);
#2968=VECTOR('',#10867,10.);
#2969=VECTOR('',#10876,10.);
#2970=VECTOR('',#10879,10.);
#2971=VECTOR('',#10884,10.);
#2972=VECTOR('',#10885,10.);
#2973=VECTOR('',#10886,10.);
#2974=VECTOR('',#10889,10.);
#2975=VECTOR('',#10890,10.);
#2976=VECTOR('',#10891,10.);
#2977=VECTOR('',#10896,10.);
#2978=VECTOR('',#10901,10.);
#2979=VECTOR('',#10902,10.);
#2980=VECTOR('',#10903,10.);
#2981=VECTOR('',#10906,10.);
#2982=VECTOR('',#10907,10.);
#2983=VECTOR('',#10908,10.);
#2984=VECTOR('',#10911,10.);
#2985=VECTOR('',#10912,10.);
#2986=VECTOR('',#10913,10.);
#2987=VECTOR('',#10914,10.);
#2988=VECTOR('',#10915,10.);
#2989=VECTOR('',#10920,10.);
#2990=VECTOR('',#10923,10.);
#2991=VECTOR('',#10926,10.);
#2992=VECTOR('',#10929,10.);
#2993=VECTOR('',#10930,10.);
#2994=VECTOR('',#10933,10.);
#2995=VECTOR('',#10936,10.);
#2996=VECTOR('',#10943,10.);
#2997=VECTOR('',#10946,10.);
#2998=VECTOR('',#10949,10.);
#2999=VECTOR('',#10952,10.);
#3000=VECTOR('',#10955,10.);
#3001=VECTOR('',#10962,10.);
#3002=VECTOR('',#10965,10.);
#3003=VECTOR('',#10968,10.);
#3004=VECTOR('',#10971,10.);
#3005=VECTOR('',#10974,10.);
#3006=VECTOR('',#10981,10.);
#3007=VECTOR('',#10984,10.);
#3008=VECTOR('',#10987,10.);
#3009=VECTOR('',#10994,10.);
#3010=VECTOR('',#10997,10.);
#3011=VECTOR('',#11000,10.);
#3012=VECTOR('',#11003,10.);
#3013=VECTOR('',#11010,10.);
#3014=VECTOR('',#11013,10.);
#3015=VECTOR('',#11016,10.);
#3016=VECTOR('',#11019,10.);
#3017=VECTOR('',#11022,10.);
#3018=VECTOR('',#11029,10.);
#3019=VECTOR('',#11032,10.);
#3020=VECTOR('',#11035,10.);
#3021=VECTOR('',#11038,10.);
#3022=VECTOR('',#11041,10.);
#3023=VECTOR('',#11048,10.);
#3024=VECTOR('',#11051,10.);
#3025=VECTOR('',#11054,10.);
#3026=VECTOR('',#11057,10.);
#3027=VECTOR('',#11064,10.);
#3028=VECTOR('',#11067,10.);
#3029=VECTOR('',#11070,10.);
#3030=VECTOR('',#11077,10.);
#3031=VECTOR('',#11080,10.);
#3032=VECTOR('',#11083,10.);
#3033=VECTOR('',#11102,10.);
#3034=VECTOR('',#11103,10.);
#3035=VECTOR('',#11106,10.);
#3036=VECTOR('',#11111,10.);
#3037=VECTOR('',#11112,10.);
#3038=VECTOR('',#11119,1.50000000000002);
#3039=VECTOR('',#11126,1.50000000000002);
#3040=VECTOR('',#11133,1.50000000000001);
#3041=VECTOR('',#11140,1.50000000000001);
#3042=VECTOR('',#11147,1.50000000000002);
#3043=VECTOR('',#11154,1.50000000000002);
#3044=VECTOR('',#11161,1.50000000000001);
#3045=VECTOR('',#11168,1.50000000000001);
#3046=VECTOR('',#11175,10.);
#3047=VECTOR('',#11178,10.);
#3048=VECTOR('',#11181,10.);
#3049=VECTOR('',#11186,10.);
#3050=VECTOR('',#11191,10.);
#3051=VECTOR('',#11192,10.);
#3052=VECTOR('',#11195,10.);
#3053=VECTOR('',#11198,10.);
#3054=VECTOR('',#11201,10.);
#3055=VECTOR('',#11206,10.);
#3056=VECTOR('',#11211,10.);
#3057=VECTOR('',#11212,10.);
#3058=VECTOR('',#11215,10.);
#3059=VECTOR('',#11218,10.);
#3060=VECTOR('',#11221,10.);
#3061=VECTOR('',#11226,10.);
#3062=VECTOR('',#11231,10.);
#3063=VECTOR('',#11232,10.);
#3064=VECTOR('',#11235,10.);
#3065=VECTOR('',#11238,10.);
#3066=VECTOR('',#11243,10.);
#3067=VECTOR('',#11248,10.);
#3068=VECTOR('',#11251,10.);
#3069=VECTOR('',#11254,10.);
#3070=VECTOR('',#11259,10.);
#3071=VECTOR('',#11264,10.);
#3072=VECTOR('',#11267,10.);
#3073=VECTOR('',#11270,10.);
#3074=VECTOR('',#11275,10.);
#3075=VECTOR('',#11280,10.);
#3076=VECTOR('',#11283,10.);
#3077=VECTOR('',#11286,10.);
#3078=VECTOR('',#11291,10.);
#3079=VECTOR('',#11296,10.);
#3080=VECTOR('',#11299,10.);
#3081=VECTOR('',#11300,10.);
#3082=VECTOR('',#11303,10.);
#3083=VECTOR('',#11304,10.);
#3084=VECTOR('',#11307,10.);
#3085=VECTOR('',#11308,10.);
#3086=VECTOR('',#11311,10.);
#3087=VECTOR('',#11312,10.);
#3088=VECTOR('',#11315,10.);
#3089=VECTOR('',#11316,10.);
#3090=VECTOR('',#11319,10.);
#3091=VECTOR('',#11320,10.);
#3092=VECTOR('',#11323,10.);
#3093=VECTOR('',#11324,10.);
#3094=VECTOR('',#11327,10.);
#3095=VECTOR('',#11328,10.);
#3096=VECTOR('',#11331,10.);
#3097=VECTOR('',#11332,10.);
#3098=VECTOR('',#11335,10.);
#3099=VECTOR('',#11336,10.);
#3100=VECTOR('',#11339,10.);
#3101=VECTOR('',#11340,10.);
#3102=VECTOR('',#11343,10.);
#3103=VECTOR('',#11344,10.);
#3104=VECTOR('',#11345,10.);
#3105=VECTOR('',#11346,10.);
#3106=VECTOR('',#11349,10.);
#3107=VECTOR('',#11350,10.);
#3108=VECTOR('',#11351,10.);
#3109=VECTOR('',#11352,10.);
#3110=VECTOR('',#11355,10.);
#3111=VECTOR('',#11356,10.);
#3112=VECTOR('',#11357,10.);
#3113=VECTOR('',#11358,10.);
#3114=VECTOR('',#11361,10.);
#3115=VECTOR('',#11362,10.);
#3116=VECTOR('',#11363,10.);
#3117=VECTOR('',#11364,10.);
#3118=VECTOR('',#11367,10.);
#3119=VECTOR('',#11368,10.);
#3120=VECTOR('',#11369,10.);
#3121=VECTOR('',#11370,10.);
#3122=VECTOR('',#11371,10.);
#3123=VECTOR('',#11374,2.99999999999999);
#3124=VECTOR('',#11377,2.99999999999999);
#3125=VECTOR('',#11380,10.);
#3126=VECTOR('',#11387,2.99999999999999);
#3127=VECTOR('',#11388,2.99999999999999);
#3128=VECTOR('',#11391,10.);
#3129=VECTOR('',#11392,10.);
#3130=VECTOR('',#11393,10.);
#3131=VECTOR('',#11394,10.);
#3132=VECTOR('',#11403,10.);
#3133=VECTOR('',#11406,10.);
#3134=VECTOR('',#11409,10.);
#3135=VECTOR('',#11410,10.);
#3136=VECTOR('',#11411,10.);
#3137=VECTOR('',#11412,10.);
#3138=VECTOR('',#11413,10.);
#3139=VECTOR('',#11414,10.);
#3140=VECTOR('',#11415,10.);
#3141=VECTOR('',#11416,10.);
#3142=VECTOR('',#11417,10.);
#3143=VECTOR('',#11418,10.);
#3144=VECTOR('',#11419,10.);
#3145=VECTOR('',#11420,10.);
#3146=VECTOR('',#11421,10.);
#3147=VECTOR('',#11422,10.);
#3148=VECTOR('',#11423,10.);
#3149=VECTOR('',#11424,10.);
#3150=VECTOR('',#11425,10.);
#3151=VECTOR('',#11426,10.);
#3152=VECTOR('',#11427,10.);
#3153=VECTOR('',#11428,10.);
#3154=VECTOR('',#11429,10.);
#3155=VECTOR('',#11430,10.);
#3156=VECTOR('',#11431,10.);
#3157=VECTOR('',#11432,10.);
#3158=VECTOR('',#11433,10.);
#3159=VECTOR('',#11434,10.);
#3160=VECTOR('',#11435,10.);
#3161=VECTOR('',#11436,10.);
#3162=VECTOR('',#11437,10.);
#3163=VECTOR('',#11440,10.);
#3164=VECTOR('',#11445,10.);
#3165=VECTOR('',#11446,10.);
#3166=VECTOR('',#11449,10.);
#3167=VECTOR('',#11456,10.);
#3168=VECTOR('',#11459,10.);
#3169=VECTOR('',#11466,10.);
#3170=VECTOR('',#11469,10.);
#3171=VECTOR('',#11476,10.);
#3172=VECTOR('',#11479,10.);
#3173=VECTOR('',#11480,10.);
#3174=VECTOR('',#11485,10.);
#3175=VECTOR('',#11486,10.);
#3176=VECTOR('',#11489,10.);
#3177=VECTOR('',#11494,10.);
#3178=VECTOR('',#11495,10.);
#3179=VECTOR('',#11498,10.);
#3180=VECTOR('',#11499,10.);
#3181=VECTOR('',#11506,10.);
#3182=VECTOR('',#11511,10.);
#3183=VECTOR('',#11514,10.);
#3184=VECTOR('',#11521,10.);
#3185=VECTOR('',#11524,10.);
#3186=VECTOR('',#11527,10.);
#3187=VECTOR('',#11530,10.);
#3188=VECTOR('',#11535,10.);
#3189=VECTOR('',#11538,10.);
#3190=VECTOR('',#11541,10.);
#3191=VECTOR('',#11546,10.);
#3192=VECTOR('',#11549,10.);
#3193=VECTOR('',#11550,10.);
#3194=VECTOR('',#11555,10.);
#3195=VECTOR('',#11558,10.);
#3196=VECTOR('',#11559,10.);
#3197=VECTOR('',#11564,10.);
#3198=VECTOR('',#11567,10.);
#3199=VECTOR('',#11572,10.);
#3200=VECTOR('',#11575,10.);
#3201=VECTOR('',#11580,10.);
#3202=VECTOR('',#11583,10.);
#3203=VECTOR('',#11586,10.);
#3204=VECTOR('',#11591,10.);
#3205=VECTOR('',#11594,10.);
#3206=VECTOR('',#11597,10.);
#3207=VECTOR('',#11602,10.);
#3208=VECTOR('',#11605,10.);
#3209=VECTOR('',#11612,10.);
#3210=VECTOR('',#11615,10.);
#3211=VECTOR('',#11618,10.);
#3212=VECTOR('',#11621,10.);
#3213=VECTOR('',#11624,10.);
#3214=VECTOR('',#11627,10.);
#3215=VECTOR('',#11630,10.);
#3216=VECTOR('',#11633,10.);
#3217=VECTOR('',#11636,10.);
#3218=VECTOR('',#11639,10.);
#3219=VECTOR('',#11650,10.);
#3220=VECTOR('',#11653,10.);
#3221=VECTOR('',#11656,10.);
#3222=VECTOR('',#11661,10.);
#3223=VECTOR('',#11670,10.);
#3224=VECTOR('',#11671,10.);
#3225=VECTOR('',#11680,10.);
#3226=VECTOR('',#11683,10.);
#3227=VECTOR('',#11686,10.);
#3228=VECTOR('',#11691,10.);
#3229=VECTOR('',#11696,10.);
#3230=VECTOR('',#11699,10.);
#3231=VECTOR('',#11702,10.);
#3232=VECTOR('',#11705,10.);
#3233=VECTOR('',#11708,10.);
#3234=VECTOR('',#11709,10.);
#3235=VECTOR('',#11710,10.);
#3236=VECTOR('',#11717,10.);
#3237=VECTOR('',#11720,10.);
#3238=VECTOR('',#11723,10.);
#3239=VECTOR('',#11724,10.);
#3240=VECTOR('',#11731,10.);
#3241=VECTOR('',#11736,10.);
#3242=VECTOR('',#11737,10.);
#3243=VECTOR('',#11740,10.);
#3244=VECTOR('',#11745,10.);
#3245=VECTOR('',#11746,10.);
#3246=VECTOR('',#11749,10.);
#3247=VECTOR('',#11754,10.);
#3248=VECTOR('',#11755,10.);
#3249=VECTOR('',#11762,10.);
#3250=VECTOR('',#11767,10.);
#3251=VECTOR('',#11768,10.);
#3252=VECTOR('',#11771,10.);
#3253=VECTOR('',#11776,10.);
#3254=VECTOR('',#11777,10.);
#3255=VECTOR('',#11784,10.);
#3256=VECTOR('',#11789,10.);
#3257=VECTOR('',#11790,10.);
#3258=VECTOR('',#11793,10.);
#3259=VECTOR('',#11798,10.);
#3260=VECTOR('',#11799,10.);
#3261=VECTOR('',#11802,10.);
#3262=VECTOR('',#11807,10.);
#3263=VECTOR('',#11812,10.);
#3264=VECTOR('',#11813,10.);
#3265=VECTOR('',#11816,10.);
#3266=VECTOR('',#11821,10.);
#3267=VECTOR('',#11822,10.);
#3268=VECTOR('',#11825,10.);
#3269=VECTOR('',#11830,10.);
#3270=VECTOR('',#11831,10.);
#3271=VECTOR('',#11834,10.);
#3272=VECTOR('',#11839,10.);
#3273=VECTOR('',#11840,10.);
#3274=VECTOR('',#11843,10.);
#3275=VECTOR('',#11848,10.);
#3276=VECTOR('',#11851,10.);
#3277=VECTOR('',#11868,10.);
#3278=VECTOR('',#11871,10.);
#3279=VECTOR('',#11874,10.);
#3280=VECTOR('',#11879,10.);
#3281=VECTOR('',#11882,10.);
#3282=VECTOR('',#11885,10.);
#3283=VECTOR('',#11888,10.);
#3284=VECTOR('',#11891,10.);
#3285=VECTOR('',#11894,10.);
#3286=VECTOR('',#11899,10.);
#3287=VECTOR('',#11902,10.);
#3288=VECTOR('',#11905,10.);
#3289=VECTOR('',#11908,10.);
#3290=VECTOR('',#11911,10.);
#3291=VECTOR('',#11914,10.);
#3292=VECTOR('',#11919,10.);
#3293=VECTOR('',#11928,10.);
#3294=VECTOR('',#11929,10.);
#3295=VECTOR('',#11932,10.);
#3296=VECTOR('',#11935,10.);
#3297=VECTOR('',#11938,10.);
#3298=VECTOR('',#11939,10.);
#3299=VECTOR('',#11946,10.);
#3300=VECTOR('',#11951,10.);
#3301=VECTOR('',#11952,10.);
#3302=VECTOR('',#11955,10.);
#3303=VECTOR('',#11960,10.);
#3304=VECTOR('',#11961,10.);
#3305=VECTOR('',#11980,10.);
#3306=VECTOR('',#11981,10.);
#3307=VECTOR('',#11994,10.);
#3308=VECTOR('',#11995,10.);
#3309=VECTOR('',#12008,10.);
#3310=VECTOR('',#12019,10.);
#3311=VECTOR('',#12020,10.);
#3312=VECTOR('',#12023,10.);
#3313=VECTOR('',#12026,10.);
#3314=VECTOR('',#12029,10.);
#3315=VECTOR('',#12032,10.);
#3316=VECTOR('',#12035,10.);
#3317=VECTOR('',#12038,10.);
#3318=VECTOR('',#12041,10.);
#3319=VECTOR('',#12044,10.);
#3320=VECTOR('',#12047,10.);
#3321=VECTOR('',#12050,10.);
#3322=VECTOR('',#12053,10.);
#3323=VECTOR('',#12054,10.);
#3324=VECTOR('',#12057,10.);
#3325=VECTOR('',#12060,10.);
#3326=VECTOR('',#12063,10.);
#3327=VECTOR('',#12068,10.);
#3328=VECTOR('',#12071,10.);
#3329=VECTOR('',#12074,10.);
#3330=VECTOR('',#12077,10.);
#3331=VECTOR('',#12078,10.);
#3332=VECTOR('',#12081,10.);
#3333=VECTOR('',#12084,10.);
#3334=VECTOR('',#12087,10.);
#3335=VECTOR('',#12090,10.);
#3336=VECTOR('',#12093,10.);
#3337=VECTOR('',#12096,10.);
#3338=VECTOR('',#12099,10.);
#3339=VECTOR('',#12102,10.);
#3340=VECTOR('',#12105,10.);
#3341=VECTOR('',#12108,10.);
#3342=VECTOR('',#12111,10.);
#3343=VECTOR('',#12112,10.);
#3344=VECTOR('',#12115,10.);
#3345=VECTOR('',#12118,10.);
#3346=VECTOR('',#12121,10.);
#3347=VECTOR('',#12124,10.);
#3348=VECTOR('',#12127,10.);
#3349=VECTOR('',#12130,10.);
#3350=VECTOR('',#12133,10.);
#3351=VECTOR('',#12136,10.);
#3352=VECTOR('',#12139,10.);
#3353=VECTOR('',#12142,10.);
#3354=VECTOR('',#12145,10.);
#3355=VECTOR('',#12150,10.);
#3356=VECTOR('',#12151,10.);
#3357=VECTOR('',#12154,10.);
#3358=VECTOR('',#12157,10.);
#3359=VECTOR('',#12160,10.);
#3360=VECTOR('',#12163,10.);
#3361=VECTOR('',#12166,10.);
#3362=VECTOR('',#12169,10.);
#3363=VECTOR('',#12170,10.);
#3364=VECTOR('',#12175,10.);
#3365=VECTOR('',#12178,10.);
#3366=VECTOR('',#12179,10.);
#3367=VECTOR('',#12184,10.);
#3368=VECTOR('',#12187,10.);
#3369=VECTOR('',#12188,10.);
#3370=VECTOR('',#12191,10.);
#3371=VECTOR('',#12194,10.);
#3372=VECTOR('',#12197,10.);
#3373=VECTOR('',#12200,10.);
#3374=VECTOR('',#12205,10.);
#3375=VECTOR('',#12206,10.);
#3376=VECTOR('',#12211,10.);
#3377=VECTOR('',#12212,10.);
#3378=VECTOR('',#12213,10.);
#3379=VECTOR('',#12218,10.);
#3380=VECTOR('',#12221,10.);
#3381=VECTOR('',#12222,10.);
#3382=VECTOR('',#12227,10.);
#3383=VECTOR('',#12230,10.);
#3384=VECTOR('',#12233,10.);
#3385=VECTOR('',#12236,10.);
#3386=VECTOR('',#12241,10.);
#3387=VECTOR('',#12244,10.);
#3388=VECTOR('',#12247,10.);
#3389=VECTOR('',#12252,10.);
#3390=VECTOR('',#12253,10.);
#3391=VECTOR('',#12258,10.);
#3392=VECTOR('',#12261,10.);
#3393=VECTOR('',#12266,10.);
#3394=VECTOR('',#12269,10.);
#3395=VECTOR('',#12270,10.);
#3396=VECTOR('',#12275,10.);
#3397=VECTOR('',#12278,10.);
#3398=VECTOR('',#12283,10.);
#3399=VECTOR('',#12286,10.);
#3400=VECTOR('',#12291,10.);
#3401=VECTOR('',#12292,10.);
#3402=VECTOR('',#12293,10.);
#3403=VECTOR('',#12298,10.);
#3404=VECTOR('',#12301,10.);
#3405=VECTOR('',#12302,10.);
#3406=VECTOR('',#12307,10.);
#3407=VECTOR('',#12310,10.);
#3408=VECTOR('',#12315,10.);
#3409=VECTOR('',#12318,10.);
#3410=VECTOR('',#12321,10.);
#3411=VECTOR('',#12324,10.);
#3412=VECTOR('',#12327,10.);
#3413=VECTOR('',#12330,10.);
#3414=VECTOR('',#12333,10.);
#3415=VECTOR('',#12334,10.);
#3416=VECTOR('',#12335,10.);
#3417=VECTOR('',#12338,10.);
#3418=VECTOR('',#12341,10.);
#3419=VECTOR('',#12344,10.);
#3420=VECTOR('',#12347,10.);
#3421=VECTOR('',#12352,10.);
#3422=VECTOR('',#12355,10.);
#3423=VECTOR('',#12358,10.);
#3424=VECTOR('',#12361,10.);
#3425=VECTOR('',#12362,10.);
#3426=VECTOR('',#12363,10.);
#3427=VECTOR('',#12368,10.);
#3428=VECTOR('',#12371,10.);
#3429=VECTOR('',#12374,10.);
#3430=VECTOR('',#12377,10.);
#3431=VECTOR('',#12380,10.);
#3432=VECTOR('',#12383,10.);
#3433=VECTOR('',#12390,10.);
#3434=VECTOR('',#12393,10.);
#3435=VECTOR('',#12396,10.);
#3436=VECTOR('',#12397,10.);
#3437=VECTOR('',#12400,10.);
#3438=VECTOR('',#12403,10.);
#3439=VECTOR('',#12406,10.);
#3440=VECTOR('',#12409,10.);
#3441=VECTOR('',#12412,10.);
#3442=VECTOR('',#12415,10.);
#3443=VECTOR('',#12420,10.);
#3444=VECTOR('',#12421,10.);
#3445=VECTOR('',#12424,10.);
#3446=VECTOR('',#12427,10.);
#3447=VECTOR('',#12430,10.);
#3448=VECTOR('',#12433,10.);
#3449=VECTOR('',#12436,10.);
#3450=VECTOR('',#12439,10.);
#3451=VECTOR('',#12444,10.);
#3452=VECTOR('',#12445,10.);
#3453=VECTOR('',#12448,10.);
#3454=VECTOR('',#12451,10.);
#3455=VECTOR('',#12454,10.);
#3456=VECTOR('',#12457,10.);
#3457=VECTOR('',#12460,10.);
#3458=VECTOR('',#12463,10.);
#3459=VECTOR('',#12468,10.);
#3460=VECTOR('',#12473,10.);
#3461=VECTOR('',#12480,10.);
#3462=VECTOR('',#12485,10.);
#3463=VECTOR('',#12490,10.);
#3464=VECTOR('',#12491,10.);
#3465=VECTOR('',#12494,10.);
#3466=VECTOR('',#12501,0.519);
#3467=VECTOR('',#12504,1.038);
#3468=VECTOR('',#12509,0.519);
#3469=VECTOR('',#12512,1.038);
#3470=VECTOR('',#12517,0.519);
#3471=VECTOR('',#12520,1.038);
#3472=VECTOR('',#12525,0.519);
#3473=VECTOR('',#12528,1.038);
#3474=VECTOR('',#12533,0.519);
#3475=VECTOR('',#12536,1.038);
#3476=VECTOR('',#12541,0.519);
#3477=VECTOR('',#12544,1.038);
#3478=VECTOR('',#12549,0.519);
#3479=VECTOR('',#12552,1.038);
#3480=B_SPLINE_CURVE_WITH_KNOTS('',2,(#12564,#12565,#12566),
 .UNSPECIFIED.,.F.,.F.,(3,3),(0.,1.),.UNSPECIFIED.);
#3481=B_SPLINE_CURVE_WITH_KNOTS('',2,(#12570,#12571,#12572),
 .UNSPECIFIED.,.F.,.F.,(3,3),(0.,1.),.UNSPECIFIED.);
#3482=B_SPLINE_CURVE_WITH_KNOTS('',2,(#12599,#12600,#12601),
 .UNSPECIFIED.,.F.,.F.,(3,3),(0.,1.),.UNSPECIFIED.);
#3483=B_SPLINE_CURVE_WITH_KNOTS('',2,(#12604,#12605,#12606),
 .UNSPECIFIED.,.F.,.F.,(3,3),(0.,1.),.UNSPECIFIED.);
#3484=B_SPLINE_CURVE_WITH_KNOTS('',2,(#12614,#12615,#12616),
 .UNSPECIFIED.,.F.,.F.,(3,3),(0.,1.),.UNSPECIFIED.);
#3485=B_SPLINE_CURVE_WITH_KNOTS('',2,(#12619,#12620,#12621),
 .UNSPECIFIED.,.F.,.F.,(3,3),(0.,1.),.UNSPECIFIED.);
#3486=B_SPLINE_CURVE_WITH_KNOTS('',2,(#12688,#12689,#12690),
 .UNSPECIFIED.,.F.,.F.,(3,3),(0.,1.),.UNSPECIFIED.);
#3487=B_SPLINE_CURVE_WITH_KNOTS('',2,(#12691,#12692,#12693),
 .UNSPECIFIED.,.F.,.F.,(3,3),(0.,1.),.UNSPECIFIED.);
#3488=B_SPLINE_CURVE_WITH_KNOTS('',2,(#12703,#12704,#12705),
 .UNSPECIFIED.,.F.,.F.,(3,3),(0.,1.),.UNSPECIFIED.);
#3489=B_SPLINE_CURVE_WITH_KNOTS('',2,(#12709,#12710,#12711),
 .UNSPECIFIED.,.F.,.F.,(3,3),(0.,1.),.UNSPECIFIED.);
#3490=B_SPLINE_CURVE_WITH_KNOTS('',2,(#12720,#12721,#12722),
 .UNSPECIFIED.,.F.,.F.,(3,3),(0.,1.),.UNSPECIFIED.);
#3491=B_SPLINE_CURVE_WITH_KNOTS('',2,(#12725,#12726,#12727),
 .UNSPECIFIED.,.F.,.F.,(3,3),(0.,1.),.UNSPECIFIED.);
#3492=B_SPLINE_CURVE_WITH_KNOTS('',2,(#12735,#12736,#12737),
 .UNSPECIFIED.,.F.,.F.,(3,3),(0.,1.),.UNSPECIFIED.);
#3493=B_SPLINE_CURVE_WITH_KNOTS('',2,(#12740,#12741,#12742),
 .UNSPECIFIED.,.F.,.F.,(3,3),(0.,1.),.UNSPECIFIED.);
#3494=B_SPLINE_CURVE_WITH_KNOTS('',2,(#12750,#12751,#12752),
 .UNSPECIFIED.,.F.,.F.,(3,3),(0.,1.),.UNSPECIFIED.);
#3495=B_SPLINE_CURVE_WITH_KNOTS('',2,(#12755,#12756,#12757),
 .UNSPECIFIED.,.F.,.F.,(3,3),(0.,1.),.UNSPECIFIED.);
#3496=B_SPLINE_CURVE_WITH_KNOTS('',2,(#12765,#12766,#12767),
 .UNSPECIFIED.,.F.,.F.,(3,3),(0.,1.),.UNSPECIFIED.);
#3497=B_SPLINE_CURVE_WITH_KNOTS('',2,(#12770,#12771,#12772),
 .UNSPECIFIED.,.F.,.F.,(3,3),(0.,1.),.UNSPECIFIED.);
#3498=B_SPLINE_CURVE_WITH_KNOTS('',2,(#12786,#12787,#12788),
 .UNSPECIFIED.,.F.,.F.,(3,3),(0.,1.),.UNSPECIFIED.);
#3499=B_SPLINE_CURVE_WITH_KNOTS('',2,(#12791,#12792,#12793),
 .UNSPECIFIED.,.F.,.F.,(3,3),(0.,1.),.UNSPECIFIED.);
#3500=B_SPLINE_CURVE_WITH_KNOTS('',2,(#12801,#12802,#12803),
 .UNSPECIFIED.,.F.,.F.,(3,3),(0.,1.),.UNSPECIFIED.);
#3501=B_SPLINE_CURVE_WITH_KNOTS('',2,(#12806,#12807,#12808),
 .UNSPECIFIED.,.F.,.F.,(3,3),(0.,1.),.UNSPECIFIED.);
#3502=B_SPLINE_CURVE_WITH_KNOTS('',2,(#12816,#12817,#12818),
 .UNSPECIFIED.,.F.,.F.,(3,3),(0.,1.),.UNSPECIFIED.);
#3503=B_SPLINE_CURVE_WITH_KNOTS('',2,(#12821,#12822,#12823),
 .UNSPECIFIED.,.F.,.F.,(3,3),(0.,1.),.UNSPECIFIED.);
#3504=B_SPLINE_CURVE_WITH_KNOTS('',2,(#12831,#12832,#12833),
 .UNSPECIFIED.,.F.,.F.,(3,3),(0.,1.),.UNSPECIFIED.);
#3505=B_SPLINE_CURVE_WITH_KNOTS('',2,(#12836,#12837,#12838),
 .UNSPECIFIED.,.F.,.F.,(3,3),(0.,1.),.UNSPECIFIED.);
#3506=B_SPLINE_CURVE_WITH_KNOTS('',2,(#12846,#12847,#12848),
 .UNSPECIFIED.,.F.,.F.,(3,3),(0.,1.),.UNSPECIFIED.);
#3507=B_SPLINE_CURVE_WITH_KNOTS('',2,(#12851,#12852,#12853),
 .UNSPECIFIED.,.F.,.F.,(3,3),(0.,1.),.UNSPECIFIED.);
#3508=B_SPLINE_CURVE_WITH_KNOTS('',2,(#12861,#12862,#12863),
 .UNSPECIFIED.,.F.,.F.,(3,3),(0.,1.),.UNSPECIFIED.);
#3509=B_SPLINE_CURVE_WITH_KNOTS('',2,(#12866,#12867,#12868),
 .UNSPECIFIED.,.F.,.F.,(3,3),(0.,1.),.UNSPECIFIED.);
#3510=B_SPLINE_CURVE_WITH_KNOTS('',2,(#12876,#12877,#12878),
 .UNSPECIFIED.,.F.,.F.,(3,3),(0.,1.),.UNSPECIFIED.);
#3511=B_SPLINE_CURVE_WITH_KNOTS('',2,(#12881,#12882,#12883),
 .UNSPECIFIED.,.F.,.F.,(3,3),(0.,1.),.UNSPECIFIED.);
#3512=B_SPLINE_CURVE_WITH_KNOTS('',2,(#12891,#12892,#12893),
 .UNSPECIFIED.,.F.,.F.,(3,3),(0.,1.),.UNSPECIFIED.);
#3513=B_SPLINE_CURVE_WITH_KNOTS('',2,(#12896,#12897,#12898),
 .UNSPECIFIED.,.F.,.F.,(3,3),(0.,1.),.UNSPECIFIED.);
#3514=B_SPLINE_CURVE_WITH_KNOTS('',2,(#12906,#12907,#12908),
 .UNSPECIFIED.,.F.,.F.,(3,3),(0.,1.),.UNSPECIFIED.);
#3515=B_SPLINE_CURVE_WITH_KNOTS('',2,(#12911,#12912,#12913),
 .UNSPECIFIED.,.F.,.F.,(3,3),(0.,1.),.UNSPECIFIED.);
#3516=B_SPLINE_CURVE_WITH_KNOTS('',2,(#12921,#12922,#12923),
 .UNSPECIFIED.,.F.,.F.,(3,3),(0.,1.),.UNSPECIFIED.);
#3517=B_SPLINE_CURVE_WITH_KNOTS('',2,(#12926,#12927,#12928),
 .UNSPECIFIED.,.F.,.F.,(3,3),(0.,1.),.UNSPECIFIED.);
#3518=B_SPLINE_CURVE_WITH_KNOTS('',2,(#12936,#12937,#12938),
 .UNSPECIFIED.,.F.,.F.,(3,3),(0.,1.),.UNSPECIFIED.);
#3519=B_SPLINE_CURVE_WITH_KNOTS('',2,(#12941,#12942,#12943),
 .UNSPECIFIED.,.F.,.F.,(3,3),(0.,1.),.UNSPECIFIED.);
#3520=B_SPLINE_CURVE_WITH_KNOTS('',2,(#12951,#12952,#12953),
 .UNSPECIFIED.,.F.,.F.,(3,3),(0.,1.),.UNSPECIFIED.);
#3521=B_SPLINE_CURVE_WITH_KNOTS('',2,(#12956,#12957,#12958),
 .UNSPECIFIED.,.F.,.F.,(3,3),(0.,1.),.UNSPECIFIED.);
#3522=B_SPLINE_CURVE_WITH_KNOTS('',2,(#12972,#12973,#12974),
 .UNSPECIFIED.,.F.,.F.,(3,3),(0.,1.),.UNSPECIFIED.);
#3523=B_SPLINE_CURVE_WITH_KNOTS('',2,(#12977,#12978,#12979),
 .UNSPECIFIED.,.F.,.F.,(3,3),(0.,1.),.UNSPECIFIED.);
#3524=B_SPLINE_CURVE_WITH_KNOTS('',2,(#12987,#12988,#12989),
 .UNSPECIFIED.,.F.,.F.,(3,3),(0.,1.),.UNSPECIFIED.);
#3525=B_SPLINE_CURVE_WITH_KNOTS('',2,(#12992,#12993,#12994),
 .UNSPECIFIED.,.F.,.F.,(3,3),(0.,1.),.UNSPECIFIED.);
#3526=B_SPLINE_CURVE_WITH_KNOTS('',2,(#13002,#13003,#13004),
 .UNSPECIFIED.,.F.,.F.,(3,3),(0.,1.),.UNSPECIFIED.);
#3527=B_SPLINE_CURVE_WITH_KNOTS('',2,(#13007,#13008,#13009),
 .UNSPECIFIED.,.F.,.F.,(3,3),(0.,1.),.UNSPECIFIED.);
#3528=B_SPLINE_CURVE_WITH_KNOTS('',2,(#13017,#13018,#13019),
 .UNSPECIFIED.,.F.,.F.,(3,3),(0.,1.),.UNSPECIFIED.);
#3529=B_SPLINE_CURVE_WITH_KNOTS('',2,(#13022,#13023,#13024),
 .UNSPECIFIED.,.F.,.F.,(3,3),(0.,1.),.UNSPECIFIED.);
#3530=B_SPLINE_CURVE_WITH_KNOTS('',2,(#13032,#13033,#13034),
 .UNSPECIFIED.,.F.,.F.,(3,3),(0.,1.),.UNSPECIFIED.);
#3531=B_SPLINE_CURVE_WITH_KNOTS('',2,(#13037,#13038,#13039),
 .UNSPECIFIED.,.F.,.F.,(3,3),(0.,1.),.UNSPECIFIED.);
#3532=B_SPLINE_CURVE_WITH_KNOTS('',2,(#13047,#13048,#13049),
 .UNSPECIFIED.,.F.,.F.,(3,3),(0.,1.),.UNSPECIFIED.);
#3533=B_SPLINE_CURVE_WITH_KNOTS('',2,(#13052,#13053,#13054),
 .UNSPECIFIED.,.F.,.F.,(3,3),(0.,1.),.UNSPECIFIED.);
#3534=B_SPLINE_CURVE_WITH_KNOTS('',2,(#13061,#13062,#13063),
 .UNSPECIFIED.,.F.,.F.,(3,3),(0.,1.),.UNSPECIFIED.);
#3535=B_SPLINE_CURVE_WITH_KNOTS('',2,(#13064,#13065,#13066),
 .UNSPECIFIED.,.F.,.F.,(3,3),(0.,1.),.UNSPECIFIED.);
#3536=B_SPLINE_CURVE_WITH_KNOTS('',2,(#13075,#13076,#13077),
 .UNSPECIFIED.,.F.,.F.,(3,3),(0.,1.),.UNSPECIFIED.);
#3537=B_SPLINE_CURVE_WITH_KNOTS('',2,(#13081,#13082,#13083),
 .UNSPECIFIED.,.F.,.F.,(3,3),(0.,1.),.UNSPECIFIED.);
#3538=B_SPLINE_CURVE_WITH_KNOTS('',2,(#13092,#13093,#13094),
 .UNSPECIFIED.,.F.,.F.,(3,3),(0.,1.),.UNSPECIFIED.);
#3539=B_SPLINE_CURVE_WITH_KNOTS('',2,(#13097,#13098,#13099),
 .UNSPECIFIED.,.F.,.F.,(3,3),(0.,1.),.UNSPECIFIED.);
#3540=B_SPLINE_CURVE_WITH_KNOTS('',2,(#13107,#13108,#13109),
 .UNSPECIFIED.,.F.,.F.,(3,3),(0.,1.),.UNSPECIFIED.);
#3541=B_SPLINE_CURVE_WITH_KNOTS('',2,(#13112,#13113,#13114),
 .UNSPECIFIED.,.F.,.F.,(3,3),(0.,1.),.UNSPECIFIED.);
#3542=B_SPLINE_CURVE_WITH_KNOTS('',2,(#13122,#13123,#13124),
 .UNSPECIFIED.,.F.,.F.,(3,3),(0.,1.),.UNSPECIFIED.);
#3543=B_SPLINE_CURVE_WITH_KNOTS('',2,(#13127,#13128,#13129),
 .UNSPECIFIED.,.F.,.F.,(3,3),(0.,1.),.UNSPECIFIED.);
#3544=B_SPLINE_CURVE_WITH_KNOTS('',2,(#13143,#13144,#13145),
 .UNSPECIFIED.,.F.,.F.,(3,3),(0.,1.),.UNSPECIFIED.);
#3545=B_SPLINE_CURVE_WITH_KNOTS('',2,(#13148,#13149,#13150),
 .UNSPECIFIED.,.F.,.F.,(3,3),(0.,1.),.UNSPECIFIED.);
#3546=B_SPLINE_CURVE_WITH_KNOTS('',2,(#13158,#13159,#13160),
 .UNSPECIFIED.,.F.,.F.,(3,3),(0.,1.),.UNSPECIFIED.);
#3547=B_SPLINE_CURVE_WITH_KNOTS('',2,(#13163,#13164,#13165),
 .UNSPECIFIED.,.F.,.F.,(3,3),(0.,1.),.UNSPECIFIED.);
#3548=B_SPLINE_CURVE_WITH_KNOTS('',2,(#13173,#13174,#13175),
 .UNSPECIFIED.,.F.,.F.,(3,3),(0.,1.),.UNSPECIFIED.);
#3549=B_SPLINE_CURVE_WITH_KNOTS('',2,(#13178,#13179,#13180),
 .UNSPECIFIED.,.F.,.F.,(3,3),(0.,1.),.UNSPECIFIED.);
#3550=B_SPLINE_CURVE_WITH_KNOTS('',2,(#13188,#13189,#13190),
 .UNSPECIFIED.,.F.,.F.,(3,3),(0.,1.),.UNSPECIFIED.);
#3551=B_SPLINE_CURVE_WITH_KNOTS('',2,(#13193,#13194,#13195),
 .UNSPECIFIED.,.F.,.F.,(3,3),(0.,1.),.UNSPECIFIED.);
#3552=B_SPLINE_CURVE_WITH_KNOTS('',2,(#13203,#13204,#13205),
 .UNSPECIFIED.,.F.,.F.,(3,3),(0.,1.),.UNSPECIFIED.);
#3553=B_SPLINE_CURVE_WITH_KNOTS('',2,(#13208,#13209,#13210),
 .UNSPECIFIED.,.F.,.F.,(3,3),(0.,1.),.UNSPECIFIED.);
#3554=B_SPLINE_CURVE_WITH_KNOTS('',2,(#13218,#13219,#13220),
 .UNSPECIFIED.,.F.,.F.,(3,3),(0.,1.),.UNSPECIFIED.);
#3555=B_SPLINE_CURVE_WITH_KNOTS('',2,(#13223,#13224,#13225),
 .UNSPECIFIED.,.F.,.F.,(3,3),(0.,1.),.UNSPECIFIED.);
#3556=B_SPLINE_CURVE_WITH_KNOTS('',2,(#13233,#13234,#13235),
 .UNSPECIFIED.,.F.,.F.,(3,3),(0.,1.),.UNSPECIFIED.);
#3557=B_SPLINE_CURVE_WITH_KNOTS('',2,(#13238,#13239,#13240),
 .UNSPECIFIED.,.F.,.F.,(3,3),(0.,1.),.UNSPECIFIED.);
#3558=B_SPLINE_CURVE_WITH_KNOTS('',2,(#13248,#13249,#13250),
 .UNSPECIFIED.,.F.,.F.,(3,3),(0.,1.),.UNSPECIFIED.);
#3559=B_SPLINE_CURVE_WITH_KNOTS('',2,(#13253,#13254,#13255),
 .UNSPECIFIED.,.F.,.F.,(3,3),(0.,1.),.UNSPECIFIED.);
#3560=B_SPLINE_CURVE_WITH_KNOTS('',2,(#13263,#13264,#13265),
 .UNSPECIFIED.,.F.,.F.,(3,3),(0.,1.),.UNSPECIFIED.);
#3561=B_SPLINE_CURVE_WITH_KNOTS('',2,(#13268,#13269,#13270),
 .UNSPECIFIED.,.F.,.F.,(3,3),(0.,1.),.UNSPECIFIED.);
#3562=B_SPLINE_CURVE_WITH_KNOTS('',2,(#13278,#13279,#13280),
 .UNSPECIFIED.,.F.,.F.,(3,3),(0.,1.),.UNSPECIFIED.);
#3563=B_SPLINE_CURVE_WITH_KNOTS('',2,(#13283,#13284,#13285),
 .UNSPECIFIED.,.F.,.F.,(3,3),(0.,1.),.UNSPECIFIED.);
#3564=B_SPLINE_CURVE_WITH_KNOTS('',2,(#13293,#13294,#13295),
 .UNSPECIFIED.,.F.,.F.,(3,3),(0.,1.),.UNSPECIFIED.);
#3565=B_SPLINE_CURVE_WITH_KNOTS('',2,(#13298,#13299,#13300),
 .UNSPECIFIED.,.F.,.F.,(3,3),(0.,1.),.UNSPECIFIED.);
#3566=B_SPLINE_CURVE_WITH_KNOTS('',2,(#13308,#13309,#13310),
 .UNSPECIFIED.,.F.,.F.,(3,3),(0.,1.),.UNSPECIFIED.);
#3567=B_SPLINE_CURVE_WITH_KNOTS('',2,(#13313,#13314,#13315),
 .UNSPECIFIED.,.F.,.F.,(3,3),(0.,1.),.UNSPECIFIED.);
#3568=B_SPLINE_CURVE_WITH_KNOTS('',2,(#13329,#13330,#13331),
 .UNSPECIFIED.,.F.,.F.,(3,3),(0.,1.),.UNSPECIFIED.);
#3569=B_SPLINE_CURVE_WITH_KNOTS('',2,(#13334,#13335,#13336),
 .UNSPECIFIED.,.F.,.F.,(3,3),(0.,1.),.UNSPECIFIED.);
#3570=B_SPLINE_CURVE_WITH_KNOTS('',2,(#13344,#13345,#13346),
 .UNSPECIFIED.,.F.,.F.,(3,3),(0.,1.),.UNSPECIFIED.);
#3571=B_SPLINE_CURVE_WITH_KNOTS('',2,(#13349,#13350,#13351),
 .UNSPECIFIED.,.F.,.F.,(3,3),(0.,1.),.UNSPECIFIED.);
#3572=B_SPLINE_CURVE_WITH_KNOTS('',2,(#13359,#13360,#13361),
 .UNSPECIFIED.,.F.,.F.,(3,3),(0.,1.),.UNSPECIFIED.);
#3573=B_SPLINE_CURVE_WITH_KNOTS('',2,(#13364,#13365,#13366),
 .UNSPECIFIED.,.F.,.F.,(3,3),(0.,1.),.UNSPECIFIED.);
#3574=B_SPLINE_CURVE_WITH_KNOTS('',2,(#13374,#13375,#13376),
 .UNSPECIFIED.,.F.,.F.,(3,3),(0.,1.),.UNSPECIFIED.);
#3575=B_SPLINE_CURVE_WITH_KNOTS('',2,(#13379,#13380,#13381),
 .UNSPECIFIED.,.F.,.F.,(3,3),(0.,1.),.UNSPECIFIED.);
#3576=B_SPLINE_CURVE_WITH_KNOTS('',2,(#13389,#13390,#13391),
 .UNSPECIFIED.,.F.,.F.,(3,3),(0.,1.),.UNSPECIFIED.);
#3577=B_SPLINE_CURVE_WITH_KNOTS('',2,(#13394,#13395,#13396),
 .UNSPECIFIED.,.F.,.F.,(3,3),(0.,1.),.UNSPECIFIED.);
#3578=B_SPLINE_CURVE_WITH_KNOTS('',2,(#13404,#13405,#13406),
 .UNSPECIFIED.,.F.,.F.,(3,3),(0.,1.),.UNSPECIFIED.);
#3579=B_SPLINE_CURVE_WITH_KNOTS('',2,(#13409,#13410,#13411),
 .UNSPECIFIED.,.F.,.F.,(3,3),(0.,1.),.UNSPECIFIED.);
#3580=B_SPLINE_CURVE_WITH_KNOTS('',2,(#13419,#13420,#13421),
 .UNSPECIFIED.,.F.,.F.,(3,3),(0.,1.),.UNSPECIFIED.);
#3581=B_SPLINE_CURVE_WITH_KNOTS('',2,(#13424,#13425,#13426),
 .UNSPECIFIED.,.F.,.F.,(3,3),(0.,1.),.UNSPECIFIED.);
#3582=B_SPLINE_CURVE_WITH_KNOTS('',2,(#13433,#13434,#13435),
 .UNSPECIFIED.,.F.,.F.,(3,3),(0.,1.),.UNSPECIFIED.);
#3583=B_SPLINE_CURVE_WITH_KNOTS('',2,(#13436,#13437,#13438),
 .UNSPECIFIED.,.F.,.F.,(3,3),(0.,1.),.UNSPECIFIED.);
#3584=B_SPLINE_CURVE_WITH_KNOTS('',2,(#13521,#13522,#13523),
 .UNSPECIFIED.,.F.,.F.,(3,3),(0.,1.),.UNSPECIFIED.);
#3585=B_SPLINE_CURVE_WITH_KNOTS('',2,(#13527,#13528,#13529),
 .UNSPECIFIED.,.F.,.F.,(3,3),(0.,1.),.UNSPECIFIED.);
#3586=B_SPLINE_CURVE_WITH_KNOTS('',2,(#13538,#13539,#13540),
 .UNSPECIFIED.,.F.,.F.,(3,3),(0.,1.),.UNSPECIFIED.);
#3587=B_SPLINE_CURVE_WITH_KNOTS('',2,(#13543,#13544,#13545),
 .UNSPECIFIED.,.F.,.F.,(3,3),(0.,1.),.UNSPECIFIED.);
#3588=B_SPLINE_CURVE_WITH_KNOTS('',2,(#13553,#13554,#13555),
 .UNSPECIFIED.,.F.,.F.,(3,3),(0.,1.),.UNSPECIFIED.);
#3589=B_SPLINE_CURVE_WITH_KNOTS('',2,(#13558,#13559,#13560),
 .UNSPECIFIED.,.F.,.F.,(3,3),(0.,1.),.UNSPECIFIED.);
#3590=B_SPLINE_CURVE_WITH_KNOTS('',2,(#13568,#13569,#13570),
 .UNSPECIFIED.,.F.,.F.,(3,3),(0.,1.),.UNSPECIFIED.);
#3591=B_SPLINE_CURVE_WITH_KNOTS('',2,(#13573,#13574,#13575),
 .UNSPECIFIED.,.F.,.F.,(3,3),(0.,1.),.UNSPECIFIED.);
#3592=B_SPLINE_CURVE_WITH_KNOTS('',2,(#13601,#13602,#13603),
 .UNSPECIFIED.,.F.,.F.,(3,3),(0.,1.),.UNSPECIFIED.);
#3593=B_SPLINE_CURVE_WITH_KNOTS('',2,(#13606,#13607,#13608),
 .UNSPECIFIED.,.F.,.F.,(3,3),(0.,1.),.UNSPECIFIED.);
#3594=B_SPLINE_CURVE_WITH_KNOTS('',2,(#13616,#13617,#13618),
 .UNSPECIFIED.,.F.,.F.,(3,3),(0.,1.),.UNSPECIFIED.);
#3595=B_SPLINE_CURVE_WITH_KNOTS('',2,(#13621,#13622,#13623),
 .UNSPECIFIED.,.F.,.F.,(3,3),(0.,1.),.UNSPECIFIED.);
#3596=B_SPLINE_CURVE_WITH_KNOTS('',2,(#13631,#13632,#13633),
 .UNSPECIFIED.,.F.,.F.,(3,3),(0.,1.),.UNSPECIFIED.);
#3597=B_SPLINE_CURVE_WITH_KNOTS('',2,(#13636,#13637,#13638),
 .UNSPECIFIED.,.F.,.F.,(3,3),(0.,1.),.UNSPECIFIED.);
#3598=B_SPLINE_CURVE_WITH_KNOTS('',2,(#13646,#13647,#13648),
 .UNSPECIFIED.,.F.,.F.,(3,3),(0.,1.),.UNSPECIFIED.);
#3599=B_SPLINE_CURVE_WITH_KNOTS('',2,(#13651,#13652,#13653),
 .UNSPECIFIED.,.F.,.F.,(3,3),(0.,1.),.UNSPECIFIED.);
#3600=B_SPLINE_CURVE_WITH_KNOTS('',2,(#13661,#13662,#13663),
 .UNSPECIFIED.,.F.,.F.,(3,3),(0.,1.),.UNSPECIFIED.);
#3601=B_SPLINE_CURVE_WITH_KNOTS('',2,(#13666,#13667,#13668),
 .UNSPECIFIED.,.F.,.F.,(3,3),(0.,1.),.UNSPECIFIED.);
#3602=B_SPLINE_CURVE_WITH_KNOTS('',2,(#13676,#13677,#13678),
 .UNSPECIFIED.,.F.,.F.,(3,3),(0.,1.),.UNSPECIFIED.);
#3603=B_SPLINE_CURVE_WITH_KNOTS('',2,(#13681,#13682,#13683),
 .UNSPECIFIED.,.F.,.F.,(3,3),(0.,1.),.UNSPECIFIED.);
#3604=B_SPLINE_CURVE_WITH_KNOTS('',2,(#13691,#13692,#13693),
 .UNSPECIFIED.,.F.,.F.,(3,3),(0.,1.),.UNSPECIFIED.);
#3605=B_SPLINE_CURVE_WITH_KNOTS('',2,(#13696,#13697,#13698),
 .UNSPECIFIED.,.F.,.F.,(3,3),(0.,1.),.UNSPECIFIED.);
#3606=B_SPLINE_CURVE_WITH_KNOTS('',2,(#13706,#13707,#13708),
 .UNSPECIFIED.,.F.,.F.,(3,3),(0.,1.),.UNSPECIFIED.);
#3607=B_SPLINE_CURVE_WITH_KNOTS('',2,(#13711,#13712,#13713),
 .UNSPECIFIED.,.F.,.F.,(3,3),(0.,1.),.UNSPECIFIED.);
#3608=B_SPLINE_CURVE_WITH_KNOTS('',2,(#13721,#13722,#13723),
 .UNSPECIFIED.,.F.,.F.,(3,3),(0.,1.),.UNSPECIFIED.);
#3609=B_SPLINE_CURVE_WITH_KNOTS('',2,(#13726,#13727,#13728),
 .UNSPECIFIED.,.F.,.F.,(3,3),(0.,1.),.UNSPECIFIED.);
#3610=B_SPLINE_CURVE_WITH_KNOTS('',2,(#13736,#13737,#13738),
 .UNSPECIFIED.,.F.,.F.,(3,3),(0.,1.),.UNSPECIFIED.);
#3611=B_SPLINE_CURVE_WITH_KNOTS('',2,(#13741,#13742,#13743),
 .UNSPECIFIED.,.F.,.F.,(3,3),(0.,1.),.UNSPECIFIED.);
#3612=B_SPLINE_CURVE_WITH_KNOTS('',2,(#13751,#13752,#13753),
 .UNSPECIFIED.,.F.,.F.,(3,3),(0.,1.),.UNSPECIFIED.);
#3613=B_SPLINE_CURVE_WITH_KNOTS('',2,(#13756,#13757,#13758),
 .UNSPECIFIED.,.F.,.F.,(3,3),(0.,1.),.UNSPECIFIED.);
#3614=B_SPLINE_CURVE_WITH_KNOTS('',2,(#13766,#13767,#13768),
 .UNSPECIFIED.,.F.,.F.,(3,3),(0.,1.),.UNSPECIFIED.);
#3615=B_SPLINE_CURVE_WITH_KNOTS('',2,(#13771,#13772,#13773),
 .UNSPECIFIED.,.F.,.F.,(3,3),(0.,1.),.UNSPECIFIED.);
#3616=B_SPLINE_CURVE_WITH_KNOTS('',2,(#13799,#13800,#13801),
 .UNSPECIFIED.,.F.,.F.,(3,3),(0.,1.),.UNSPECIFIED.);
#3617=B_SPLINE_CURVE_WITH_KNOTS('',2,(#13804,#13805,#13806),
 .UNSPECIFIED.,.F.,.F.,(3,3),(0.,1.),.UNSPECIFIED.);
#3618=B_SPLINE_CURVE_WITH_KNOTS('',2,(#13814,#13815,#13816),
 .UNSPECIFIED.,.F.,.F.,(3,3),(0.,1.),.UNSPECIFIED.);
#3619=B_SPLINE_CURVE_WITH_KNOTS('',2,(#13819,#13820,#13821),
 .UNSPECIFIED.,.F.,.F.,(3,3),(0.,1.),.UNSPECIFIED.);
#3620=B_SPLINE_CURVE_WITH_KNOTS('',2,(#13829,#13830,#13831),
 .UNSPECIFIED.,.F.,.F.,(3,3),(0.,1.),.UNSPECIFIED.);
#3621=B_SPLINE_CURVE_WITH_KNOTS('',2,(#13834,#13835,#13836),
 .UNSPECIFIED.,.F.,.F.,(3,3),(0.,1.),.UNSPECIFIED.);
#3622=B_SPLINE_CURVE_WITH_KNOTS('',2,(#13844,#13845,#13846),
 .UNSPECIFIED.,.F.,.F.,(3,3),(0.,1.),.UNSPECIFIED.);
#3623=B_SPLINE_CURVE_WITH_KNOTS('',2,(#13849,#13850,#13851),
 .UNSPECIFIED.,.F.,.F.,(3,3),(0.,1.),.UNSPECIFIED.);
#3624=B_SPLINE_CURVE_WITH_KNOTS('',2,(#13859,#13860,#13861),
 .UNSPECIFIED.,.F.,.F.,(3,3),(0.,1.),.UNSPECIFIED.);
#3625=B_SPLINE_CURVE_WITH_KNOTS('',2,(#13864,#13865,#13866),
 .UNSPECIFIED.,.F.,.F.,(3,3),(0.,1.),.UNSPECIFIED.);
#3626=B_SPLINE_CURVE_WITH_KNOTS('',2,(#13874,#13875,#13876),
 .UNSPECIFIED.,.F.,.F.,(3,3),(0.,1.),.UNSPECIFIED.);
#3627=B_SPLINE_CURVE_WITH_KNOTS('',2,(#13879,#13880,#13881),
 .UNSPECIFIED.,.F.,.F.,(3,3),(0.,1.),.UNSPECIFIED.);
#3628=B_SPLINE_CURVE_WITH_KNOTS('',2,(#13889,#13890,#13891),
 .UNSPECIFIED.,.F.,.F.,(3,3),(0.,0.999989742011657),.UNSPECIFIED.);
#3629=B_SPLINE_CURVE_WITH_KNOTS('',2,(#13894,#13895,#13896),
 .UNSPECIFIED.,.F.,.F.,(3,3),(0.,0.999989742011657),.UNSPECIFIED.);
#3630=B_SPLINE_CURVE_WITH_KNOTS('',2,(#13903,#13904,#13905),
 .UNSPECIFIED.,.F.,.F.,(3,3),(0.,1.),.UNSPECIFIED.);
#3631=B_SPLINE_CURVE_WITH_KNOTS('',2,(#13906,#13907,#13908),
 .UNSPECIFIED.,.F.,.F.,(3,3),(0.,1.),.UNSPECIFIED.);
#3632=B_SPLINE_CURVE_WITH_KNOTS('',2,(#13918,#13919,#13920),
 .UNSPECIFIED.,.F.,.F.,(3,3),(0.,1.),.UNSPECIFIED.);
#3633=B_SPLINE_CURVE_WITH_KNOTS('',2,(#13924,#13925,#13926),
 .UNSPECIFIED.,.F.,.F.,(3,3),(0.,1.),.UNSPECIFIED.);
#3634=B_SPLINE_CURVE_WITH_KNOTS('',2,(#13935,#13936,#13937),
 .UNSPECIFIED.,.F.,.F.,(3,3),(0.,1.),.UNSPECIFIED.);
#3635=B_SPLINE_CURVE_WITH_KNOTS('',2,(#13940,#13941,#13942),
 .UNSPECIFIED.,.F.,.F.,(3,3),(0.,1.),.UNSPECIFIED.);
#3636=B_SPLINE_CURVE_WITH_KNOTS('',2,(#13950,#13951,#13952),
 .UNSPECIFIED.,.F.,.F.,(3,3),(0.,1.),.UNSPECIFIED.);
#3637=B_SPLINE_CURVE_WITH_KNOTS('',2,(#13955,#13956,#13957),
 .UNSPECIFIED.,.F.,.F.,(3,3),(0.,1.),.UNSPECIFIED.);
#3638=B_SPLINE_CURVE_WITH_KNOTS('',2,(#13965,#13966,#13967),
 .UNSPECIFIED.,.F.,.F.,(3,3),(0.,1.),.UNSPECIFIED.);
#3639=B_SPLINE_CURVE_WITH_KNOTS('',2,(#13970,#13971,#13972),
 .UNSPECIFIED.,.F.,.F.,(3,3),(0.,1.),.UNSPECIFIED.);
#3640=B_SPLINE_CURVE_WITH_KNOTS('',2,(#13980,#13981,#13982),
 .UNSPECIFIED.,.F.,.F.,(3,3),(0.,1.),.UNSPECIFIED.);
#3641=B_SPLINE_CURVE_WITH_KNOTS('',2,(#13985,#13986,#13987),
 .UNSPECIFIED.,.F.,.F.,(3,3),(0.,1.),.UNSPECIFIED.);
#3642=B_SPLINE_CURVE_WITH_KNOTS('',2,(#13995,#13996,#13997),
 .UNSPECIFIED.,.F.,.F.,(3,3),(0.,1.),.UNSPECIFIED.);
#3643=B_SPLINE_CURVE_WITH_KNOTS('',2,(#14000,#14001,#14002),
 .UNSPECIFIED.,.F.,.F.,(3,3),(0.,1.),.UNSPECIFIED.);
#3644=B_SPLINE_CURVE_WITH_KNOTS('',2,(#14010,#14011,#14012),
 .UNSPECIFIED.,.F.,.F.,(3,3),(0.,1.),.UNSPECIFIED.);
#3645=B_SPLINE_CURVE_WITH_KNOTS('',2,(#14015,#14016,#14017),
 .UNSPECIFIED.,.F.,.F.,(3,3),(0.,1.),.UNSPECIFIED.);
#3646=B_SPLINE_CURVE_WITH_KNOTS('',2,(#14025,#14026,#14027),
 .UNSPECIFIED.,.F.,.F.,(3,3),(0.,1.),.UNSPECIFIED.);
#3647=B_SPLINE_CURVE_WITH_KNOTS('',2,(#14030,#14031,#14032),
 .UNSPECIFIED.,.F.,.F.,(3,3),(0.,1.),.UNSPECIFIED.);
#3648=B_SPLINE_CURVE_WITH_KNOTS('',2,(#14040,#14041,#14042),
 .UNSPECIFIED.,.F.,.F.,(3,3),(0.,1.),.UNSPECIFIED.);
#3649=B_SPLINE_CURVE_WITH_KNOTS('',2,(#14045,#14046,#14047),
 .UNSPECIFIED.,.F.,.F.,(3,3),(0.,1.),.UNSPECIFIED.);
#3650=B_SPLINE_CURVE_WITH_KNOTS('',2,(#14055,#14056,#14057),
 .UNSPECIFIED.,.F.,.F.,(3,3),(0.,1.),.UNSPECIFIED.);
#3651=B_SPLINE_CURVE_WITH_KNOTS('',2,(#14060,#14061,#14062),
 .UNSPECIFIED.,.F.,.F.,(3,3),(0.,1.),.UNSPECIFIED.);
#3652=B_SPLINE_CURVE_WITH_KNOTS('',2,(#14070,#14071,#14072),
 .UNSPECIFIED.,.F.,.F.,(3,3),(0.,1.),.UNSPECIFIED.);
#3653=B_SPLINE_CURVE_WITH_KNOTS('',2,(#14075,#14076,#14077),
 .UNSPECIFIED.,.F.,.F.,(3,3),(0.,1.),.UNSPECIFIED.);
#3654=B_SPLINE_CURVE_WITH_KNOTS('',2,(#14085,#14086,#14087),
 .UNSPECIFIED.,.F.,.F.,(3,3),(0.,1.),.UNSPECIFIED.);
#3655=B_SPLINE_CURVE_WITH_KNOTS('',2,(#14090,#14091,#14092),
 .UNSPECIFIED.,.F.,.F.,(3,3),(0.,1.),.UNSPECIFIED.);
#3656=B_SPLINE_CURVE_WITH_KNOTS('',2,(#14116,#14117,#14118),
 .UNSPECIFIED.,.F.,.F.,(3,3),(0.,1.),.UNSPECIFIED.);
#3657=B_SPLINE_CURVE_WITH_KNOTS('',2,(#14122,#14123,#14124),
 .UNSPECIFIED.,.F.,.F.,(3,3),(0.,1.),.UNSPECIFIED.);
#3658=B_SPLINE_CURVE_WITH_KNOTS('',2,(#14133,#14134,#14135),
 .UNSPECIFIED.,.F.,.F.,(3,3),(0.,1.),.UNSPECIFIED.);
#3659=B_SPLINE_CURVE_WITH_KNOTS('',2,(#14138,#14139,#14140),
 .UNSPECIFIED.,.F.,.F.,(3,3),(0.,1.),.UNSPECIFIED.);
#3660=B_SPLINE_CURVE_WITH_KNOTS('',2,(#14148,#14149,#14150),
 .UNSPECIFIED.,.F.,.F.,(3,3),(0.,1.),.UNSPECIFIED.);
#3661=B_SPLINE_CURVE_WITH_KNOTS('',2,(#14153,#14154,#14155),
 .UNSPECIFIED.,.F.,.F.,(3,3),(0.,1.),.UNSPECIFIED.);
#3662=B_SPLINE_CURVE_WITH_KNOTS('',2,(#14163,#14164,#14165),
 .UNSPECIFIED.,.F.,.F.,(3,3),(0.,1.),.UNSPECIFIED.);
#3663=B_SPLINE_CURVE_WITH_KNOTS('',2,(#14168,#14169,#14170),
 .UNSPECIFIED.,.F.,.F.,(3,3),(0.,1.),.UNSPECIFIED.);
#3664=B_SPLINE_CURVE_WITH_KNOTS('',2,(#14178,#14179,#14180),
 .UNSPECIFIED.,.F.,.F.,(3,3),(0.,1.),.UNSPECIFIED.);
#3665=B_SPLINE_CURVE_WITH_KNOTS('',2,(#14183,#14184,#14185),
 .UNSPECIFIED.,.F.,.F.,(3,3),(0.,1.),.UNSPECIFIED.);
#3666=B_SPLINE_CURVE_WITH_KNOTS('',2,(#14193,#14194,#14195),
 .UNSPECIFIED.,.F.,.F.,(3,3),(0.,1.),.UNSPECIFIED.);
#3667=B_SPLINE_CURVE_WITH_KNOTS('',2,(#14198,#14199,#14200),
 .UNSPECIFIED.,.F.,.F.,(3,3),(0.,1.),.UNSPECIFIED.);
#3668=B_SPLINE_CURVE_WITH_KNOTS('',2,(#14208,#14209,#14210),
 .UNSPECIFIED.,.F.,.F.,(3,3),(0.,1.),.UNSPECIFIED.);
#3669=B_SPLINE_CURVE_WITH_KNOTS('',2,(#14213,#14214,#14215),
 .UNSPECIFIED.,.F.,.F.,(3,3),(0.,1.),.UNSPECIFIED.);
#3670=B_SPLINE_CURVE_WITH_KNOTS('',2,(#14223,#14224,#14225),
 .UNSPECIFIED.,.F.,.F.,(3,3),(0.,1.),.UNSPECIFIED.);
#3671=B_SPLINE_CURVE_WITH_KNOTS('',2,(#14228,#14229,#14230),
 .UNSPECIFIED.,.F.,.F.,(3,3),(0.,1.),.UNSPECIFIED.);
#3672=B_SPLINE_CURVE_WITH_KNOTS('',2,(#14238,#14239,#14240),
 .UNSPECIFIED.,.F.,.F.,(3,3),(0.,1.),.UNSPECIFIED.);
#3673=B_SPLINE_CURVE_WITH_KNOTS('',2,(#14243,#14244,#14245),
 .UNSPECIFIED.,.F.,.F.,(3,3),(0.,1.),.UNSPECIFIED.);
#3674=B_SPLINE_CURVE_WITH_KNOTS('',2,(#14253,#14254,#14255),
 .UNSPECIFIED.,.F.,.F.,(3,3),(0.,1.),.UNSPECIFIED.);
#3675=B_SPLINE_CURVE_WITH_KNOTS('',2,(#14258,#14259,#14260),
 .UNSPECIFIED.,.F.,.F.,(3,3),(0.,1.),.UNSPECIFIED.);
#3676=B_SPLINE_CURVE_WITH_KNOTS('',2,(#14268,#14269,#14270),
 .UNSPECIFIED.,.F.,.F.,(3,3),(0.,1.),.UNSPECIFIED.);
#3677=B_SPLINE_CURVE_WITH_KNOTS('',2,(#14273,#14274,#14275),
 .UNSPECIFIED.,.F.,.F.,(3,3),(0.,1.),.UNSPECIFIED.);
#3678=B_SPLINE_CURVE_WITH_KNOTS('',2,(#14283,#14284,#14285),
 .UNSPECIFIED.,.F.,.F.,(3,3),(0.,1.),.UNSPECIFIED.);
#3679=B_SPLINE_CURVE_WITH_KNOTS('',2,(#14288,#14289,#14290),
 .UNSPECIFIED.,.F.,.F.,(3,3),(0.,1.),.UNSPECIFIED.);
#3680=B_SPLINE_CURVE_WITH_KNOTS('',2,(#14376,#14377,#14378),
 .UNSPECIFIED.,.F.,.F.,(3,3),(0.,1.),.UNSPECIFIED.);
#3681=B_SPLINE_CURVE_WITH_KNOTS('',2,(#14382,#14383,#14384),
 .UNSPECIFIED.,.F.,.F.,(3,3),(0.,1.),.UNSPECIFIED.);
#3682=B_SPLINE_CURVE_WITH_KNOTS('',2,(#14393,#14394,#14395),
 .UNSPECIFIED.,.F.,.F.,(3,3),(0.,1.),.UNSPECIFIED.);
#3683=B_SPLINE_CURVE_WITH_KNOTS('',2,(#14398,#14399,#14400),
 .UNSPECIFIED.,.F.,.F.,(3,3),(0.,1.),.UNSPECIFIED.);
#3684=B_SPLINE_CURVE_WITH_KNOTS('',2,(#14408,#14409,#14410),
 .UNSPECIFIED.,.F.,.F.,(3,3),(0.,1.),.UNSPECIFIED.);
#3685=B_SPLINE_CURVE_WITH_KNOTS('',2,(#14413,#14414,#14415),
 .UNSPECIFIED.,.F.,.F.,(3,3),(0.,1.),.UNSPECIFIED.);
#3686=B_SPLINE_CURVE_WITH_KNOTS('',2,(#14423,#14424,#14425),
 .UNSPECIFIED.,.F.,.F.,(3,3),(0.,1.),.UNSPECIFIED.);
#3687=B_SPLINE_CURVE_WITH_KNOTS('',2,(#14428,#14429,#14430),
 .UNSPECIFIED.,.F.,.F.,(3,3),(0.,1.),.UNSPECIFIED.);
#3688=B_SPLINE_CURVE_WITH_KNOTS('',2,(#14438,#14439,#14440),
 .UNSPECIFIED.,.F.,.F.,(3,3),(0.,1.),.UNSPECIFIED.);
#3689=B_SPLINE_CURVE_WITH_KNOTS('',2,(#14443,#14444,#14445),
 .UNSPECIFIED.,.F.,.F.,(3,3),(0.,1.),.UNSPECIFIED.);
#3690=B_SPLINE_CURVE_WITH_KNOTS('',2,(#14453,#14454,#14455),
 .UNSPECIFIED.,.F.,.F.,(3,3),(0.,1.),.UNSPECIFIED.);
#3691=B_SPLINE_CURVE_WITH_KNOTS('',2,(#14458,#14459,#14460),
 .UNSPECIFIED.,.F.,.F.,(3,3),(0.,1.),.UNSPECIFIED.);
#3692=B_SPLINE_CURVE_WITH_KNOTS('',2,(#14468,#14469,#14470),
 .UNSPECIFIED.,.F.,.F.,(3,3),(0.,1.),.UNSPECIFIED.);
#3693=B_SPLINE_CURVE_WITH_KNOTS('',2,(#14473,#14474,#14475),
 .UNSPECIFIED.,.F.,.F.,(3,3),(0.,1.),.UNSPECIFIED.);
#3694=B_SPLINE_CURVE_WITH_KNOTS('',2,(#14483,#14484,#14485),
 .UNSPECIFIED.,.F.,.F.,(3,3),(0.,1.),.UNSPECIFIED.);
#3695=B_SPLINE_CURVE_WITH_KNOTS('',2,(#14488,#14489,#14490),
 .UNSPECIFIED.,.F.,.F.,(3,3),(0.,1.),.UNSPECIFIED.);
#3696=B_SPLINE_CURVE_WITH_KNOTS('',2,(#14498,#14499,#14500),
 .UNSPECIFIED.,.F.,.F.,(3,3),(0.,1.),.UNSPECIFIED.);
#3697=B_SPLINE_CURVE_WITH_KNOTS('',2,(#14503,#14504,#14505),
 .UNSPECIFIED.,.F.,.F.,(3,3),(0.,1.),.UNSPECIFIED.);
#3698=B_SPLINE_CURVE_WITH_KNOTS('',2,(#14513,#14514,#14515),
 .UNSPECIFIED.,.F.,.F.,(3,3),(0.,1.),.UNSPECIFIED.);
#3699=B_SPLINE_CURVE_WITH_KNOTS('',2,(#14518,#14519,#14520),
 .UNSPECIFIED.,.F.,.F.,(3,3),(0.,1.),.UNSPECIFIED.);
#3700=B_SPLINE_CURVE_WITH_KNOTS('',2,(#14528,#14529,#14530),
 .UNSPECIFIED.,.F.,.F.,(3,3),(0.,1.),.UNSPECIFIED.);
#3701=B_SPLINE_CURVE_WITH_KNOTS('',2,(#14533,#14534,#14535),
 .UNSPECIFIED.,.F.,.F.,(3,3),(0.,1.),.UNSPECIFIED.);
#3702=B_SPLINE_CURVE_WITH_KNOTS('',2,(#14543,#14544,#14545),
 .UNSPECIFIED.,.F.,.F.,(3,3),(0.,1.),.UNSPECIFIED.);
#3703=B_SPLINE_CURVE_WITH_KNOTS('',2,(#14548,#14549,#14550),
 .UNSPECIFIED.,.F.,.F.,(3,3),(0.,1.),.UNSPECIFIED.);
#3704=B_SPLINE_CURVE_WITH_KNOTS('',2,(#14558,#14559,#14560),
 .UNSPECIFIED.,.F.,.F.,(3,3),(0.,1.),.UNSPECIFIED.);
#3705=B_SPLINE_CURVE_WITH_KNOTS('',2,(#14563,#14564,#14565),
 .UNSPECIFIED.,.F.,.F.,(3,3),(0.,1.),.UNSPECIFIED.);
#3706=B_SPLINE_CURVE_WITH_KNOTS('',2,(#14573,#14574,#14575),
 .UNSPECIFIED.,.F.,.F.,(3,3),(0.,1.),.UNSPECIFIED.);
#3707=B_SPLINE_CURVE_WITH_KNOTS('',2,(#14578,#14579,#14580),
 .UNSPECIFIED.,.F.,.F.,(3,3),(0.,1.),.UNSPECIFIED.);
#3708=B_SPLINE_CURVE_WITH_KNOTS('',2,(#14588,#14589,#14590),
 .UNSPECIFIED.,.F.,.F.,(3,3),(0.,1.),.UNSPECIFIED.);
#3709=B_SPLINE_CURVE_WITH_KNOTS('',2,(#14593,#14594,#14595),
 .UNSPECIFIED.,.F.,.F.,(3,3),(0.,1.),.UNSPECIFIED.);
#3710=B_SPLINE_CURVE_WITH_KNOTS('',2,(#14603,#14604,#14605),
 .UNSPECIFIED.,.F.,.F.,(3,3),(0.,1.),.UNSPECIFIED.);
#3711=B_SPLINE_CURVE_WITH_KNOTS('',2,(#14608,#14609,#14610),
 .UNSPECIFIED.,.F.,.F.,(3,3),(0.,1.),.UNSPECIFIED.);
#3712=B_SPLINE_CURVE_WITH_KNOTS('',2,(#14618,#14619,#14620),
 .UNSPECIFIED.,.F.,.F.,(3,3),(0.,1.),.UNSPECIFIED.);
#3713=B_SPLINE_CURVE_WITH_KNOTS('',2,(#14623,#14624,#14625),
 .UNSPECIFIED.,.F.,.F.,(3,3),(0.,1.),.UNSPECIFIED.);
#3714=B_SPLINE_CURVE_WITH_KNOTS('',2,(#14633,#14634,#14635),
 .UNSPECIFIED.,.F.,.F.,(3,3),(0.,1.),.UNSPECIFIED.);
#3715=B_SPLINE_CURVE_WITH_KNOTS('',2,(#14638,#14639,#14640),
 .UNSPECIFIED.,.F.,.F.,(3,3),(0.,1.),.UNSPECIFIED.);
#3716=B_SPLINE_CURVE_WITH_KNOTS('',2,(#14648,#14649,#14650),
 .UNSPECIFIED.,.F.,.F.,(3,3),(0.,1.),.UNSPECIFIED.);
#3717=B_SPLINE_CURVE_WITH_KNOTS('',2,(#14653,#14654,#14655),
 .UNSPECIFIED.,.F.,.F.,(3,3),(0.,1.),.UNSPECIFIED.);
#3718=B_SPLINE_CURVE_WITH_KNOTS('',2,(#14663,#14664,#14665),
 .UNSPECIFIED.,.F.,.F.,(3,3),(0.,1.),.UNSPECIFIED.);
#3719=B_SPLINE_CURVE_WITH_KNOTS('',2,(#14668,#14669,#14670),
 .UNSPECIFIED.,.F.,.F.,(3,3),(0.,1.),.UNSPECIFIED.);
#3720=B_SPLINE_CURVE_WITH_KNOTS('',2,(#14678,#14679,#14680),
 .UNSPECIFIED.,.F.,.F.,(3,3),(0.,1.),.UNSPECIFIED.);
#3721=B_SPLINE_CURVE_WITH_KNOTS('',2,(#14683,#14684,#14685),
 .UNSPECIFIED.,.F.,.F.,(3,3),(0.,1.),.UNSPECIFIED.);
#3722=B_SPLINE_CURVE_WITH_KNOTS('',2,(#14693,#14694,#14695),
 .UNSPECIFIED.,.F.,.F.,(3,3),(0.,1.),.UNSPECIFIED.);
#3723=B_SPLINE_CURVE_WITH_KNOTS('',2,(#14698,#14699,#14700),
 .UNSPECIFIED.,.F.,.F.,(3,3),(0.,1.),.UNSPECIFIED.);
#3724=B_SPLINE_CURVE_WITH_KNOTS('',2,(#14726,#14727,#14728),
 .UNSPECIFIED.,.F.,.F.,(3,3),(0.,1.),.UNSPECIFIED.);
#3725=B_SPLINE_CURVE_WITH_KNOTS('',2,(#14731,#14732,#14733),
 .UNSPECIFIED.,.F.,.F.,(3,3),(0.,1.),.UNSPECIFIED.);
#3726=B_SPLINE_CURVE_WITH_KNOTS('',2,(#14741,#14742,#14743),
 .UNSPECIFIED.,.F.,.F.,(3,3),(0.,1.),.UNSPECIFIED.);
#3727=B_SPLINE_CURVE_WITH_KNOTS('',2,(#14746,#14747,#14748),
 .UNSPECIFIED.,.F.,.F.,(3,3),(0.,1.),.UNSPECIFIED.);
#3728=B_SPLINE_CURVE_WITH_KNOTS('',2,(#14756,#14757,#14758),
 .UNSPECIFIED.,.F.,.F.,(3,3),(0.,1.),.UNSPECIFIED.);
#3729=B_SPLINE_CURVE_WITH_KNOTS('',2,(#14761,#14762,#14763),
 .UNSPECIFIED.,.F.,.F.,(3,3),(0.,1.),.UNSPECIFIED.);
#3730=B_SPLINE_CURVE_WITH_KNOTS('',2,(#14771,#14772,#14773),
 .UNSPECIFIED.,.F.,.F.,(3,3),(0.,1.),.UNSPECIFIED.);
#3731=B_SPLINE_CURVE_WITH_KNOTS('',2,(#14776,#14777,#14778),
 .UNSPECIFIED.,.F.,.F.,(3,3),(0.,1.),.UNSPECIFIED.);
#3732=B_SPLINE_CURVE_WITH_KNOTS('',2,(#14786,#14787,#14788),
 .UNSPECIFIED.,.F.,.F.,(3,3),(0.,1.),.UNSPECIFIED.);
#3733=B_SPLINE_CURVE_WITH_KNOTS('',2,(#14791,#14792,#14793),
 .UNSPECIFIED.,.F.,.F.,(3,3),(0.,1.),.UNSPECIFIED.);
#3734=B_SPLINE_CURVE_WITH_KNOTS('',2,(#14801,#14802,#14803),
 .UNSPECIFIED.,.F.,.F.,(3,3),(0.,1.),.UNSPECIFIED.);
#3735=B_SPLINE_CURVE_WITH_KNOTS('',2,(#14806,#14807,#14808),
 .UNSPECIFIED.,.F.,.F.,(3,3),(0.,1.),.UNSPECIFIED.);
#3736=B_SPLINE_CURVE_WITH_KNOTS('',2,(#14816,#14817,#14818),
 .UNSPECIFIED.,.F.,.F.,(3,3),(0.,1.),.UNSPECIFIED.);
#3737=B_SPLINE_CURVE_WITH_KNOTS('',2,(#14821,#14822,#14823),
 .UNSPECIFIED.,.F.,.F.,(3,3),(0.,1.),.UNSPECIFIED.);
#3738=B_SPLINE_CURVE_WITH_KNOTS('',2,(#14831,#14832,#14833),
 .UNSPECIFIED.,.F.,.F.,(3,3),(0.,1.),.UNSPECIFIED.);
#3739=B_SPLINE_CURVE_WITH_KNOTS('',2,(#14836,#14837,#14838),
 .UNSPECIFIED.,.F.,.F.,(3,3),(0.,1.),.UNSPECIFIED.);
#3740=B_SPLINE_CURVE_WITH_KNOTS('',2,(#14846,#14847,#14848),
 .UNSPECIFIED.,.F.,.F.,(3,3),(0.,1.),.UNSPECIFIED.);
#3741=B_SPLINE_CURVE_WITH_KNOTS('',2,(#14851,#14852,#14853),
 .UNSPECIFIED.,.F.,.F.,(3,3),(0.,1.),.UNSPECIFIED.);
#3742=B_SPLINE_CURVE_WITH_KNOTS('',2,(#14861,#14862,#14863),
 .UNSPECIFIED.,.F.,.F.,(3,3),(0.,1.),.UNSPECIFIED.);
#3743=B_SPLINE_CURVE_WITH_KNOTS('',2,(#14866,#14867,#14868),
 .UNSPECIFIED.,.F.,.F.,(3,3),(0.,1.),.UNSPECIFIED.);
#3744=B_SPLINE_CURVE_WITH_KNOTS('',2,(#14876,#14877,#14878),
 .UNSPECIFIED.,.F.,.F.,(3,3),(0.,1.),.UNSPECIFIED.);
#3745=B_SPLINE_CURVE_WITH_KNOTS('',2,(#14881,#14882,#14883),
 .UNSPECIFIED.,.F.,.F.,(3,3),(0.,1.),.UNSPECIFIED.);
#3746=B_SPLINE_CURVE_WITH_KNOTS('',2,(#14891,#14892,#14893),
 .UNSPECIFIED.,.F.,.F.,(3,3),(0.,1.),.UNSPECIFIED.);
#3747=B_SPLINE_CURVE_WITH_KNOTS('',2,(#14896,#14897,#14898),
 .UNSPECIFIED.,.F.,.F.,(3,3),(0.,1.),.UNSPECIFIED.);
#3748=B_SPLINE_CURVE_WITH_KNOTS('',2,(#14906,#14907,#14908),
 .UNSPECIFIED.,.F.,.F.,(3,3),(0.,1.),.UNSPECIFIED.);
#3749=B_SPLINE_CURVE_WITH_KNOTS('',2,(#14911,#14912,#14913),
 .UNSPECIFIED.,.F.,.F.,(3,3),(0.,1.),.UNSPECIFIED.);
#3750=B_SPLINE_CURVE_WITH_KNOTS('',2,(#14921,#14922,#14923),
 .UNSPECIFIED.,.F.,.F.,(3,3),(0.,1.),.UNSPECIFIED.);
#3751=B_SPLINE_CURVE_WITH_KNOTS('',2,(#14926,#14927,#14928),
 .UNSPECIFIED.,.F.,.F.,(3,3),(0.,1.),.UNSPECIFIED.);
#3752=B_SPLINE_CURVE_WITH_KNOTS('',2,(#14936,#14937,#14938),
 .UNSPECIFIED.,.F.,.F.,(3,3),(0.,1.),.UNSPECIFIED.);
#3753=B_SPLINE_CURVE_WITH_KNOTS('',2,(#14941,#14942,#14943),
 .UNSPECIFIED.,.F.,.F.,(3,3),(0.,1.),.UNSPECIFIED.);
#3754=B_SPLINE_CURVE_WITH_KNOTS('',2,(#14951,#14952,#14953),
 .UNSPECIFIED.,.F.,.F.,(3,3),(0.,1.),.UNSPECIFIED.);
#3755=B_SPLINE_CURVE_WITH_KNOTS('',2,(#14956,#14957,#14958),
 .UNSPECIFIED.,.F.,.F.,(3,3),(0.,1.),.UNSPECIFIED.);
#3756=B_SPLINE_CURVE_WITH_KNOTS('',2,(#14966,#14967,#14968),
 .UNSPECIFIED.,.F.,.F.,(3,3),(0.,1.),.UNSPECIFIED.);
#3757=B_SPLINE_CURVE_WITH_KNOTS('',2,(#14971,#14972,#14973),
 .UNSPECIFIED.,.F.,.F.,(3,3),(0.,1.),.UNSPECIFIED.);
#3758=B_SPLINE_CURVE_WITH_KNOTS('',2,(#14981,#14982,#14983),
 .UNSPECIFIED.,.F.,.F.,(3,3),(0.,1.),.UNSPECIFIED.);
#3759=B_SPLINE_CURVE_WITH_KNOTS('',2,(#14986,#14987,#14988),
 .UNSPECIFIED.,.F.,.F.,(3,3),(0.,1.),.UNSPECIFIED.);
#3760=B_SPLINE_CURVE_WITH_KNOTS('',2,(#14996,#14997,#14998),
 .UNSPECIFIED.,.F.,.F.,(3,3),(0.,1.),.UNSPECIFIED.);
#3761=B_SPLINE_CURVE_WITH_KNOTS('',2,(#15001,#15002,#15003),
 .UNSPECIFIED.,.F.,.F.,(3,3),(0.,1.),.UNSPECIFIED.);
#3762=B_SPLINE_CURVE_WITH_KNOTS('',2,(#15011,#15012,#15013),
 .UNSPECIFIED.,.F.,.F.,(3,3),(0.,1.),.UNSPECIFIED.);
#3763=B_SPLINE_CURVE_WITH_KNOTS('',2,(#15016,#15017,#15018),
 .UNSPECIFIED.,.F.,.F.,(3,3),(0.,1.),.UNSPECIFIED.);
#3764=B_SPLINE_CURVE_WITH_KNOTS('',2,(#15026,#15027,#15028),
 .UNSPECIFIED.,.F.,.F.,(3,3),(0.,1.),.UNSPECIFIED.);
#3765=B_SPLINE_CURVE_WITH_KNOTS('',2,(#15031,#15032,#15033),
 .UNSPECIFIED.,.F.,.F.,(3,3),(0.,1.),.UNSPECIFIED.);
#3766=B_SPLINE_CURVE_WITH_KNOTS('',2,(#15041,#15042,#15043),
 .UNSPECIFIED.,.F.,.F.,(3,3),(0.,1.),.UNSPECIFIED.);
#3767=B_SPLINE_CURVE_WITH_KNOTS('',2,(#15046,#15047,#15048),
 .UNSPECIFIED.,.F.,.F.,(3,3),(0.,1.),.UNSPECIFIED.);
#3768=B_SPLINE_CURVE_WITH_KNOTS('',2,(#15056,#15057,#15058),
 .UNSPECIFIED.,.F.,.F.,(3,3),(0.,1.),.UNSPECIFIED.);
#3769=B_SPLINE_CURVE_WITH_KNOTS('',2,(#15061,#15062,#15063),
 .UNSPECIFIED.,.F.,.F.,(3,3),(0.,1.),.UNSPECIFIED.);
#3770=B_SPLINE_CURVE_WITH_KNOTS('',2,(#15071,#15072,#15073),
 .UNSPECIFIED.,.F.,.F.,(3,3),(0.,1.),.UNSPECIFIED.);
#3771=B_SPLINE_CURVE_WITH_KNOTS('',2,(#15076,#15077,#15078),
 .UNSPECIFIED.,.F.,.F.,(3,3),(0.,1.),.UNSPECIFIED.);
#3772=B_SPLINE_CURVE_WITH_KNOTS('',2,(#15086,#15087,#15088),
 .UNSPECIFIED.,.F.,.F.,(3,3),(0.,1.),.UNSPECIFIED.);
#3773=B_SPLINE_CURVE_WITH_KNOTS('',2,(#15091,#15092,#15093),
 .UNSPECIFIED.,.F.,.F.,(3,3),(0.,1.),.UNSPECIFIED.);
#3774=B_SPLINE_CURVE_WITH_KNOTS('',2,(#15101,#15102,#15103),
 .UNSPECIFIED.,.F.,.F.,(3,3),(0.,1.),.UNSPECIFIED.);
#3775=B_SPLINE_CURVE_WITH_KNOTS('',2,(#15106,#15107,#15108),
 .UNSPECIFIED.,.F.,.F.,(3,3),(0.,1.),.UNSPECIFIED.);
#3776=B_SPLINE_CURVE_WITH_KNOTS('',2,(#15116,#15117,#15118),
 .UNSPECIFIED.,.F.,.F.,(3,3),(0.,1.),.UNSPECIFIED.);
#3777=B_SPLINE_CURVE_WITH_KNOTS('',2,(#15121,#15122,#15123),
 .UNSPECIFIED.,.F.,.F.,(3,3),(0.,1.),.UNSPECIFIED.);
#3778=B_SPLINE_CURVE_WITH_KNOTS('',2,(#15131,#15132,#15133),
 .UNSPECIFIED.,.F.,.F.,(3,3),(0.,1.),.UNSPECIFIED.);
#3779=B_SPLINE_CURVE_WITH_KNOTS('',2,(#15136,#15137,#15138),
 .UNSPECIFIED.,.F.,.F.,(3,3),(0.,1.),.UNSPECIFIED.);
#3780=B_SPLINE_CURVE_WITH_KNOTS('',2,(#15146,#15147,#15148),
 .UNSPECIFIED.,.F.,.F.,(3,3),(0.,1.),.UNSPECIFIED.);
#3781=B_SPLINE_CURVE_WITH_KNOTS('',2,(#15151,#15152,#15153),
 .UNSPECIFIED.,.F.,.F.,(3,3),(0.,1.),.UNSPECIFIED.);
#3782=B_SPLINE_CURVE_WITH_KNOTS('',2,(#15161,#15162,#15163),
 .UNSPECIFIED.,.F.,.F.,(3,3),(0.,1.),.UNSPECIFIED.);
#3783=B_SPLINE_CURVE_WITH_KNOTS('',2,(#15166,#15167,#15168),
 .UNSPECIFIED.,.F.,.F.,(3,3),(0.,1.),.UNSPECIFIED.);
#3784=B_SPLINE_CURVE_WITH_KNOTS('',2,(#15194,#15195,#15196),
 .UNSPECIFIED.,.F.,.F.,(3,3),(0.,1.),.UNSPECIFIED.);
#3785=B_SPLINE_CURVE_WITH_KNOTS('',2,(#15199,#15200,#15201),
 .UNSPECIFIED.,.F.,.F.,(3,3),(0.,1.),.UNSPECIFIED.);
#3786=B_SPLINE_CURVE_WITH_KNOTS('',2,(#15209,#15210,#15211),
 .UNSPECIFIED.,.F.,.F.,(3,3),(0.,1.),.UNSPECIFIED.);
#3787=B_SPLINE_CURVE_WITH_KNOTS('',2,(#15214,#15215,#15216),
 .UNSPECIFIED.,.F.,.F.,(3,3),(0.,1.),.UNSPECIFIED.);
#3788=B_SPLINE_CURVE_WITH_KNOTS('',2,(#15224,#15225,#15226),
 .UNSPECIFIED.,.F.,.F.,(3,3),(0.,1.),.UNSPECIFIED.);
#3789=B_SPLINE_CURVE_WITH_KNOTS('',2,(#15229,#15230,#15231),
 .UNSPECIFIED.,.F.,.F.,(3,3),(0.,1.),.UNSPECIFIED.);
#3790=B_SPLINE_CURVE_WITH_KNOTS('',2,(#15239,#15240,#15241),
 .UNSPECIFIED.,.F.,.F.,(3,3),(0.,1.),.UNSPECIFIED.);
#3791=B_SPLINE_CURVE_WITH_KNOTS('',2,(#15244,#15245,#15246),
 .UNSPECIFIED.,.F.,.F.,(3,3),(0.,1.),.UNSPECIFIED.);
#3792=B_SPLINE_CURVE_WITH_KNOTS('',2,(#15254,#15255,#15256),
 .UNSPECIFIED.,.F.,.F.,(3,3),(0.,1.),.UNSPECIFIED.);
#3793=B_SPLINE_CURVE_WITH_KNOTS('',2,(#15259,#15260,#15261),
 .UNSPECIFIED.,.F.,.F.,(3,3),(0.,1.),.UNSPECIFIED.);
#3794=B_SPLINE_CURVE_WITH_KNOTS('',2,(#15269,#15270,#15271),
 .UNSPECIFIED.,.F.,.F.,(3,3),(0.,1.),.UNSPECIFIED.);
#3795=B_SPLINE_CURVE_WITH_KNOTS('',2,(#15274,#15275,#15276),
 .UNSPECIFIED.,.F.,.F.,(3,3),(0.,1.),.UNSPECIFIED.);
#3796=B_SPLINE_CURVE_WITH_KNOTS('',2,(#15284,#15285,#15286),
 .UNSPECIFIED.,.F.,.F.,(3,3),(0.,0.999994692595111),.UNSPECIFIED.);
#3797=B_SPLINE_CURVE_WITH_KNOTS('',2,(#15289,#15290,#15291),
 .UNSPECIFIED.,.F.,.F.,(3,3),(0.,0.999994692595111),.UNSPECIFIED.);
#3798=B_SPLINE_CURVE_WITH_KNOTS('',2,(#15298,#15299,#15300),
 .UNSPECIFIED.,.F.,.F.,(3,3),(0.,1.),.UNSPECIFIED.);
#3799=B_SPLINE_CURVE_WITH_KNOTS('',2,(#15301,#15302,#15303),
 .UNSPECIFIED.,.F.,.F.,(3,3),(0.,1.),.UNSPECIFIED.);
#3800=VERTEX_POINT('',#12562);
#3801=VERTEX_POINT('',#12563);
#3802=VERTEX_POINT('',#12567);
#3803=VERTEX_POINT('',#12569);
#3804=VERTEX_POINT('',#12575);
#3805=VERTEX_POINT('',#12577);
#3806=VERTEX_POINT('',#12581);
#3807=VERTEX_POINT('',#12583);
#3808=VERTEX_POINT('',#12587);
#3809=VERTEX_POINT('',#12589);
#3810=VERTEX_POINT('',#12598);
#3811=VERTEX_POINT('',#12602);
#3812=VERTEX_POINT('',#12613);
#3813=VERTEX_POINT('',#12617);
#3814=VERTEX_POINT('',#12623);
#3815=VERTEX_POINT('',#12625);
#3816=VERTEX_POINT('',#12629);
#3817=VERTEX_POINT('',#12631);
#3818=VERTEX_POINT('',#12635);
#3819=VERTEX_POINT('',#12637);
#3820=VERTEX_POINT('',#12641);
#3821=VERTEX_POINT('',#12643);
#3822=VERTEX_POINT('',#12647);
#3823=VERTEX_POINT('',#12649);
#3824=VERTEX_POINT('',#12653);
#3825=VERTEX_POINT('',#12655);
#3826=VERTEX_POINT('',#12659);
#3827=VERTEX_POINT('',#12661);
#3828=VERTEX_POINT('',#12665);
#3829=VERTEX_POINT('',#12667);
#3830=VERTEX_POINT('',#12671);
#3831=VERTEX_POINT('',#12673);
#3832=VERTEX_POINT('',#12677);
#3833=VERTEX_POINT('',#12679);
#3834=VERTEX_POINT('',#12701);
#3835=VERTEX_POINT('',#12702);
#3836=VERTEX_POINT('',#12706);
#3837=VERTEX_POINT('',#12708);
#3838=VERTEX_POINT('',#12719);
#3839=VERTEX_POINT('',#12723);
#3840=VERTEX_POINT('',#12734);
#3841=VERTEX_POINT('',#12738);
#3842=VERTEX_POINT('',#12749);
#3843=VERTEX_POINT('',#12753);
#3844=VERTEX_POINT('',#12764);
#3845=VERTEX_POINT('',#12768);
#3846=VERTEX_POINT('',#12774);
#3847=VERTEX_POINT('',#12776);
#3848=VERTEX_POINT('',#12785);
#3849=VERTEX_POINT('',#12789);
#3850=VERTEX_POINT('',#12800);
#3851=VERTEX_POINT('',#12804);
#3852=VERTEX_POINT('',#12815);
#3853=VERTEX_POINT('',#12819);
#3854=VERTEX_POINT('',#12830);
#3855=VERTEX_POINT('',#12834);
#3856=VERTEX_POINT('',#12845);
#3857=VERTEX_POINT('',#12849);
#3858=VERTEX_POINT('',#12860);
#3859=VERTEX_POINT('',#12864);
#3860=VERTEX_POINT('',#12875);
#3861=VERTEX_POINT('',#12879);
#3862=VERTEX_POINT('',#12890);
#3863=VERTEX_POINT('',#12894);
#3864=VERTEX_POINT('',#12905);
#3865=VERTEX_POINT('',#12909);
#3866=VERTEX_POINT('',#12920);
#3867=VERTEX_POINT('',#12924);
#3868=VERTEX_POINT('',#12935);
#3869=VERTEX_POINT('',#12939);
#3870=VERTEX_POINT('',#12950);
#3871=VERTEX_POINT('',#12954);
#3872=VERTEX_POINT('',#12960);
#3873=VERTEX_POINT('',#12962);
#3874=VERTEX_POINT('',#12971);
#3875=VERTEX_POINT('',#12975);
#3876=VERTEX_POINT('',#12986);
#3877=VERTEX_POINT('',#12990);
#3878=VERTEX_POINT('',#13001);
#3879=VERTEX_POINT('',#13005);
#3880=VERTEX_POINT('',#13016);
#3881=VERTEX_POINT('',#13020);
#3882=VERTEX_POINT('',#13031);
#3883=VERTEX_POINT('',#13035);
#3884=VERTEX_POINT('',#13046);
#3885=VERTEX_POINT('',#13050);
#3886=VERTEX_POINT('',#13073);
#3887=VERTEX_POINT('',#13074);
#3888=VERTEX_POINT('',#13078);
#3889=VERTEX_POINT('',#13080);
#3890=VERTEX_POINT('',#13091);
#3891=VERTEX_POINT('',#13095);
#3892=VERTEX_POINT('',#13106);
#3893=VERTEX_POINT('',#13110);
#3894=VERTEX_POINT('',#13121);
#3895=VERTEX_POINT('',#13125);
#3896=VERTEX_POINT('',#13131);
#3897=VERTEX_POINT('',#13133);
#3898=VERTEX_POINT('',#13142);
#3899=VERTEX_POINT('',#13146);
#3900=VERTEX_POINT('',#13157);
#3901=VERTEX_POINT('',#13161);
#3902=VERTEX_POINT('',#13172);
#3903=VERTEX_POINT('',#13176);
#3904=VERTEX_POINT('',#13187);
#3905=VERTEX_POINT('',#13191);
#3906=VERTEX_POINT('',#13202);
#3907=VERTEX_POINT('',#13206);
#3908=VERTEX_POINT('',#13217);
#3909=VERTEX_POINT('',#13221);
#3910=VERTEX_POINT('',#13232);
#3911=VERTEX_POINT('',#13236);
#3912=VERTEX_POINT('',#13247);
#3913=VERTEX_POINT('',#13251);
#3914=VERTEX_POINT('',#13262);
#3915=VERTEX_POINT('',#13266);
#3916=VERTEX_POINT('',#13277);
#3917=VERTEX_POINT('',#13281);
#3918=VERTEX_POINT('',#13292);
#3919=VERTEX_POINT('',#13296);
#3920=VERTEX_POINT('',#13307);
#3921=VERTEX_POINT('',#13311);
#3922=VERTEX_POINT('',#13317);
#3923=VERTEX_POINT('',#13319);
#3924=VERTEX_POINT('',#13328);
#3925=VERTEX_POINT('',#13332);
#3926=VERTEX_POINT('',#13343);
#3927=VERTEX_POINT('',#13347);
#3928=VERTEX_POINT('',#13358);
#3929=VERTEX_POINT('',#13362);
#3930=VERTEX_POINT('',#13373);
#3931=VERTEX_POINT('',#13377);
#3932=VERTEX_POINT('',#13388);
#3933=VERTEX_POINT('',#13392);
#3934=VERTEX_POINT('',#13403);
#3935=VERTEX_POINT('',#13407);
#3936=VERTEX_POINT('',#13418);
#3937=VERTEX_POINT('',#13422);
#3938=VERTEX_POINT('',#13441);
#3939=VERTEX_POINT('',#13442);
#3940=VERTEX_POINT('',#13444);
#3941=VERTEX_POINT('',#13446);
#3942=VERTEX_POINT('',#13450);
#3943=VERTEX_POINT('',#13452);
#3944=VERTEX_POINT('',#13456);
#3945=VERTEX_POINT('',#13458);
#3946=VERTEX_POINT('',#13462);
#3947=VERTEX_POINT('',#13464);
#3948=VERTEX_POINT('',#13468);
#3949=VERTEX_POINT('',#13470);
#3950=VERTEX_POINT('',#13474);
#3951=VERTEX_POINT('',#13476);
#3952=VERTEX_POINT('',#13480);
#3953=VERTEX_POINT('',#13482);
#3954=VERTEX_POINT('',#13486);
#3955=VERTEX_POINT('',#13488);
#3956=VERTEX_POINT('',#13492);
#3957=VERTEX_POINT('',#13494);
#3958=VERTEX_POINT('',#13498);
#3959=VERTEX_POINT('',#13500);
#3960=VERTEX_POINT('',#13504);
#3961=VERTEX_POINT('',#13506);
#3962=VERTEX_POINT('',#13519);
#3963=VERTEX_POINT('',#13520);
#3964=VERTEX_POINT('',#13524);
#3965=VERTEX_POINT('',#13526);
#3966=VERTEX_POINT('',#13537);
#3967=VERTEX_POINT('',#13541);
#3968=VERTEX_POINT('',#13552);
#3969=VERTEX_POINT('',#13556);
#3970=VERTEX_POINT('',#13567);
#3971=VERTEX_POINT('',#13571);
#3972=VERTEX_POINT('',#13577);
#3973=VERTEX_POINT('',#13579);
#3974=VERTEX_POINT('',#13583);
#3975=VERTEX_POINT('',#13585);
#3976=VERTEX_POINT('',#13589);
#3977=VERTEX_POINT('',#13591);
#3978=VERTEX_POINT('',#13600);
#3979=VERTEX_POINT('',#13604);
#3980=VERTEX_POINT('',#13615);
#3981=VERTEX_POINT('',#13619);
#3982=VERTEX_POINT('',#13630);
#3983=VERTEX_POINT('',#13634);
#3984=VERTEX_POINT('',#13645);
#3985=VERTEX_POINT('',#13649);
#3986=VERTEX_POINT('',#13660);
#3987=VERTEX_POINT('',#13664);
#3988=VERTEX_POINT('',#13675);
#3989=VERTEX_POINT('',#13679);
#3990=VERTEX_POINT('',#13690);
#3991=VERTEX_POINT('',#13694);
#3992=VERTEX_POINT('',#13705);
#3993=VERTEX_POINT('',#13709);
#3994=VERTEX_POINT('',#13720);
#3995=VERTEX_POINT('',#13724);
#3996=VERTEX_POINT('',#13735);
#3997=VERTEX_POINT('',#13739);
#3998=VERTEX_POINT('',#13750);
#3999=VERTEX_POINT('',#13754);
#4000=VERTEX_POINT('',#13765);
#4001=VERTEX_POINT('',#13769);
#4002=VERTEX_POINT('',#13775);
#4003=VERTEX_POINT('',#13777);
#4004=VERTEX_POINT('',#13781);
#4005=VERTEX_POINT('',#13783);
#4006=VERTEX_POINT('',#13787);
#4007=VERTEX_POINT('',#13789);
#4008=VERTEX_POINT('',#13798);
#4009=VERTEX_POINT('',#13802);
#4010=VERTEX_POINT('',#13813);
#4011=VERTEX_POINT('',#13817);
#4012=VERTEX_POINT('',#13828);
#4013=VERTEX_POINT('',#13832);
#4014=VERTEX_POINT('',#13843);
#4015=VERTEX_POINT('',#13847);
#4016=VERTEX_POINT('',#13858);
#4017=VERTEX_POINT('',#13862);
#4018=VERTEX_POINT('',#13873);
#4019=VERTEX_POINT('',#13877);
#4020=VERTEX_POINT('',#13888);
#4021=VERTEX_POINT('',#13892);
#4022=VERTEX_POINT('',#13916);
#4023=VERTEX_POINT('',#13917);
#4024=VERTEX_POINT('',#13921);
#4025=VERTEX_POINT('',#13923);
#4026=VERTEX_POINT('',#13934);
#4027=VERTEX_POINT('',#13938);
#4028=VERTEX_POINT('',#13949);
#4029=VERTEX_POINT('',#13953);
#4030=VERTEX_POINT('',#13964);
#4031=VERTEX_POINT('',#13968);
#4032=VERTEX_POINT('',#13979);
#4033=VERTEX_POINT('',#13983);
#4034=VERTEX_POINT('',#13994);
#4035=VERTEX_POINT('',#13998);
#4036=VERTEX_POINT('',#14009);
#4037=VERTEX_POINT('',#14013);
#4038=VERTEX_POINT('',#14024);
#4039=VERTEX_POINT('',#14028);
#4040=VERTEX_POINT('',#14039);
#4041=VERTEX_POINT('',#14043);
#4042=VERTEX_POINT('',#14054);
#4043=VERTEX_POINT('',#14058);
#4044=VERTEX_POINT('',#14069);
#4045=VERTEX_POINT('',#14073);
#4046=VERTEX_POINT('',#14084);
#4047=VERTEX_POINT('',#14088);
#4048=VERTEX_POINT('',#14094);
#4049=VERTEX_POINT('',#14096);
#4050=VERTEX_POINT('',#14100);
#4051=VERTEX_POINT('',#14102);
#4052=VERTEX_POINT('',#14114);
#4053=VERTEX_POINT('',#14115);
#4054=VERTEX_POINT('',#14119);
#4055=VERTEX_POINT('',#14121);
#4056=VERTEX_POINT('',#14132);
#4057=VERTEX_POINT('',#14136);
#4058=VERTEX_POINT('',#14147);
#4059=VERTEX_POINT('',#14151);
#4060=VERTEX_POINT('',#14162);
#4061=VERTEX_POINT('',#14166);
#4062=VERTEX_POINT('',#14177);
#4063=VERTEX_POINT('',#14181);
#4064=VERTEX_POINT('',#14192);
#4065=VERTEX_POINT('',#14196);
#4066=VERTEX_POINT('',#14207);
#4067=VERTEX_POINT('',#14211);
#4068=VERTEX_POINT('',#14222);
#4069=VERTEX_POINT('',#14226);
#4070=VERTEX_POINT('',#14237);
#4071=VERTEX_POINT('',#14241);
#4072=VERTEX_POINT('',#14252);
#4073=VERTEX_POINT('',#14256);
#4074=VERTEX_POINT('',#14267);
#4075=VERTEX_POINT('',#14271);
#4076=VERTEX_POINT('',#14282);
#4077=VERTEX_POINT('',#14286);
#4078=VERTEX_POINT('',#14292);
#4079=VERTEX_POINT('',#14294);
#4080=VERTEX_POINT('',#14298);
#4081=VERTEX_POINT('',#14300);
#4082=VERTEX_POINT('',#14304);
#4083=VERTEX_POINT('',#14306);
#4084=VERTEX_POINT('',#14310);
#4085=VERTEX_POINT('',#14312);
#4086=VERTEX_POINT('',#14320);
#4087=VERTEX_POINT('',#14321);
#4088=VERTEX_POINT('',#14323);
#4089=VERTEX_POINT('',#14325);
#4090=VERTEX_POINT('',#14329);
#4091=VERTEX_POINT('',#14331);
#4092=VERTEX_POINT('',#14335);
#4093=VERTEX_POINT('',#14337);
#4094=VERTEX_POINT('',#14341);
#4095=VERTEX_POINT('',#14343);
#4096=VERTEX_POINT('',#14347);
#4097=VERTEX_POINT('',#14349);
#4098=VERTEX_POINT('',#14353);
#4099=VERTEX_POINT('',#14355);
#4100=VERTEX_POINT('',#14359);
#4101=VERTEX_POINT('',#14361);
#4102=VERTEX_POINT('',#14374);
#4103=VERTEX_POINT('',#14375);
#4104=VERTEX_POINT('',#14379);
#4105=VERTEX_POINT('',#14381);
#4106=VERTEX_POINT('',#14392);
#4107=VERTEX_POINT('',#14396);
#4108=VERTEX_POINT('',#14407);
#4109=VERTEX_POINT('',#14411);
#4110=VERTEX_POINT('',#14422);
#4111=VERTEX_POINT('',#14426);
#4112=VERTEX_POINT('',#14437);
#4113=VERTEX_POINT('',#14441);
#4114=VERTEX_POINT('',#14452);
#4115=VERTEX_POINT('',#14456);
#4116=VERTEX_POINT('',#14467);
#4117=VERTEX_POINT('',#14471);
#4118=VERTEX_POINT('',#14482);
#4119=VERTEX_POINT('',#14486);
#4120=VERTEX_POINT('',#14497);
#4121=VERTEX_POINT('',#14501);
#4122=VERTEX_POINT('',#14512);
#4123=VERTEX_POINT('',#14516);
#4124=VERTEX_POINT('',#14527);
#4125=VERTEX_POINT('',#14531);
#4126=VERTEX_POINT('',#14542);
#4127=VERTEX_POINT('',#14546);
#4128=VERTEX_POINT('',#14557);
#4129=VERTEX_POINT('',#14561);
#4130=VERTEX_POINT('',#14572);
#4131=VERTEX_POINT('',#14576);
#4132=VERTEX_POINT('',#14587);
#4133=VERTEX_POINT('',#14591);
#4134=VERTEX_POINT('',#14602);
#4135=VERTEX_POINT('',#14606);
#4136=VERTEX_POINT('',#14617);
#4137=VERTEX_POINT('',#14621);
#4138=VERTEX_POINT('',#14632);
#4139=VERTEX_POINT('',#14636);
#4140=VERTEX_POINT('',#14647);
#4141=VERTEX_POINT('',#14651);
#4142=VERTEX_POINT('',#14662);
#4143=VERTEX_POINT('',#14666);
#4144=VERTEX_POINT('',#14677);
#4145=VERTEX_POINT('',#14681);
#4146=VERTEX_POINT('',#14692);
#4147=VERTEX_POINT('',#14696);
#4148=VERTEX_POINT('',#14702);
#4149=VERTEX_POINT('',#14704);
#4150=VERTEX_POINT('',#14708);
#4151=VERTEX_POINT('',#14710);
#4152=VERTEX_POINT('',#14714);
#4153=VERTEX_POINT('',#14716);
#4154=VERTEX_POINT('',#14725);
#4155=VERTEX_POINT('',#14729);
#4156=VERTEX_POINT('',#14740);
#4157=VERTEX_POINT('',#14744);
#4158=VERTEX_POINT('',#14755);
#4159=VERTEX_POINT('',#14759);
#4160=VERTEX_POINT('',#14770);
#4161=VERTEX_POINT('',#14774);
#4162=VERTEX_POINT('',#14785);
#4163=VERTEX_POINT('',#14789);
#4164=VERTEX_POINT('',#14800);
#4165=VERTEX_POINT('',#14804);
#4166=VERTEX_POINT('',#14815);
#4167=VERTEX_POINT('',#14819);
#4168=VERTEX_POINT('',#14830);
#4169=VERTEX_POINT('',#14834);
#4170=VERTEX_POINT('',#14845);
#4171=VERTEX_POINT('',#14849);
#4172=VERTEX_POINT('',#14860);
#4173=VERTEX_POINT('',#14864);
#4174=VERTEX_POINT('',#14875);
#4175=VERTEX_POINT('',#14879);
#4176=VERTEX_POINT('',#14890);
#4177=VERTEX_POINT('',#14894);
#4178=VERTEX_POINT('',#14905);
#4179=VERTEX_POINT('',#14909);
#4180=VERTEX_POINT('',#14920);
#4181=VERTEX_POINT('',#14924);
#4182=VERTEX_POINT('',#14935);
#4183=VERTEX_POINT('',#14939);
#4184=VERTEX_POINT('',#14950);
#4185=VERTEX_POINT('',#14954);
#4186=VERTEX_POINT('',#14965);
#4187=VERTEX_POINT('',#14969);
#4188=VERTEX_POINT('',#14980);
#4189=VERTEX_POINT('',#14984);
#4190=VERTEX_POINT('',#14995);
#4191=VERTEX_POINT('',#14999);
#4192=VERTEX_POINT('',#15010);
#4193=VERTEX_POINT('',#15014);
#4194=VERTEX_POINT('',#15025);
#4195=VERTEX_POINT('',#15029);
#4196=VERTEX_POINT('',#15040);
#4197=VERTEX_POINT('',#15044);
#4198=VERTEX_POINT('',#15055);
#4199=VERTEX_POINT('',#15059);
#4200=VERTEX_POINT('',#15070);
#4201=VERTEX_POINT('',#15074);
#4202=VERTEX_POINT('',#15085);
#4203=VERTEX_POINT('',#15089);
#4204=VERTEX_POINT('',#15100);
#4205=VERTEX_POINT('',#15104);
#4206=VERTEX_POINT('',#15115);
#4207=VERTEX_POINT('',#15119);
#4208=VERTEX_POINT('',#15130);
#4209=VERTEX_POINT('',#15134);
#4210=VERTEX_POINT('',#15145);
#4211=VERTEX_POINT('',#15149);
#4212=VERTEX_POINT('',#15160);
#4213=VERTEX_POINT('',#15164);
#4214=VERTEX_POINT('',#15170);
#4215=VERTEX_POINT('',#15172);
#4216=VERTEX_POINT('',#15176);
#4217=VERTEX_POINT('',#15178);
#4218=VERTEX_POINT('',#15182);
#4219=VERTEX_POINT('',#15184);
#4220=VERTEX_POINT('',#15193);
#4221=VERTEX_POINT('',#15197);
#4222=VERTEX_POINT('',#15208);
#4223=VERTEX_POINT('',#15212);
#4224=VERTEX_POINT('',#15223);
#4225=VERTEX_POINT('',#15227);
#4226=VERTEX_POINT('',#15238);
#4227=VERTEX_POINT('',#15242);
#4228=VERTEX_POINT('',#15253);
#4229=VERTEX_POINT('',#15257);
#4230=VERTEX_POINT('',#15268);
#4231=VERTEX_POINT('',#15272);
#4232=VERTEX_POINT('',#15283);
#4233=VERTEX_POINT('',#15287);
#4234=VERTEX_POINT('',#15308);
#4235=VERTEX_POINT('',#15309);
#4236=VERTEX_POINT('',#15311);
#4237=VERTEX_POINT('',#15313);
#4238=VERTEX_POINT('',#15317);
#4239=VERTEX_POINT('',#15319);
#4240=VERTEX_POINT('',#15323);
#4241=VERTEX_POINT('',#15324);
#4242=VERTEX_POINT('',#15329);
#4243=VERTEX_POINT('',#15331);
#4244=VERTEX_POINT('',#15335);
#4245=VERTEX_POINT('',#15336);
#4246=VERTEX_POINT('',#15341);
#4247=VERTEX_POINT('',#15343);
#4248=VERTEX_POINT('',#15347);
#4249=VERTEX_POINT('',#15349);
#4250=VERTEX_POINT('',#15351);
#4251=VERTEX_POINT('',#15353);
#4252=VERTEX_POINT('',#15357);
#4253=VERTEX_POINT('',#15359);
#4254=VERTEX_POINT('',#15361);
#4255=VERTEX_POINT('',#15363);
#4256=VERTEX_POINT('',#15365);
#4257=VERTEX_POINT('',#15367);
#4258=VERTEX_POINT('',#15370);
#4259=VERTEX_POINT('',#15372);
#4260=VERTEX_POINT('',#15374);
#4261=VERTEX_POINT('',#15376);
#4262=VERTEX_POINT('',#15378);
#4263=VERTEX_POINT('',#15380);
#4264=VERTEX_POINT('',#15382);
#4265=VERTEX_POINT('',#15384);
#4266=VERTEX_POINT('',#15386);
#4267=VERTEX_POINT('',#15388);
#4268=VERTEX_POINT('',#15390);
#4269=VERTEX_POINT('',#15392);
#4270=VERTEX_POINT('',#15394);
#4271=VERTEX_POINT('',#15396);
#4272=VERTEX_POINT('',#15398);
#4273=VERTEX_POINT('',#15400);
#4274=VERTEX_POINT('',#15402);
#4275=VERTEX_POINT('',#15404);
#4276=VERTEX_POINT('',#15406);
#4277=VERTEX_POINT('',#15408);
#4278=VERTEX_POINT('',#15410);
#4279=VERTEX_POINT('',#15412);
#4280=VERTEX_POINT('',#15414);
#4281=VERTEX_POINT('',#15416);
#4282=VERTEX_POINT('',#15418);
#4283=VERTEX_POINT('',#15420);
#4284=VERTEX_POINT('',#15422);
#4285=VERTEX_POINT('',#15424);
#4286=VERTEX_POINT('',#15426);
#4287=VERTEX_POINT('',#15428);
#4288=VERTEX_POINT('',#15430);
#4289=VERTEX_POINT('',#15432);
#4290=VERTEX_POINT('',#15434);
#4291=VERTEX_POINT('',#15436);
#4292=VERTEX_POINT('',#15438);
#4293=VERTEX_POINT('',#15440);
#4294=VERTEX_POINT('',#15442);
#4295=VERTEX_POINT('',#15444);
#4296=VERTEX_POINT('',#15446);
#4297=VERTEX_POINT('',#15448);
#4298=VERTEX_POINT('',#15450);
#4299=VERTEX_POINT('',#15452);
#4300=VERTEX_POINT('',#15454);
#4301=VERTEX_POINT('',#15456);
#4302=VERTEX_POINT('',#15458);
#4303=VERTEX_POINT('',#15460);
#4304=VERTEX_POINT('',#15462);
#4305=VERTEX_POINT('',#15464);
#4306=VERTEX_POINT('',#15466);
#4307=VERTEX_POINT('',#15468);
#4308=VERTEX_POINT('',#15470);
#4309=VERTEX_POINT('',#15472);
#4310=VERTEX_POINT('',#15474);
#4311=VERTEX_POINT('',#15476);
#4312=VERTEX_POINT('',#15478);
#4313=VERTEX_POINT('',#15480);
#4314=VERTEX_POINT('',#15482);
#4315=VERTEX_POINT('',#15484);
#4316=VERTEX_POINT('',#15486);
#4317=VERTEX_POINT('',#15488);
#4318=VERTEX_POINT('',#15490);
#4319=VERTEX_POINT('',#15492);
#4320=VERTEX_POINT('',#15494);
#4321=VERTEX_POINT('',#15496);
#4322=VERTEX_POINT('',#15498);
#4323=VERTEX_POINT('',#15500);
#4324=VERTEX_POINT('',#15502);
#4325=VERTEX_POINT('',#15504);
#4326=VERTEX_POINT('',#15506);
#4327=VERTEX_POINT('',#15508);
#4328=VERTEX_POINT('',#15510);
#4329=VERTEX_POINT('',#15512);
#4330=VERTEX_POINT('',#15514);
#4331=VERTEX_POINT('',#15516);
#4332=VERTEX_POINT('',#15518);
#4333=VERTEX_POINT('',#15520);
#4334=VERTEX_POINT('',#15522);
#4335=VERTEX_POINT('',#15524);
#4336=VERTEX_POINT('',#15526);
#4337=VERTEX_POINT('',#15528);
#4338=VERTEX_POINT('',#15530);
#4339=VERTEX_POINT('',#15532);
#4340=VERTEX_POINT('',#15534);
#4341=VERTEX_POINT('',#15536);
#4342=VERTEX_POINT('',#15538);
#4343=VERTEX_POINT('',#15540);
#4344=VERTEX_POINT('',#15542);
#4345=VERTEX_POINT('',#15544);
#4346=VERTEX_POINT('',#15546);
#4347=VERTEX_POINT('',#15548);
#4348=VERTEX_POINT('',#15550);
#4349=VERTEX_POINT('',#15552);
#4350=VERTEX_POINT('',#15554);
#4351=VERTEX_POINT('',#15556);
#4352=VERTEX_POINT('',#15558);
#4353=VERTEX_POINT('',#15560);
#4354=VERTEX_POINT('',#15562);
#4355=VERTEX_POINT('',#15565);
#4356=VERTEX_POINT('',#15567);
#4357=VERTEX_POINT('',#15569);
#4358=VERTEX_POINT('',#15571);
#4359=VERTEX_POINT('',#15573);
#4360=VERTEX_POINT('',#15575);
#4361=VERTEX_POINT('',#15577);
#4362=VERTEX_POINT('',#15579);
#4363=VERTEX_POINT('',#15582);
#4364=VERTEX_POINT('',#15586);
#4365=VERTEX_POINT('',#15590);
#4366=VERTEX_POINT('',#15596);
#4367=VERTEX_POINT('',#15601);
#4368=VERTEX_POINT('',#15606);
#4369=VERTEX_POINT('',#15611);
#4370=VERTEX_POINT('',#15616);
#4371=VERTEX_POINT('',#15621);
#4372=VERTEX_POINT('',#15626);
#4373=VERTEX_POINT('',#15631);
#4374=VERTEX_POINT('',#15636);
#4375=VERTEX_POINT('',#15638);
#4376=VERTEX_POINT('',#15642);
#4377=VERTEX_POINT('',#15646);
#4378=VERTEX_POINT('',#15650);
#4379=VERTEX_POINT('',#15654);
#4380=VERTEX_POINT('',#15656);
#4381=VERTEX_POINT('',#15660);
#4382=VERTEX_POINT('',#15664);
#4383=VERTEX_POINT('',#15668);
#4384=VERTEX_POINT('',#15672);
#4385=VERTEX_POINT('',#15674);
#4386=VERTEX_POINT('',#15678);
#4387=VERTEX_POINT('',#15682);
#4388=VERTEX_POINT('',#15686);
#4389=VERTEX_POINT('',#15690);
#4390=VERTEX_POINT('',#15692);
#4391=VERTEX_POINT('',#15696);
#4392=VERTEX_POINT('',#15700);
#4393=VERTEX_POINT('',#15704);
#4394=VERTEX_POINT('',#15706);
#4395=VERTEX_POINT('',#15710);
#4396=VERTEX_POINT('',#15714);
#4397=VERTEX_POINT('',#15718);
#4398=VERTEX_POINT('',#15720);
#4399=VERTEX_POINT('',#15724);
#4400=VERTEX_POINT('',#15728);
#4401=VERTEX_POINT('',#15732);
#4402=VERTEX_POINT('',#15734);
#4403=VERTEX_POINT('',#15738);
#4404=VERTEX_POINT('',#15742);
#4405=VERTEX_POINT('',#15746);
#4406=VERTEX_POINT('',#15750);
#4407=VERTEX_POINT('',#15754);
#4408=VERTEX_POINT('',#15758);
#4409=VERTEX_POINT('',#15762);
#4410=VERTEX_POINT('',#15766);
#4411=VERTEX_POINT('',#15770);
#4412=VERTEX_POINT('',#15774);
#4413=VERTEX_POINT('',#15778);
#4414=VERTEX_POINT('',#15782);
#4415=VERTEX_POINT('',#15786);
#4416=VERTEX_POINT('',#15790);
#4417=VERTEX_POINT('',#15791);
#4418=VERTEX_POINT('',#15793);
#4419=VERTEX_POINT('',#15795);
#4420=VERTEX_POINT('',#15799);
#4421=VERTEX_POINT('',#15800);
#4422=VERTEX_POINT('',#15802);
#4423=VERTEX_POINT('',#15804);
#4424=VERTEX_POINT('',#15808);
#4425=VERTEX_POINT('',#15809);
#4426=VERTEX_POINT('',#15811);
#4427=VERTEX_POINT('',#15813);
#4428=VERTEX_POINT('',#15817);
#4429=VERTEX_POINT('',#15818);
#4430=VERTEX_POINT('',#15820);
#4431=VERTEX_POINT('',#15822);
#4432=VERTEX_POINT('',#15826);
#4433=VERTEX_POINT('',#15828);
#4434=VERTEX_POINT('',#15830);
#4435=VERTEX_POINT('',#15832);
#4436=VERTEX_POINT('',#15836);
#4437=VERTEX_POINT('',#15838);
#4438=VERTEX_POINT('',#15842);
#4439=VERTEX_POINT('',#15846);
#4440=VERTEX_POINT('',#15847);
#4441=VERTEX_POINT('',#15852);
#4442=VERTEX_POINT('',#15853);
#4443=VERTEX_POINT('',#15855);
#4444=VERTEX_POINT('',#15857);
#4445=VERTEX_POINT('',#15864);
#4446=VERTEX_POINT('',#15866);
#4447=VERTEX_POINT('',#15870);
#4448=VERTEX_POINT('',#15872);
#4449=VERTEX_POINT('',#15875);
#4450=VERTEX_POINT('',#15877);
#4451=VERTEX_POINT('',#15879);
#4452=VERTEX_POINT('',#15881);
#4453=VERTEX_POINT('',#15883);
#4454=VERTEX_POINT('',#15885);
#4455=VERTEX_POINT('',#15887);
#4456=VERTEX_POINT('',#15889);
#4457=VERTEX_POINT('',#15891);
#4458=VERTEX_POINT('',#15893);
#4459=VERTEX_POINT('',#15895);
#4460=VERTEX_POINT('',#15897);
#4461=VERTEX_POINT('',#15899);
#4462=VERTEX_POINT('',#15901);
#4463=VERTEX_POINT('',#15903);
#4464=VERTEX_POINT('',#15905);
#4465=VERTEX_POINT('',#15907);
#4466=VERTEX_POINT('',#15909);
#4467=VERTEX_POINT('',#15911);
#4468=VERTEX_POINT('',#15914);
#4469=VERTEX_POINT('',#15916);
#4470=VERTEX_POINT('',#15919);
#4471=VERTEX_POINT('',#15921);
#4472=VERTEX_POINT('',#15925);
#4473=VERTEX_POINT('',#15929);
#4474=VERTEX_POINT('',#15933);
#4475=VERTEX_POINT('',#15937);
#4476=VERTEX_POINT('',#15941);
#4477=VERTEX_POINT('',#15945);
#4478=VERTEX_POINT('',#15949);
#4479=VERTEX_POINT('',#15953);
#4480=VERTEX_POINT('',#15957);
#4481=VERTEX_POINT('',#15961);
#4482=VERTEX_POINT('',#15962);
#4483=VERTEX_POINT('',#15969);
#4484=VERTEX_POINT('',#15970);
#4485=VERTEX_POINT('',#15975);
#4486=VERTEX_POINT('',#15979);
#4487=VERTEX_POINT('',#15981);
#4488=VERTEX_POINT('',#15985);
#4489=VERTEX_POINT('',#15987);
#4490=VERTEX_POINT('',#15989);
#4491=VERTEX_POINT('',#15991);
#4492=VERTEX_POINT('',#15995);
#4493=VERTEX_POINT('',#15998);
#4494=VERTEX_POINT('',#16000);
#4495=VERTEX_POINT('',#16002);
#4496=VERTEX_POINT('',#16004);
#4497=VERTEX_POINT('',#16006);
#4498=VERTEX_POINT('',#16008);
#4499=VERTEX_POINT('',#16011);
#4500=VERTEX_POINT('',#16013);
#4501=VERTEX_POINT('',#16015);
#4502=VERTEX_POINT('',#16017);
#4503=VERTEX_POINT('',#16019);
#4504=VERTEX_POINT('',#16021);
#4505=VERTEX_POINT('',#16024);
#4506=VERTEX_POINT('',#16026);
#4507=VERTEX_POINT('',#16028);
#4508=VERTEX_POINT('',#16030);
#4509=VERTEX_POINT('',#16032);
#4510=VERTEX_POINT('',#16035);
#4511=VERTEX_POINT('',#16037);
#4512=VERTEX_POINT('',#16039);
#4513=VERTEX_POINT('',#16041);
#4514=VERTEX_POINT('',#16043);
#4515=VERTEX_POINT('',#16046);
#4516=VERTEX_POINT('',#16048);
#4517=VERTEX_POINT('',#16050);
#4518=VERTEX_POINT('',#16052);
#4519=VERTEX_POINT('',#16056);
#4520=VERTEX_POINT('',#16058);
#4521=VERTEX_POINT('',#16060);
#4522=VERTEX_POINT('',#16063);
#4523=VERTEX_POINT('',#16065);
#4524=VERTEX_POINT('',#16067);
#4525=VERTEX_POINT('',#16069);
#4526=VERTEX_POINT('',#16071);
#4527=VERTEX_POINT('',#16073);
#4528=VERTEX_POINT('',#16076);
#4529=VERTEX_POINT('',#16078);
#4530=VERTEX_POINT('',#16080);
#4531=VERTEX_POINT('',#16082);
#4532=VERTEX_POINT('',#16084);
#4533=VERTEX_POINT('',#16086);
#4534=VERTEX_POINT('',#16089);
#4535=VERTEX_POINT('',#16091);
#4536=VERTEX_POINT('',#16094);
#4537=VERTEX_POINT('',#16097);
#4538=VERTEX_POINT('',#16099);
#4539=VERTEX_POINT('',#16101);
#4540=VERTEX_POINT('',#16103);
#4541=VERTEX_POINT('',#16105);
#4542=VERTEX_POINT('',#16107);
#4543=VERTEX_POINT('',#16109);
#4544=VERTEX_POINT('',#16112);
#4545=VERTEX_POINT('',#16114);
#4546=VERTEX_POINT('',#16116);
#4547=VERTEX_POINT('',#16118);
#4548=VERTEX_POINT('',#16120);
#4549=VERTEX_POINT('',#16122);
#4550=VERTEX_POINT('',#16124);
#4551=VERTEX_POINT('',#16126);
#4552=VERTEX_POINT('',#16128);
#4553=VERTEX_POINT('',#16130);
#4554=VERTEX_POINT('',#16132);
#4555=VERTEX_POINT('',#16134);
#4556=VERTEX_POINT('',#16136);
#4557=VERTEX_POINT('',#16139);
#4558=VERTEX_POINT('',#16141);
#4559=VERTEX_POINT('',#16143);
#4560=VERTEX_POINT('',#16145);
#4561=VERTEX_POINT('',#16147);
#4562=VERTEX_POINT('',#16149);
#4563=VERTEX_POINT('',#16151);
#4564=VERTEX_POINT('',#16153);
#4565=VERTEX_POINT('',#16155);
#4566=VERTEX_POINT('',#16159);
#4567=VERTEX_POINT('',#16163);
#4568=VERTEX_POINT('',#16166);
#4569=VERTEX_POINT('',#16168);
#4570=VERTEX_POINT('',#16172);
#4571=VERTEX_POINT('',#16179);
#4572=VERTEX_POINT('',#16182);
#4573=VERTEX_POINT('',#16185);
#4574=VERTEX_POINT('',#16196);
#4575=VERTEX_POINT('',#16198);
#4576=VERTEX_POINT('',#16204);
#4577=VERTEX_POINT('',#16206);
#4578=VERTEX_POINT('',#16210);
#4579=VERTEX_POINT('',#16216);
#4580=VERTEX_POINT('',#16220);
#4581=VERTEX_POINT('',#16224);
#4582=VERTEX_POINT('',#16228);
#4583=VERTEX_POINT('',#16232);
#4584=VERTEX_POINT('',#16236);
#4585=VERTEX_POINT('',#16242);
#4586=VERTEX_POINT('',#16246);
#4587=VERTEX_POINT('',#16250);
#4588=VERTEX_POINT('',#16254);
#4589=VERTEX_POINT('',#16260);
#4590=VERTEX_POINT('',#16264);
#4591=VERTEX_POINT('',#16268);
#4592=VERTEX_POINT('',#16272);
#4593=VERTEX_POINT('',#16276);
#4594=VERTEX_POINT('',#16280);
#4595=VERTEX_POINT('',#16284);
#4596=VERTEX_POINT('',#16288);
#4597=VERTEX_POINT('',#16292);
#4598=VERTEX_POINT('',#16296);
#4599=VERTEX_POINT('',#16300);
#4600=VERTEX_POINT('',#16304);
#4601=VERTEX_POINT('',#16308);
#4602=VERTEX_POINT('',#16312);
#4603=VERTEX_POINT('',#16365);
#4604=VERTEX_POINT('',#16369);
#4605=VERTEX_POINT('',#16371);
#4606=VERTEX_POINT('',#16375);
#4607=VERTEX_POINT('',#16381);
#4608=VERTEX_POINT('',#16385);
#4609=VERTEX_POINT('',#16389);
#4610=VERTEX_POINT('',#16393);
#4611=VERTEX_POINT('',#16399);
#4612=VERTEX_POINT('',#16400);
#4613=VERTEX_POINT('',#16402);
#4614=VERTEX_POINT('',#16404);
#4615=VERTEX_POINT('',#16408);
#4616=VERTEX_POINT('',#16409);
#4617=VERTEX_POINT('',#16414);
#4618=VERTEX_POINT('',#16415);
#4619=VERTEX_POINT('',#16420);
#4620=VERTEX_POINT('',#16421);
#4621=VERTEX_POINT('',#16426);
#4622=VERTEX_POINT('',#16431);
#4623=VERTEX_POINT('',#16435);
#4624=VERTEX_POINT('',#16436);
#4625=VERTEX_POINT('',#16450);
#4626=VERTEX_POINT('',#16451);
#4627=VERTEX_POINT('',#16453);
#4628=VERTEX_POINT('',#16455);
#4629=VERTEX_POINT('',#16457);
#4630=VERTEX_POINT('',#16459);
#4631=VERTEX_POINT('',#16461);
#4632=VERTEX_POINT('',#16463);
#4633=VERTEX_POINT('',#16466);
#4634=VERTEX_POINT('',#16467);
#4635=VERTEX_POINT('',#16469);
#4636=VERTEX_POINT('',#16471);
#4637=VERTEX_POINT('',#16473);
#4638=VERTEX_POINT('',#16475);
#4639=VERTEX_POINT('',#16477);
#4640=VERTEX_POINT('',#16480);
#4641=VERTEX_POINT('',#16481);
#4642=VERTEX_POINT('',#16483);
#4643=VERTEX_POINT('',#16485);
#4644=VERTEX_POINT('',#16487);
#4645=VERTEX_POINT('',#16489);
#4646=VERTEX_POINT('',#16491);
#4647=VERTEX_POINT('',#16493);
#4648=VERTEX_POINT('',#16496);
#4649=VERTEX_POINT('',#16497);
#4650=VERTEX_POINT('',#16499);
#4651=VERTEX_POINT('',#16501);
#4652=VERTEX_POINT('',#16503);
#4653=VERTEX_POINT('',#16505);
#4654=VERTEX_POINT('',#16507);
#4655=VERTEX_POINT('',#16509);
#4656=VERTEX_POINT('',#16512);
#4657=VERTEX_POINT('',#16513);
#4658=VERTEX_POINT('',#16515);
#4659=VERTEX_POINT('',#16517);
#4660=VERTEX_POINT('',#16519);
#4661=VERTEX_POINT('',#16521);
#4662=VERTEX_POINT('',#16523);
#4663=VERTEX_POINT('',#16525);
#4664=VERTEX_POINT('',#16528);
#4665=VERTEX_POINT('',#16529);
#4666=VERTEX_POINT('',#16531);
#4667=VERTEX_POINT('',#16533);
#4668=VERTEX_POINT('',#16535);
#4669=VERTEX_POINT('',#16537);
#4670=VERTEX_POINT('',#16539);
#4671=VERTEX_POINT('',#16541);
#4672=VERTEX_POINT('',#16544);
#4673=VERTEX_POINT('',#16545);
#4674=VERTEX_POINT('',#16547);
#4675=VERTEX_POINT('',#16549);
#4676=VERTEX_POINT('',#16551);
#4677=VERTEX_POINT('',#16553);
#4678=VERTEX_POINT('',#16555);
#4679=VERTEX_POINT('',#16558);
#4680=VERTEX_POINT('',#16559);
#4681=VERTEX_POINT('',#16561);
#4682=VERTEX_POINT('',#16563);
#4683=VERTEX_POINT('',#16565);
#4684=VERTEX_POINT('',#16567);
#4685=VERTEX_POINT('',#16569);
#4686=VERTEX_POINT('',#16571);
#4687=VERTEX_POINT('',#16574);
#4688=VERTEX_POINT('',#16575);
#4689=VERTEX_POINT('',#16577);
#4690=VERTEX_POINT('',#16579);
#4691=VERTEX_POINT('',#16581);
#4692=VERTEX_POINT('',#16583);
#4693=VERTEX_POINT('',#16585);
#4694=VERTEX_POINT('',#16587);
#4695=VERTEX_POINT('',#16589);
#4696=VERTEX_POINT('',#16591);
#4697=VERTEX_POINT('',#16593);
#4698=VERTEX_POINT('',#16595);
#4699=VERTEX_POINT('',#16597);
#4700=VERTEX_POINT('',#16599);
#4701=VERTEX_POINT('',#16601);
#4702=VERTEX_POINT('',#16603);
#4703=VERTEX_POINT('',#16620);
#4704=VERTEX_POINT('',#16624);
#4705=VERTEX_POINT('',#16628);
#4706=VERTEX_POINT('',#16632);
#4707=VERTEX_POINT('',#16652);
#4708=VERTEX_POINT('',#16657);
#4709=VERTEX_POINT('',#16661);
#4710=VERTEX_POINT('',#16690);
#4711=VERTEX_POINT('',#16694);
#4712=VERTEX_POINT('',#16709);
#4713=VERTEX_POINT('',#16710);
#4714=VERTEX_POINT('',#16715);
#4715=VERTEX_POINT('',#16719);
#4716=VERTEX_POINT('',#16728);
#4717=VERTEX_POINT('',#16742);
#4718=VERTEX_POINT('',#16755);
#4719=VERTEX_POINT('',#16763);
#4720=VERTEX_POINT('',#16765);
#4721=VERTEX_POINT('',#16855);
#4722=VERTEX_POINT('',#16857);
#4723=VERTEX_POINT('',#16862);
#4724=VERTEX_POINT('',#16864);
#4725=VERTEX_POINT('',#16869);
#4726=VERTEX_POINT('',#16871);
#4727=VERTEX_POINT('',#16876);
#4728=VERTEX_POINT('',#16878);
#4729=VERTEX_POINT('',#16883);
#4730=VERTEX_POINT('',#16885);
#4731=VERTEX_POINT('',#16890);
#4732=VERTEX_POINT('',#16892);
#4733=VERTEX_POINT('',#16897);
#4734=VERTEX_POINT('',#16899);
#4735=EDGE_CURVE('',#3800,#3801,#3480,.T.);
#4736=EDGE_CURVE('',#3800,#3802,#1796,.T.);
#4737=EDGE_CURVE('',#3802,#3803,#3481,.T.);
#4738=EDGE_CURVE('',#3801,#3803,#1797,.T.);
#4739=EDGE_CURVE('',#3804,#3800,#1798,.T.);
#4740=EDGE_CURVE('',#3804,#3805,#1799,.T.);
#4741=EDGE_CURVE('',#3805,#3802,#1800,.T.);
#4742=EDGE_CURVE('',#3806,#3804,#1801,.T.);
#4743=EDGE_CURVE('',#3806,#3807,#1802,.T.);
#4744=EDGE_CURVE('',#3807,#3805,#1803,.T.);
#4745=EDGE_CURVE('',#3808,#3806,#1804,.T.);
#4746=EDGE_CURVE('',#3808,#3809,#1805,.T.);
#4747=EDGE_CURVE('',#3809,#3807,#1806,.T.);
#4748=EDGE_CURVE('',#3810,#3808,#3482,.T.);
#4749=EDGE_CURVE('',#3810,#3811,#1807,.T.);
#4750=EDGE_CURVE('',#3811,#3809,#3483,.T.);
#4751=EDGE_CURVE('',#3812,#3810,#3484,.T.);
#4752=EDGE_CURVE('',#3812,#3813,#1808,.T.);
#4753=EDGE_CURVE('',#3813,#3811,#3485,.T.);
#4754=EDGE_CURVE('',#3814,#3812,#1809,.T.);
#4755=EDGE_CURVE('',#3814,#3815,#1810,.T.);
#4756=EDGE_CURVE('',#3815,#3813,#1811,.T.);
#4757=EDGE_CURVE('',#3816,#3814,#1812,.T.);
#4758=EDGE_CURVE('',#3816,#3817,#1813,.T.);
#4759=EDGE_CURVE('',#3817,#3815,#1814,.T.);
#4760=EDGE_CURVE('',#3818,#3816,#1815,.T.);
#4761=EDGE_CURVE('',#3818,#3819,#1816,.T.);
#4762=EDGE_CURVE('',#3819,#3817,#1817,.T.);
#4763=EDGE_CURVE('',#3820,#3818,#1818,.T.);
#4764=EDGE_CURVE('',#3820,#3821,#1819,.T.);
#4765=EDGE_CURVE('',#3821,#3819,#1820,.T.);
#4766=EDGE_CURVE('',#3822,#3820,#1821,.T.);
#4767=EDGE_CURVE('',#3822,#3823,#1822,.T.);
#4768=EDGE_CURVE('',#3823,#3821,#1823,.T.);
#4769=EDGE_CURVE('',#3824,#3822,#1824,.T.);
#4770=EDGE_CURVE('',#3824,#3825,#1825,.T.);
#4771=EDGE_CURVE('',#3825,#3823,#1826,.T.);
#4772=EDGE_CURVE('',#3826,#3824,#1827,.T.);
#4773=EDGE_CURVE('',#3826,#3827,#1828,.T.);
#4774=EDGE_CURVE('',#3827,#3825,#1829,.T.);
#4775=EDGE_CURVE('',#3828,#3826,#1830,.T.);
#4776=EDGE_CURVE('',#3828,#3829,#1831,.T.);
#4777=EDGE_CURVE('',#3829,#3827,#1832,.T.);
#4778=EDGE_CURVE('',#3830,#3828,#1833,.T.);
#4779=EDGE_CURVE('',#3830,#3831,#1834,.T.);
#4780=EDGE_CURVE('',#3831,#3829,#1835,.T.);
#4781=EDGE_CURVE('',#3832,#3830,#1836,.T.);
#4782=EDGE_CURVE('',#3832,#3833,#1837,.T.);
#4783=EDGE_CURVE('',#3833,#3831,#1838,.T.);
#4784=EDGE_CURVE('',#3801,#3832,#3486,.T.);
#4785=EDGE_CURVE('',#3803,#3833,#3487,.T.);
#4786=EDGE_CURVE('',#3834,#3835,#3488,.T.);
#4787=EDGE_CURVE('',#3834,#3836,#1839,.T.);
#4788=EDGE_CURVE('',#3836,#3837,#3489,.T.);
#4789=EDGE_CURVE('',#3835,#3837,#1840,.T.);
#4790=EDGE_CURVE('',#3838,#3834,#3490,.T.);
#4791=EDGE_CURVE('',#3838,#3839,#1841,.T.);
#4792=EDGE_CURVE('',#3839,#3836,#3491,.T.);
#4793=EDGE_CURVE('',#3840,#3838,#3492,.T.);
#4794=EDGE_CURVE('',#3840,#3841,#1842,.T.);
#4795=EDGE_CURVE('',#3841,#3839,#3493,.T.);
#4796=EDGE_CURVE('',#3842,#3840,#3494,.T.);
#4797=EDGE_CURVE('',#3842,#3843,#1843,.T.);
#4798=EDGE_CURVE('',#3843,#3841,#3495,.T.);
#4799=EDGE_CURVE('',#3844,#3842,#3496,.T.);
#4800=EDGE_CURVE('',#3844,#3845,#1844,.T.);
#4801=EDGE_CURVE('',#3845,#3843,#3497,.T.);
#4802=EDGE_CURVE('',#3846,#3844,#1845,.T.);
#4803=EDGE_CURVE('',#3846,#3847,#1846,.T.);
#4804=EDGE_CURVE('',#3847,#3845,#1847,.T.);
#4805=EDGE_CURVE('',#3848,#3846,#3498,.T.);
#4806=EDGE_CURVE('',#3848,#3849,#1848,.T.);
#4807=EDGE_CURVE('',#3849,#3847,#3499,.T.);
#4808=EDGE_CURVE('',#3850,#3848,#3500,.T.);
#4809=EDGE_CURVE('',#3850,#3851,#1849,.T.);
#4810=EDGE_CURVE('',#3851,#3849,#3501,.T.);
#4811=EDGE_CURVE('',#3852,#3850,#3502,.T.);
#4812=EDGE_CURVE('',#3852,#3853,#1850,.T.);
#4813=EDGE_CURVE('',#3853,#3851,#3503,.T.);
#4814=EDGE_CURVE('',#3854,#3852,#3504,.T.);
#4815=EDGE_CURVE('',#3854,#3855,#1851,.T.);
#4816=EDGE_CURVE('',#3855,#3853,#3505,.T.);
#4817=EDGE_CURVE('',#3856,#3854,#3506,.T.);
#4818=EDGE_CURVE('',#3856,#3857,#1852,.T.);
#4819=EDGE_CURVE('',#3857,#3855,#3507,.T.);
#4820=EDGE_CURVE('',#3858,#3856,#3508,.T.);
#4821=EDGE_CURVE('',#3858,#3859,#1853,.T.);
#4822=EDGE_CURVE('',#3859,#3857,#3509,.T.);
#4823=EDGE_CURVE('',#3860,#3858,#3510,.T.);
#4824=EDGE_CURVE('',#3860,#3861,#1854,.T.);
#4825=EDGE_CURVE('',#3861,#3859,#3511,.T.);
#4826=EDGE_CURVE('',#3862,#3860,#3512,.T.);
#4827=EDGE_CURVE('',#3862,#3863,#1855,.T.);
#4828=EDGE_CURVE('',#3863,#3861,#3513,.T.);
#4829=EDGE_CURVE('',#3864,#3862,#3514,.T.);
#4830=EDGE_CURVE('',#3864,#3865,#1856,.T.);
#4831=EDGE_CURVE('',#3865,#3863,#3515,.T.);
#4832=EDGE_CURVE('',#3866,#3864,#3516,.T.);
#4833=EDGE_CURVE('',#3866,#3867,#1857,.T.);
#4834=EDGE_CURVE('',#3867,#3865,#3517,.T.);
#4835=EDGE_CURVE('',#3868,#3866,#3518,.T.);
#4836=EDGE_CURVE('',#3868,#3869,#1858,.T.);
#4837=EDGE_CURVE('',#3869,#3867,#3519,.T.);
#4838=EDGE_CURVE('',#3870,#3868,#3520,.T.);
#4839=EDGE_CURVE('',#3870,#3871,#1859,.T.);
#4840=EDGE_CURVE('',#3871,#3869,#3521,.T.);
#4841=EDGE_CURVE('',#3872,#3870,#1860,.T.);
#4842=EDGE_CURVE('',#3872,#3873,#1861,.T.);
#4843=EDGE_CURVE('',#3873,#3871,#1862,.T.);
#4844=EDGE_CURVE('',#3874,#3872,#3522,.T.);
#4845=EDGE_CURVE('',#3874,#3875,#1863,.T.);
#4846=EDGE_CURVE('',#3875,#3873,#3523,.T.);
#4847=EDGE_CURVE('',#3876,#3874,#3524,.T.);
#4848=EDGE_CURVE('',#3876,#3877,#1864,.T.);
#4849=EDGE_CURVE('',#3877,#3875,#3525,.T.);
#4850=EDGE_CURVE('',#3878,#3876,#3526,.T.);
#4851=EDGE_CURVE('',#3878,#3879,#1865,.T.);
#4852=EDGE_CURVE('',#3879,#3877,#3527,.T.);
#4853=EDGE_CURVE('',#3880,#3878,#3528,.T.);
#4854=EDGE_CURVE('',#3880,#3881,#1866,.T.);
#4855=EDGE_CURVE('',#3881,#3879,#3529,.T.);
#4856=EDGE_CURVE('',#3882,#3880,#3530,.T.);
#4857=EDGE_CURVE('',#3882,#3883,#1867,.T.);
#4858=EDGE_CURVE('',#3883,#3881,#3531,.T.);
#4859=EDGE_CURVE('',#3884,#3882,#3532,.T.);
#4860=EDGE_CURVE('',#3884,#3885,#1868,.T.);
#4861=EDGE_CURVE('',#3885,#3883,#3533,.T.);
#4862=EDGE_CURVE('',#3835,#3884,#3534,.T.);
#4863=EDGE_CURVE('',#3837,#3885,#3535,.T.);
#4864=EDGE_CURVE('',#3886,#3887,#3536,.T.);
#4865=EDGE_CURVE('',#3886,#3888,#1869,.T.);
#4866=EDGE_CURVE('',#3888,#3889,#3537,.T.);
#4867=EDGE_CURVE('',#3887,#3889,#1870,.T.);
#4868=EDGE_CURVE('',#3890,#3886,#3538,.T.);
#4869=EDGE_CURVE('',#3890,#3891,#1871,.T.);
#4870=EDGE_CURVE('',#3891,#3888,#3539,.T.);
#4871=EDGE_CURVE('',#3892,#3890,#3540,.T.);
#4872=EDGE_CURVE('',#3892,#3893,#1872,.T.);
#4873=EDGE_CURVE('',#3893,#3891,#3541,.T.);
#4874=EDGE_CURVE('',#3894,#3892,#3542,.T.);
#4875=EDGE_CURVE('',#3894,#3895,#1873,.T.);
#4876=EDGE_CURVE('',#3895,#3893,#3543,.T.);
#4877=EDGE_CURVE('',#3896,#3894,#1874,.T.);
#4878=EDGE_CURVE('',#3896,#3897,#1875,.T.);
#4879=EDGE_CURVE('',#3897,#3895,#1876,.T.);
#4880=EDGE_CURVE('',#3898,#3896,#3544,.T.);
#4881=EDGE_CURVE('',#3898,#3899,#1877,.T.);
#4882=EDGE_CURVE('',#3899,#3897,#3545,.T.);
#4883=EDGE_CURVE('',#3900,#3898,#3546,.T.);
#4884=EDGE_CURVE('',#3900,#3901,#1878,.T.);
#4885=EDGE_CURVE('',#3901,#3899,#3547,.T.);
#4886=EDGE_CURVE('',#3902,#3900,#3548,.T.);
#4887=EDGE_CURVE('',#3902,#3903,#1879,.T.);
#4888=EDGE_CURVE('',#3903,#3901,#3549,.T.);
#4889=EDGE_CURVE('',#3904,#3902,#3550,.T.);
#4890=EDGE_CURVE('',#3904,#3905,#1880,.T.);
#4891=EDGE_CURVE('',#3905,#3903,#3551,.T.);
#4892=EDGE_CURVE('',#3906,#3904,#3552,.T.);
#4893=EDGE_CURVE('',#3906,#3907,#1881,.T.);
#4894=EDGE_CURVE('',#3907,#3905,#3553,.T.);
#4895=EDGE_CURVE('',#3908,#3906,#3554,.T.);
#4896=EDGE_CURVE('',#3908,#3909,#1882,.T.);
#4897=EDGE_CURVE('',#3909,#3907,#3555,.T.);
#4898=EDGE_CURVE('',#3910,#3908,#3556,.T.);
#4899=EDGE_CURVE('',#3910,#3911,#1883,.T.);
#4900=EDGE_CURVE('',#3911,#3909,#3557,.T.);
#4901=EDGE_CURVE('',#3912,#3910,#3558,.T.);
#4902=EDGE_CURVE('',#3912,#3913,#1884,.T.);
#4903=EDGE_CURVE('',#3913,#3911,#3559,.T.);
#4904=EDGE_CURVE('',#3914,#3912,#3560,.T.);
#4905=EDGE_CURVE('',#3914,#3915,#1885,.T.);
#4906=EDGE_CURVE('',#3915,#3913,#3561,.T.);
#4907=EDGE_CURVE('',#3916,#3914,#3562,.T.);
#4908=EDGE_CURVE('',#3916,#3917,#1886,.T.);
#4909=EDGE_CURVE('',#3917,#3915,#3563,.T.);
#4910=EDGE_CURVE('',#3918,#3916,#3564,.T.);
#4911=EDGE_CURVE('',#3918,#3919,#1887,.T.);
#4912=EDGE_CURVE('',#3919,#3917,#3565,.T.);
#4913=EDGE_CURVE('',#3920,#3918,#3566,.T.);
#4914=EDGE_CURVE('',#3920,#3921,#1888,.T.);
#4915=EDGE_CURVE('',#3921,#3919,#3567,.T.);
#4916=EDGE_CURVE('',#3922,#3920,#1889,.T.);
#4917=EDGE_CURVE('',#3922,#3923,#1890,.T.);
#4918=EDGE_CURVE('',#3923,#3921,#1891,.T.);
#4919=EDGE_CURVE('',#3924,#3922,#3568,.T.);
#4920=EDGE_CURVE('',#3924,#3925,#1892,.T.);
#4921=EDGE_CURVE('',#3925,#3923,#3569,.T.);
#4922=EDGE_CURVE('',#3926,#3924,#3570,.T.);
#4923=EDGE_CURVE('',#3926,#3927,#1893,.T.);
#4924=EDGE_CURVE('',#3927,#3925,#3571,.T.);
#4925=EDGE_CURVE('',#3928,#3926,#3572,.T.);
#4926=EDGE_CURVE('',#3928,#3929,#1894,.T.);
#4927=EDGE_CURVE('',#3929,#3927,#3573,.T.);
#4928=EDGE_CURVE('',#3930,#3928,#3574,.T.);
#4929=EDGE_CURVE('',#3930,#3931,#1895,.T.);
#4930=EDGE_CURVE('',#3931,#3929,#3575,.T.);
#4931=EDGE_CURVE('',#3932,#3930,#3576,.T.);
#4932=EDGE_CURVE('',#3932,#3933,#1896,.T.);
#4933=EDGE_CURVE('',#3933,#3931,#3577,.T.);
#4934=EDGE_CURVE('',#3934,#3932,#3578,.T.);
#4935=EDGE_CURVE('',#3934,#3935,#1897,.T.);
#4936=EDGE_CURVE('',#3935,#3933,#3579,.T.);
#4937=EDGE_CURVE('',#3936,#3934,#3580,.T.);
#4938=EDGE_CURVE('',#3936,#3937,#1898,.T.);
#4939=EDGE_CURVE('',#3937,#3935,#3581,.T.);
#4940=EDGE_CURVE('',#3887,#3936,#3582,.T.);
#4941=EDGE_CURVE('',#3889,#3937,#3583,.T.);
#4942=EDGE_CURVE('',#3938,#3939,#1899,.T.);
#4943=EDGE_CURVE('',#3938,#3940,#1900,.T.);
#4944=EDGE_CURVE('',#3940,#3941,#1901,.T.);
#4945=EDGE_CURVE('',#3939,#3941,#1902,.T.);
#4946=EDGE_CURVE('',#3942,#3938,#1903,.T.);
#4947=EDGE_CURVE('',#3942,#3943,#1904,.T.);
#4948=EDGE_CURVE('',#3943,#3940,#1905,.T.);
#4949=EDGE_CURVE('',#3944,#3942,#1906,.T.);
#4950=EDGE_CURVE('',#3944,#3945,#1907,.T.);
#4951=EDGE_CURVE('',#3945,#3943,#1908,.T.);
#4952=EDGE_CURVE('',#3946,#3944,#1909,.T.);
#4953=EDGE_CURVE('',#3946,#3947,#1910,.T.);
#4954=EDGE_CURVE('',#3947,#3945,#1911,.T.);
#4955=EDGE_CURVE('',#3948,#3946,#1912,.T.);
#4956=EDGE_CURVE('',#3948,#3949,#1913,.T.);
#4957=EDGE_CURVE('',#3949,#3947,#1914,.T.);
#4958=EDGE_CURVE('',#3950,#3948,#1915,.T.);
#4959=EDGE_CURVE('',#3950,#3951,#1916,.T.);
#4960=EDGE_CURVE('',#3951,#3949,#1917,.T.);
#4961=EDGE_CURVE('',#3952,#3950,#1918,.T.);
#4962=EDGE_CURVE('',#3952,#3953,#1919,.T.);
#4963=EDGE_CURVE('',#3953,#3951,#1920,.T.);
#4964=EDGE_CURVE('',#3954,#3952,#1921,.T.);
#4965=EDGE_CURVE('',#3954,#3955,#1922,.T.);
#4966=EDGE_CURVE('',#3955,#3953,#1923,.T.);
#4967=EDGE_CURVE('',#3956,#3954,#1924,.T.);
#4968=EDGE_CURVE('',#3956,#3957,#1925,.T.);
#4969=EDGE_CURVE('',#3957,#3955,#1926,.T.);
#4970=EDGE_CURVE('',#3958,#3956,#1927,.T.);
#4971=EDGE_CURVE('',#3958,#3959,#1928,.T.);
#4972=EDGE_CURVE('',#3959,#3957,#1929,.T.);
#4973=EDGE_CURVE('',#3960,#3958,#1930,.T.);
#4974=EDGE_CURVE('',#3960,#3961,#1931,.T.);
#4975=EDGE_CURVE('',#3961,#3959,#1932,.T.);
#4976=EDGE_CURVE('',#3939,#3960,#1933,.T.);
#4977=EDGE_CURVE('',#3941,#3961,#1934,.T.);
#4978=EDGE_CURVE('',#3962,#3963,#3584,.T.);
#4979=EDGE_CURVE('',#3962,#3964,#1935,.T.);
#4980=EDGE_CURVE('',#3964,#3965,#3585,.T.);
#4981=EDGE_CURVE('',#3963,#3965,#1936,.T.);
#4982=EDGE_CURVE('',#3966,#3962,#3586,.T.);
#4983=EDGE_CURVE('',#3966,#3967,#1937,.T.);
#4984=EDGE_CURVE('',#3967,#3964,#3587,.T.);
#4985=EDGE_CURVE('',#3968,#3966,#3588,.T.);
#4986=EDGE_CURVE('',#3968,#3969,#1938,.T.);
#4987=EDGE_CURVE('',#3969,#3967,#3589,.T.);
#4988=EDGE_CURVE('',#3970,#3968,#3590,.T.);
#4989=EDGE_CURVE('',#3970,#3971,#1939,.T.);
#4990=EDGE_CURVE('',#3971,#3969,#3591,.T.);
#4991=EDGE_CURVE('',#3972,#3970,#1940,.T.);
#4992=EDGE_CURVE('',#3972,#3973,#1941,.T.);
#4993=EDGE_CURVE('',#3973,#3971,#1942,.T.);
#4994=EDGE_CURVE('',#3974,#3972,#1943,.T.);
#4995=EDGE_CURVE('',#3974,#3975,#1944,.T.);
#4996=EDGE_CURVE('',#3975,#3973,#1945,.T.);
#4997=EDGE_CURVE('',#3976,#3974,#1946,.T.);
#4998=EDGE_CURVE('',#3976,#3977,#1947,.T.);
#4999=EDGE_CURVE('',#3977,#3975,#1948,.T.);
#5000=EDGE_CURVE('',#3978,#3976,#3592,.T.);
#5001=EDGE_CURVE('',#3978,#3979,#1949,.T.);
#5002=EDGE_CURVE('',#3979,#3977,#3593,.T.);
#5003=EDGE_CURVE('',#3980,#3978,#3594,.T.);
#5004=EDGE_CURVE('',#3980,#3981,#1950,.T.);
#5005=EDGE_CURVE('',#3981,#3979,#3595,.T.);
#5006=EDGE_CURVE('',#3982,#3980,#3596,.T.);
#5007=EDGE_CURVE('',#3982,#3983,#1951,.T.);
#5008=EDGE_CURVE('',#3983,#3981,#3597,.T.);
#5009=EDGE_CURVE('',#3984,#3982,#3598,.T.);
#5010=EDGE_CURVE('',#3984,#3985,#1952,.T.);
#5011=EDGE_CURVE('',#3985,#3983,#3599,.T.);
#5012=EDGE_CURVE('',#3986,#3984,#3600,.T.);
#5013=EDGE_CURVE('',#3986,#3987,#1953,.T.);
#5014=EDGE_CURVE('',#3987,#3985,#3601,.T.);
#5015=EDGE_CURVE('',#3988,#3986,#3602,.T.);
#5016=EDGE_CURVE('',#3988,#3989,#1954,.T.);
#5017=EDGE_CURVE('',#3989,#3987,#3603,.T.);
#5018=EDGE_CURVE('',#3990,#3988,#3604,.T.);
#5019=EDGE_CURVE('',#3990,#3991,#1955,.T.);
#5020=EDGE_CURVE('',#3991,#3989,#3605,.T.);
#5021=EDGE_CURVE('',#3992,#3990,#3606,.T.);
#5022=EDGE_CURVE('',#3992,#3993,#1956,.T.);
#5023=EDGE_CURVE('',#3993,#3991,#3607,.T.);
#5024=EDGE_CURVE('',#3994,#3992,#3608,.T.);
#5025=EDGE_CURVE('',#3994,#3995,#1957,.T.);
#5026=EDGE_CURVE('',#3995,#3993,#3609,.T.);
#5027=EDGE_CURVE('',#3996,#3994,#3610,.T.);
#5028=EDGE_CURVE('',#3996,#3997,#1958,.T.);
#5029=EDGE_CURVE('',#3997,#3995,#3611,.T.);
#5030=EDGE_CURVE('',#3998,#3996,#3612,.T.);
#5031=EDGE_CURVE('',#3998,#3999,#1959,.T.);
#5032=EDGE_CURVE('',#3999,#3997,#3613,.T.);
#5033=EDGE_CURVE('',#4000,#3998,#3614,.T.);
#5034=EDGE_CURVE('',#4000,#4001,#1960,.T.);
#5035=EDGE_CURVE('',#4001,#3999,#3615,.T.);
#5036=EDGE_CURVE('',#4002,#4000,#1961,.T.);
#5037=EDGE_CURVE('',#4002,#4003,#1962,.T.);
#5038=EDGE_CURVE('',#4003,#4001,#1963,.T.);
#5039=EDGE_CURVE('',#4004,#4002,#1964,.T.);
#5040=EDGE_CURVE('',#4004,#4005,#1965,.T.);
#5041=EDGE_CURVE('',#4005,#4003,#1966,.T.);
#5042=EDGE_CURVE('',#4006,#4004,#1967,.T.);
#5043=EDGE_CURVE('',#4006,#4007,#1968,.T.);
#5044=EDGE_CURVE('',#4007,#4005,#1969,.T.);
#5045=EDGE_CURVE('',#4008,#4006,#3616,.T.);
#5046=EDGE_CURVE('',#4008,#4009,#1970,.T.);
#5047=EDGE_CURVE('',#4009,#4007,#3617,.T.);
#5048=EDGE_CURVE('',#4010,#4008,#3618,.T.);
#5049=EDGE_CURVE('',#4010,#4011,#1971,.T.);
#5050=EDGE_CURVE('',#4011,#4009,#3619,.T.);
#5051=EDGE_CURVE('',#4012,#4010,#3620,.T.);
#5052=EDGE_CURVE('',#4012,#4013,#1972,.T.);
#5053=EDGE_CURVE('',#4013,#4011,#3621,.T.);
#5054=EDGE_CURVE('',#4014,#4012,#3622,.T.);
#5055=EDGE_CURVE('',#4014,#4015,#1973,.T.);
#5056=EDGE_CURVE('',#4015,#4013,#3623,.T.);
#5057=EDGE_CURVE('',#4016,#4014,#3624,.T.);
#5058=EDGE_CURVE('',#4016,#4017,#1974,.T.);
#5059=EDGE_CURVE('',#4017,#4015,#3625,.T.);
#5060=EDGE_CURVE('',#4018,#4016,#3626,.T.);
#5061=EDGE_CURVE('',#4018,#4019,#1975,.T.);
#5062=EDGE_CURVE('',#4019,#4017,#3627,.T.);
#5063=EDGE_CURVE('',#4020,#4018,#3628,.T.);
#5064=EDGE_CURVE('',#4020,#4021,#1976,.T.);
#5065=EDGE_CURVE('',#4021,#4019,#3629,.T.);
#5066=EDGE_CURVE('',#3963,#4020,#3630,.T.);
#5067=EDGE_CURVE('',#3965,#4021,#3631,.T.);
#5068=EDGE_CURVE('',#4022,#4023,#3632,.T.);
#5069=EDGE_CURVE('',#4022,#4024,#1977,.T.);
#5070=EDGE_CURVE('',#4024,#4025,#3633,.T.);
#5071=EDGE_CURVE('',#4023,#4025,#1978,.T.);
#5072=EDGE_CURVE('',#4026,#4022,#3634,.T.);
#5073=EDGE_CURVE('',#4026,#4027,#1979,.T.);
#5074=EDGE_CURVE('',#4027,#4024,#3635,.T.);
#5075=EDGE_CURVE('',#4028,#4026,#3636,.T.);
#5076=EDGE_CURVE('',#4028,#4029,#1980,.T.);
#5077=EDGE_CURVE('',#4029,#4027,#3637,.T.);
#5078=EDGE_CURVE('',#4030,#4028,#3638,.T.);
#5079=EDGE_CURVE('',#4030,#4031,#1981,.T.);
#5080=EDGE_CURVE('',#4031,#4029,#3639,.T.);
#5081=EDGE_CURVE('',#4032,#4030,#3640,.T.);
#5082=EDGE_CURVE('',#4032,#4033,#1982,.T.);
#5083=EDGE_CURVE('',#4033,#4031,#3641,.T.);
#5084=EDGE_CURVE('',#4034,#4032,#3642,.T.);
#5085=EDGE_CURVE('',#4034,#4035,#1983,.T.);
#5086=EDGE_CURVE('',#4035,#4033,#3643,.T.);
#5087=EDGE_CURVE('',#4036,#4034,#3644,.T.);
#5088=EDGE_CURVE('',#4036,#4037,#1984,.T.);
#5089=EDGE_CURVE('',#4037,#4035,#3645,.T.);
#5090=EDGE_CURVE('',#4038,#4036,#3646,.T.);
#5091=EDGE_CURVE('',#4038,#4039,#1985,.T.);
#5092=EDGE_CURVE('',#4039,#4037,#3647,.T.);
#5093=EDGE_CURVE('',#4040,#4038,#3648,.T.);
#5094=EDGE_CURVE('',#4040,#4041,#1986,.T.);
#5095=EDGE_CURVE('',#4041,#4039,#3649,.T.);
#5096=EDGE_CURVE('',#4042,#4040,#3650,.T.);
#5097=EDGE_CURVE('',#4042,#4043,#1987,.T.);
#5098=EDGE_CURVE('',#4043,#4041,#3651,.T.);
#5099=EDGE_CURVE('',#4044,#4042,#3652,.T.);
#5100=EDGE_CURVE('',#4044,#4045,#1988,.T.);
#5101=EDGE_CURVE('',#4045,#4043,#3653,.T.);
#5102=EDGE_CURVE('',#4046,#4044,#3654,.T.);
#5103=EDGE_CURVE('',#4046,#4047,#1989,.T.);
#5104=EDGE_CURVE('',#4047,#4045,#3655,.T.);
#5105=EDGE_CURVE('',#4048,#4046,#1990,.T.);
#5106=EDGE_CURVE('',#4048,#4049,#1991,.T.);
#5107=EDGE_CURVE('',#4049,#4047,#1992,.T.);
#5108=EDGE_CURVE('',#4050,#4048,#1993,.T.);
#5109=EDGE_CURVE('',#4050,#4051,#1994,.T.);
#5110=EDGE_CURVE('',#4051,#4049,#1995,.T.);
#5111=EDGE_CURVE('',#4023,#4050,#1996,.T.);
#5112=EDGE_CURVE('',#4025,#4051,#1997,.T.);
#5113=EDGE_CURVE('',#4052,#4053,#3656,.T.);
#5114=EDGE_CURVE('',#4052,#4054,#1998,.T.);
#5115=EDGE_CURVE('',#4054,#4055,#3657,.T.);
#5116=EDGE_CURVE('',#4053,#4055,#1999,.T.);
#5117=EDGE_CURVE('',#4056,#4052,#3658,.T.);
#5118=EDGE_CURVE('',#4056,#4057,#2000,.T.);
#5119=EDGE_CURVE('',#4057,#4054,#3659,.T.);
#5120=EDGE_CURVE('',#4058,#4056,#3660,.T.);
#5121=EDGE_CURVE('',#4058,#4059,#2001,.T.);
#5122=EDGE_CURVE('',#4059,#4057,#3661,.T.);
#5123=EDGE_CURVE('',#4060,#4058,#3662,.T.);
#5124=EDGE_CURVE('',#4060,#4061,#2002,.T.);
#5125=EDGE_CURVE('',#4061,#4059,#3663,.T.);
#5126=EDGE_CURVE('',#4062,#4060,#3664,.T.);
#5127=EDGE_CURVE('',#4062,#4063,#2003,.T.);
#5128=EDGE_CURVE('',#4063,#4061,#3665,.T.);
#5129=EDGE_CURVE('',#4064,#4062,#3666,.T.);
#5130=EDGE_CURVE('',#4064,#4065,#2004,.T.);
#5131=EDGE_CURVE('',#4065,#4063,#3667,.T.);
#5132=EDGE_CURVE('',#4066,#4064,#3668,.T.);
#5133=EDGE_CURVE('',#4066,#4067,#2005,.T.);
#5134=EDGE_CURVE('',#4067,#4065,#3669,.T.);
#5135=EDGE_CURVE('',#4068,#4066,#3670,.T.);
#5136=EDGE_CURVE('',#4068,#4069,#2006,.T.);
#5137=EDGE_CURVE('',#4069,#4067,#3671,.T.);
#5138=EDGE_CURVE('',#4070,#4068,#3672,.T.);
#5139=EDGE_CURVE('',#4070,#4071,#2007,.T.);
#5140=EDGE_CURVE('',#4071,#4069,#3673,.T.);
#5141=EDGE_CURVE('',#4072,#4070,#3674,.T.);
#5142=EDGE_CURVE('',#4072,#4073,#2008,.T.);
#5143=EDGE_CURVE('',#4073,#4071,#3675,.T.);
#5144=EDGE_CURVE('',#4074,#4072,#3676,.T.);
#5145=EDGE_CURVE('',#4074,#4075,#2009,.T.);
#5146=EDGE_CURVE('',#4075,#4073,#3677,.T.);
#5147=EDGE_CURVE('',#4076,#4074,#3678,.T.);
#5148=EDGE_CURVE('',#4076,#4077,#2010,.T.);
#5149=EDGE_CURVE('',#4077,#4075,#3679,.T.);
#5150=EDGE_CURVE('',#4078,#4076,#2011,.T.);
#5151=EDGE_CURVE('',#4078,#4079,#2012,.T.);
#5152=EDGE_CURVE('',#4079,#4077,#2013,.T.);
#5153=EDGE_CURVE('',#4080,#4078,#2014,.T.);
#5154=EDGE_CURVE('',#4080,#4081,#2015,.T.);
#5155=EDGE_CURVE('',#4081,#4079,#2016,.T.);
#5156=EDGE_CURVE('',#4082,#4080,#2017,.T.);
#5157=EDGE_CURVE('',#4082,#4083,#2018,.T.);
#5158=EDGE_CURVE('',#4083,#4081,#2019,.T.);
#5159=EDGE_CURVE('',#4084,#4082,#2020,.T.);
#5160=EDGE_CURVE('',#4084,#4085,#2021,.T.);
#5161=EDGE_CURVE('',#4085,#4083,#2022,.T.);
#5162=EDGE_CURVE('',#4053,#4084,#2023,.T.);
#5163=EDGE_CURVE('',#4055,#4085,#2024,.T.);
#5164=EDGE_CURVE('',#4086,#4087,#2025,.T.);
#5165=EDGE_CURVE('',#4086,#4088,#2026,.T.);
#5166=EDGE_CURVE('',#4088,#4089,#2027,.T.);
#5167=EDGE_CURVE('',#4087,#4089,#2028,.T.);
#5168=EDGE_CURVE('',#4090,#4086,#2029,.T.);
#5169=EDGE_CURVE('',#4090,#4091,#2030,.T.);
#5170=EDGE_CURVE('',#4091,#4088,#2031,.T.);
#5171=EDGE_CURVE('',#4092,#4090,#2032,.T.);
#5172=EDGE_CURVE('',#4092,#4093,#2033,.T.);
#5173=EDGE_CURVE('',#4093,#4091,#2034,.T.);
#5174=EDGE_CURVE('',#4094,#4092,#2035,.T.);
#5175=EDGE_CURVE('',#4094,#4095,#2036,.T.);
#5176=EDGE_CURVE('',#4095,#4093,#2037,.T.);
#5177=EDGE_CURVE('',#4096,#4094,#2038,.T.);
#5178=EDGE_CURVE('',#4096,#4097,#2039,.T.);
#5179=EDGE_CURVE('',#4097,#4095,#2040,.T.);
#5180=EDGE_CURVE('',#4098,#4096,#2041,.T.);
#5181=EDGE_CURVE('',#4098,#4099,#2042,.T.);
#5182=EDGE_CURVE('',#4099,#4097,#2043,.T.);
#5183=EDGE_CURVE('',#4100,#4098,#2044,.T.);
#5184=EDGE_CURVE('',#4100,#4101,#2045,.T.);
#5185=EDGE_CURVE('',#4101,#4099,#2046,.T.);
#5186=EDGE_CURVE('',#4087,#4100,#2047,.T.);
#5187=EDGE_CURVE('',#4089,#4101,#2048,.T.);
#5188=EDGE_CURVE('',#4102,#4103,#3680,.T.);
#5189=EDGE_CURVE('',#4102,#4104,#2049,.T.);
#5190=EDGE_CURVE('',#4104,#4105,#3681,.T.);
#5191=EDGE_CURVE('',#4103,#4105,#2050,.T.);
#5192=EDGE_CURVE('',#4106,#4102,#3682,.T.);
#5193=EDGE_CURVE('',#4106,#4107,#2051,.T.);
#5194=EDGE_CURVE('',#4107,#4104,#3683,.T.);
#5195=EDGE_CURVE('',#4108,#4106,#3684,.T.);
#5196=EDGE_CURVE('',#4108,#4109,#2052,.T.);
#5197=EDGE_CURVE('',#4109,#4107,#3685,.T.);
#5198=EDGE_CURVE('',#4110,#4108,#3686,.T.);
#5199=EDGE_CURVE('',#4110,#4111,#2053,.T.);
#5200=EDGE_CURVE('',#4111,#4109,#3687,.T.);
#5201=EDGE_CURVE('',#4112,#4110,#3688,.T.);
#5202=EDGE_CURVE('',#4112,#4113,#2054,.T.);
#5203=EDGE_CURVE('',#4113,#4111,#3689,.T.);
#5204=EDGE_CURVE('',#4114,#4112,#3690,.T.);
#5205=EDGE_CURVE('',#4114,#4115,#2055,.T.);
#5206=EDGE_CURVE('',#4115,#4113,#3691,.T.);
#5207=EDGE_CURVE('',#4116,#4114,#3692,.T.);
#5208=EDGE_CURVE('',#4116,#4117,#2056,.T.);
#5209=EDGE_CURVE('',#4117,#4115,#3693,.T.);
#5210=EDGE_CURVE('',#4118,#4116,#3694,.T.);
#5211=EDGE_CURVE('',#4118,#4119,#2057,.T.);
#5212=EDGE_CURVE('',#4119,#4117,#3695,.T.);
#5213=EDGE_CURVE('',#4120,#4118,#3696,.T.);
#5214=EDGE_CURVE('',#4120,#4121,#2058,.T.);
#5215=EDGE_CURVE('',#4121,#4119,#3697,.T.);
#5216=EDGE_CURVE('',#4122,#4120,#3698,.T.);
#5217=EDGE_CURVE('',#4122,#4123,#2059,.T.);
#5218=EDGE_CURVE('',#4123,#4121,#3699,.T.);
#5219=EDGE_CURVE('',#4124,#4122,#3700,.T.);
#5220=EDGE_CURVE('',#4124,#4125,#2060,.T.);
#5221=EDGE_CURVE('',#4125,#4123,#3701,.T.);
#5222=EDGE_CURVE('',#4126,#4124,#3702,.T.);
#5223=EDGE_CURVE('',#4126,#4127,#2061,.T.);
#5224=EDGE_CURVE('',#4127,#4125,#3703,.T.);
#5225=EDGE_CURVE('',#4128,#4126,#3704,.T.);
#5226=EDGE_CURVE('',#4128,#4129,#2062,.T.);
#5227=EDGE_CURVE('',#4129,#4127,#3705,.T.);
#5228=EDGE_CURVE('',#4130,#4128,#3706,.T.);
#5229=EDGE_CURVE('',#4130,#4131,#2063,.T.);
#5230=EDGE_CURVE('',#4131,#4129,#3707,.T.);
#5231=EDGE_CURVE('',#4132,#4130,#3708,.T.);
#5232=EDGE_CURVE('',#4132,#4133,#2064,.T.);
#5233=EDGE_CURVE('',#4133,#4131,#3709,.T.);
#5234=EDGE_CURVE('',#4134,#4132,#3710,.T.);
#5235=EDGE_CURVE('',#4134,#4135,#2065,.T.);
#5236=EDGE_CURVE('',#4135,#4133,#3711,.T.);
#5237=EDGE_CURVE('',#4136,#4134,#3712,.T.);
#5238=EDGE_CURVE('',#4136,#4137,#2066,.T.);
#5239=EDGE_CURVE('',#4137,#4135,#3713,.T.);
#5240=EDGE_CURVE('',#4138,#4136,#3714,.T.);
#5241=EDGE_CURVE('',#4138,#4139,#2067,.T.);
#5242=EDGE_CURVE('',#4139,#4137,#3715,.T.);
#5243=EDGE_CURVE('',#4140,#4138,#3716,.T.);
#5244=EDGE_CURVE('',#4140,#4141,#2068,.T.);
#5245=EDGE_CURVE('',#4141,#4139,#3717,.T.);
#5246=EDGE_CURVE('',#4142,#4140,#3718,.T.);
#5247=EDGE_CURVE('',#4142,#4143,#2069,.T.);
#5248=EDGE_CURVE('',#4143,#4141,#3719,.T.);
#5249=EDGE_CURVE('',#4144,#4142,#3720,.T.);
#5250=EDGE_CURVE('',#4144,#4145,#2070,.T.);
#5251=EDGE_CURVE('',#4145,#4143,#3721,.T.);
#5252=EDGE_CURVE('',#4146,#4144,#3722,.T.);
#5253=EDGE_CURVE('',#4146,#4147,#2071,.T.);
#5254=EDGE_CURVE('',#4147,#4145,#3723,.T.);
#5255=EDGE_CURVE('',#4148,#4146,#2072,.T.);
#5256=EDGE_CURVE('',#4148,#4149,#2073,.T.);
#5257=EDGE_CURVE('',#4149,#4147,#2074,.T.);
#5258=EDGE_CURVE('',#4150,#4148,#2075,.T.);
#5259=EDGE_CURVE('',#4150,#4151,#2076,.T.);
#5260=EDGE_CURVE('',#4151,#4149,#2077,.T.);
#5261=EDGE_CURVE('',#4152,#4150,#2078,.T.);
#5262=EDGE_CURVE('',#4152,#4153,#2079,.T.);
#5263=EDGE_CURVE('',#4153,#4151,#2080,.T.);
#5264=EDGE_CURVE('',#4154,#4152,#3724,.T.);
#5265=EDGE_CURVE('',#4154,#4155,#2081,.T.);
#5266=EDGE_CURVE('',#4155,#4153,#3725,.T.);
#5267=EDGE_CURVE('',#4156,#4154,#3726,.T.);
#5268=EDGE_CURVE('',#4156,#4157,#2082,.T.);
#5269=EDGE_CURVE('',#4157,#4155,#3727,.T.);
#5270=EDGE_CURVE('',#4158,#4156,#3728,.T.);
#5271=EDGE_CURVE('',#4158,#4159,#2083,.T.);
#5272=EDGE_CURVE('',#4159,#4157,#3729,.T.);
#5273=EDGE_CURVE('',#4160,#4158,#3730,.T.);
#5274=EDGE_CURVE('',#4160,#4161,#2084,.T.);
#5275=EDGE_CURVE('',#4161,#4159,#3731,.T.);
#5276=EDGE_CURVE('',#4162,#4160,#3732,.T.);
#5277=EDGE_CURVE('',#4162,#4163,#2085,.T.);
#5278=EDGE_CURVE('',#4163,#4161,#3733,.T.);
#5279=EDGE_CURVE('',#4164,#4162,#3734,.T.);
#5280=EDGE_CURVE('',#4164,#4165,#2086,.T.);
#5281=EDGE_CURVE('',#4165,#4163,#3735,.T.);
#5282=EDGE_CURVE('',#4166,#4164,#3736,.T.);
#5283=EDGE_CURVE('',#4166,#4167,#2087,.T.);
#5284=EDGE_CURVE('',#4167,#4165,#3737,.T.);
#5285=EDGE_CURVE('',#4168,#4166,#3738,.T.);
#5286=EDGE_CURVE('',#4168,#4169,#2088,.T.);
#5287=EDGE_CURVE('',#4169,#4167,#3739,.T.);
#5288=EDGE_CURVE('',#4170,#4168,#3740,.T.);
#5289=EDGE_CURVE('',#4170,#4171,#2089,.T.);
#5290=EDGE_CURVE('',#4171,#4169,#3741,.T.);
#5291=EDGE_CURVE('',#4172,#4170,#3742,.T.);
#5292=EDGE_CURVE('',#4172,#4173,#2090,.T.);
#5293=EDGE_CURVE('',#4173,#4171,#3743,.T.);
#5294=EDGE_CURVE('',#4174,#4172,#3744,.T.);
#5295=EDGE_CURVE('',#4174,#4175,#2091,.T.);
#5296=EDGE_CURVE('',#4175,#4173,#3745,.T.);
#5297=EDGE_CURVE('',#4176,#4174,#3746,.T.);
#5298=EDGE_CURVE('',#4176,#4177,#2092,.T.);
#5299=EDGE_CURVE('',#4177,#4175,#3747,.T.);
#5300=EDGE_CURVE('',#4178,#4176,#3748,.T.);
#5301=EDGE_CURVE('',#4178,#4179,#2093,.T.);
#5302=EDGE_CURVE('',#4179,#4177,#3749,.T.);
#5303=EDGE_CURVE('',#4180,#4178,#3750,.T.);
#5304=EDGE_CURVE('',#4180,#4181,#2094,.T.);
#5305=EDGE_CURVE('',#4181,#4179,#3751,.T.);
#5306=EDGE_CURVE('',#4182,#4180,#3752,.T.);
#5307=EDGE_CURVE('',#4182,#4183,#2095,.T.);
#5308=EDGE_CURVE('',#4183,#4181,#3753,.T.);
#5309=EDGE_CURVE('',#4184,#4182,#3754,.T.);
#5310=EDGE_CURVE('',#4184,#4185,#2096,.T.);
#5311=EDGE_CURVE('',#4185,#4183,#3755,.T.);
#5312=EDGE_CURVE('',#4186,#4184,#3756,.T.);
#5313=EDGE_CURVE('',#4186,#4187,#2097,.T.);
#5314=EDGE_CURVE('',#4187,#4185,#3757,.T.);
#5315=EDGE_CURVE('',#4188,#4186,#3758,.T.);
#5316=EDGE_CURVE('',#4188,#4189,#2098,.T.);
#5317=EDGE_CURVE('',#4189,#4187,#3759,.T.);
#5318=EDGE_CURVE('',#4190,#4188,#3760,.T.);
#5319=EDGE_CURVE('',#4190,#4191,#2099,.T.);
#5320=EDGE_CURVE('',#4191,#4189,#3761,.T.);
#5321=EDGE_CURVE('',#4192,#4190,#3762,.T.);
#5322=EDGE_CURVE('',#4192,#4193,#2100,.T.);
#5323=EDGE_CURVE('',#4193,#4191,#3763,.T.);
#5324=EDGE_CURVE('',#4194,#4192,#3764,.T.);
#5325=EDGE_CURVE('',#4194,#4195,#2101,.T.);
#5326=EDGE_CURVE('',#4195,#4193,#3765,.T.);
#5327=EDGE_CURVE('',#4196,#4194,#3766,.T.);
#5328=EDGE_CURVE('',#4196,#4197,#2102,.T.);
#5329=EDGE_CURVE('',#4197,#4195,#3767,.T.);
#5330=EDGE_CURVE('',#4198,#4196,#3768,.T.);
#5331=EDGE_CURVE('',#4198,#4199,#2103,.T.);
#5332=EDGE_CURVE('',#4199,#4197,#3769,.T.);
#5333=EDGE_CURVE('',#4200,#4198,#3770,.T.);
#5334=EDGE_CURVE('',#4200,#4201,#2104,.T.);
#5335=EDGE_CURVE('',#4201,#4199,#3771,.T.);
#5336=EDGE_CURVE('',#4202,#4200,#3772,.T.);
#5337=EDGE_CURVE('',#4202,#4203,#2105,.T.);
#5338=EDGE_CURVE('',#4203,#4201,#3773,.T.);
#5339=EDGE_CURVE('',#4204,#4202,#3774,.T.);
#5340=EDGE_CURVE('',#4204,#4205,#2106,.T.);
#5341=EDGE_CURVE('',#4205,#4203,#3775,.T.);
#5342=EDGE_CURVE('',#4206,#4204,#3776,.T.);
#5343=EDGE_CURVE('',#4206,#4207,#2107,.T.);
#5344=EDGE_CURVE('',#4207,#4205,#3777,.T.);
#5345=EDGE_CURVE('',#4208,#4206,#3778,.T.);
#5346=EDGE_CURVE('',#4208,#4209,#2108,.T.);
#5347=EDGE_CURVE('',#4209,#4207,#3779,.T.);
#5348=EDGE_CURVE('',#4210,#4208,#3780,.T.);
#5349=EDGE_CURVE('',#4210,#4211,#2109,.T.);
#5350=EDGE_CURVE('',#4211,#4209,#3781,.T.);
#5351=EDGE_CURVE('',#4212,#4210,#3782,.T.);
#5352=EDGE_CURVE('',#4212,#4213,#2110,.T.);
#5353=EDGE_CURVE('',#4213,#4211,#3783,.T.);
#5354=EDGE_CURVE('',#4214,#4212,#2111,.T.);
#5355=EDGE_CURVE('',#4214,#4215,#2112,.T.);
#5356=EDGE_CURVE('',#4215,#4213,#2113,.T.);
#5357=EDGE_CURVE('',#4216,#4214,#2114,.T.);
#5358=EDGE_CURVE('',#4216,#4217,#2115,.T.);
#5359=EDGE_CURVE('',#4217,#4215,#2116,.T.);
#5360=EDGE_CURVE('',#4218,#4216,#2117,.T.);
#5361=EDGE_CURVE('',#4218,#4219,#2118,.T.);
#5362=EDGE_CURVE('',#4219,#4217,#2119,.T.);
#5363=EDGE_CURVE('',#4220,#4218,#3784,.T.);
#5364=EDGE_CURVE('',#4220,#4221,#2120,.T.);
#5365=EDGE_CURVE('',#4221,#4219,#3785,.T.);
#5366=EDGE_CURVE('',#4222,#4220,#3786,.T.);
#5367=EDGE_CURVE('',#4222,#4223,#2121,.T.);
#5368=EDGE_CURVE('',#4223,#4221,#3787,.T.);
#5369=EDGE_CURVE('',#4224,#4222,#3788,.T.);
#5370=EDGE_CURVE('',#4224,#4225,#2122,.T.);
#5371=EDGE_CURVE('',#4225,#4223,#3789,.T.);
#5372=EDGE_CURVE('',#4226,#4224,#3790,.T.);
#5373=EDGE_CURVE('',#4226,#4227,#2123,.T.);
#5374=EDGE_CURVE('',#4227,#4225,#3791,.T.);
#5375=EDGE_CURVE('',#4228,#4226,#3792,.T.);
#5376=EDGE_CURVE('',#4228,#4229,#2124,.T.);
#5377=EDGE_CURVE('',#4229,#4227,#3793,.T.);
#5378=EDGE_CURVE('',#4230,#4228,#3794,.T.);
#5379=EDGE_CURVE('',#4230,#4231,#2125,.T.);
#5380=EDGE_CURVE('',#4231,#4229,#3795,.T.);
#5381=EDGE_CURVE('',#4232,#4230,#3796,.T.);
#5382=EDGE_CURVE('',#4232,#4233,#2126,.T.);
#5383=EDGE_CURVE('',#4233,#4231,#3797,.T.);
#5384=EDGE_CURVE('',#4103,#4232,#3798,.T.);
#5385=EDGE_CURVE('',#4105,#4233,#3799,.T.);
#5386=EDGE_CURVE('',#4234,#4235,#2127,.T.);
#5387=EDGE_CURVE('',#4235,#4236,#137,.T.);
#5388=EDGE_CURVE('',#4236,#4237,#2128,.T.);
#5389=EDGE_CURVE('',#4237,#4234,#138,.T.);
#5390=EDGE_CURVE('',#4236,#4238,#2129,.T.);
#5391=EDGE_CURVE('',#4238,#4239,#2130,.T.);
#5392=EDGE_CURVE('',#4239,#4237,#2131,.T.);
#5393=EDGE_CURVE('',#4240,#4241,#2132,.T.);
#5394=EDGE_CURVE('',#4241,#4235,#2133,.T.);
#5395=EDGE_CURVE('',#4234,#4240,#2134,.T.);
#5396=EDGE_CURVE('',#4238,#4242,#139,.T.);
#5397=EDGE_CURVE('',#4242,#4243,#2135,.T.);
#5398=EDGE_CURVE('',#4243,#4239,#140,.T.);
#5399=EDGE_CURVE('',#4244,#4245,#2136,.T.);
#5400=EDGE_CURVE('',#4245,#4243,#2137,.T.);
#5401=EDGE_CURVE('',#4242,#4244,#2138,.T.);
#5402=EDGE_CURVE('',#4246,#4245,#2139,.T.);
#5403=EDGE_CURVE('',#4247,#4246,#2140,.T.);
#5404=EDGE_CURVE('',#4243,#4247,#2141,.T.);
#5405=EDGE_CURVE('',#4248,#4241,#2142,.T.);
#5406=EDGE_CURVE('',#4249,#4248,#2143,.T.);
#5407=EDGE_CURVE('',#4250,#4249,#2144,.T.);
#5408=EDGE_CURVE('',#4251,#4250,#2145,.T.);
#5409=EDGE_CURVE('',#4244,#4251,#2146,.T.);
#5410=EDGE_CURVE('',#4252,#4251,#141,.T.);
#5411=EDGE_CURVE('',#4252,#4253,#2147,.T.);
#5412=EDGE_CURVE('',#4254,#4253,#142,.T.);
#5413=EDGE_CURVE('',#4254,#4255,#2148,.T.);
#5414=EDGE_CURVE('',#4256,#4255,#143,.T.);
#5415=EDGE_CURVE('',#4256,#4257,#2149,.T.);
#5416=EDGE_CURVE('',#4248,#4257,#144,.T.);
#5417=EDGE_CURVE('',#4240,#4258,#2150,.T.);
#5418=EDGE_CURVE('',#4259,#4258,#2151,.T.);
#5419=EDGE_CURVE('',#4260,#4259,#145,.T.);
#5420=EDGE_CURVE('',#4260,#4261,#2152,.T.);
#5421=EDGE_CURVE('',#4261,#4262,#146,.T.);
#5422=EDGE_CURVE('',#4262,#4263,#2153,.T.);
#5423=EDGE_CURVE('',#4264,#4263,#147,.T.);
#5424=EDGE_CURVE('',#4264,#4265,#148,.T.);
#5425=EDGE_CURVE('',#4266,#4265,#149,.T.);
#5426=EDGE_CURVE('',#4266,#4267,#2154,.T.);
#5427=EDGE_CURVE('',#4267,#4268,#150,.T.);
#5428=EDGE_CURVE('',#4268,#4269,#2155,.T.);
#5429=EDGE_CURVE('',#4270,#4269,#151,.T.);
#5430=EDGE_CURVE('',#4271,#4270,#2156,.T.);
#5431=EDGE_CURVE('',#4272,#4271,#152,.T.);
#5432=EDGE_CURVE('',#4272,#4273,#2157,.T.);
#5433=EDGE_CURVE('',#4273,#4274,#153,.T.);
#5434=EDGE_CURVE('',#4274,#4275,#2158,.T.);
#5435=EDGE_CURVE('',#4276,#4275,#154,.T.);
#5436=EDGE_CURVE('',#4276,#4277,#155,.T.);
#5437=EDGE_CURVE('',#4278,#4277,#156,.T.);
#5438=EDGE_CURVE('',#4278,#4279,#2159,.T.);
#5439=EDGE_CURVE('',#4279,#4280,#157,.T.);
#5440=EDGE_CURVE('',#4280,#4281,#2160,.T.);
#5441=EDGE_CURVE('',#4282,#4281,#158,.T.);
#5442=EDGE_CURVE('',#4283,#4282,#2161,.T.);
#5443=EDGE_CURVE('',#4284,#4283,#159,.T.);
#5444=EDGE_CURVE('',#4284,#4285,#2162,.T.);
#5445=EDGE_CURVE('',#4285,#4286,#160,.T.);
#5446=EDGE_CURVE('',#4286,#4287,#2163,.T.);
#5447=EDGE_CURVE('',#4288,#4287,#161,.T.);
#5448=EDGE_CURVE('',#4288,#4289,#162,.T.);
#5449=EDGE_CURVE('',#4290,#4289,#163,.T.);
#5450=EDGE_CURVE('',#4290,#4291,#2164,.T.);
#5451=EDGE_CURVE('',#4291,#4292,#164,.T.);
#5452=EDGE_CURVE('',#4292,#4293,#2165,.T.);
#5453=EDGE_CURVE('',#4294,#4293,#165,.T.);
#5454=EDGE_CURVE('',#4294,#4295,#2166,.T.);
#5455=EDGE_CURVE('',#4296,#4295,#166,.T.);
#5456=EDGE_CURVE('',#4297,#4296,#167,.T.);
#5457=EDGE_CURVE('',#4297,#4298,#168,.T.);
#5458=EDGE_CURVE('',#4298,#4299,#2167,.T.);
#5459=EDGE_CURVE('',#4300,#4299,#169,.T.);
#5460=EDGE_CURVE('',#4300,#4301,#2168,.T.);
#5461=EDGE_CURVE('',#4301,#4302,#170,.T.);
#5462=EDGE_CURVE('',#4302,#4303,#2169,.T.);
#5463=EDGE_CURVE('',#4303,#4304,#171,.T.);
#5464=EDGE_CURVE('',#4304,#4305,#2170,.T.);
#5465=EDGE_CURVE('',#4306,#4305,#172,.T.);
#5466=EDGE_CURVE('',#4306,#4307,#173,.T.);
#5467=EDGE_CURVE('',#4308,#4307,#174,.T.);
#5468=EDGE_CURVE('',#4308,#4309,#2171,.T.);
#5469=EDGE_CURVE('',#4309,#4310,#175,.T.);
#5470=EDGE_CURVE('',#4310,#4311,#2172,.T.);
#5471=EDGE_CURVE('',#4311,#4312,#176,.T.);
#5472=EDGE_CURVE('',#4312,#4313,#2173,.T.);
#5473=EDGE_CURVE('',#4313,#4314,#177,.T.);
#5474=EDGE_CURVE('',#4314,#4315,#2174,.T.);
#5475=EDGE_CURVE('',#4315,#4316,#178,.T.);
#5476=EDGE_CURVE('',#4316,#4317,#2175,.T.);
#5477=EDGE_CURVE('',#4318,#4317,#179,.T.);
#5478=EDGE_CURVE('',#4318,#4319,#180,.T.);
#5479=EDGE_CURVE('',#4320,#4319,#181,.T.);
#5480=EDGE_CURVE('',#4320,#4321,#2176,.T.);
#5481=EDGE_CURVE('',#4321,#4322,#182,.T.);
#5482=EDGE_CURVE('',#4322,#4323,#2177,.T.);
#5483=EDGE_CURVE('',#4323,#4324,#183,.T.);
#5484=EDGE_CURVE('',#4324,#4325,#2178,.T.);
#5485=EDGE_CURVE('',#4325,#4326,#184,.T.);
#5486=EDGE_CURVE('',#4326,#4327,#2179,.T.);
#5487=EDGE_CURVE('',#4327,#4328,#185,.T.);
#5488=EDGE_CURVE('',#4328,#4329,#2180,.T.);
#5489=EDGE_CURVE('',#4330,#4329,#186,.T.);
#5490=EDGE_CURVE('',#4330,#4331,#187,.T.);
#5491=EDGE_CURVE('',#4332,#4331,#188,.T.);
#5492=EDGE_CURVE('',#4332,#4333,#2181,.T.);
#5493=EDGE_CURVE('',#4333,#4334,#189,.T.);
#5494=EDGE_CURVE('',#4334,#4335,#2182,.T.);
#5495=EDGE_CURVE('',#4335,#4336,#190,.T.);
#5496=EDGE_CURVE('',#4336,#4337,#2183,.T.);
#5497=EDGE_CURVE('',#4338,#4337,#191,.T.);
#5498=EDGE_CURVE('',#4338,#4339,#2184,.T.);
#5499=EDGE_CURVE('',#4339,#4340,#192,.T.);
#5500=EDGE_CURVE('',#4341,#4340,#193,.T.);
#5501=EDGE_CURVE('',#4342,#4341,#194,.T.);
#5502=EDGE_CURVE('',#4342,#4343,#2185,.T.);
#5503=EDGE_CURVE('',#4344,#4343,#195,.T.);
#5504=EDGE_CURVE('',#4344,#4345,#2186,.T.);
#5505=EDGE_CURVE('',#4345,#4346,#196,.T.);
#5506=EDGE_CURVE('',#4346,#4347,#2187,.T.);
#5507=EDGE_CURVE('',#4348,#4347,#197,.T.);
#5508=EDGE_CURVE('',#4348,#4349,#198,.T.);
#5509=EDGE_CURVE('',#4350,#4349,#199,.T.);
#5510=EDGE_CURVE('',#4350,#4351,#2188,.T.);
#5511=EDGE_CURVE('',#4351,#4352,#200,.T.);
#5512=EDGE_CURVE('',#4352,#4353,#2189,.T.);
#5513=EDGE_CURVE('',#4354,#4353,#201,.T.);
#5514=EDGE_CURVE('',#4246,#4354,#2190,.T.);
#5515=EDGE_CURVE('',#4355,#4355,#202,.F.);
#5516=EDGE_CURVE('',#4356,#4356,#203,.F.);
#5517=EDGE_CURVE('',#4357,#4357,#204,.F.);
#5518=EDGE_CURVE('',#4358,#4358,#205,.F.);
#5519=EDGE_CURVE('',#4359,#4359,#206,.F.);
#5520=EDGE_CURVE('',#4360,#4360,#207,.F.);
#5521=EDGE_CURVE('',#4361,#4361,#208,.F.);
#5522=EDGE_CURVE('',#4362,#4362,#209,.F.);
#5523=EDGE_CURVE('',#4234,#4363,#2191,.T.);
#5524=EDGE_CURVE('',#4258,#4363,#2192,.T.);
#5525=EDGE_CURVE('',#4237,#4364,#2193,.T.);
#5526=EDGE_CURVE('',#4363,#4364,#210,.T.);
#5527=EDGE_CURVE('',#4239,#4365,#2194,.T.);
#5528=EDGE_CURVE('',#4364,#4365,#2195,.T.);
#5529=EDGE_CURVE('',#4365,#4247,#211,.T.);
#5530=EDGE_CURVE('',#4362,#4366,#2196,.T.);
#5531=EDGE_CURVE('',#4366,#4366,#212,.T.);
#5532=EDGE_CURVE('',#4361,#4367,#2197,.T.);
#5533=EDGE_CURVE('',#4367,#4367,#213,.T.);
#5534=EDGE_CURVE('',#4360,#4368,#2198,.T.);
#5535=EDGE_CURVE('',#4368,#4368,#214,.T.);
#5536=EDGE_CURVE('',#4359,#4369,#2199,.T.);
#5537=EDGE_CURVE('',#4369,#4369,#215,.T.);
#5538=EDGE_CURVE('',#4358,#4370,#2200,.T.);
#5539=EDGE_CURVE('',#4370,#4370,#216,.T.);
#5540=EDGE_CURVE('',#4357,#4371,#2201,.T.);
#5541=EDGE_CURVE('',#4371,#4371,#217,.T.);
#5542=EDGE_CURVE('',#4356,#4372,#2202,.T.);
#5543=EDGE_CURVE('',#4372,#4372,#218,.T.);
#5544=EDGE_CURVE('',#4355,#4373,#2203,.T.);
#5545=EDGE_CURVE('',#4373,#4373,#219,.T.);
#5546=EDGE_CURVE('',#4307,#4374,#2204,.T.);
#5547=EDGE_CURVE('',#4374,#4375,#220,.F.);
#5548=EDGE_CURVE('',#4375,#4308,#2205,.T.);
#5549=EDGE_CURVE('',#4376,#4306,#2206,.T.);
#5550=EDGE_CURVE('',#4374,#4376,#221,.T.);
#5551=EDGE_CURVE('',#4305,#4377,#2207,.T.);
#5552=EDGE_CURVE('',#4377,#4376,#222,.F.);
#5553=EDGE_CURVE('',#4304,#4378,#2208,.T.);
#5554=EDGE_CURVE('',#4378,#4377,#2209,.T.);
#5555=EDGE_CURVE('',#4331,#4379,#2210,.T.);
#5556=EDGE_CURVE('',#4379,#4380,#223,.F.);
#5557=EDGE_CURVE('',#4380,#4332,#2211,.T.);
#5558=EDGE_CURVE('',#4381,#4330,#2212,.T.);
#5559=EDGE_CURVE('',#4379,#4381,#224,.T.);
#5560=EDGE_CURVE('',#4329,#4382,#2213,.T.);
#5561=EDGE_CURVE('',#4382,#4381,#225,.F.);
#5562=EDGE_CURVE('',#4328,#4383,#2214,.T.);
#5563=EDGE_CURVE('',#4383,#4382,#2215,.T.);
#5564=EDGE_CURVE('',#4319,#4384,#2216,.T.);
#5565=EDGE_CURVE('',#4384,#4385,#226,.F.);
#5566=EDGE_CURVE('',#4385,#4320,#2217,.T.);
#5567=EDGE_CURVE('',#4386,#4318,#2218,.T.);
#5568=EDGE_CURVE('',#4384,#4386,#227,.T.);
#5569=EDGE_CURVE('',#4317,#4387,#2219,.T.);
#5570=EDGE_CURVE('',#4387,#4386,#228,.F.);
#5571=EDGE_CURVE('',#4316,#4388,#2220,.T.);
#5572=EDGE_CURVE('',#4388,#4387,#2221,.T.);
#5573=EDGE_CURVE('',#4347,#4389,#2222,.T.);
#5574=EDGE_CURVE('',#4389,#4390,#229,.F.);
#5575=EDGE_CURVE('',#4390,#4348,#2223,.T.);
#5576=EDGE_CURVE('',#4391,#4390,#230,.T.);
#5577=EDGE_CURVE('',#4349,#4391,#2224,.T.);
#5578=EDGE_CURVE('',#4391,#4392,#231,.F.);
#5579=EDGE_CURVE('',#4392,#4350,#2225,.T.);
#5580=EDGE_CURVE('',#4287,#4393,#2226,.T.);
#5581=EDGE_CURVE('',#4393,#4394,#232,.F.);
#5582=EDGE_CURVE('',#4394,#4288,#2227,.T.);
#5583=EDGE_CURVE('',#4395,#4394,#233,.T.);
#5584=EDGE_CURVE('',#4289,#4395,#2228,.T.);
#5585=EDGE_CURVE('',#4395,#4396,#234,.F.);
#5586=EDGE_CURVE('',#4396,#4290,#2229,.T.);
#5587=EDGE_CURVE('',#4275,#4397,#2230,.T.);
#5588=EDGE_CURVE('',#4397,#4398,#235,.F.);
#5589=EDGE_CURVE('',#4398,#4276,#2231,.T.);
#5590=EDGE_CURVE('',#4399,#4398,#236,.T.);
#5591=EDGE_CURVE('',#4277,#4399,#2232,.T.);
#5592=EDGE_CURVE('',#4399,#4400,#237,.F.);
#5593=EDGE_CURVE('',#4400,#4278,#2233,.T.);
#5594=EDGE_CURVE('',#4263,#4401,#2234,.T.);
#5595=EDGE_CURVE('',#4401,#4402,#238,.F.);
#5596=EDGE_CURVE('',#4402,#4264,#2235,.T.);
#5597=EDGE_CURVE('',#4403,#4402,#239,.T.);
#5598=EDGE_CURVE('',#4265,#4403,#2236,.T.);
#5599=EDGE_CURVE('',#4403,#4404,#240,.F.);
#5600=EDGE_CURVE('',#4404,#4266,#2237,.T.);
#5601=EDGE_CURVE('',#4404,#4405,#2238,.T.);
#5602=EDGE_CURVE('',#4267,#4405,#2239,.T.);
#5603=EDGE_CURVE('',#4274,#4406,#2240,.T.);
#5604=EDGE_CURVE('',#4406,#4397,#2241,.T.);
#5605=EDGE_CURVE('',#4400,#4407,#2242,.T.);
#5606=EDGE_CURVE('',#4279,#4407,#2243,.T.);
#5607=EDGE_CURVE('',#4380,#4408,#2244,.T.);
#5608=EDGE_CURVE('',#4333,#4408,#2245,.T.);
#5609=EDGE_CURVE('',#4286,#4409,#2246,.T.);
#5610=EDGE_CURVE('',#4409,#4393,#2247,.T.);
#5611=EDGE_CURVE('',#4396,#4410,#2248,.T.);
#5612=EDGE_CURVE('',#4291,#4410,#2249,.T.);
#5613=EDGE_CURVE('',#4346,#4411,#2250,.T.);
#5614=EDGE_CURVE('',#4411,#4389,#2251,.T.);
#5615=EDGE_CURVE('',#4392,#4412,#2252,.T.);
#5616=EDGE_CURVE('',#4351,#4412,#2253,.T.);
#5617=EDGE_CURVE('',#4385,#4413,#2254,.T.);
#5618=EDGE_CURVE('',#4321,#4413,#2255,.T.);
#5619=EDGE_CURVE('',#4375,#4414,#2256,.T.);
#5620=EDGE_CURVE('',#4309,#4414,#2257,.T.);
#5621=EDGE_CURVE('',#4262,#4415,#2258,.T.);
#5622=EDGE_CURVE('',#4415,#4401,#2259,.T.);
#5623=EDGE_CURVE('',#4416,#4417,#2260,.T.);
#5624=EDGE_CURVE('',#4418,#4416,#2261,.T.);
#5625=EDGE_CURVE('',#4419,#4418,#2262,.T.);
#5626=EDGE_CURVE('',#4417,#4419,#2263,.T.);
#5627=EDGE_CURVE('',#4420,#4421,#2264,.T.);
#5628=EDGE_CURVE('',#4422,#4421,#2265,.T.);
#5629=EDGE_CURVE('',#4423,#4422,#2266,.T.);
#5630=EDGE_CURVE('',#4420,#4423,#2267,.T.);
#5631=EDGE_CURVE('',#4424,#4425,#2268,.T.);
#5632=EDGE_CURVE('',#4426,#4425,#2269,.T.);
#5633=EDGE_CURVE('',#4427,#4426,#2270,.T.);
#5634=EDGE_CURVE('',#4424,#4427,#2271,.T.);
#5635=EDGE_CURVE('',#4428,#4429,#2272,.T.);
#5636=EDGE_CURVE('',#4430,#4428,#2273,.T.);
#5637=EDGE_CURVE('',#4431,#4430,#2274,.T.);
#5638=EDGE_CURVE('',#4429,#4431,#2275,.T.);
#5639=EDGE_CURVE('',#4432,#4294,#2276,.T.);
#5640=EDGE_CURVE('',#4432,#4433,#2277,.T.);
#5641=EDGE_CURVE('',#4433,#4434,#2278,.T.);
#5642=EDGE_CURVE('',#4435,#4434,#2279,.T.);
#5643=EDGE_CURVE('',#4295,#4435,#2280,.T.);
#5644=EDGE_CURVE('',#4340,#4436,#2281,.T.);
#5645=EDGE_CURVE('',#4437,#4436,#241,.T.);
#5646=EDGE_CURVE('',#4437,#4341,#2282,.T.);
#5647=EDGE_CURVE('',#4339,#4438,#2283,.T.);
#5648=EDGE_CURVE('',#4438,#4436,#242,.T.);
#5649=EDGE_CURVE('',#4439,#4440,#243,.F.);
#5650=EDGE_CURVE('',#4440,#4297,#2284,.T.);
#5651=EDGE_CURVE('',#4296,#4439,#2285,.T.);
#5652=EDGE_CURVE('',#4441,#4442,#2286,.T.);
#5653=EDGE_CURVE('',#4443,#4442,#2287,.T.);
#5654=EDGE_CURVE('',#4444,#4443,#2288,.T.);
#5655=EDGE_CURVE('',#4441,#4444,#2289,.T.);
#5656=EDGE_CURVE('',#4439,#4443,#244,.T.);
#5657=EDGE_CURVE('',#4444,#4435,#245,.T.);
#5658=EDGE_CURVE('',#4283,#4445,#2290,.T.);
#5659=EDGE_CURVE('',#4445,#4446,#246,.F.);
#5660=EDGE_CURVE('',#4446,#4284,#2291,.T.);
#5661=EDGE_CURVE('',#4447,#4354,#2292,.T.);
#5662=EDGE_CURVE('',#4447,#4448,#2293,.T.);
#5663=EDGE_CURVE('',#4343,#4448,#2294,.T.);
#5664=EDGE_CURVE('',#4449,#4342,#2295,.T.);
#5665=EDGE_CURVE('',#4450,#4449,#2296,.T.);
#5666=EDGE_CURVE('',#4451,#4450,#2297,.T.);
#5667=EDGE_CURVE('',#4452,#4451,#2298,.F.);
#5668=EDGE_CURVE('',#4452,#4453,#2299,.T.);
#5669=EDGE_CURVE('',#4454,#4453,#2300,.T.);
#5670=EDGE_CURVE('',#4455,#4454,#2301,.T.);
#5671=EDGE_CURVE('',#4455,#4456,#2302,.T.);
#5672=EDGE_CURVE('',#4456,#4457,#2303,.T.);
#5673=EDGE_CURVE('',#4458,#4457,#2304,.T.);
#5674=EDGE_CURVE('',#4459,#4458,#2305,.T.);
#5675=EDGE_CURVE('',#4459,#4460,#2306,.T.);
#5676=EDGE_CURVE('',#4460,#4461,#2307,.T.);
#5677=EDGE_CURVE('',#4462,#4461,#2308,.T.);
#5678=EDGE_CURVE('',#4463,#4462,#2309,.T.);
#5679=EDGE_CURVE('',#4463,#4464,#2310,.T.);
#5680=EDGE_CURVE('',#4464,#4465,#2311,.T.);
#5681=EDGE_CURVE('',#4466,#4465,#2312,.T.);
#5682=EDGE_CURVE('',#4466,#4467,#2313,.T.);
#5683=EDGE_CURVE('',#4467,#4445,#2314,.T.);
#5684=EDGE_CURVE('',#4468,#4282,#2315,.T.);
#5685=EDGE_CURVE('',#4468,#4469,#2316,.T.);
#5686=EDGE_CURVE('',#4271,#4469,#2317,.T.);
#5687=EDGE_CURVE('',#4470,#4270,#2318,.T.);
#5688=EDGE_CURVE('',#4470,#4471,#2319,.T.);
#5689=EDGE_CURVE('',#4259,#4471,#2320,.T.);
#5690=EDGE_CURVE('',#4293,#4472,#2321,.T.);
#5691=EDGE_CURVE('',#4472,#4432,#247,.F.);
#5692=EDGE_CURVE('',#4292,#4473,#2322,.T.);
#5693=EDGE_CURVE('',#4473,#4472,#2323,.T.);
#5694=EDGE_CURVE('',#4281,#4474,#2324,.T.);
#5695=EDGE_CURVE('',#4474,#4468,#248,.F.);
#5696=EDGE_CURVE('',#4469,#4475,#249,.F.);
#5697=EDGE_CURVE('',#4475,#4272,#2325,.T.);
#5698=EDGE_CURVE('',#4269,#4476,#2326,.T.);
#5699=EDGE_CURVE('',#4476,#4470,#250,.F.);
#5700=EDGE_CURVE('',#4471,#4477,#251,.F.);
#5701=EDGE_CURVE('',#4477,#4260,#2327,.T.);
#5702=EDGE_CURVE('',#4353,#4478,#2328,.T.);
#5703=EDGE_CURVE('',#4478,#4447,#252,.F.);
#5704=EDGE_CURVE('',#4448,#4479,#253,.F.);
#5705=EDGE_CURVE('',#4479,#4344,#2329,.T.);
#5706=EDGE_CURVE('',#4480,#4479,#2330,.T.);
#5707=EDGE_CURVE('',#4345,#4480,#2331,.T.);
#5708=EDGE_CURVE('',#4481,#4482,#254,.T.);
#5709=EDGE_CURVE('',#4481,#4338,#2332,.T.);
#5710=EDGE_CURVE('',#4337,#4482,#2333,.T.);
#5711=EDGE_CURVE('',#4481,#4438,#2334,.T.);
#5712=EDGE_CURVE('',#4483,#4484,#255,.T.);
#5713=EDGE_CURVE('',#4483,#4300,#2335,.T.);
#5714=EDGE_CURVE('',#4299,#4484,#2336,.T.);
#5715=EDGE_CURVE('',#4483,#4485,#2337,.T.);
#5716=EDGE_CURVE('',#4301,#4485,#2338,.T.);
#5717=EDGE_CURVE('',#4486,#4420,#256,.T.);
#5718=EDGE_CURVE('',#4487,#4423,#257,.T.);
#5719=EDGE_CURVE('',#4487,#4486,#2339,.T.);
#5720=EDGE_CURVE('',#4488,#4442,#258,.F.);
#5721=EDGE_CURVE('',#4489,#4488,#2340,.F.);
#5722=EDGE_CURVE('',#4490,#4489,#259,.F.);
#5723=EDGE_CURVE('',#4491,#4490,#2341,.F.);
#5724=EDGE_CURVE('',#4433,#4491,#260,.F.);
#5725=EDGE_CURVE('',#4410,#4473,#261,.T.);
#5726=EDGE_CURVE('',#4492,#4409,#262,.T.);
#5727=EDGE_CURVE('',#4492,#4446,#2342,.T.);
#5728=EDGE_CURVE('',#4493,#4467,#263,.F.);
#5729=EDGE_CURVE('',#4494,#4493,#2343,.F.);
#5730=EDGE_CURVE('',#4495,#4494,#264,.F.);
#5731=EDGE_CURVE('',#4496,#4495,#2344,.F.);
#5732=EDGE_CURVE('',#4497,#4496,#265,.F.);
#5733=EDGE_CURVE('',#4498,#4497,#2345,.F.);
#5734=EDGE_CURVE('',#4464,#4498,#266,.F.);
#5735=EDGE_CURVE('',#4499,#4463,#267,.F.);
#5736=EDGE_CURVE('',#4500,#4499,#2346,.F.);
#5737=EDGE_CURVE('',#4501,#4500,#268,.F.);
#5738=EDGE_CURVE('',#4502,#4501,#2347,.F.);
#5739=EDGE_CURVE('',#4503,#4502,#269,.F.);
#5740=EDGE_CURVE('',#4504,#4503,#2348,.F.);
#5741=EDGE_CURVE('',#4460,#4504,#270,.F.);
#5742=EDGE_CURVE('',#4505,#4459,#271,.F.);
#5743=EDGE_CURVE('',#4506,#4505,#2349,.F.);
#5744=EDGE_CURVE('',#4507,#4506,#272,.F.);
#5745=EDGE_CURVE('',#4508,#4507,#2350,.F.);
#5746=EDGE_CURVE('',#4509,#4508,#2351,.F.);
#5747=EDGE_CURVE('',#4456,#4509,#273,.F.);
#5748=EDGE_CURVE('',#4510,#4455,#274,.F.);
#5749=EDGE_CURVE('',#4511,#4510,#2352,.F.);
#5750=EDGE_CURVE('',#4512,#4511,#275,.F.);
#5751=EDGE_CURVE('',#4513,#4512,#2353,.F.);
#5752=EDGE_CURVE('',#4514,#4513,#2354,.F.);
#5753=EDGE_CURVE('',#4452,#4514,#276,.F.);
#5754=EDGE_CURVE('',#4515,#4451,#277,.F.);
#5755=EDGE_CURVE('',#4516,#4515,#2355,.F.);
#5756=EDGE_CURVE('',#4517,#4516,#278,.F.);
#5757=EDGE_CURVE('',#4518,#4517,#2356,.F.);
#5758=EDGE_CURVE('',#4428,#4518,#279,.F.);
#5759=EDGE_CURVE('',#4429,#4437,#280,.T.);
#5760=EDGE_CURVE('',#4519,#4482,#2357,.T.);
#5761=EDGE_CURVE('',#4520,#4519,#281,.T.);
#5762=EDGE_CURVE('',#4521,#4520,#2358,.T.);
#5763=EDGE_CURVE('',#4408,#4521,#282,.T.);
#5764=EDGE_CURVE('',#4522,#4383,#283,.T.);
#5765=EDGE_CURVE('',#4523,#4522,#2359,.T.);
#5766=EDGE_CURVE('',#4524,#4523,#284,.T.);
#5767=EDGE_CURVE('',#4525,#4524,#2360,.T.);
#5768=EDGE_CURVE('',#4526,#4525,#285,.T.);
#5769=EDGE_CURVE('',#4527,#4526,#2361,.T.);
#5770=EDGE_CURVE('',#4413,#4527,#286,.T.);
#5771=EDGE_CURVE('',#4528,#4388,#287,.T.);
#5772=EDGE_CURVE('',#4529,#4528,#2362,.T.);
#5773=EDGE_CURVE('',#4530,#4529,#288,.T.);
#5774=EDGE_CURVE('',#4531,#4530,#2363,.T.);
#5775=EDGE_CURVE('',#4532,#4531,#289,.T.);
#5776=EDGE_CURVE('',#4533,#4532,#2364,.T.);
#5777=EDGE_CURVE('',#4414,#4533,#290,.T.);
#5778=EDGE_CURVE('',#4534,#4378,#291,.T.);
#5779=EDGE_CURVE('',#4535,#4534,#2365,.T.);
#5780=EDGE_CURVE('',#4485,#4535,#292,.T.);
#5781=EDGE_CURVE('',#4536,#4484,#2366,.T.);
#5782=EDGE_CURVE('',#4440,#4536,#293,.T.);
#5783=EDGE_CURVE('',#4537,#4537,#294,.T.);
#5784=EDGE_CURVE('',#4538,#4417,#295,.T.);
#5785=EDGE_CURVE('',#4539,#4538,#2367,.T.);
#5786=EDGE_CURVE('',#4540,#4539,#296,.F.);
#5787=EDGE_CURVE('',#4541,#4540,#2368,.F.);
#5788=EDGE_CURVE('',#4542,#4541,#297,.F.);
#5789=EDGE_CURVE('',#4543,#4542,#2369,.F.);
#5790=EDGE_CURVE('',#4416,#4543,#298,.F.);
#5791=EDGE_CURVE('',#4486,#4544,#2370,.T.);
#5792=EDGE_CURVE('',#4545,#4544,#299,.F.);
#5793=EDGE_CURVE('',#4546,#4545,#2371,.F.);
#5794=EDGE_CURVE('',#4547,#4546,#300,.F.);
#5795=EDGE_CURVE('',#4548,#4547,#2372,.F.);
#5796=EDGE_CURVE('',#4549,#4548,#301,.F.);
#5797=EDGE_CURVE('',#4550,#4549,#2373,.F.);
#5798=EDGE_CURVE('',#4551,#4550,#302,.F.);
#5799=EDGE_CURVE('',#4552,#4551,#2374,.F.);
#5800=EDGE_CURVE('',#4553,#4552,#303,.F.);
#5801=EDGE_CURVE('',#4554,#4553,#2375,.F.);
#5802=EDGE_CURVE('',#4555,#4554,#304,.F.);
#5803=EDGE_CURVE('',#4556,#4555,#2376,.F.);
#5804=EDGE_CURVE('',#4421,#4556,#305,.F.);
#5805=EDGE_CURVE('',#4557,#4557,#306,.T.);
#5806=EDGE_CURVE('',#4558,#4558,#307,.T.);
#5807=EDGE_CURVE('',#4559,#4559,#308,.T.);
#5808=EDGE_CURVE('',#4560,#4425,#309,.F.);
#5809=EDGE_CURVE('',#4561,#4560,#2377,.F.);
#5810=EDGE_CURVE('',#4562,#4561,#310,.F.);
#5811=EDGE_CURVE('',#4563,#4562,#2378,.F.);
#5812=EDGE_CURVE('',#4564,#4563,#311,.F.);
#5813=EDGE_CURVE('',#4565,#4564,#2379,.F.);
#5814=EDGE_CURVE('',#4426,#4565,#312,.F.);
#5815=EDGE_CURVE('',#4478,#4566,#2380,.T.);
#5816=EDGE_CURVE('',#4412,#4566,#313,.T.);
#5817=EDGE_CURVE('',#4480,#4411,#314,.T.);
#5818=EDGE_CURVE('',#4567,#4567,#315,.T.);
#5819=EDGE_CURVE('',#4568,#4477,#2381,.T.);
#5820=EDGE_CURVE('',#4569,#4476,#2382,.T.);
#5821=EDGE_CURVE('',#4405,#4569,#316,.T.);
#5822=EDGE_CURVE('',#4568,#4415,#317,.T.);
#5823=EDGE_CURVE('',#4570,#4570,#318,.T.);
#5824=EDGE_CURVE('',#4352,#4566,#2383,.T.);
#5825=EDGE_CURVE('',#4268,#4569,#2384,.T.);
#5826=EDGE_CURVE('',#4571,#4474,#2385,.T.);
#5827=EDGE_CURVE('',#4407,#4571,#319,.T.);
#5828=EDGE_CURVE('',#4572,#4406,#320,.T.);
#5829=EDGE_CURVE('',#4572,#4475,#2386,.T.);
#5830=EDGE_CURVE('',#4573,#4573,#321,.T.);
#5831=EDGE_CURVE('',#4261,#4568,#2387,.T.);
#5832=EDGE_CURVE('',#4273,#4572,#2388,.T.);
#5833=EDGE_CURVE('',#4280,#4571,#2389,.T.);
#5834=EDGE_CURVE('',#4285,#4492,#2390,.T.);
#5835=EDGE_CURVE('',#4574,#4515,#2391,.T.);
#5836=EDGE_CURVE('',#4575,#4574,#2392,.T.);
#5837=EDGE_CURVE('',#4516,#4575,#2393,.T.);
#5838=EDGE_CURVE('',#4574,#4450,#322,.T.);
#5839=EDGE_CURVE('',#4576,#4500,#2394,.T.);
#5840=EDGE_CURVE('',#4577,#4576,#323,.T.);
#5841=EDGE_CURVE('',#4577,#4501,#2395,.T.);
#5842=EDGE_CURVE('',#4578,#4499,#2396,.T.);
#5843=EDGE_CURVE('',#4576,#4578,#2397,.T.);
#5844=EDGE_CURVE('',#4578,#4462,#324,.T.);
#5845=EDGE_CURVE('',#4579,#4498,#2398,.T.);
#5846=EDGE_CURVE('',#4465,#4579,#325,.T.);
#5847=EDGE_CURVE('',#4580,#4497,#2399,.T.);
#5848=EDGE_CURVE('',#4579,#4580,#2400,.T.);
#5849=EDGE_CURVE('',#4581,#4496,#2401,.T.);
#5850=EDGE_CURVE('',#4580,#4581,#326,.T.);
#5851=EDGE_CURVE('',#4582,#4495,#2402,.T.);
#5852=EDGE_CURVE('',#4581,#4582,#2403,.T.);
#5853=EDGE_CURVE('',#4583,#4494,#2404,.T.);
#5854=EDGE_CURVE('',#4582,#4583,#327,.T.);
#5855=EDGE_CURVE('',#4584,#4493,#2405,.T.);
#5856=EDGE_CURVE('',#4583,#4584,#2406,.T.);
#5857=EDGE_CURVE('',#4584,#4466,#328,.T.);
#5858=EDGE_CURVE('',#4585,#4491,#2407,.T.);
#5859=EDGE_CURVE('',#4434,#4585,#329,.T.);
#5860=EDGE_CURVE('',#4586,#4490,#2408,.T.);
#5861=EDGE_CURVE('',#4585,#4586,#2409,.T.);
#5862=EDGE_CURVE('',#4587,#4489,#2410,.T.);
#5863=EDGE_CURVE('',#4586,#4587,#330,.T.);
#5864=EDGE_CURVE('',#4588,#4488,#2411,.T.);
#5865=EDGE_CURVE('',#4587,#4588,#2412,.T.);
#5866=EDGE_CURVE('',#4588,#4441,#331,.T.);
#5867=EDGE_CURVE('',#4543,#4589,#2413,.T.);
#5868=EDGE_CURVE('',#4418,#4589,#332,.T.);
#5869=EDGE_CURVE('',#4590,#4542,#2414,.T.);
#5870=EDGE_CURVE('',#4589,#4590,#2415,.T.);
#5871=EDGE_CURVE('',#4541,#4591,#2416,.T.);
#5872=EDGE_CURVE('',#4590,#4591,#333,.T.);
#5873=EDGE_CURVE('',#4592,#4540,#2417,.T.);
#5874=EDGE_CURVE('',#4591,#4592,#2418,.T.);
#5875=EDGE_CURVE('',#4593,#4539,#2419,.T.);
#5876=EDGE_CURVE('',#4592,#4593,#334,.T.);
#5877=EDGE_CURVE('',#4594,#4556,#2420,.T.);
#5878=EDGE_CURVE('',#4422,#4594,#335,.T.);
#5879=EDGE_CURVE('',#4595,#4555,#2421,.T.);
#5880=EDGE_CURVE('',#4594,#4595,#2422,.T.);
#5881=EDGE_CURVE('',#4596,#4554,#2423,.T.);
#5882=EDGE_CURVE('',#4595,#4596,#336,.T.);
#5883=EDGE_CURVE('',#4597,#4553,#2424,.T.);
#5884=EDGE_CURVE('',#4596,#4597,#2425,.T.);
#5885=EDGE_CURVE('',#4598,#4552,#2426,.T.);
#5886=EDGE_CURVE('',#4597,#4598,#337,.T.);
#5887=EDGE_CURVE('',#4599,#4551,#2427,.T.);
#5888=EDGE_CURVE('',#4598,#4599,#2428,.T.);
#5889=EDGE_CURVE('',#4600,#4550,#2429,.T.);
#5890=EDGE_CURVE('',#4599,#4600,#338,.T.);
#5891=EDGE_CURVE('',#4601,#4549,#2430,.T.);
#5892=EDGE_CURVE('',#4600,#4601,#2431,.T.);
#5893=EDGE_CURVE('',#4602,#4548,#2432,.T.);
#5894=EDGE_CURVE('',#4601,#4602,#339,.T.);
#5895=EDGE_CURVE('',#4302,#4535,#2433,.T.);
#5896=EDGE_CURVE('',#4298,#4536,#2434,.T.);
#5897=EDGE_CURVE('',#4336,#4519,#2435,.T.);
#5898=EDGE_CURVE('',#4335,#4520,#2436,.T.);
#5899=EDGE_CURVE('',#4334,#4521,#2437,.T.);
#5900=EDGE_CURVE('',#4327,#4522,#2438,.T.);
#5901=EDGE_CURVE('',#4326,#4523,#2439,.T.);
#5902=EDGE_CURVE('',#4325,#4524,#2440,.T.);
#5903=EDGE_CURVE('',#4324,#4525,#2441,.T.);
#5904=EDGE_CURVE('',#4323,#4526,#2442,.T.);
#5905=EDGE_CURVE('',#4322,#4527,#2443,.T.);
#5906=EDGE_CURVE('',#4315,#4528,#2444,.T.);
#5907=EDGE_CURVE('',#4314,#4529,#2445,.T.);
#5908=EDGE_CURVE('',#4313,#4530,#2446,.T.);
#5909=EDGE_CURVE('',#4312,#4531,#2447,.T.);
#5910=EDGE_CURVE('',#4311,#4532,#2448,.T.);
#5911=EDGE_CURVE('',#4310,#4533,#2449,.T.);
#5912=EDGE_CURVE('',#4303,#4534,#2450,.T.);
#5913=EDGE_CURVE('',#4603,#4577,#2451,.T.);
#5914=EDGE_CURVE('',#4603,#4502,#2452,.T.);
#5915=EDGE_CURVE('',#4506,#4604,#2453,.T.);
#5916=EDGE_CURVE('',#4605,#4604,#340,.T.);
#5917=EDGE_CURVE('',#4605,#4507,#2454,.T.);
#5918=EDGE_CURVE('',#4606,#4505,#2455,.T.);
#5919=EDGE_CURVE('',#4604,#4606,#2456,.T.);
#5920=EDGE_CURVE('',#4606,#4458,#341,.T.);
#5921=EDGE_CURVE('',#4607,#4565,#2457,.T.);
#5922=EDGE_CURVE('',#4427,#4607,#342,.T.);
#5923=EDGE_CURVE('',#4608,#4564,#2458,.T.);
#5924=EDGE_CURVE('',#4607,#4608,#2459,.T.);
#5925=EDGE_CURVE('',#4609,#4563,#2460,.T.);
#5926=EDGE_CURVE('',#4608,#4609,#343,.T.);
#5927=EDGE_CURVE('',#4610,#4538,#2461,.T.);
#5928=EDGE_CURVE('',#4593,#4610,#2462,.T.);
#5929=EDGE_CURVE('',#4610,#4419,#344,.T.);
#5930=EDGE_CURVE('',#4611,#4612,#345,.T.);
#5931=EDGE_CURVE('',#4612,#4613,#346,.T.);
#5932=EDGE_CURVE('',#4613,#4614,#347,.T.);
#5933=EDGE_CURVE('',#4614,#4611,#348,.T.);
#5934=EDGE_CURVE('',#4615,#4616,#349,.T.);
#5935=EDGE_CURVE('',#4616,#4614,#2463,.T.);
#5936=EDGE_CURVE('',#4613,#4615,#2464,.T.);
#5937=EDGE_CURVE('',#4617,#4618,#350,.T.);
#5938=EDGE_CURVE('',#4618,#4616,#351,.T.);
#5939=EDGE_CURVE('',#4615,#4617,#352,.T.);
#5940=EDGE_CURVE('',#4619,#4620,#353,.T.);
#5941=EDGE_CURVE('',#4620,#4618,#2465,.T.);
#5942=EDGE_CURVE('',#4617,#4619,#2466,.T.);
#5943=EDGE_CURVE('',#4621,#4249,#354,.T.);
#5944=EDGE_CURVE('',#4249,#4620,#355,.T.);
#5945=EDGE_CURVE('',#4619,#4621,#356,.T.);
#5946=EDGE_CURVE('',#4622,#4250,#357,.T.);
#5947=EDGE_CURVE('',#4621,#4622,#2467,.T.);
#5948=EDGE_CURVE('',#4623,#4624,#358,.T.);
#5949=EDGE_CURVE('',#4624,#4250,#359,.T.);
#5950=EDGE_CURVE('',#4622,#4623,#360,.T.);
#5951=EDGE_CURVE('',#4623,#4612,#2468,.T.);
#5952=EDGE_CURVE('',#4611,#4624,#2469,.T.);
#5953=EDGE_CURVE('',#4624,#4252,#2470,.T.);
#5954=EDGE_CURVE('',#4253,#4611,#2471,.T.);
#5955=EDGE_CURVE('',#4614,#4254,#2472,.T.);
#5956=EDGE_CURVE('',#4625,#4626,#2473,.T.);
#5957=EDGE_CURVE('',#4627,#4625,#361,.T.);
#5958=EDGE_CURVE('',#4628,#4627,#2474,.T.);
#5959=EDGE_CURVE('',#4629,#4628,#362,.T.);
#5960=EDGE_CURVE('',#4630,#4629,#2475,.T.);
#5961=EDGE_CURVE('',#4631,#4630,#363,.T.);
#5962=EDGE_CURVE('',#4632,#4631,#2476,.T.);
#5963=EDGE_CURVE('',#4626,#4632,#364,.T.);
#5964=EDGE_CURVE('',#4633,#4634,#2477,.T.);
#5965=EDGE_CURVE('',#4635,#4633,#365,.T.);
#5966=EDGE_CURVE('',#4636,#4635,#2478,.T.);
#5967=EDGE_CURVE('',#4637,#4636,#366,.T.);
#5968=EDGE_CURVE('',#4638,#4637,#2479,.T.);
#5969=EDGE_CURVE('',#4639,#4638,#367,.T.);
#5970=EDGE_CURVE('',#4634,#4639,#2480,.T.);
#5971=EDGE_CURVE('',#4640,#4641,#2481,.T.);
#5972=EDGE_CURVE('',#4642,#4640,#368,.T.);
#5973=EDGE_CURVE('',#4643,#4642,#2482,.T.);
#5974=EDGE_CURVE('',#4644,#4643,#369,.T.);
#5975=EDGE_CURVE('',#4645,#4644,#2483,.T.);
#5976=EDGE_CURVE('',#4646,#4645,#370,.T.);
#5977=EDGE_CURVE('',#4647,#4646,#2484,.T.);
#5978=EDGE_CURVE('',#4641,#4647,#371,.T.);
#5979=EDGE_CURVE('',#4648,#4649,#372,.T.);
#5980=EDGE_CURVE('',#4650,#4648,#2485,.T.);
#5981=EDGE_CURVE('',#4651,#4650,#373,.T.);
#5982=EDGE_CURVE('',#4652,#4651,#2486,.T.);
#5983=EDGE_CURVE('',#4653,#4652,#374,.T.);
#5984=EDGE_CURVE('',#4654,#4653,#2487,.T.);
#5985=EDGE_CURVE('',#4655,#4654,#375,.T.);
#5986=EDGE_CURVE('',#4649,#4655,#2488,.T.);
#5987=EDGE_CURVE('',#4656,#4657,#2489,.T.);
#5988=EDGE_CURVE('',#4658,#4656,#376,.T.);
#5989=EDGE_CURVE('',#4659,#4658,#2490,.T.);
#5990=EDGE_CURVE('',#4660,#4659,#377,.T.);
#5991=EDGE_CURVE('',#4661,#4660,#2491,.T.);
#5992=EDGE_CURVE('',#4662,#4661,#378,.T.);
#5993=EDGE_CURVE('',#4663,#4662,#2492,.T.);
#5994=EDGE_CURVE('',#4657,#4663,#379,.T.);
#5995=EDGE_CURVE('',#4664,#4665,#2493,.T.);
#5996=EDGE_CURVE('',#4666,#4664,#380,.T.);
#5997=EDGE_CURVE('',#4667,#4666,#2494,.T.);
#5998=EDGE_CURVE('',#4668,#4667,#381,.T.);
#5999=EDGE_CURVE('',#4669,#4668,#2495,.T.);
#6000=EDGE_CURVE('',#4670,#4669,#382,.T.);
#6001=EDGE_CURVE('',#4671,#4670,#2496,.T.);
#6002=EDGE_CURVE('',#4665,#4671,#383,.T.);
#6003=EDGE_CURVE('',#4672,#4673,#2497,.T.);
#6004=EDGE_CURVE('',#4674,#4672,#384,.T.);
#6005=EDGE_CURVE('',#4675,#4674,#2498,.T.);
#6006=EDGE_CURVE('',#4676,#4675,#385,.T.);
#6007=EDGE_CURVE('',#4677,#4676,#2499,.T.);
#6008=EDGE_CURVE('',#4678,#4677,#386,.T.);
#6009=EDGE_CURVE('',#4673,#4678,#2500,.T.);
#6010=EDGE_CURVE('',#4679,#4680,#2501,.T.);
#6011=EDGE_CURVE('',#4681,#4679,#387,.T.);
#6012=EDGE_CURVE('',#4682,#4681,#2502,.T.);
#6013=EDGE_CURVE('',#4683,#4682,#388,.T.);
#6014=EDGE_CURVE('',#4684,#4683,#2503,.T.);
#6015=EDGE_CURVE('',#4685,#4684,#389,.T.);
#6016=EDGE_CURVE('',#4686,#4685,#2504,.T.);
#6017=EDGE_CURVE('',#4680,#4686,#390,.T.);
#6018=EDGE_CURVE('',#4687,#4688,#2505,.T.);
#6019=EDGE_CURVE('',#4689,#4687,#391,.T.);
#6020=EDGE_CURVE('',#4690,#4689,#2506,.T.);
#6021=EDGE_CURVE('',#4691,#4690,#392,.T.);
#6022=EDGE_CURVE('',#4692,#4691,#2507,.T.);
#6023=EDGE_CURVE('',#4693,#4692,#393,.T.);
#6024=EDGE_CURVE('',#4694,#4693,#2508,.T.);
#6025=EDGE_CURVE('',#4695,#4694,#394,.T.);
#6026=EDGE_CURVE('',#4696,#4695,#2509,.T.);
#6027=EDGE_CURVE('',#4697,#4696,#395,.T.);
#6028=EDGE_CURVE('',#4698,#4697,#2510,.T.);
#6029=EDGE_CURVE('',#4699,#4698,#396,.T.);
#6030=EDGE_CURVE('',#4700,#4699,#2511,.T.);
#6031=EDGE_CURVE('',#4701,#4700,#397,.T.);
#6032=EDGE_CURVE('',#4702,#4701,#2512,.T.);
#6033=EDGE_CURVE('',#4688,#4702,#398,.T.);
#6034=EDGE_CURVE('',#4597,#4687,#2513,.T.);
#6035=EDGE_CURVE('',#4688,#4596,#2514,.T.);
#6036=EDGE_CURVE('',#4598,#4689,#2515,.T.);
#6037=EDGE_CURVE('',#4599,#4690,#2516,.T.);
#6038=EDGE_CURVE('',#4600,#4691,#2517,.T.);
#6039=EDGE_CURVE('',#4601,#4692,#2518,.T.);
#6040=EDGE_CURVE('',#4602,#4693,#2519,.T.);
#6041=EDGE_CURVE('',#4703,#4694,#2520,.T.);
#6042=EDGE_CURVE('',#4602,#4703,#2521,.T.);
#6043=EDGE_CURVE('',#4703,#4704,#399,.T.);
#6044=EDGE_CURVE('',#4704,#4695,#2522,.T.);
#6045=EDGE_CURVE('',#4705,#4696,#2523,.T.);
#6046=EDGE_CURVE('',#4704,#4705,#2524,.T.);
#6047=EDGE_CURVE('',#4705,#4706,#400,.T.);
#6048=EDGE_CURVE('',#4706,#4697,#2525,.T.);
#6049=EDGE_CURVE('',#4487,#4698,#2526,.T.);
#6050=EDGE_CURVE('',#4706,#4487,#2527,.T.);
#6051=EDGE_CURVE('',#4423,#4699,#2528,.T.);
#6052=EDGE_CURVE('',#4422,#4700,#2529,.T.);
#6053=EDGE_CURVE('',#4594,#4701,#2530,.T.);
#6054=EDGE_CURVE('',#4595,#4702,#2531,.T.);
#6055=EDGE_CURVE('',#4704,#4546,#2532,.T.);
#6056=EDGE_CURVE('',#4703,#4547,#2533,.T.);
#6057=EDGE_CURVE('',#4707,#4625,#2534,.T.);
#6058=EDGE_CURVE('',#4626,#4609,#2535,.T.);
#6059=EDGE_CURVE('',#4609,#4707,#2536,.T.);
#6060=EDGE_CURVE('',#4707,#4708,#401,.T.);
#6061=EDGE_CURVE('',#4708,#4627,#2537,.T.);
#6062=EDGE_CURVE('',#4709,#4628,#2538,.T.);
#6063=EDGE_CURVE('',#4708,#4709,#2539,.T.);
#6064=EDGE_CURVE('',#4709,#4424,#402,.T.);
#6065=EDGE_CURVE('',#4424,#4629,#2540,.T.);
#6066=EDGE_CURVE('',#4427,#4630,#2541,.T.);
#6067=EDGE_CURVE('',#4607,#4631,#2542,.T.);
#6068=EDGE_CURVE('',#4608,#4632,#2543,.T.);
#6069=EDGE_CURVE('',#4709,#4560,#2544,.T.);
#6070=EDGE_CURVE('',#4708,#4561,#2545,.T.);
#6071=EDGE_CURVE('',#4707,#4562,#2546,.T.);
#6072=EDGE_CURVE('',#4449,#4679,#2547,.T.);
#6073=EDGE_CURVE('',#4680,#4450,#2548,.T.);
#6074=EDGE_CURVE('',#4449,#4431,#403,.T.);
#6075=EDGE_CURVE('',#4431,#4681,#2549,.T.);
#6076=EDGE_CURVE('',#4430,#4682,#2550,.T.);
#6077=EDGE_CURVE('',#4430,#4710,#404,.T.);
#6078=EDGE_CURVE('',#4710,#4683,#2551,.T.);
#6079=EDGE_CURVE('',#4711,#4684,#2552,.T.);
#6080=EDGE_CURVE('',#4710,#4711,#2553,.T.);
#6081=EDGE_CURVE('',#4711,#4575,#405,.T.);
#6082=EDGE_CURVE('',#4575,#4685,#2554,.T.);
#6083=EDGE_CURVE('',#4574,#4686,#2555,.T.);
#6084=EDGE_CURVE('',#4518,#4710,#2556,.T.);
#6085=EDGE_CURVE('',#4706,#4544,#2557,.T.);
#6086=EDGE_CURVE('',#4712,#4713,#2558,.T.);
#6087=EDGE_CURVE('',#4713,#4633,#2559,.T.);
#6088=EDGE_CURVE('',#4634,#4712,#2560,.T.);
#6089=EDGE_CURVE('',#4713,#4714,#406,.T.);
#6090=EDGE_CURVE('',#4714,#4635,#2561,.T.);
#6091=EDGE_CURVE('',#4715,#4636,#2562,.T.);
#6092=EDGE_CURVE('',#4714,#4715,#2563,.T.);
#6093=EDGE_CURVE('',#4715,#4454,#407,.T.);
#6094=EDGE_CURVE('',#4454,#4637,#2564,.T.);
#6095=EDGE_CURVE('',#4453,#4638,#2565,.T.);
#6096=EDGE_CURVE('',#4453,#4716,#408,.T.);
#6097=EDGE_CURVE('',#4716,#4639,#2566,.T.);
#6098=EDGE_CURVE('',#4716,#4712,#2567,.T.);
#6099=EDGE_CURVE('',#4715,#4510,#2568,.T.);
#6100=EDGE_CURVE('',#4714,#4511,#2569,.T.);
#6101=EDGE_CURVE('',#4713,#4512,#2570,.T.);
#6102=EDGE_CURVE('',#4513,#4712,#2571,.T.);
#6103=EDGE_CURVE('',#4717,#4605,#2572,.T.);
#6104=EDGE_CURVE('',#4605,#4672,#2573,.T.);
#6105=EDGE_CURVE('',#4673,#4717,#2574,.T.);
#6106=EDGE_CURVE('',#4604,#4674,#2575,.T.);
#6107=EDGE_CURVE('',#4606,#4675,#2576,.T.);
#6108=EDGE_CURVE('',#4458,#4676,#2577,.T.);
#6109=EDGE_CURVE('',#4457,#4677,#2578,.T.);
#6110=EDGE_CURVE('',#4457,#4718,#409,.T.);
#6111=EDGE_CURVE('',#4718,#4678,#2579,.T.);
#6112=EDGE_CURVE('',#4718,#4717,#2580,.T.);
#6113=EDGE_CURVE('',#4508,#4717,#2581,.T.);
#6114=EDGE_CURVE('',#4719,#4640,#2582,.T.);
#6115=EDGE_CURVE('',#4641,#4720,#2583,.T.);
#6116=EDGE_CURVE('',#4720,#4719,#2584,.T.);
#6117=EDGE_CURVE('',#4719,#4603,#410,.T.);
#6118=EDGE_CURVE('',#4603,#4642,#2585,.T.);
#6119=EDGE_CURVE('',#4577,#4643,#2586,.T.);
#6120=EDGE_CURVE('',#4576,#4644,#2587,.T.);
#6121=EDGE_CURVE('',#4578,#4645,#2588,.T.);
#6122=EDGE_CURVE('',#4462,#4646,#2589,.T.);
#6123=EDGE_CURVE('',#4461,#4647,#2590,.T.);
#6124=EDGE_CURVE('',#4461,#4720,#411,.T.);
#6125=EDGE_CURVE('',#4719,#4503,#2591,.T.);
#6126=EDGE_CURVE('',#4720,#4504,#2592,.T.);
#6127=EDGE_CURVE('',#4590,#4664,#2593,.T.);
#6128=EDGE_CURVE('',#4665,#4589,#2594,.T.);
#6129=EDGE_CURVE('',#4591,#4666,#2595,.T.);
#6130=EDGE_CURVE('',#4592,#4667,#2596,.T.);
#6131=EDGE_CURVE('',#4593,#4668,#2597,.T.);
#6132=EDGE_CURVE('',#4610,#4669,#2598,.T.);
#6133=EDGE_CURVE('',#4419,#4670,#2599,.T.);
#6134=EDGE_CURVE('',#4418,#4671,#2600,.T.);
#6135=EDGE_CURVE('',#4649,#4582,#2601,.T.);
#6136=EDGE_CURVE('',#4583,#4648,#2602,.T.);
#6137=EDGE_CURVE('',#4655,#4581,#2603,.T.);
#6138=EDGE_CURVE('',#4654,#4580,#2604,.T.);
#6139=EDGE_CURVE('',#4653,#4579,#2605,.T.);
#6140=EDGE_CURVE('',#4652,#4465,#2606,.T.);
#6141=EDGE_CURVE('',#4651,#4466,#2607,.T.);
#6142=EDGE_CURVE('',#4650,#4584,#2608,.T.);
#6143=EDGE_CURVE('',#4588,#4656,#2609,.T.);
#6144=EDGE_CURVE('',#4657,#4587,#2610,.T.);
#6145=EDGE_CURVE('',#4441,#4658,#2611,.T.);
#6146=EDGE_CURVE('',#4444,#4659,#2612,.T.);
#6147=EDGE_CURVE('',#4435,#4660,#2613,.T.);
#6148=EDGE_CURVE('',#4434,#4661,#2614,.T.);
#6149=EDGE_CURVE('',#4585,#4662,#2615,.T.);
#6150=EDGE_CURVE('',#4586,#4663,#2616,.T.);
#6151=EDGE_CURVE('',#4711,#4517,#2617,.T.);
#6152=EDGE_CURVE('',#4705,#4545,#2618,.T.);
#6153=EDGE_CURVE('',#4509,#4718,#2619,.T.);
#6154=EDGE_CURVE('',#4716,#4514,#2620,.T.);
#6155=EDGE_CURVE('',#4618,#4256,#2621,.T.);
#6156=EDGE_CURVE('',#4255,#4616,#2622,.T.);
#6157=EDGE_CURVE('',#4257,#4620,#2623,.T.);
#6158=EDGE_CURVE('',#4721,#4721,#412,.T.);
#6159=EDGE_CURVE('',#4721,#4722,#2624,.T.);
#6160=EDGE_CURVE('',#4570,#4721,#2625,.T.);
#6161=EDGE_CURVE('',#4723,#4723,#413,.T.);
#6162=EDGE_CURVE('',#4723,#4724,#2626,.T.);
#6163=EDGE_CURVE('',#4537,#4723,#2627,.T.);
#6164=EDGE_CURVE('',#4725,#4725,#414,.T.);
#6165=EDGE_CURVE('',#4725,#4726,#2628,.T.);
#6166=EDGE_CURVE('',#4559,#4725,#2629,.T.);
#6167=EDGE_CURVE('',#4727,#4727,#415,.T.);
#6168=EDGE_CURVE('',#4727,#4728,#2630,.T.);
#6169=EDGE_CURVE('',#4558,#4727,#2631,.T.);
#6170=EDGE_CURVE('',#4729,#4729,#416,.T.);
#6171=EDGE_CURVE('',#4729,#4730,#2632,.T.);
#6172=EDGE_CURVE('',#4557,#4729,#2633,.T.);
#6173=EDGE_CURVE('',#4731,#4731,#417,.T.);
#6174=EDGE_CURVE('',#4731,#4732,#2634,.T.);
#6175=EDGE_CURVE('',#4573,#4731,#2635,.T.);
#6176=EDGE_CURVE('',#4733,#4733,#418,.T.);
#6177=EDGE_CURVE('',#4733,#4734,#2636,.T.);
#6178=EDGE_CURVE('',#4567,#4733,#2637,.T.);
#6179=ORIENTED_EDGE('',*,*,#4735,.F.);
#6180=ORIENTED_EDGE('',*,*,#4736,.T.);
#6181=ORIENTED_EDGE('',*,*,#4737,.T.);
#6182=ORIENTED_EDGE('',*,*,#4738,.F.);
#6183=ORIENTED_EDGE('',*,*,#4739,.F.);
#6184=ORIENTED_EDGE('',*,*,#4740,.T.);
#6185=ORIENTED_EDGE('',*,*,#4741,.T.);
#6186=ORIENTED_EDGE('',*,*,#4736,.F.);
#6187=ORIENTED_EDGE('',*,*,#4742,.F.);
#6188=ORIENTED_EDGE('',*,*,#4743,.T.);
#6189=ORIENTED_EDGE('',*,*,#4744,.T.);
#6190=ORIENTED_EDGE('',*,*,#4740,.F.);
#6191=ORIENTED_EDGE('',*,*,#4745,.F.);
#6192=ORIENTED_EDGE('',*,*,#4746,.T.);
#6193=ORIENTED_EDGE('',*,*,#4747,.T.);
#6194=ORIENTED_EDGE('',*,*,#4743,.F.);
#6195=ORIENTED_EDGE('',*,*,#4748,.F.);
#6196=ORIENTED_EDGE('',*,*,#4749,.T.);
#6197=ORIENTED_EDGE('',*,*,#4750,.T.);
#6198=ORIENTED_EDGE('',*,*,#4746,.F.);
#6199=ORIENTED_EDGE('',*,*,#4751,.F.);
#6200=ORIENTED_EDGE('',*,*,#4752,.T.);
#6201=ORIENTED_EDGE('',*,*,#4753,.T.);
#6202=ORIENTED_EDGE('',*,*,#4749,.F.);
#6203=ORIENTED_EDGE('',*,*,#4754,.F.);
#6204=ORIENTED_EDGE('',*,*,#4755,.T.);
#6205=ORIENTED_EDGE('',*,*,#4756,.T.);
#6206=ORIENTED_EDGE('',*,*,#4752,.F.);
#6207=ORIENTED_EDGE('',*,*,#4757,.F.);
#6208=ORIENTED_EDGE('',*,*,#4758,.T.);
#6209=ORIENTED_EDGE('',*,*,#4759,.T.);
#6210=ORIENTED_EDGE('',*,*,#4755,.F.);
#6211=ORIENTED_EDGE('',*,*,#4760,.F.);
#6212=ORIENTED_EDGE('',*,*,#4761,.T.);
#6213=ORIENTED_EDGE('',*,*,#4762,.T.);
#6214=ORIENTED_EDGE('',*,*,#4758,.F.);
#6215=ORIENTED_EDGE('',*,*,#4763,.F.);
#6216=ORIENTED_EDGE('',*,*,#4764,.T.);
#6217=ORIENTED_EDGE('',*,*,#4765,.T.);
#6218=ORIENTED_EDGE('',*,*,#4761,.F.);
#6219=ORIENTED_EDGE('',*,*,#4766,.F.);
#6220=ORIENTED_EDGE('',*,*,#4767,.T.);
#6221=ORIENTED_EDGE('',*,*,#4768,.T.);
#6222=ORIENTED_EDGE('',*,*,#4764,.F.);
#6223=ORIENTED_EDGE('',*,*,#4769,.F.);
#6224=ORIENTED_EDGE('',*,*,#4770,.T.);
#6225=ORIENTED_EDGE('',*,*,#4771,.T.);
#6226=ORIENTED_EDGE('',*,*,#4767,.F.);
#6227=ORIENTED_EDGE('',*,*,#4772,.F.);
#6228=ORIENTED_EDGE('',*,*,#4773,.T.);
#6229=ORIENTED_EDGE('',*,*,#4774,.T.);
#6230=ORIENTED_EDGE('',*,*,#4770,.F.);
#6231=ORIENTED_EDGE('',*,*,#4775,.F.);
#6232=ORIENTED_EDGE('',*,*,#4776,.T.);
#6233=ORIENTED_EDGE('',*,*,#4777,.T.);
#6234=ORIENTED_EDGE('',*,*,#4773,.F.);
#6235=ORIENTED_EDGE('',*,*,#4778,.F.);
#6236=ORIENTED_EDGE('',*,*,#4779,.T.);
#6237=ORIENTED_EDGE('',*,*,#4780,.T.);
#6238=ORIENTED_EDGE('',*,*,#4776,.F.);
#6239=ORIENTED_EDGE('',*,*,#4781,.F.);
#6240=ORIENTED_EDGE('',*,*,#4782,.T.);
#6241=ORIENTED_EDGE('',*,*,#4783,.T.);
#6242=ORIENTED_EDGE('',*,*,#4779,.F.);
#6243=ORIENTED_EDGE('',*,*,#4784,.F.);
#6244=ORIENTED_EDGE('',*,*,#4738,.T.);
#6245=ORIENTED_EDGE('',*,*,#4785,.T.);
#6246=ORIENTED_EDGE('',*,*,#4782,.F.);
#6247=ORIENTED_EDGE('',*,*,#4785,.F.);
#6248=ORIENTED_EDGE('',*,*,#4737,.F.);
#6249=ORIENTED_EDGE('',*,*,#4741,.F.);
#6250=ORIENTED_EDGE('',*,*,#4744,.F.);
#6251=ORIENTED_EDGE('',*,*,#4747,.F.);
#6252=ORIENTED_EDGE('',*,*,#4750,.F.);
#6253=ORIENTED_EDGE('',*,*,#4753,.F.);
#6254=ORIENTED_EDGE('',*,*,#4756,.F.);
#6255=ORIENTED_EDGE('',*,*,#4759,.F.);
#6256=ORIENTED_EDGE('',*,*,#4762,.F.);
#6257=ORIENTED_EDGE('',*,*,#4765,.F.);
#6258=ORIENTED_EDGE('',*,*,#4768,.F.);
#6259=ORIENTED_EDGE('',*,*,#4771,.F.);
#6260=ORIENTED_EDGE('',*,*,#4774,.F.);
#6261=ORIENTED_EDGE('',*,*,#4777,.F.);
#6262=ORIENTED_EDGE('',*,*,#4780,.F.);
#6263=ORIENTED_EDGE('',*,*,#4783,.F.);
#6264=ORIENTED_EDGE('',*,*,#4786,.F.);
#6265=ORIENTED_EDGE('',*,*,#4787,.T.);
#6266=ORIENTED_EDGE('',*,*,#4788,.T.);
#6267=ORIENTED_EDGE('',*,*,#4789,.F.);
#6268=ORIENTED_EDGE('',*,*,#4790,.F.);
#6269=ORIENTED_EDGE('',*,*,#4791,.T.);
#6270=ORIENTED_EDGE('',*,*,#4792,.T.);
#6271=ORIENTED_EDGE('',*,*,#4787,.F.);
#6272=ORIENTED_EDGE('',*,*,#4793,.F.);
#6273=ORIENTED_EDGE('',*,*,#4794,.T.);
#6274=ORIENTED_EDGE('',*,*,#4795,.T.);
#6275=ORIENTED_EDGE('',*,*,#4791,.F.);
#6276=ORIENTED_EDGE('',*,*,#4796,.F.);
#6277=ORIENTED_EDGE('',*,*,#4797,.T.);
#6278=ORIENTED_EDGE('',*,*,#4798,.T.);
#6279=ORIENTED_EDGE('',*,*,#4794,.F.);
#6280=ORIENTED_EDGE('',*,*,#4799,.F.);
#6281=ORIENTED_EDGE('',*,*,#4800,.T.);
#6282=ORIENTED_EDGE('',*,*,#4801,.T.);
#6283=ORIENTED_EDGE('',*,*,#4797,.F.);
#6284=ORIENTED_EDGE('',*,*,#4802,.F.);
#6285=ORIENTED_EDGE('',*,*,#4803,.T.);
#6286=ORIENTED_EDGE('',*,*,#4804,.T.);
#6287=ORIENTED_EDGE('',*,*,#4800,.F.);
#6288=ORIENTED_EDGE('',*,*,#4805,.F.);
#6289=ORIENTED_EDGE('',*,*,#4806,.T.);
#6290=ORIENTED_EDGE('',*,*,#4807,.T.);
#6291=ORIENTED_EDGE('',*,*,#4803,.F.);
#6292=ORIENTED_EDGE('',*,*,#4808,.F.);
#6293=ORIENTED_EDGE('',*,*,#4809,.T.);
#6294=ORIENTED_EDGE('',*,*,#4810,.T.);
#6295=ORIENTED_EDGE('',*,*,#4806,.F.);
#6296=ORIENTED_EDGE('',*,*,#4811,.F.);
#6297=ORIENTED_EDGE('',*,*,#4812,.T.);
#6298=ORIENTED_EDGE('',*,*,#4813,.T.);
#6299=ORIENTED_EDGE('',*,*,#4809,.F.);
#6300=ORIENTED_EDGE('',*,*,#4814,.F.);
#6301=ORIENTED_EDGE('',*,*,#4815,.T.);
#6302=ORIENTED_EDGE('',*,*,#4816,.T.);
#6303=ORIENTED_EDGE('',*,*,#4812,.F.);
#6304=ORIENTED_EDGE('',*,*,#4817,.F.);
#6305=ORIENTED_EDGE('',*,*,#4818,.T.);
#6306=ORIENTED_EDGE('',*,*,#4819,.T.);
#6307=ORIENTED_EDGE('',*,*,#4815,.F.);
#6308=ORIENTED_EDGE('',*,*,#4820,.F.);
#6309=ORIENTED_EDGE('',*,*,#4821,.T.);
#6310=ORIENTED_EDGE('',*,*,#4822,.T.);
#6311=ORIENTED_EDGE('',*,*,#4818,.F.);
#6312=ORIENTED_EDGE('',*,*,#4823,.F.);
#6313=ORIENTED_EDGE('',*,*,#4824,.T.);
#6314=ORIENTED_EDGE('',*,*,#4825,.T.);
#6315=ORIENTED_EDGE('',*,*,#4821,.F.);
#6316=ORIENTED_EDGE('',*,*,#4826,.F.);
#6317=ORIENTED_EDGE('',*,*,#4827,.T.);
#6318=ORIENTED_EDGE('',*,*,#4828,.T.);
#6319=ORIENTED_EDGE('',*,*,#4824,.F.);
#6320=ORIENTED_EDGE('',*,*,#4829,.F.);
#6321=ORIENTED_EDGE('',*,*,#4830,.T.);
#6322=ORIENTED_EDGE('',*,*,#4831,.T.);
#6323=ORIENTED_EDGE('',*,*,#4827,.F.);
#6324=ORIENTED_EDGE('',*,*,#4832,.F.);
#6325=ORIENTED_EDGE('',*,*,#4833,.T.);
#6326=ORIENTED_EDGE('',*,*,#4834,.T.);
#6327=ORIENTED_EDGE('',*,*,#4830,.F.);
#6328=ORIENTED_EDGE('',*,*,#4835,.F.);
#6329=ORIENTED_EDGE('',*,*,#4836,.T.);
#6330=ORIENTED_EDGE('',*,*,#4837,.T.);
#6331=ORIENTED_EDGE('',*,*,#4833,.F.);
#6332=ORIENTED_EDGE('',*,*,#4838,.F.);
#6333=ORIENTED_EDGE('',*,*,#4839,.T.);
#6334=ORIENTED_EDGE('',*,*,#4840,.T.);
#6335=ORIENTED_EDGE('',*,*,#4836,.F.);
#6336=ORIENTED_EDGE('',*,*,#4841,.F.);
#6337=ORIENTED_EDGE('',*,*,#4842,.T.);
#6338=ORIENTED_EDGE('',*,*,#4843,.T.);
#6339=ORIENTED_EDGE('',*,*,#4839,.F.);
#6340=ORIENTED_EDGE('',*,*,#4844,.F.);
#6341=ORIENTED_EDGE('',*,*,#4845,.T.);
#6342=ORIENTED_EDGE('',*,*,#4846,.T.);
#6343=ORIENTED_EDGE('',*,*,#4842,.F.);
#6344=ORIENTED_EDGE('',*,*,#4847,.F.);
#6345=ORIENTED_EDGE('',*,*,#4848,.T.);
#6346=ORIENTED_EDGE('',*,*,#4849,.T.);
#6347=ORIENTED_EDGE('',*,*,#4845,.F.);
#6348=ORIENTED_EDGE('',*,*,#4850,.F.);
#6349=ORIENTED_EDGE('',*,*,#4851,.T.);
#6350=ORIENTED_EDGE('',*,*,#4852,.T.);
#6351=ORIENTED_EDGE('',*,*,#4848,.F.);
#6352=ORIENTED_EDGE('',*,*,#4853,.F.);
#6353=ORIENTED_EDGE('',*,*,#4854,.T.);
#6354=ORIENTED_EDGE('',*,*,#4855,.T.);
#6355=ORIENTED_EDGE('',*,*,#4851,.F.);
#6356=ORIENTED_EDGE('',*,*,#4856,.F.);
#6357=ORIENTED_EDGE('',*,*,#4857,.T.);
#6358=ORIENTED_EDGE('',*,*,#4858,.T.);
#6359=ORIENTED_EDGE('',*,*,#4854,.F.);
#6360=ORIENTED_EDGE('',*,*,#4859,.F.);
#6361=ORIENTED_EDGE('',*,*,#4860,.T.);
#6362=ORIENTED_EDGE('',*,*,#4861,.T.);
#6363=ORIENTED_EDGE('',*,*,#4857,.F.);
#6364=ORIENTED_EDGE('',*,*,#4862,.F.);
#6365=ORIENTED_EDGE('',*,*,#4789,.T.);
#6366=ORIENTED_EDGE('',*,*,#4863,.T.);
#6367=ORIENTED_EDGE('',*,*,#4860,.F.);
#6368=ORIENTED_EDGE('',*,*,#4864,.F.);
#6369=ORIENTED_EDGE('',*,*,#4865,.T.);
#6370=ORIENTED_EDGE('',*,*,#4866,.T.);
#6371=ORIENTED_EDGE('',*,*,#4867,.F.);
#6372=ORIENTED_EDGE('',*,*,#4868,.F.);
#6373=ORIENTED_EDGE('',*,*,#4869,.T.);
#6374=ORIENTED_EDGE('',*,*,#4870,.T.);
#6375=ORIENTED_EDGE('',*,*,#4865,.F.);
#6376=ORIENTED_EDGE('',*,*,#4871,.F.);
#6377=ORIENTED_EDGE('',*,*,#4872,.T.);
#6378=ORIENTED_EDGE('',*,*,#4873,.T.);
#6379=ORIENTED_EDGE('',*,*,#4869,.F.);
#6380=ORIENTED_EDGE('',*,*,#4874,.F.);
#6381=ORIENTED_EDGE('',*,*,#4875,.T.);
#6382=ORIENTED_EDGE('',*,*,#4876,.T.);
#6383=ORIENTED_EDGE('',*,*,#4872,.F.);
#6384=ORIENTED_EDGE('',*,*,#4877,.F.);
#6385=ORIENTED_EDGE('',*,*,#4878,.T.);
#6386=ORIENTED_EDGE('',*,*,#4879,.T.);
#6387=ORIENTED_EDGE('',*,*,#4875,.F.);
#6388=ORIENTED_EDGE('',*,*,#4880,.F.);
#6389=ORIENTED_EDGE('',*,*,#4881,.T.);
#6390=ORIENTED_EDGE('',*,*,#4882,.T.);
#6391=ORIENTED_EDGE('',*,*,#4878,.F.);
#6392=ORIENTED_EDGE('',*,*,#4883,.F.);
#6393=ORIENTED_EDGE('',*,*,#4884,.T.);
#6394=ORIENTED_EDGE('',*,*,#4885,.T.);
#6395=ORIENTED_EDGE('',*,*,#4881,.F.);
#6396=ORIENTED_EDGE('',*,*,#4886,.F.);
#6397=ORIENTED_EDGE('',*,*,#4887,.T.);
#6398=ORIENTED_EDGE('',*,*,#4888,.T.);
#6399=ORIENTED_EDGE('',*,*,#4884,.F.);
#6400=ORIENTED_EDGE('',*,*,#4889,.F.);
#6401=ORIENTED_EDGE('',*,*,#4890,.T.);
#6402=ORIENTED_EDGE('',*,*,#4891,.T.);
#6403=ORIENTED_EDGE('',*,*,#4887,.F.);
#6404=ORIENTED_EDGE('',*,*,#4892,.F.);
#6405=ORIENTED_EDGE('',*,*,#4893,.T.);
#6406=ORIENTED_EDGE('',*,*,#4894,.T.);
#6407=ORIENTED_EDGE('',*,*,#4890,.F.);
#6408=ORIENTED_EDGE('',*,*,#4895,.F.);
#6409=ORIENTED_EDGE('',*,*,#4896,.T.);
#6410=ORIENTED_EDGE('',*,*,#4897,.T.);
#6411=ORIENTED_EDGE('',*,*,#4893,.F.);
#6412=ORIENTED_EDGE('',*,*,#4898,.F.);
#6413=ORIENTED_EDGE('',*,*,#4899,.T.);
#6414=ORIENTED_EDGE('',*,*,#4900,.T.);
#6415=ORIENTED_EDGE('',*,*,#4896,.F.);
#6416=ORIENTED_EDGE('',*,*,#4901,.F.);
#6417=ORIENTED_EDGE('',*,*,#4902,.T.);
#6418=ORIENTED_EDGE('',*,*,#4903,.T.);
#6419=ORIENTED_EDGE('',*,*,#4899,.F.);
#6420=ORIENTED_EDGE('',*,*,#4904,.F.);
#6421=ORIENTED_EDGE('',*,*,#4905,.T.);
#6422=ORIENTED_EDGE('',*,*,#4906,.T.);
#6423=ORIENTED_EDGE('',*,*,#4902,.F.);
#6424=ORIENTED_EDGE('',*,*,#4907,.F.);
#6425=ORIENTED_EDGE('',*,*,#4908,.T.);
#6426=ORIENTED_EDGE('',*,*,#4909,.T.);
#6427=ORIENTED_EDGE('',*,*,#4905,.F.);
#6428=ORIENTED_EDGE('',*,*,#4910,.F.);
#6429=ORIENTED_EDGE('',*,*,#4911,.T.);
#6430=ORIENTED_EDGE('',*,*,#4912,.T.);
#6431=ORIENTED_EDGE('',*,*,#4908,.F.);
#6432=ORIENTED_EDGE('',*,*,#4913,.F.);
#6433=ORIENTED_EDGE('',*,*,#4914,.T.);
#6434=ORIENTED_EDGE('',*,*,#4915,.T.);
#6435=ORIENTED_EDGE('',*,*,#4911,.F.);
#6436=ORIENTED_EDGE('',*,*,#4916,.F.);
#6437=ORIENTED_EDGE('',*,*,#4917,.T.);
#6438=ORIENTED_EDGE('',*,*,#4918,.T.);
#6439=ORIENTED_EDGE('',*,*,#4914,.F.);
#6440=ORIENTED_EDGE('',*,*,#4919,.F.);
#6441=ORIENTED_EDGE('',*,*,#4920,.T.);
#6442=ORIENTED_EDGE('',*,*,#4921,.T.);
#6443=ORIENTED_EDGE('',*,*,#4917,.F.);
#6444=ORIENTED_EDGE('',*,*,#4922,.F.);
#6445=ORIENTED_EDGE('',*,*,#4923,.T.);
#6446=ORIENTED_EDGE('',*,*,#4924,.T.);
#6447=ORIENTED_EDGE('',*,*,#4920,.F.);
#6448=ORIENTED_EDGE('',*,*,#4925,.F.);
#6449=ORIENTED_EDGE('',*,*,#4926,.T.);
#6450=ORIENTED_EDGE('',*,*,#4927,.T.);
#6451=ORIENTED_EDGE('',*,*,#4923,.F.);
#6452=ORIENTED_EDGE('',*,*,#4928,.F.);
#6453=ORIENTED_EDGE('',*,*,#4929,.T.);
#6454=ORIENTED_EDGE('',*,*,#4930,.T.);
#6455=ORIENTED_EDGE('',*,*,#4926,.F.);
#6456=ORIENTED_EDGE('',*,*,#4931,.F.);
#6457=ORIENTED_EDGE('',*,*,#4932,.T.);
#6458=ORIENTED_EDGE('',*,*,#4933,.T.);
#6459=ORIENTED_EDGE('',*,*,#4929,.F.);
#6460=ORIENTED_EDGE('',*,*,#4934,.F.);
#6461=ORIENTED_EDGE('',*,*,#4935,.T.);
#6462=ORIENTED_EDGE('',*,*,#4936,.T.);
#6463=ORIENTED_EDGE('',*,*,#4932,.F.);
#6464=ORIENTED_EDGE('',*,*,#4937,.F.);
#6465=ORIENTED_EDGE('',*,*,#4938,.T.);
#6466=ORIENTED_EDGE('',*,*,#4939,.T.);
#6467=ORIENTED_EDGE('',*,*,#4935,.F.);
#6468=ORIENTED_EDGE('',*,*,#4940,.F.);
#6469=ORIENTED_EDGE('',*,*,#4867,.T.);
#6470=ORIENTED_EDGE('',*,*,#4941,.T.);
#6471=ORIENTED_EDGE('',*,*,#4938,.F.);
#6472=ORIENTED_EDGE('',*,*,#4941,.F.);
#6473=ORIENTED_EDGE('',*,*,#4866,.F.);
#6474=ORIENTED_EDGE('',*,*,#4870,.F.);
#6475=ORIENTED_EDGE('',*,*,#4873,.F.);
#6476=ORIENTED_EDGE('',*,*,#4876,.F.);
#6477=ORIENTED_EDGE('',*,*,#4879,.F.);
#6478=ORIENTED_EDGE('',*,*,#4882,.F.);
#6479=ORIENTED_EDGE('',*,*,#4885,.F.);
#6480=ORIENTED_EDGE('',*,*,#4888,.F.);
#6481=ORIENTED_EDGE('',*,*,#4891,.F.);
#6482=ORIENTED_EDGE('',*,*,#4894,.F.);
#6483=ORIENTED_EDGE('',*,*,#4897,.F.);
#6484=ORIENTED_EDGE('',*,*,#4900,.F.);
#6485=ORIENTED_EDGE('',*,*,#4903,.F.);
#6486=ORIENTED_EDGE('',*,*,#4906,.F.);
#6487=ORIENTED_EDGE('',*,*,#4909,.F.);
#6488=ORIENTED_EDGE('',*,*,#4912,.F.);
#6489=ORIENTED_EDGE('',*,*,#4915,.F.);
#6490=ORIENTED_EDGE('',*,*,#4918,.F.);
#6491=ORIENTED_EDGE('',*,*,#4921,.F.);
#6492=ORIENTED_EDGE('',*,*,#4924,.F.);
#6493=ORIENTED_EDGE('',*,*,#4927,.F.);
#6494=ORIENTED_EDGE('',*,*,#4930,.F.);
#6495=ORIENTED_EDGE('',*,*,#4933,.F.);
#6496=ORIENTED_EDGE('',*,*,#4936,.F.);
#6497=ORIENTED_EDGE('',*,*,#4939,.F.);
#6498=ORIENTED_EDGE('',*,*,#4863,.F.);
#6499=ORIENTED_EDGE('',*,*,#4788,.F.);
#6500=ORIENTED_EDGE('',*,*,#4792,.F.);
#6501=ORIENTED_EDGE('',*,*,#4795,.F.);
#6502=ORIENTED_EDGE('',*,*,#4798,.F.);
#6503=ORIENTED_EDGE('',*,*,#4801,.F.);
#6504=ORIENTED_EDGE('',*,*,#4804,.F.);
#6505=ORIENTED_EDGE('',*,*,#4807,.F.);
#6506=ORIENTED_EDGE('',*,*,#4810,.F.);
#6507=ORIENTED_EDGE('',*,*,#4813,.F.);
#6508=ORIENTED_EDGE('',*,*,#4816,.F.);
#6509=ORIENTED_EDGE('',*,*,#4819,.F.);
#6510=ORIENTED_EDGE('',*,*,#4822,.F.);
#6511=ORIENTED_EDGE('',*,*,#4825,.F.);
#6512=ORIENTED_EDGE('',*,*,#4828,.F.);
#6513=ORIENTED_EDGE('',*,*,#4831,.F.);
#6514=ORIENTED_EDGE('',*,*,#4834,.F.);
#6515=ORIENTED_EDGE('',*,*,#4837,.F.);
#6516=ORIENTED_EDGE('',*,*,#4840,.F.);
#6517=ORIENTED_EDGE('',*,*,#4843,.F.);
#6518=ORIENTED_EDGE('',*,*,#4846,.F.);
#6519=ORIENTED_EDGE('',*,*,#4849,.F.);
#6520=ORIENTED_EDGE('',*,*,#4852,.F.);
#6521=ORIENTED_EDGE('',*,*,#4855,.F.);
#6522=ORIENTED_EDGE('',*,*,#4858,.F.);
#6523=ORIENTED_EDGE('',*,*,#4861,.F.);
#6524=ORIENTED_EDGE('',*,*,#4942,.F.);
#6525=ORIENTED_EDGE('',*,*,#4943,.T.);
#6526=ORIENTED_EDGE('',*,*,#4944,.T.);
#6527=ORIENTED_EDGE('',*,*,#4945,.F.);
#6528=ORIENTED_EDGE('',*,*,#4946,.F.);
#6529=ORIENTED_EDGE('',*,*,#4947,.T.);
#6530=ORIENTED_EDGE('',*,*,#4948,.T.);
#6531=ORIENTED_EDGE('',*,*,#4943,.F.);
#6532=ORIENTED_EDGE('',*,*,#4949,.F.);
#6533=ORIENTED_EDGE('',*,*,#4950,.T.);
#6534=ORIENTED_EDGE('',*,*,#4951,.T.);
#6535=ORIENTED_EDGE('',*,*,#4947,.F.);
#6536=ORIENTED_EDGE('',*,*,#4952,.F.);
#6537=ORIENTED_EDGE('',*,*,#4953,.T.);
#6538=ORIENTED_EDGE('',*,*,#4954,.T.);
#6539=ORIENTED_EDGE('',*,*,#4950,.F.);
#6540=ORIENTED_EDGE('',*,*,#4955,.F.);
#6541=ORIENTED_EDGE('',*,*,#4956,.T.);
#6542=ORIENTED_EDGE('',*,*,#4957,.T.);
#6543=ORIENTED_EDGE('',*,*,#4953,.F.);
#6544=ORIENTED_EDGE('',*,*,#4958,.F.);
#6545=ORIENTED_EDGE('',*,*,#4959,.T.);
#6546=ORIENTED_EDGE('',*,*,#4960,.T.);
#6547=ORIENTED_EDGE('',*,*,#4956,.F.);
#6548=ORIENTED_EDGE('',*,*,#4961,.F.);
#6549=ORIENTED_EDGE('',*,*,#4962,.T.);
#6550=ORIENTED_EDGE('',*,*,#4963,.T.);
#6551=ORIENTED_EDGE('',*,*,#4959,.F.);
#6552=ORIENTED_EDGE('',*,*,#4964,.F.);
#6553=ORIENTED_EDGE('',*,*,#4965,.T.);
#6554=ORIENTED_EDGE('',*,*,#4966,.T.);
#6555=ORIENTED_EDGE('',*,*,#4962,.F.);
#6556=ORIENTED_EDGE('',*,*,#4967,.F.);
#6557=ORIENTED_EDGE('',*,*,#4968,.T.);
#6558=ORIENTED_EDGE('',*,*,#4969,.T.);
#6559=ORIENTED_EDGE('',*,*,#4965,.F.);
#6560=ORIENTED_EDGE('',*,*,#4970,.F.);
#6561=ORIENTED_EDGE('',*,*,#4971,.T.);
#6562=ORIENTED_EDGE('',*,*,#4972,.T.);
#6563=ORIENTED_EDGE('',*,*,#4968,.F.);
#6564=ORIENTED_EDGE('',*,*,#4973,.F.);
#6565=ORIENTED_EDGE('',*,*,#4974,.T.);
#6566=ORIENTED_EDGE('',*,*,#4975,.T.);
#6567=ORIENTED_EDGE('',*,*,#4971,.F.);
#6568=ORIENTED_EDGE('',*,*,#4976,.F.);
#6569=ORIENTED_EDGE('',*,*,#4945,.T.);
#6570=ORIENTED_EDGE('',*,*,#4977,.T.);
#6571=ORIENTED_EDGE('',*,*,#4974,.F.);
#6572=ORIENTED_EDGE('',*,*,#4977,.F.);
#6573=ORIENTED_EDGE('',*,*,#4944,.F.);
#6574=ORIENTED_EDGE('',*,*,#4948,.F.);
#6575=ORIENTED_EDGE('',*,*,#4951,.F.);
#6576=ORIENTED_EDGE('',*,*,#4954,.F.);
#6577=ORIENTED_EDGE('',*,*,#4957,.F.);
#6578=ORIENTED_EDGE('',*,*,#4960,.F.);
#6579=ORIENTED_EDGE('',*,*,#4963,.F.);
#6580=ORIENTED_EDGE('',*,*,#4966,.F.);
#6581=ORIENTED_EDGE('',*,*,#4969,.F.);
#6582=ORIENTED_EDGE('',*,*,#4972,.F.);
#6583=ORIENTED_EDGE('',*,*,#4975,.F.);
#6584=ORIENTED_EDGE('',*,*,#4978,.F.);
#6585=ORIENTED_EDGE('',*,*,#4979,.T.);
#6586=ORIENTED_EDGE('',*,*,#4980,.T.);
#6587=ORIENTED_EDGE('',*,*,#4981,.F.);
#6588=ORIENTED_EDGE('',*,*,#4982,.F.);
#6589=ORIENTED_EDGE('',*,*,#4983,.T.);
#6590=ORIENTED_EDGE('',*,*,#4984,.T.);
#6591=ORIENTED_EDGE('',*,*,#4979,.F.);
#6592=ORIENTED_EDGE('',*,*,#4985,.F.);
#6593=ORIENTED_EDGE('',*,*,#4986,.T.);
#6594=ORIENTED_EDGE('',*,*,#4987,.T.);
#6595=ORIENTED_EDGE('',*,*,#4983,.F.);
#6596=ORIENTED_EDGE('',*,*,#4988,.F.);
#6597=ORIENTED_EDGE('',*,*,#4989,.T.);
#6598=ORIENTED_EDGE('',*,*,#4990,.T.);
#6599=ORIENTED_EDGE('',*,*,#4986,.F.);
#6600=ORIENTED_EDGE('',*,*,#4991,.F.);
#6601=ORIENTED_EDGE('',*,*,#4992,.T.);
#6602=ORIENTED_EDGE('',*,*,#4993,.T.);
#6603=ORIENTED_EDGE('',*,*,#4989,.F.);
#6604=ORIENTED_EDGE('',*,*,#4994,.F.);
#6605=ORIENTED_EDGE('',*,*,#4995,.T.);
#6606=ORIENTED_EDGE('',*,*,#4996,.T.);
#6607=ORIENTED_EDGE('',*,*,#4992,.F.);
#6608=ORIENTED_EDGE('',*,*,#4997,.F.);
#6609=ORIENTED_EDGE('',*,*,#4998,.T.);
#6610=ORIENTED_EDGE('',*,*,#4999,.T.);
#6611=ORIENTED_EDGE('',*,*,#4995,.F.);
#6612=ORIENTED_EDGE('',*,*,#5000,.F.);
#6613=ORIENTED_EDGE('',*,*,#5001,.T.);
#6614=ORIENTED_EDGE('',*,*,#5002,.T.);
#6615=ORIENTED_EDGE('',*,*,#4998,.F.);
#6616=ORIENTED_EDGE('',*,*,#5003,.F.);
#6617=ORIENTED_EDGE('',*,*,#5004,.T.);
#6618=ORIENTED_EDGE('',*,*,#5005,.T.);
#6619=ORIENTED_EDGE('',*,*,#5001,.F.);
#6620=ORIENTED_EDGE('',*,*,#5006,.F.);
#6621=ORIENTED_EDGE('',*,*,#5007,.T.);
#6622=ORIENTED_EDGE('',*,*,#5008,.T.);
#6623=ORIENTED_EDGE('',*,*,#5004,.F.);
#6624=ORIENTED_EDGE('',*,*,#5009,.F.);
#6625=ORIENTED_EDGE('',*,*,#5010,.T.);
#6626=ORIENTED_EDGE('',*,*,#5011,.T.);
#6627=ORIENTED_EDGE('',*,*,#5007,.F.);
#6628=ORIENTED_EDGE('',*,*,#5012,.F.);
#6629=ORIENTED_EDGE('',*,*,#5013,.T.);
#6630=ORIENTED_EDGE('',*,*,#5014,.T.);
#6631=ORIENTED_EDGE('',*,*,#5010,.F.);
#6632=ORIENTED_EDGE('',*,*,#5015,.F.);
#6633=ORIENTED_EDGE('',*,*,#5016,.T.);
#6634=ORIENTED_EDGE('',*,*,#5017,.T.);
#6635=ORIENTED_EDGE('',*,*,#5013,.F.);
#6636=ORIENTED_EDGE('',*,*,#5018,.F.);
#6637=ORIENTED_EDGE('',*,*,#5019,.T.);
#6638=ORIENTED_EDGE('',*,*,#5020,.T.);
#6639=ORIENTED_EDGE('',*,*,#5016,.F.);
#6640=ORIENTED_EDGE('',*,*,#5021,.F.);
#6641=ORIENTED_EDGE('',*,*,#5022,.T.);
#6642=ORIENTED_EDGE('',*,*,#5023,.T.);
#6643=ORIENTED_EDGE('',*,*,#5019,.F.);
#6644=ORIENTED_EDGE('',*,*,#5024,.F.);
#6645=ORIENTED_EDGE('',*,*,#5025,.T.);
#6646=ORIENTED_EDGE('',*,*,#5026,.T.);
#6647=ORIENTED_EDGE('',*,*,#5022,.F.);
#6648=ORIENTED_EDGE('',*,*,#5027,.F.);
#6649=ORIENTED_EDGE('',*,*,#5028,.T.);
#6650=ORIENTED_EDGE('',*,*,#5029,.T.);
#6651=ORIENTED_EDGE('',*,*,#5025,.F.);
#6652=ORIENTED_EDGE('',*,*,#5030,.F.);
#6653=ORIENTED_EDGE('',*,*,#5031,.T.);
#6654=ORIENTED_EDGE('',*,*,#5032,.T.);
#6655=ORIENTED_EDGE('',*,*,#5028,.F.);
#6656=ORIENTED_EDGE('',*,*,#5033,.F.);
#6657=ORIENTED_EDGE('',*,*,#5034,.T.);
#6658=ORIENTED_EDGE('',*,*,#5035,.T.);
#6659=ORIENTED_EDGE('',*,*,#5031,.F.);
#6660=ORIENTED_EDGE('',*,*,#5036,.F.);
#6661=ORIENTED_EDGE('',*,*,#5037,.T.);
#6662=ORIENTED_EDGE('',*,*,#5038,.T.);
#6663=ORIENTED_EDGE('',*,*,#5034,.F.);
#6664=ORIENTED_EDGE('',*,*,#5039,.F.);
#6665=ORIENTED_EDGE('',*,*,#5040,.T.);
#6666=ORIENTED_EDGE('',*,*,#5041,.T.);
#6667=ORIENTED_EDGE('',*,*,#5037,.F.);
#6668=ORIENTED_EDGE('',*,*,#5042,.F.);
#6669=ORIENTED_EDGE('',*,*,#5043,.T.);
#6670=ORIENTED_EDGE('',*,*,#5044,.T.);
#6671=ORIENTED_EDGE('',*,*,#5040,.F.);
#6672=ORIENTED_EDGE('',*,*,#5045,.F.);
#6673=ORIENTED_EDGE('',*,*,#5046,.T.);
#6674=ORIENTED_EDGE('',*,*,#5047,.T.);
#6675=ORIENTED_EDGE('',*,*,#5043,.F.);
#6676=ORIENTED_EDGE('',*,*,#5048,.F.);
#6677=ORIENTED_EDGE('',*,*,#5049,.T.);
#6678=ORIENTED_EDGE('',*,*,#5050,.T.);
#6679=ORIENTED_EDGE('',*,*,#5046,.F.);
#6680=ORIENTED_EDGE('',*,*,#5051,.F.);
#6681=ORIENTED_EDGE('',*,*,#5052,.T.);
#6682=ORIENTED_EDGE('',*,*,#5053,.T.);
#6683=ORIENTED_EDGE('',*,*,#5049,.F.);
#6684=ORIENTED_EDGE('',*,*,#5054,.F.);
#6685=ORIENTED_EDGE('',*,*,#5055,.T.);
#6686=ORIENTED_EDGE('',*,*,#5056,.T.);
#6687=ORIENTED_EDGE('',*,*,#5052,.F.);
#6688=ORIENTED_EDGE('',*,*,#5057,.F.);
#6689=ORIENTED_EDGE('',*,*,#5058,.T.);
#6690=ORIENTED_EDGE('',*,*,#5059,.T.);
#6691=ORIENTED_EDGE('',*,*,#5055,.F.);
#6692=ORIENTED_EDGE('',*,*,#5060,.F.);
#6693=ORIENTED_EDGE('',*,*,#5061,.T.);
#6694=ORIENTED_EDGE('',*,*,#5062,.T.);
#6695=ORIENTED_EDGE('',*,*,#5058,.F.);
#6696=ORIENTED_EDGE('',*,*,#5063,.F.);
#6697=ORIENTED_EDGE('',*,*,#5064,.T.);
#6698=ORIENTED_EDGE('',*,*,#5065,.T.);
#6699=ORIENTED_EDGE('',*,*,#5061,.F.);
#6700=ORIENTED_EDGE('',*,*,#5066,.F.);
#6701=ORIENTED_EDGE('',*,*,#4981,.T.);
#6702=ORIENTED_EDGE('',*,*,#5067,.T.);
#6703=ORIENTED_EDGE('',*,*,#5064,.F.);
#6704=ORIENTED_EDGE('',*,*,#5067,.F.);
#6705=ORIENTED_EDGE('',*,*,#4980,.F.);
#6706=ORIENTED_EDGE('',*,*,#4984,.F.);
#6707=ORIENTED_EDGE('',*,*,#4987,.F.);
#6708=ORIENTED_EDGE('',*,*,#4990,.F.);
#6709=ORIENTED_EDGE('',*,*,#4993,.F.);
#6710=ORIENTED_EDGE('',*,*,#4996,.F.);
#6711=ORIENTED_EDGE('',*,*,#4999,.F.);
#6712=ORIENTED_EDGE('',*,*,#5002,.F.);
#6713=ORIENTED_EDGE('',*,*,#5005,.F.);
#6714=ORIENTED_EDGE('',*,*,#5008,.F.);
#6715=ORIENTED_EDGE('',*,*,#5011,.F.);
#6716=ORIENTED_EDGE('',*,*,#5014,.F.);
#6717=ORIENTED_EDGE('',*,*,#5017,.F.);
#6718=ORIENTED_EDGE('',*,*,#5020,.F.);
#6719=ORIENTED_EDGE('',*,*,#5023,.F.);
#6720=ORIENTED_EDGE('',*,*,#5026,.F.);
#6721=ORIENTED_EDGE('',*,*,#5029,.F.);
#6722=ORIENTED_EDGE('',*,*,#5032,.F.);
#6723=ORIENTED_EDGE('',*,*,#5035,.F.);
#6724=ORIENTED_EDGE('',*,*,#5038,.F.);
#6725=ORIENTED_EDGE('',*,*,#5041,.F.);
#6726=ORIENTED_EDGE('',*,*,#5044,.F.);
#6727=ORIENTED_EDGE('',*,*,#5047,.F.);
#6728=ORIENTED_EDGE('',*,*,#5050,.F.);
#6729=ORIENTED_EDGE('',*,*,#5053,.F.);
#6730=ORIENTED_EDGE('',*,*,#5056,.F.);
#6731=ORIENTED_EDGE('',*,*,#5059,.F.);
#6732=ORIENTED_EDGE('',*,*,#5062,.F.);
#6733=ORIENTED_EDGE('',*,*,#5065,.F.);
#6734=ORIENTED_EDGE('',*,*,#5068,.F.);
#6735=ORIENTED_EDGE('',*,*,#5069,.T.);
#6736=ORIENTED_EDGE('',*,*,#5070,.T.);
#6737=ORIENTED_EDGE('',*,*,#5071,.F.);
#6738=ORIENTED_EDGE('',*,*,#5072,.F.);
#6739=ORIENTED_EDGE('',*,*,#5073,.T.);
#6740=ORIENTED_EDGE('',*,*,#5074,.T.);
#6741=ORIENTED_EDGE('',*,*,#5069,.F.);
#6742=ORIENTED_EDGE('',*,*,#5075,.F.);
#6743=ORIENTED_EDGE('',*,*,#5076,.T.);
#6744=ORIENTED_EDGE('',*,*,#5077,.T.);
#6745=ORIENTED_EDGE('',*,*,#5073,.F.);
#6746=ORIENTED_EDGE('',*,*,#5078,.F.);
#6747=ORIENTED_EDGE('',*,*,#5079,.T.);
#6748=ORIENTED_EDGE('',*,*,#5080,.T.);
#6749=ORIENTED_EDGE('',*,*,#5076,.F.);
#6750=ORIENTED_EDGE('',*,*,#5081,.F.);
#6751=ORIENTED_EDGE('',*,*,#5082,.T.);
#6752=ORIENTED_EDGE('',*,*,#5083,.T.);
#6753=ORIENTED_EDGE('',*,*,#5079,.F.);
#6754=ORIENTED_EDGE('',*,*,#5084,.F.);
#6755=ORIENTED_EDGE('',*,*,#5085,.T.);
#6756=ORIENTED_EDGE('',*,*,#5086,.T.);
#6757=ORIENTED_EDGE('',*,*,#5082,.F.);
#6758=ORIENTED_EDGE('',*,*,#5087,.F.);
#6759=ORIENTED_EDGE('',*,*,#5088,.T.);
#6760=ORIENTED_EDGE('',*,*,#5089,.T.);
#6761=ORIENTED_EDGE('',*,*,#5085,.F.);
#6762=ORIENTED_EDGE('',*,*,#5090,.F.);
#6763=ORIENTED_EDGE('',*,*,#5091,.T.);
#6764=ORIENTED_EDGE('',*,*,#5092,.T.);
#6765=ORIENTED_EDGE('',*,*,#5088,.F.);
#6766=ORIENTED_EDGE('',*,*,#5093,.F.);
#6767=ORIENTED_EDGE('',*,*,#5094,.T.);
#6768=ORIENTED_EDGE('',*,*,#5095,.T.);
#6769=ORIENTED_EDGE('',*,*,#5091,.F.);
#6770=ORIENTED_EDGE('',*,*,#5096,.F.);
#6771=ORIENTED_EDGE('',*,*,#5097,.T.);
#6772=ORIENTED_EDGE('',*,*,#5098,.T.);
#6773=ORIENTED_EDGE('',*,*,#5094,.F.);
#6774=ORIENTED_EDGE('',*,*,#5099,.F.);
#6775=ORIENTED_EDGE('',*,*,#5100,.T.);
#6776=ORIENTED_EDGE('',*,*,#5101,.T.);
#6777=ORIENTED_EDGE('',*,*,#5097,.F.);
#6778=ORIENTED_EDGE('',*,*,#5102,.F.);
#6779=ORIENTED_EDGE('',*,*,#5103,.T.);
#6780=ORIENTED_EDGE('',*,*,#5104,.T.);
#6781=ORIENTED_EDGE('',*,*,#5100,.F.);
#6782=ORIENTED_EDGE('',*,*,#5105,.F.);
#6783=ORIENTED_EDGE('',*,*,#5106,.T.);
#6784=ORIENTED_EDGE('',*,*,#5107,.T.);
#6785=ORIENTED_EDGE('',*,*,#5103,.F.);
#6786=ORIENTED_EDGE('',*,*,#5108,.F.);
#6787=ORIENTED_EDGE('',*,*,#5109,.T.);
#6788=ORIENTED_EDGE('',*,*,#5110,.T.);
#6789=ORIENTED_EDGE('',*,*,#5106,.F.);
#6790=ORIENTED_EDGE('',*,*,#5111,.F.);
#6791=ORIENTED_EDGE('',*,*,#5071,.T.);
#6792=ORIENTED_EDGE('',*,*,#5112,.T.);
#6793=ORIENTED_EDGE('',*,*,#5109,.F.);
#6794=ORIENTED_EDGE('',*,*,#5113,.F.);
#6795=ORIENTED_EDGE('',*,*,#5114,.T.);
#6796=ORIENTED_EDGE('',*,*,#5115,.T.);
#6797=ORIENTED_EDGE('',*,*,#5116,.F.);
#6798=ORIENTED_EDGE('',*,*,#5117,.F.);
#6799=ORIENTED_EDGE('',*,*,#5118,.T.);
#6800=ORIENTED_EDGE('',*,*,#5119,.T.);
#6801=ORIENTED_EDGE('',*,*,#5114,.F.);
#6802=ORIENTED_EDGE('',*,*,#5120,.F.);
#6803=ORIENTED_EDGE('',*,*,#5121,.T.);
#6804=ORIENTED_EDGE('',*,*,#5122,.T.);
#6805=ORIENTED_EDGE('',*,*,#5118,.F.);
#6806=ORIENTED_EDGE('',*,*,#5123,.F.);
#6807=ORIENTED_EDGE('',*,*,#5124,.T.);
#6808=ORIENTED_EDGE('',*,*,#5125,.T.);
#6809=ORIENTED_EDGE('',*,*,#5121,.F.);
#6810=ORIENTED_EDGE('',*,*,#5126,.F.);
#6811=ORIENTED_EDGE('',*,*,#5127,.T.);
#6812=ORIENTED_EDGE('',*,*,#5128,.T.);
#6813=ORIENTED_EDGE('',*,*,#5124,.F.);
#6814=ORIENTED_EDGE('',*,*,#5129,.F.);
#6815=ORIENTED_EDGE('',*,*,#5130,.T.);
#6816=ORIENTED_EDGE('',*,*,#5131,.T.);
#6817=ORIENTED_EDGE('',*,*,#5127,.F.);
#6818=ORIENTED_EDGE('',*,*,#5132,.F.);
#6819=ORIENTED_EDGE('',*,*,#5133,.T.);
#6820=ORIENTED_EDGE('',*,*,#5134,.T.);
#6821=ORIENTED_EDGE('',*,*,#5130,.F.);
#6822=ORIENTED_EDGE('',*,*,#5135,.F.);
#6823=ORIENTED_EDGE('',*,*,#5136,.T.);
#6824=ORIENTED_EDGE('',*,*,#5137,.T.);
#6825=ORIENTED_EDGE('',*,*,#5133,.F.);
#6826=ORIENTED_EDGE('',*,*,#5138,.F.);
#6827=ORIENTED_EDGE('',*,*,#5139,.T.);
#6828=ORIENTED_EDGE('',*,*,#5140,.T.);
#6829=ORIENTED_EDGE('',*,*,#5136,.F.);
#6830=ORIENTED_EDGE('',*,*,#5141,.F.);
#6831=ORIENTED_EDGE('',*,*,#5142,.T.);
#6832=ORIENTED_EDGE('',*,*,#5143,.T.);
#6833=ORIENTED_EDGE('',*,*,#5139,.F.);
#6834=ORIENTED_EDGE('',*,*,#5144,.F.);
#6835=ORIENTED_EDGE('',*,*,#5145,.T.);
#6836=ORIENTED_EDGE('',*,*,#5146,.T.);
#6837=ORIENTED_EDGE('',*,*,#5142,.F.);
#6838=ORIENTED_EDGE('',*,*,#5147,.F.);
#6839=ORIENTED_EDGE('',*,*,#5148,.T.);
#6840=ORIENTED_EDGE('',*,*,#5149,.T.);
#6841=ORIENTED_EDGE('',*,*,#5145,.F.);
#6842=ORIENTED_EDGE('',*,*,#5150,.F.);
#6843=ORIENTED_EDGE('',*,*,#5151,.T.);
#6844=ORIENTED_EDGE('',*,*,#5152,.T.);
#6845=ORIENTED_EDGE('',*,*,#5148,.F.);
#6846=ORIENTED_EDGE('',*,*,#5153,.F.);
#6847=ORIENTED_EDGE('',*,*,#5154,.T.);
#6848=ORIENTED_EDGE('',*,*,#5155,.T.);
#6849=ORIENTED_EDGE('',*,*,#5151,.F.);
#6850=ORIENTED_EDGE('',*,*,#5156,.F.);
#6851=ORIENTED_EDGE('',*,*,#5157,.T.);
#6852=ORIENTED_EDGE('',*,*,#5158,.T.);
#6853=ORIENTED_EDGE('',*,*,#5154,.F.);
#6854=ORIENTED_EDGE('',*,*,#5159,.F.);
#6855=ORIENTED_EDGE('',*,*,#5160,.T.);
#6856=ORIENTED_EDGE('',*,*,#5161,.T.);
#6857=ORIENTED_EDGE('',*,*,#5157,.F.);
#6858=ORIENTED_EDGE('',*,*,#5162,.F.);
#6859=ORIENTED_EDGE('',*,*,#5116,.T.);
#6860=ORIENTED_EDGE('',*,*,#5163,.T.);
#6861=ORIENTED_EDGE('',*,*,#5160,.F.);
#6862=ORIENTED_EDGE('',*,*,#5163,.F.);
#6863=ORIENTED_EDGE('',*,*,#5115,.F.);
#6864=ORIENTED_EDGE('',*,*,#5119,.F.);
#6865=ORIENTED_EDGE('',*,*,#5122,.F.);
#6866=ORIENTED_EDGE('',*,*,#5125,.F.);
#6867=ORIENTED_EDGE('',*,*,#5128,.F.);
#6868=ORIENTED_EDGE('',*,*,#5131,.F.);
#6869=ORIENTED_EDGE('',*,*,#5134,.F.);
#6870=ORIENTED_EDGE('',*,*,#5137,.F.);
#6871=ORIENTED_EDGE('',*,*,#5140,.F.);
#6872=ORIENTED_EDGE('',*,*,#5143,.F.);
#6873=ORIENTED_EDGE('',*,*,#5146,.F.);
#6874=ORIENTED_EDGE('',*,*,#5149,.F.);
#6875=ORIENTED_EDGE('',*,*,#5152,.F.);
#6876=ORIENTED_EDGE('',*,*,#5155,.F.);
#6877=ORIENTED_EDGE('',*,*,#5158,.F.);
#6878=ORIENTED_EDGE('',*,*,#5161,.F.);
#6879=ORIENTED_EDGE('',*,*,#5112,.F.);
#6880=ORIENTED_EDGE('',*,*,#5070,.F.);
#6881=ORIENTED_EDGE('',*,*,#5074,.F.);
#6882=ORIENTED_EDGE('',*,*,#5077,.F.);
#6883=ORIENTED_EDGE('',*,*,#5080,.F.);
#6884=ORIENTED_EDGE('',*,*,#5083,.F.);
#6885=ORIENTED_EDGE('',*,*,#5086,.F.);
#6886=ORIENTED_EDGE('',*,*,#5089,.F.);
#6887=ORIENTED_EDGE('',*,*,#5092,.F.);
#6888=ORIENTED_EDGE('',*,*,#5095,.F.);
#6889=ORIENTED_EDGE('',*,*,#5098,.F.);
#6890=ORIENTED_EDGE('',*,*,#5101,.F.);
#6891=ORIENTED_EDGE('',*,*,#5104,.F.);
#6892=ORIENTED_EDGE('',*,*,#5107,.F.);
#6893=ORIENTED_EDGE('',*,*,#5110,.F.);
#6894=ORIENTED_EDGE('',*,*,#5164,.F.);
#6895=ORIENTED_EDGE('',*,*,#5165,.T.);
#6896=ORIENTED_EDGE('',*,*,#5166,.T.);
#6897=ORIENTED_EDGE('',*,*,#5167,.F.);
#6898=ORIENTED_EDGE('',*,*,#5168,.F.);
#6899=ORIENTED_EDGE('',*,*,#5169,.T.);
#6900=ORIENTED_EDGE('',*,*,#5170,.T.);
#6901=ORIENTED_EDGE('',*,*,#5165,.F.);
#6902=ORIENTED_EDGE('',*,*,#5171,.F.);
#6903=ORIENTED_EDGE('',*,*,#5172,.T.);
#6904=ORIENTED_EDGE('',*,*,#5173,.T.);
#6905=ORIENTED_EDGE('',*,*,#5169,.F.);
#6906=ORIENTED_EDGE('',*,*,#5174,.F.);
#6907=ORIENTED_EDGE('',*,*,#5175,.T.);
#6908=ORIENTED_EDGE('',*,*,#5176,.T.);
#6909=ORIENTED_EDGE('',*,*,#5172,.F.);
#6910=ORIENTED_EDGE('',*,*,#5177,.F.);
#6911=ORIENTED_EDGE('',*,*,#5178,.T.);
#6912=ORIENTED_EDGE('',*,*,#5179,.T.);
#6913=ORIENTED_EDGE('',*,*,#5175,.F.);
#6914=ORIENTED_EDGE('',*,*,#5180,.F.);
#6915=ORIENTED_EDGE('',*,*,#5181,.T.);
#6916=ORIENTED_EDGE('',*,*,#5182,.T.);
#6917=ORIENTED_EDGE('',*,*,#5178,.F.);
#6918=ORIENTED_EDGE('',*,*,#5183,.F.);
#6919=ORIENTED_EDGE('',*,*,#5184,.T.);
#6920=ORIENTED_EDGE('',*,*,#5185,.T.);
#6921=ORIENTED_EDGE('',*,*,#5181,.F.);
#6922=ORIENTED_EDGE('',*,*,#5186,.F.);
#6923=ORIENTED_EDGE('',*,*,#5167,.T.);
#6924=ORIENTED_EDGE('',*,*,#5187,.T.);
#6925=ORIENTED_EDGE('',*,*,#5184,.F.);
#6926=ORIENTED_EDGE('',*,*,#5187,.F.);
#6927=ORIENTED_EDGE('',*,*,#5166,.F.);
#6928=ORIENTED_EDGE('',*,*,#5170,.F.);
#6929=ORIENTED_EDGE('',*,*,#5173,.F.);
#6930=ORIENTED_EDGE('',*,*,#5176,.F.);
#6931=ORIENTED_EDGE('',*,*,#5179,.F.);
#6932=ORIENTED_EDGE('',*,*,#5182,.F.);
#6933=ORIENTED_EDGE('',*,*,#5185,.F.);
#6934=ORIENTED_EDGE('',*,*,#5188,.F.);
#6935=ORIENTED_EDGE('',*,*,#5189,.T.);
#6936=ORIENTED_EDGE('',*,*,#5190,.T.);
#6937=ORIENTED_EDGE('',*,*,#5191,.F.);
#6938=ORIENTED_EDGE('',*,*,#5192,.F.);
#6939=ORIENTED_EDGE('',*,*,#5193,.T.);
#6940=ORIENTED_EDGE('',*,*,#5194,.T.);
#6941=ORIENTED_EDGE('',*,*,#5189,.F.);
#6942=ORIENTED_EDGE('',*,*,#5195,.F.);
#6943=ORIENTED_EDGE('',*,*,#5196,.T.);
#6944=ORIENTED_EDGE('',*,*,#5197,.T.);
#6945=ORIENTED_EDGE('',*,*,#5193,.F.);
#6946=ORIENTED_EDGE('',*,*,#5198,.F.);
#6947=ORIENTED_EDGE('',*,*,#5199,.T.);
#6948=ORIENTED_EDGE('',*,*,#5200,.T.);
#6949=ORIENTED_EDGE('',*,*,#5196,.F.);
#6950=ORIENTED_EDGE('',*,*,#5201,.F.);
#6951=ORIENTED_EDGE('',*,*,#5202,.T.);
#6952=ORIENTED_EDGE('',*,*,#5203,.T.);
#6953=ORIENTED_EDGE('',*,*,#5199,.F.);
#6954=ORIENTED_EDGE('',*,*,#5204,.F.);
#6955=ORIENTED_EDGE('',*,*,#5205,.T.);
#6956=ORIENTED_EDGE('',*,*,#5206,.T.);
#6957=ORIENTED_EDGE('',*,*,#5202,.F.);
#6958=ORIENTED_EDGE('',*,*,#5207,.F.);
#6959=ORIENTED_EDGE('',*,*,#5208,.T.);
#6960=ORIENTED_EDGE('',*,*,#5209,.T.);
#6961=ORIENTED_EDGE('',*,*,#5205,.F.);
#6962=ORIENTED_EDGE('',*,*,#5210,.F.);
#6963=ORIENTED_EDGE('',*,*,#5211,.T.);
#6964=ORIENTED_EDGE('',*,*,#5212,.T.);
#6965=ORIENTED_EDGE('',*,*,#5208,.F.);
#6966=ORIENTED_EDGE('',*,*,#5213,.F.);
#6967=ORIENTED_EDGE('',*,*,#5214,.T.);
#6968=ORIENTED_EDGE('',*,*,#5215,.T.);
#6969=ORIENTED_EDGE('',*,*,#5211,.F.);
#6970=ORIENTED_EDGE('',*,*,#5216,.F.);
#6971=ORIENTED_EDGE('',*,*,#5217,.T.);
#6972=ORIENTED_EDGE('',*,*,#5218,.T.);
#6973=ORIENTED_EDGE('',*,*,#5214,.F.);
#6974=ORIENTED_EDGE('',*,*,#5219,.F.);
#6975=ORIENTED_EDGE('',*,*,#5220,.T.);
#6976=ORIENTED_EDGE('',*,*,#5221,.T.);
#6977=ORIENTED_EDGE('',*,*,#5217,.F.);
#6978=ORIENTED_EDGE('',*,*,#5222,.F.);
#6979=ORIENTED_EDGE('',*,*,#5223,.T.);
#6980=ORIENTED_EDGE('',*,*,#5224,.T.);
#6981=ORIENTED_EDGE('',*,*,#5220,.F.);
#6982=ORIENTED_EDGE('',*,*,#5225,.F.);
#6983=ORIENTED_EDGE('',*,*,#5226,.T.);
#6984=ORIENTED_EDGE('',*,*,#5227,.T.);
#6985=ORIENTED_EDGE('',*,*,#5223,.F.);
#6986=ORIENTED_EDGE('',*,*,#5228,.F.);
#6987=ORIENTED_EDGE('',*,*,#5229,.T.);
#6988=ORIENTED_EDGE('',*,*,#5230,.T.);
#6989=ORIENTED_EDGE('',*,*,#5226,.F.);
#6990=ORIENTED_EDGE('',*,*,#5231,.F.);
#6991=ORIENTED_EDGE('',*,*,#5232,.T.);
#6992=ORIENTED_EDGE('',*,*,#5233,.T.);
#6993=ORIENTED_EDGE('',*,*,#5229,.F.);
#6994=ORIENTED_EDGE('',*,*,#5234,.F.);
#6995=ORIENTED_EDGE('',*,*,#5235,.T.);
#6996=ORIENTED_EDGE('',*,*,#5236,.T.);
#6997=ORIENTED_EDGE('',*,*,#5232,.F.);
#6998=ORIENTED_EDGE('',*,*,#5237,.F.);
#6999=ORIENTED_EDGE('',*,*,#5238,.T.);
#7000=ORIENTED_EDGE('',*,*,#5239,.T.);
#7001=ORIENTED_EDGE('',*,*,#5235,.F.);
#7002=ORIENTED_EDGE('',*,*,#5240,.F.);
#7003=ORIENTED_EDGE('',*,*,#5241,.T.);
#7004=ORIENTED_EDGE('',*,*,#5242,.T.);
#7005=ORIENTED_EDGE('',*,*,#5238,.F.);
#7006=ORIENTED_EDGE('',*,*,#5243,.F.);
#7007=ORIENTED_EDGE('',*,*,#5244,.T.);
#7008=ORIENTED_EDGE('',*,*,#5245,.T.);
#7009=ORIENTED_EDGE('',*,*,#5241,.F.);
#7010=ORIENTED_EDGE('',*,*,#5246,.F.);
#7011=ORIENTED_EDGE('',*,*,#5247,.T.);
#7012=ORIENTED_EDGE('',*,*,#5248,.T.);
#7013=ORIENTED_EDGE('',*,*,#5244,.F.);
#7014=ORIENTED_EDGE('',*,*,#5249,.F.);
#7015=ORIENTED_EDGE('',*,*,#5250,.T.);
#7016=ORIENTED_EDGE('',*,*,#5251,.T.);
#7017=ORIENTED_EDGE('',*,*,#5247,.F.);
#7018=ORIENTED_EDGE('',*,*,#5252,.F.);
#7019=ORIENTED_EDGE('',*,*,#5253,.T.);
#7020=ORIENTED_EDGE('',*,*,#5254,.T.);
#7021=ORIENTED_EDGE('',*,*,#5250,.F.);
#7022=ORIENTED_EDGE('',*,*,#5255,.F.);
#7023=ORIENTED_EDGE('',*,*,#5256,.T.);
#7024=ORIENTED_EDGE('',*,*,#5257,.T.);
#7025=ORIENTED_EDGE('',*,*,#5253,.F.);
#7026=ORIENTED_EDGE('',*,*,#5258,.F.);
#7027=ORIENTED_EDGE('',*,*,#5259,.T.);
#7028=ORIENTED_EDGE('',*,*,#5260,.T.);
#7029=ORIENTED_EDGE('',*,*,#5256,.F.);
#7030=ORIENTED_EDGE('',*,*,#5261,.F.);
#7031=ORIENTED_EDGE('',*,*,#5262,.T.);
#7032=ORIENTED_EDGE('',*,*,#5263,.T.);
#7033=ORIENTED_EDGE('',*,*,#5259,.F.);
#7034=ORIENTED_EDGE('',*,*,#5264,.F.);
#7035=ORIENTED_EDGE('',*,*,#5265,.T.);
#7036=ORIENTED_EDGE('',*,*,#5266,.T.);
#7037=ORIENTED_EDGE('',*,*,#5262,.F.);
#7038=ORIENTED_EDGE('',*,*,#5267,.F.);
#7039=ORIENTED_EDGE('',*,*,#5268,.T.);
#7040=ORIENTED_EDGE('',*,*,#5269,.T.);
#7041=ORIENTED_EDGE('',*,*,#5265,.F.);
#7042=ORIENTED_EDGE('',*,*,#5270,.F.);
#7043=ORIENTED_EDGE('',*,*,#5271,.T.);
#7044=ORIENTED_EDGE('',*,*,#5272,.T.);
#7045=ORIENTED_EDGE('',*,*,#5268,.F.);
#7046=ORIENTED_EDGE('',*,*,#5273,.F.);
#7047=ORIENTED_EDGE('',*,*,#5274,.T.);
#7048=ORIENTED_EDGE('',*,*,#5275,.T.);
#7049=ORIENTED_EDGE('',*,*,#5271,.F.);
#7050=ORIENTED_EDGE('',*,*,#5276,.F.);
#7051=ORIENTED_EDGE('',*,*,#5277,.T.);
#7052=ORIENTED_EDGE('',*,*,#5278,.T.);
#7053=ORIENTED_EDGE('',*,*,#5274,.F.);
#7054=ORIENTED_EDGE('',*,*,#5279,.F.);
#7055=ORIENTED_EDGE('',*,*,#5280,.T.);
#7056=ORIENTED_EDGE('',*,*,#5281,.T.);
#7057=ORIENTED_EDGE('',*,*,#5277,.F.);
#7058=ORIENTED_EDGE('',*,*,#5282,.F.);
#7059=ORIENTED_EDGE('',*,*,#5283,.T.);
#7060=ORIENTED_EDGE('',*,*,#5284,.T.);
#7061=ORIENTED_EDGE('',*,*,#5280,.F.);
#7062=ORIENTED_EDGE('',*,*,#5285,.F.);
#7063=ORIENTED_EDGE('',*,*,#5286,.T.);
#7064=ORIENTED_EDGE('',*,*,#5287,.T.);
#7065=ORIENTED_EDGE('',*,*,#5283,.F.);
#7066=ORIENTED_EDGE('',*,*,#5288,.F.);
#7067=ORIENTED_EDGE('',*,*,#5289,.T.);
#7068=ORIENTED_EDGE('',*,*,#5290,.T.);
#7069=ORIENTED_EDGE('',*,*,#5286,.F.);
#7070=ORIENTED_EDGE('',*,*,#5291,.F.);
#7071=ORIENTED_EDGE('',*,*,#5292,.T.);
#7072=ORIENTED_EDGE('',*,*,#5293,.T.);
#7073=ORIENTED_EDGE('',*,*,#5289,.F.);
#7074=ORIENTED_EDGE('',*,*,#5294,.F.);
#7075=ORIENTED_EDGE('',*,*,#5295,.T.);
#7076=ORIENTED_EDGE('',*,*,#5296,.T.);
#7077=ORIENTED_EDGE('',*,*,#5292,.F.);
#7078=ORIENTED_EDGE('',*,*,#5297,.F.);
#7079=ORIENTED_EDGE('',*,*,#5298,.T.);
#7080=ORIENTED_EDGE('',*,*,#5299,.T.);
#7081=ORIENTED_EDGE('',*,*,#5295,.F.);
#7082=ORIENTED_EDGE('',*,*,#5300,.F.);
#7083=ORIENTED_EDGE('',*,*,#5301,.T.);
#7084=ORIENTED_EDGE('',*,*,#5302,.T.);
#7085=ORIENTED_EDGE('',*,*,#5298,.F.);
#7086=ORIENTED_EDGE('',*,*,#5303,.F.);
#7087=ORIENTED_EDGE('',*,*,#5304,.T.);
#7088=ORIENTED_EDGE('',*,*,#5305,.T.);
#7089=ORIENTED_EDGE('',*,*,#5301,.F.);
#7090=ORIENTED_EDGE('',*,*,#5306,.F.);
#7091=ORIENTED_EDGE('',*,*,#5307,.T.);
#7092=ORIENTED_EDGE('',*,*,#5308,.T.);
#7093=ORIENTED_EDGE('',*,*,#5304,.F.);
#7094=ORIENTED_EDGE('',*,*,#5309,.F.);
#7095=ORIENTED_EDGE('',*,*,#5310,.T.);
#7096=ORIENTED_EDGE('',*,*,#5311,.T.);
#7097=ORIENTED_EDGE('',*,*,#5307,.F.);
#7098=ORIENTED_EDGE('',*,*,#5312,.F.);
#7099=ORIENTED_EDGE('',*,*,#5313,.T.);
#7100=ORIENTED_EDGE('',*,*,#5314,.T.);
#7101=ORIENTED_EDGE('',*,*,#5310,.F.);
#7102=ORIENTED_EDGE('',*,*,#5315,.F.);
#7103=ORIENTED_EDGE('',*,*,#5316,.T.);
#7104=ORIENTED_EDGE('',*,*,#5317,.T.);
#7105=ORIENTED_EDGE('',*,*,#5313,.F.);
#7106=ORIENTED_EDGE('',*,*,#5318,.F.);
#7107=ORIENTED_EDGE('',*,*,#5319,.T.);
#7108=ORIENTED_EDGE('',*,*,#5320,.T.);
#7109=ORIENTED_EDGE('',*,*,#5316,.F.);
#7110=ORIENTED_EDGE('',*,*,#5321,.F.);
#7111=ORIENTED_EDGE('',*,*,#5322,.T.);
#7112=ORIENTED_EDGE('',*,*,#5323,.T.);
#7113=ORIENTED_EDGE('',*,*,#5319,.F.);
#7114=ORIENTED_EDGE('',*,*,#5324,.F.);
#7115=ORIENTED_EDGE('',*,*,#5325,.T.);
#7116=ORIENTED_EDGE('',*,*,#5326,.T.);
#7117=ORIENTED_EDGE('',*,*,#5322,.F.);
#7118=ORIENTED_EDGE('',*,*,#5327,.F.);
#7119=ORIENTED_EDGE('',*,*,#5328,.T.);
#7120=ORIENTED_EDGE('',*,*,#5329,.T.);
#7121=ORIENTED_EDGE('',*,*,#5325,.F.);
#7122=ORIENTED_EDGE('',*,*,#5330,.F.);
#7123=ORIENTED_EDGE('',*,*,#5331,.T.);
#7124=ORIENTED_EDGE('',*,*,#5332,.T.);
#7125=ORIENTED_EDGE('',*,*,#5328,.F.);
#7126=ORIENTED_EDGE('',*,*,#5333,.F.);
#7127=ORIENTED_EDGE('',*,*,#5334,.T.);
#7128=ORIENTED_EDGE('',*,*,#5335,.T.);
#7129=ORIENTED_EDGE('',*,*,#5331,.F.);
#7130=ORIENTED_EDGE('',*,*,#5336,.F.);
#7131=ORIENTED_EDGE('',*,*,#5337,.T.);
#7132=ORIENTED_EDGE('',*,*,#5338,.T.);
#7133=ORIENTED_EDGE('',*,*,#5334,.F.);
#7134=ORIENTED_EDGE('',*,*,#5339,.F.);
#7135=ORIENTED_EDGE('',*,*,#5340,.T.);
#7136=ORIENTED_EDGE('',*,*,#5341,.T.);
#7137=ORIENTED_EDGE('',*,*,#5337,.F.);
#7138=ORIENTED_EDGE('',*,*,#5342,.F.);
#7139=ORIENTED_EDGE('',*,*,#5343,.T.);
#7140=ORIENTED_EDGE('',*,*,#5344,.T.);
#7141=ORIENTED_EDGE('',*,*,#5340,.F.);
#7142=ORIENTED_EDGE('',*,*,#5345,.F.);
#7143=ORIENTED_EDGE('',*,*,#5346,.T.);
#7144=ORIENTED_EDGE('',*,*,#5347,.T.);
#7145=ORIENTED_EDGE('',*,*,#5343,.F.);
#7146=ORIENTED_EDGE('',*,*,#5348,.F.);
#7147=ORIENTED_EDGE('',*,*,#5349,.T.);
#7148=ORIENTED_EDGE('',*,*,#5350,.T.);
#7149=ORIENTED_EDGE('',*,*,#5346,.F.);
#7150=ORIENTED_EDGE('',*,*,#5351,.F.);
#7151=ORIENTED_EDGE('',*,*,#5352,.T.);
#7152=ORIENTED_EDGE('',*,*,#5353,.T.);
#7153=ORIENTED_EDGE('',*,*,#5349,.F.);
#7154=ORIENTED_EDGE('',*,*,#5354,.F.);
#7155=ORIENTED_EDGE('',*,*,#5355,.T.);
#7156=ORIENTED_EDGE('',*,*,#5356,.T.);
#7157=ORIENTED_EDGE('',*,*,#5352,.F.);
#7158=ORIENTED_EDGE('',*,*,#5357,.F.);
#7159=ORIENTED_EDGE('',*,*,#5358,.T.);
#7160=ORIENTED_EDGE('',*,*,#5359,.T.);
#7161=ORIENTED_EDGE('',*,*,#5355,.F.);
#7162=ORIENTED_EDGE('',*,*,#5360,.F.);
#7163=ORIENTED_EDGE('',*,*,#5361,.T.);
#7164=ORIENTED_EDGE('',*,*,#5362,.T.);
#7165=ORIENTED_EDGE('',*,*,#5358,.F.);
#7166=ORIENTED_EDGE('',*,*,#5363,.F.);
#7167=ORIENTED_EDGE('',*,*,#5364,.T.);
#7168=ORIENTED_EDGE('',*,*,#5365,.T.);
#7169=ORIENTED_EDGE('',*,*,#5361,.F.);
#7170=ORIENTED_EDGE('',*,*,#5366,.F.);
#7171=ORIENTED_EDGE('',*,*,#5367,.T.);
#7172=ORIENTED_EDGE('',*,*,#5368,.T.);
#7173=ORIENTED_EDGE('',*,*,#5364,.F.);
#7174=ORIENTED_EDGE('',*,*,#5369,.F.);
#7175=ORIENTED_EDGE('',*,*,#5370,.T.);
#7176=ORIENTED_EDGE('',*,*,#5371,.T.);
#7177=ORIENTED_EDGE('',*,*,#5367,.F.);
#7178=ORIENTED_EDGE('',*,*,#5372,.F.);
#7179=ORIENTED_EDGE('',*,*,#5373,.T.);
#7180=ORIENTED_EDGE('',*,*,#5374,.T.);
#7181=ORIENTED_EDGE('',*,*,#5370,.F.);
#7182=ORIENTED_EDGE('',*,*,#5375,.F.);
#7183=ORIENTED_EDGE('',*,*,#5376,.T.);
#7184=ORIENTED_EDGE('',*,*,#5377,.T.);
#7185=ORIENTED_EDGE('',*,*,#5373,.F.);
#7186=ORIENTED_EDGE('',*,*,#5378,.F.);
#7187=ORIENTED_EDGE('',*,*,#5379,.T.);
#7188=ORIENTED_EDGE('',*,*,#5380,.T.);
#7189=ORIENTED_EDGE('',*,*,#5376,.F.);
#7190=ORIENTED_EDGE('',*,*,#5381,.F.);
#7191=ORIENTED_EDGE('',*,*,#5382,.T.);
#7192=ORIENTED_EDGE('',*,*,#5383,.T.);
#7193=ORIENTED_EDGE('',*,*,#5379,.F.);
#7194=ORIENTED_EDGE('',*,*,#5384,.F.);
#7195=ORIENTED_EDGE('',*,*,#5191,.T.);
#7196=ORIENTED_EDGE('',*,*,#5385,.T.);
#7197=ORIENTED_EDGE('',*,*,#5382,.F.);
#7198=ORIENTED_EDGE('',*,*,#5385,.F.);
#7199=ORIENTED_EDGE('',*,*,#5190,.F.);
#7200=ORIENTED_EDGE('',*,*,#5194,.F.);
#7201=ORIENTED_EDGE('',*,*,#5197,.F.);
#7202=ORIENTED_EDGE('',*,*,#5200,.F.);
#7203=ORIENTED_EDGE('',*,*,#5203,.F.);
#7204=ORIENTED_EDGE('',*,*,#5206,.F.);
#7205=ORIENTED_EDGE('',*,*,#5209,.F.);
#7206=ORIENTED_EDGE('',*,*,#5212,.F.);
#7207=ORIENTED_EDGE('',*,*,#5215,.F.);
#7208=ORIENTED_EDGE('',*,*,#5218,.F.);
#7209=ORIENTED_EDGE('',*,*,#5221,.F.);
#7210=ORIENTED_EDGE('',*,*,#5224,.F.);
#7211=ORIENTED_EDGE('',*,*,#5227,.F.);
#7212=ORIENTED_EDGE('',*,*,#5230,.F.);
#7213=ORIENTED_EDGE('',*,*,#5233,.F.);
#7214=ORIENTED_EDGE('',*,*,#5236,.F.);
#7215=ORIENTED_EDGE('',*,*,#5239,.F.);
#7216=ORIENTED_EDGE('',*,*,#5242,.F.);
#7217=ORIENTED_EDGE('',*,*,#5245,.F.);
#7218=ORIENTED_EDGE('',*,*,#5248,.F.);
#7219=ORIENTED_EDGE('',*,*,#5251,.F.);
#7220=ORIENTED_EDGE('',*,*,#5254,.F.);
#7221=ORIENTED_EDGE('',*,*,#5257,.F.);
#7222=ORIENTED_EDGE('',*,*,#5260,.F.);
#7223=ORIENTED_EDGE('',*,*,#5263,.F.);
#7224=ORIENTED_EDGE('',*,*,#5266,.F.);
#7225=ORIENTED_EDGE('',*,*,#5269,.F.);
#7226=ORIENTED_EDGE('',*,*,#5272,.F.);
#7227=ORIENTED_EDGE('',*,*,#5275,.F.);
#7228=ORIENTED_EDGE('',*,*,#5278,.F.);
#7229=ORIENTED_EDGE('',*,*,#5281,.F.);
#7230=ORIENTED_EDGE('',*,*,#5284,.F.);
#7231=ORIENTED_EDGE('',*,*,#5287,.F.);
#7232=ORIENTED_EDGE('',*,*,#5290,.F.);
#7233=ORIENTED_EDGE('',*,*,#5293,.F.);
#7234=ORIENTED_EDGE('',*,*,#5296,.F.);
#7235=ORIENTED_EDGE('',*,*,#5299,.F.);
#7236=ORIENTED_EDGE('',*,*,#5302,.F.);
#7237=ORIENTED_EDGE('',*,*,#5305,.F.);
#7238=ORIENTED_EDGE('',*,*,#5308,.F.);
#7239=ORIENTED_EDGE('',*,*,#5311,.F.);
#7240=ORIENTED_EDGE('',*,*,#5314,.F.);
#7241=ORIENTED_EDGE('',*,*,#5317,.F.);
#7242=ORIENTED_EDGE('',*,*,#5320,.F.);
#7243=ORIENTED_EDGE('',*,*,#5323,.F.);
#7244=ORIENTED_EDGE('',*,*,#5326,.F.);
#7245=ORIENTED_EDGE('',*,*,#5329,.F.);
#7246=ORIENTED_EDGE('',*,*,#5332,.F.);
#7247=ORIENTED_EDGE('',*,*,#5335,.F.);
#7248=ORIENTED_EDGE('',*,*,#5338,.F.);
#7249=ORIENTED_EDGE('',*,*,#5341,.F.);
#7250=ORIENTED_EDGE('',*,*,#5344,.F.);
#7251=ORIENTED_EDGE('',*,*,#5347,.F.);
#7252=ORIENTED_EDGE('',*,*,#5350,.F.);
#7253=ORIENTED_EDGE('',*,*,#5353,.F.);
#7254=ORIENTED_EDGE('',*,*,#5356,.F.);
#7255=ORIENTED_EDGE('',*,*,#5359,.F.);
#7256=ORIENTED_EDGE('',*,*,#5362,.F.);
#7257=ORIENTED_EDGE('',*,*,#5365,.F.);
#7258=ORIENTED_EDGE('',*,*,#5368,.F.);
#7259=ORIENTED_EDGE('',*,*,#5371,.F.);
#7260=ORIENTED_EDGE('',*,*,#5374,.F.);
#7261=ORIENTED_EDGE('',*,*,#5377,.F.);
#7262=ORIENTED_EDGE('',*,*,#5380,.F.);
#7263=ORIENTED_EDGE('',*,*,#5383,.F.);
#7264=ORIENTED_EDGE('',*,*,#5068,.T.);
#7265=ORIENTED_EDGE('',*,*,#5111,.T.);
#7266=ORIENTED_EDGE('',*,*,#5108,.T.);
#7267=ORIENTED_EDGE('',*,*,#5105,.T.);
#7268=ORIENTED_EDGE('',*,*,#5102,.T.);
#7269=ORIENTED_EDGE('',*,*,#5099,.T.);
#7270=ORIENTED_EDGE('',*,*,#5096,.T.);
#7271=ORIENTED_EDGE('',*,*,#5093,.T.);
#7272=ORIENTED_EDGE('',*,*,#5090,.T.);
#7273=ORIENTED_EDGE('',*,*,#5087,.T.);
#7274=ORIENTED_EDGE('',*,*,#5084,.T.);
#7275=ORIENTED_EDGE('',*,*,#5081,.T.);
#7276=ORIENTED_EDGE('',*,*,#5078,.T.);
#7277=ORIENTED_EDGE('',*,*,#5075,.T.);
#7278=ORIENTED_EDGE('',*,*,#5072,.T.);
#7279=ORIENTED_EDGE('',*,*,#4786,.T.);
#7280=ORIENTED_EDGE('',*,*,#4862,.T.);
#7281=ORIENTED_EDGE('',*,*,#4859,.T.);
#7282=ORIENTED_EDGE('',*,*,#4856,.T.);
#7283=ORIENTED_EDGE('',*,*,#4853,.T.);
#7284=ORIENTED_EDGE('',*,*,#4850,.T.);
#7285=ORIENTED_EDGE('',*,*,#4847,.T.);
#7286=ORIENTED_EDGE('',*,*,#4844,.T.);
#7287=ORIENTED_EDGE('',*,*,#4841,.T.);
#7288=ORIENTED_EDGE('',*,*,#4838,.T.);
#7289=ORIENTED_EDGE('',*,*,#4835,.T.);
#7290=ORIENTED_EDGE('',*,*,#4832,.T.);
#7291=ORIENTED_EDGE('',*,*,#4829,.T.);
#7292=ORIENTED_EDGE('',*,*,#4826,.T.);
#7293=ORIENTED_EDGE('',*,*,#4823,.T.);
#7294=ORIENTED_EDGE('',*,*,#4820,.T.);
#7295=ORIENTED_EDGE('',*,*,#4817,.T.);
#7296=ORIENTED_EDGE('',*,*,#4814,.T.);
#7297=ORIENTED_EDGE('',*,*,#4811,.T.);
#7298=ORIENTED_EDGE('',*,*,#4808,.T.);
#7299=ORIENTED_EDGE('',*,*,#4805,.T.);
#7300=ORIENTED_EDGE('',*,*,#4802,.T.);
#7301=ORIENTED_EDGE('',*,*,#4799,.T.);
#7302=ORIENTED_EDGE('',*,*,#4796,.T.);
#7303=ORIENTED_EDGE('',*,*,#4793,.T.);
#7304=ORIENTED_EDGE('',*,*,#4790,.T.);
#7305=ORIENTED_EDGE('',*,*,#5386,.T.);
#7306=ORIENTED_EDGE('',*,*,#5387,.T.);
#7307=ORIENTED_EDGE('',*,*,#5388,.T.);
#7308=ORIENTED_EDGE('',*,*,#5389,.T.);
#7309=ORIENTED_EDGE('',*,*,#5388,.F.);
#7310=ORIENTED_EDGE('',*,*,#5390,.T.);
#7311=ORIENTED_EDGE('',*,*,#5391,.T.);
#7312=ORIENTED_EDGE('',*,*,#5392,.T.);
#7313=ORIENTED_EDGE('',*,*,#5393,.T.);
#7314=ORIENTED_EDGE('',*,*,#5394,.T.);
#7315=ORIENTED_EDGE('',*,*,#5386,.F.);
#7316=ORIENTED_EDGE('',*,*,#5395,.T.);
#7317=ORIENTED_EDGE('',*,*,#5391,.F.);
#7318=ORIENTED_EDGE('',*,*,#5396,.T.);
#7319=ORIENTED_EDGE('',*,*,#5397,.T.);
#7320=ORIENTED_EDGE('',*,*,#5398,.T.);
#7321=ORIENTED_EDGE('',*,*,#5399,.T.);
#7322=ORIENTED_EDGE('',*,*,#5400,.T.);
#7323=ORIENTED_EDGE('',*,*,#5397,.F.);
#7324=ORIENTED_EDGE('',*,*,#5401,.T.);
#7325=ORIENTED_EDGE('',*,*,#5400,.F.);
#7326=ORIENTED_EDGE('',*,*,#5402,.F.);
#7327=ORIENTED_EDGE('',*,*,#5403,.F.);
#7328=ORIENTED_EDGE('',*,*,#5404,.F.);
#7329=ORIENTED_EDGE('',*,*,#5401,.F.);
#7330=ORIENTED_EDGE('',*,*,#5396,.F.);
#7331=ORIENTED_EDGE('',*,*,#5390,.F.);
#7332=ORIENTED_EDGE('',*,*,#5387,.F.);
#7333=ORIENTED_EDGE('',*,*,#5394,.F.);
#7334=ORIENTED_EDGE('',*,*,#5405,.F.);
#7335=ORIENTED_EDGE('',*,*,#5406,.F.);
#7336=ORIENTED_EDGE('',*,*,#5407,.F.);
#7337=ORIENTED_EDGE('',*,*,#5408,.F.);
#7338=ORIENTED_EDGE('',*,*,#5409,.F.);
#7339=ORIENTED_EDGE('',*,*,#5399,.F.);
#7340=ORIENTED_EDGE('',*,*,#5409,.T.);
#7341=ORIENTED_EDGE('',*,*,#5410,.F.);
#7342=ORIENTED_EDGE('',*,*,#5411,.T.);
#7343=ORIENTED_EDGE('',*,*,#5412,.F.);
#7344=ORIENTED_EDGE('',*,*,#5413,.T.);
#7345=ORIENTED_EDGE('',*,*,#5414,.F.);
#7346=ORIENTED_EDGE('',*,*,#5415,.T.);
#7347=ORIENTED_EDGE('',*,*,#5416,.F.);
#7348=ORIENTED_EDGE('',*,*,#5405,.T.);
#7349=ORIENTED_EDGE('',*,*,#5393,.F.);
#7350=ORIENTED_EDGE('',*,*,#5417,.T.);
#7351=ORIENTED_EDGE('',*,*,#5418,.F.);
#7352=ORIENTED_EDGE('',*,*,#5419,.F.);
#7353=ORIENTED_EDGE('',*,*,#5420,.T.);
#7354=ORIENTED_EDGE('',*,*,#5421,.T.);
#7355=ORIENTED_EDGE('',*,*,#5422,.T.);
#7356=ORIENTED_EDGE('',*,*,#5423,.F.);
#7357=ORIENTED_EDGE('',*,*,#5424,.T.);
#7358=ORIENTED_EDGE('',*,*,#5425,.F.);
#7359=ORIENTED_EDGE('',*,*,#5426,.T.);
#7360=ORIENTED_EDGE('',*,*,#5427,.T.);
#7361=ORIENTED_EDGE('',*,*,#5428,.T.);
#7362=ORIENTED_EDGE('',*,*,#5429,.F.);
#7363=ORIENTED_EDGE('',*,*,#5430,.F.);
#7364=ORIENTED_EDGE('',*,*,#5431,.F.);
#7365=ORIENTED_EDGE('',*,*,#5432,.T.);
#7366=ORIENTED_EDGE('',*,*,#5433,.T.);
#7367=ORIENTED_EDGE('',*,*,#5434,.T.);
#7368=ORIENTED_EDGE('',*,*,#5435,.F.);
#7369=ORIENTED_EDGE('',*,*,#5436,.T.);
#7370=ORIENTED_EDGE('',*,*,#5437,.F.);
#7371=ORIENTED_EDGE('',*,*,#5438,.T.);
#7372=ORIENTED_EDGE('',*,*,#5439,.T.);
#7373=ORIENTED_EDGE('',*,*,#5440,.T.);
#7374=ORIENTED_EDGE('',*,*,#5441,.F.);
#7375=ORIENTED_EDGE('',*,*,#5442,.F.);
#7376=ORIENTED_EDGE('',*,*,#5443,.F.);
#7377=ORIENTED_EDGE('',*,*,#5444,.T.);
#7378=ORIENTED_EDGE('',*,*,#5445,.T.);
#7379=ORIENTED_EDGE('',*,*,#5446,.T.);
#7380=ORIENTED_EDGE('',*,*,#5447,.F.);
#7381=ORIENTED_EDGE('',*,*,#5448,.T.);
#7382=ORIENTED_EDGE('',*,*,#5449,.F.);
#7383=ORIENTED_EDGE('',*,*,#5450,.T.);
#7384=ORIENTED_EDGE('',*,*,#5451,.T.);
#7385=ORIENTED_EDGE('',*,*,#5452,.T.);
#7386=ORIENTED_EDGE('',*,*,#5453,.F.);
#7387=ORIENTED_EDGE('',*,*,#5454,.T.);
#7388=ORIENTED_EDGE('',*,*,#5455,.F.);
#7389=ORIENTED_EDGE('',*,*,#5456,.F.);
#7390=ORIENTED_EDGE('',*,*,#5457,.T.);
#7391=ORIENTED_EDGE('',*,*,#5458,.T.);
#7392=ORIENTED_EDGE('',*,*,#5459,.F.);
#7393=ORIENTED_EDGE('',*,*,#5460,.T.);
#7394=ORIENTED_EDGE('',*,*,#5461,.T.);
#7395=ORIENTED_EDGE('',*,*,#5462,.T.);
#7396=ORIENTED_EDGE('',*,*,#5463,.T.);
#7397=ORIENTED_EDGE('',*,*,#5464,.T.);
#7398=ORIENTED_EDGE('',*,*,#5465,.F.);
#7399=ORIENTED_EDGE('',*,*,#5466,.T.);
#7400=ORIENTED_EDGE('',*,*,#5467,.F.);
#7401=ORIENTED_EDGE('',*,*,#5468,.T.);
#7402=ORIENTED_EDGE('',*,*,#5469,.T.);
#7403=ORIENTED_EDGE('',*,*,#5470,.T.);
#7404=ORIENTED_EDGE('',*,*,#5471,.T.);
#7405=ORIENTED_EDGE('',*,*,#5472,.T.);
#7406=ORIENTED_EDGE('',*,*,#5473,.T.);
#7407=ORIENTED_EDGE('',*,*,#5474,.T.);
#7408=ORIENTED_EDGE('',*,*,#5475,.T.);
#7409=ORIENTED_EDGE('',*,*,#5476,.T.);
#7410=ORIENTED_EDGE('',*,*,#5477,.F.);
#7411=ORIENTED_EDGE('',*,*,#5478,.T.);
#7412=ORIENTED_EDGE('',*,*,#5479,.F.);
#7413=ORIENTED_EDGE('',*,*,#5480,.T.);
#7414=ORIENTED_EDGE('',*,*,#5481,.T.);
#7415=ORIENTED_EDGE('',*,*,#5482,.T.);
#7416=ORIENTED_EDGE('',*,*,#5483,.T.);
#7417=ORIENTED_EDGE('',*,*,#5484,.T.);
#7418=ORIENTED_EDGE('',*,*,#5485,.T.);
#7419=ORIENTED_EDGE('',*,*,#5486,.T.);
#7420=ORIENTED_EDGE('',*,*,#5487,.T.);
#7421=ORIENTED_EDGE('',*,*,#5488,.T.);
#7422=ORIENTED_EDGE('',*,*,#5489,.F.);
#7423=ORIENTED_EDGE('',*,*,#5490,.T.);
#7424=ORIENTED_EDGE('',*,*,#5491,.F.);
#7425=ORIENTED_EDGE('',*,*,#5492,.T.);
#7426=ORIENTED_EDGE('',*,*,#5493,.T.);
#7427=ORIENTED_EDGE('',*,*,#5494,.T.);
#7428=ORIENTED_EDGE('',*,*,#5495,.T.);
#7429=ORIENTED_EDGE('',*,*,#5496,.T.);
#7430=ORIENTED_EDGE('',*,*,#5497,.F.);
#7431=ORIENTED_EDGE('',*,*,#5498,.T.);
#7432=ORIENTED_EDGE('',*,*,#5499,.T.);
#7433=ORIENTED_EDGE('',*,*,#5500,.F.);
#7434=ORIENTED_EDGE('',*,*,#5501,.F.);
#7435=ORIENTED_EDGE('',*,*,#5502,.T.);
#7436=ORIENTED_EDGE('',*,*,#5503,.F.);
#7437=ORIENTED_EDGE('',*,*,#5504,.T.);
#7438=ORIENTED_EDGE('',*,*,#5505,.T.);
#7439=ORIENTED_EDGE('',*,*,#5506,.T.);
#7440=ORIENTED_EDGE('',*,*,#5507,.F.);
#7441=ORIENTED_EDGE('',*,*,#5508,.T.);
#7442=ORIENTED_EDGE('',*,*,#5509,.F.);
#7443=ORIENTED_EDGE('',*,*,#5510,.T.);
#7444=ORIENTED_EDGE('',*,*,#5511,.T.);
#7445=ORIENTED_EDGE('',*,*,#5512,.T.);
#7446=ORIENTED_EDGE('',*,*,#5513,.F.);
#7447=ORIENTED_EDGE('',*,*,#5514,.F.);
#7448=ORIENTED_EDGE('',*,*,#5402,.T.);
#7449=ORIENTED_EDGE('',*,*,#5515,.T.);
#7450=ORIENTED_EDGE('',*,*,#5516,.T.);
#7451=ORIENTED_EDGE('',*,*,#5517,.T.);
#7452=ORIENTED_EDGE('',*,*,#5518,.T.);
#7453=ORIENTED_EDGE('',*,*,#5519,.T.);
#7454=ORIENTED_EDGE('',*,*,#5520,.T.);
#7455=ORIENTED_EDGE('',*,*,#5521,.T.);
#7456=ORIENTED_EDGE('',*,*,#5522,.T.);
#7457=ORIENTED_EDGE('',*,*,#5395,.F.);
#7458=ORIENTED_EDGE('',*,*,#5523,.T.);
#7459=ORIENTED_EDGE('',*,*,#5524,.F.);
#7460=ORIENTED_EDGE('',*,*,#5417,.F.);
#7461=ORIENTED_EDGE('',*,*,#5389,.F.);
#7462=ORIENTED_EDGE('',*,*,#5525,.T.);
#7463=ORIENTED_EDGE('',*,*,#5526,.F.);
#7464=ORIENTED_EDGE('',*,*,#5523,.F.);
#7465=ORIENTED_EDGE('',*,*,#5392,.F.);
#7466=ORIENTED_EDGE('',*,*,#5527,.T.);
#7467=ORIENTED_EDGE('',*,*,#5528,.F.);
#7468=ORIENTED_EDGE('',*,*,#5525,.F.);
#7469=ORIENTED_EDGE('',*,*,#5398,.F.);
#7470=ORIENTED_EDGE('',*,*,#5404,.T.);
#7471=ORIENTED_EDGE('',*,*,#5529,.F.);
#7472=ORIENTED_EDGE('',*,*,#5527,.F.);
#7473=ORIENTED_EDGE('',*,*,#5522,.F.);
#7474=ORIENTED_EDGE('',*,*,#5530,.T.);
#7475=ORIENTED_EDGE('',*,*,#5531,.T.);
#7476=ORIENTED_EDGE('',*,*,#5530,.F.);
#7477=ORIENTED_EDGE('',*,*,#5531,.F.);
#7478=ORIENTED_EDGE('',*,*,#5521,.F.);
#7479=ORIENTED_EDGE('',*,*,#5532,.T.);
#7480=ORIENTED_EDGE('',*,*,#5533,.T.);
#7481=ORIENTED_EDGE('',*,*,#5532,.F.);
#7482=ORIENTED_EDGE('',*,*,#5533,.F.);
#7483=ORIENTED_EDGE('',*,*,#5520,.F.);
#7484=ORIENTED_EDGE('',*,*,#5534,.T.);
#7485=ORIENTED_EDGE('',*,*,#5535,.T.);
#7486=ORIENTED_EDGE('',*,*,#5534,.F.);
#7487=ORIENTED_EDGE('',*,*,#5535,.F.);
#7488=ORIENTED_EDGE('',*,*,#5519,.F.);
#7489=ORIENTED_EDGE('',*,*,#5536,.T.);
#7490=ORIENTED_EDGE('',*,*,#5537,.T.);
#7491=ORIENTED_EDGE('',*,*,#5536,.F.);
#7492=ORIENTED_EDGE('',*,*,#5537,.F.);
#7493=ORIENTED_EDGE('',*,*,#5518,.F.);
#7494=ORIENTED_EDGE('',*,*,#5538,.T.);
#7495=ORIENTED_EDGE('',*,*,#5539,.T.);
#7496=ORIENTED_EDGE('',*,*,#5538,.F.);
#7497=ORIENTED_EDGE('',*,*,#5539,.F.);
#7498=ORIENTED_EDGE('',*,*,#5517,.F.);
#7499=ORIENTED_EDGE('',*,*,#5540,.T.);
#7500=ORIENTED_EDGE('',*,*,#5541,.T.);
#7501=ORIENTED_EDGE('',*,*,#5540,.F.);
#7502=ORIENTED_EDGE('',*,*,#5541,.F.);
#7503=ORIENTED_EDGE('',*,*,#5516,.F.);
#7504=ORIENTED_EDGE('',*,*,#5542,.T.);
#7505=ORIENTED_EDGE('',*,*,#5543,.T.);
#7506=ORIENTED_EDGE('',*,*,#5542,.F.);
#7507=ORIENTED_EDGE('',*,*,#5543,.F.);
#7508=ORIENTED_EDGE('',*,*,#5515,.F.);
#7509=ORIENTED_EDGE('',*,*,#5544,.T.);
#7510=ORIENTED_EDGE('',*,*,#5545,.T.);
#7511=ORIENTED_EDGE('',*,*,#5544,.F.);
#7512=ORIENTED_EDGE('',*,*,#5545,.F.);
#7513=ORIENTED_EDGE('',*,*,#5467,.T.);
#7514=ORIENTED_EDGE('',*,*,#5546,.T.);
#7515=ORIENTED_EDGE('',*,*,#5547,.T.);
#7516=ORIENTED_EDGE('',*,*,#5548,.T.);
#7517=ORIENTED_EDGE('',*,*,#5546,.F.);
#7518=ORIENTED_EDGE('',*,*,#5466,.F.);
#7519=ORIENTED_EDGE('',*,*,#5549,.F.);
#7520=ORIENTED_EDGE('',*,*,#5550,.F.);
#7521=ORIENTED_EDGE('',*,*,#5465,.T.);
#7522=ORIENTED_EDGE('',*,*,#5551,.T.);
#7523=ORIENTED_EDGE('',*,*,#5552,.T.);
#7524=ORIENTED_EDGE('',*,*,#5549,.T.);
#7525=ORIENTED_EDGE('',*,*,#5551,.F.);
#7526=ORIENTED_EDGE('',*,*,#5464,.F.);
#7527=ORIENTED_EDGE('',*,*,#5553,.T.);
#7528=ORIENTED_EDGE('',*,*,#5554,.T.);
#7529=ORIENTED_EDGE('',*,*,#5491,.T.);
#7530=ORIENTED_EDGE('',*,*,#5555,.T.);
#7531=ORIENTED_EDGE('',*,*,#5556,.T.);
#7532=ORIENTED_EDGE('',*,*,#5557,.T.);
#7533=ORIENTED_EDGE('',*,*,#5555,.F.);
#7534=ORIENTED_EDGE('',*,*,#5490,.F.);
#7535=ORIENTED_EDGE('',*,*,#5558,.F.);
#7536=ORIENTED_EDGE('',*,*,#5559,.F.);
#7537=ORIENTED_EDGE('',*,*,#5489,.T.);
#7538=ORIENTED_EDGE('',*,*,#5560,.T.);
#7539=ORIENTED_EDGE('',*,*,#5561,.T.);
#7540=ORIENTED_EDGE('',*,*,#5558,.T.);
#7541=ORIENTED_EDGE('',*,*,#5560,.F.);
#7542=ORIENTED_EDGE('',*,*,#5488,.F.);
#7543=ORIENTED_EDGE('',*,*,#5562,.T.);
#7544=ORIENTED_EDGE('',*,*,#5563,.T.);
#7545=ORIENTED_EDGE('',*,*,#5479,.T.);
#7546=ORIENTED_EDGE('',*,*,#5564,.T.);
#7547=ORIENTED_EDGE('',*,*,#5565,.T.);
#7548=ORIENTED_EDGE('',*,*,#5566,.T.);
#7549=ORIENTED_EDGE('',*,*,#5564,.F.);
#7550=ORIENTED_EDGE('',*,*,#5478,.F.);
#7551=ORIENTED_EDGE('',*,*,#5567,.F.);
#7552=ORIENTED_EDGE('',*,*,#5568,.F.);
#7553=ORIENTED_EDGE('',*,*,#5477,.T.);
#7554=ORIENTED_EDGE('',*,*,#5569,.T.);
#7555=ORIENTED_EDGE('',*,*,#5570,.T.);
#7556=ORIENTED_EDGE('',*,*,#5567,.T.);
#7557=ORIENTED_EDGE('',*,*,#5569,.F.);
#7558=ORIENTED_EDGE('',*,*,#5476,.F.);
#7559=ORIENTED_EDGE('',*,*,#5571,.T.);
#7560=ORIENTED_EDGE('',*,*,#5572,.T.);
#7561=ORIENTED_EDGE('',*,*,#5507,.T.);
#7562=ORIENTED_EDGE('',*,*,#5573,.T.);
#7563=ORIENTED_EDGE('',*,*,#5574,.T.);
#7564=ORIENTED_EDGE('',*,*,#5575,.T.);
#7565=ORIENTED_EDGE('',*,*,#5575,.F.);
#7566=ORIENTED_EDGE('',*,*,#5576,.F.);
#7567=ORIENTED_EDGE('',*,*,#5577,.F.);
#7568=ORIENTED_EDGE('',*,*,#5508,.F.);
#7569=ORIENTED_EDGE('',*,*,#5509,.T.);
#7570=ORIENTED_EDGE('',*,*,#5577,.T.);
#7571=ORIENTED_EDGE('',*,*,#5578,.T.);
#7572=ORIENTED_EDGE('',*,*,#5579,.T.);
#7573=ORIENTED_EDGE('',*,*,#5447,.T.);
#7574=ORIENTED_EDGE('',*,*,#5580,.T.);
#7575=ORIENTED_EDGE('',*,*,#5581,.T.);
#7576=ORIENTED_EDGE('',*,*,#5582,.T.);
#7577=ORIENTED_EDGE('',*,*,#5582,.F.);
#7578=ORIENTED_EDGE('',*,*,#5583,.F.);
#7579=ORIENTED_EDGE('',*,*,#5584,.F.);
#7580=ORIENTED_EDGE('',*,*,#5448,.F.);
#7581=ORIENTED_EDGE('',*,*,#5449,.T.);
#7582=ORIENTED_EDGE('',*,*,#5584,.T.);
#7583=ORIENTED_EDGE('',*,*,#5585,.T.);
#7584=ORIENTED_EDGE('',*,*,#5586,.T.);
#7585=ORIENTED_EDGE('',*,*,#5435,.T.);
#7586=ORIENTED_EDGE('',*,*,#5587,.T.);
#7587=ORIENTED_EDGE('',*,*,#5588,.T.);
#7588=ORIENTED_EDGE('',*,*,#5589,.T.);
#7589=ORIENTED_EDGE('',*,*,#5589,.F.);
#7590=ORIENTED_EDGE('',*,*,#5590,.F.);
#7591=ORIENTED_EDGE('',*,*,#5591,.F.);
#7592=ORIENTED_EDGE('',*,*,#5436,.F.);
#7593=ORIENTED_EDGE('',*,*,#5437,.T.);
#7594=ORIENTED_EDGE('',*,*,#5591,.T.);
#7595=ORIENTED_EDGE('',*,*,#5592,.T.);
#7596=ORIENTED_EDGE('',*,*,#5593,.T.);
#7597=ORIENTED_EDGE('',*,*,#5423,.T.);
#7598=ORIENTED_EDGE('',*,*,#5594,.T.);
#7599=ORIENTED_EDGE('',*,*,#5595,.T.);
#7600=ORIENTED_EDGE('',*,*,#5596,.T.);
#7601=ORIENTED_EDGE('',*,*,#5596,.F.);
#7602=ORIENTED_EDGE('',*,*,#5597,.F.);
#7603=ORIENTED_EDGE('',*,*,#5598,.F.);
#7604=ORIENTED_EDGE('',*,*,#5424,.F.);
#7605=ORIENTED_EDGE('',*,*,#5425,.T.);
#7606=ORIENTED_EDGE('',*,*,#5598,.T.);
#7607=ORIENTED_EDGE('',*,*,#5599,.T.);
#7608=ORIENTED_EDGE('',*,*,#5600,.T.);
#7609=ORIENTED_EDGE('',*,*,#5600,.F.);
#7610=ORIENTED_EDGE('',*,*,#5601,.T.);
#7611=ORIENTED_EDGE('',*,*,#5602,.F.);
#7612=ORIENTED_EDGE('',*,*,#5426,.F.);
#7613=ORIENTED_EDGE('',*,*,#5587,.F.);
#7614=ORIENTED_EDGE('',*,*,#5434,.F.);
#7615=ORIENTED_EDGE('',*,*,#5603,.T.);
#7616=ORIENTED_EDGE('',*,*,#5604,.T.);
#7617=ORIENTED_EDGE('',*,*,#5593,.F.);
#7618=ORIENTED_EDGE('',*,*,#5605,.T.);
#7619=ORIENTED_EDGE('',*,*,#5606,.F.);
#7620=ORIENTED_EDGE('',*,*,#5438,.F.);
#7621=ORIENTED_EDGE('',*,*,#5557,.F.);
#7622=ORIENTED_EDGE('',*,*,#5607,.T.);
#7623=ORIENTED_EDGE('',*,*,#5608,.F.);
#7624=ORIENTED_EDGE('',*,*,#5492,.F.);
#7625=ORIENTED_EDGE('',*,*,#5580,.F.);
#7626=ORIENTED_EDGE('',*,*,#5446,.F.);
#7627=ORIENTED_EDGE('',*,*,#5609,.T.);
#7628=ORIENTED_EDGE('',*,*,#5610,.T.);
#7629=ORIENTED_EDGE('',*,*,#5586,.F.);
#7630=ORIENTED_EDGE('',*,*,#5611,.T.);
#7631=ORIENTED_EDGE('',*,*,#5612,.F.);
#7632=ORIENTED_EDGE('',*,*,#5450,.F.);
#7633=ORIENTED_EDGE('',*,*,#5573,.F.);
#7634=ORIENTED_EDGE('',*,*,#5506,.F.);
#7635=ORIENTED_EDGE('',*,*,#5613,.T.);
#7636=ORIENTED_EDGE('',*,*,#5614,.T.);
#7637=ORIENTED_EDGE('',*,*,#5579,.F.);
#7638=ORIENTED_EDGE('',*,*,#5615,.T.);
#7639=ORIENTED_EDGE('',*,*,#5616,.F.);
#7640=ORIENTED_EDGE('',*,*,#5510,.F.);
#7641=ORIENTED_EDGE('',*,*,#5566,.F.);
#7642=ORIENTED_EDGE('',*,*,#5617,.T.);
#7643=ORIENTED_EDGE('',*,*,#5618,.F.);
#7644=ORIENTED_EDGE('',*,*,#5480,.F.);
#7645=ORIENTED_EDGE('',*,*,#5548,.F.);
#7646=ORIENTED_EDGE('',*,*,#5619,.T.);
#7647=ORIENTED_EDGE('',*,*,#5620,.F.);
#7648=ORIENTED_EDGE('',*,*,#5468,.F.);
#7649=ORIENTED_EDGE('',*,*,#5594,.F.);
#7650=ORIENTED_EDGE('',*,*,#5422,.F.);
#7651=ORIENTED_EDGE('',*,*,#5621,.T.);
#7652=ORIENTED_EDGE('',*,*,#5622,.T.);
#7653=ORIENTED_EDGE('',*,*,#5623,.F.);
#7654=ORIENTED_EDGE('',*,*,#5624,.F.);
#7655=ORIENTED_EDGE('',*,*,#5625,.F.);
#7656=ORIENTED_EDGE('',*,*,#5626,.F.);
#7657=ORIENTED_EDGE('',*,*,#5627,.T.);
#7658=ORIENTED_EDGE('',*,*,#5628,.F.);
#7659=ORIENTED_EDGE('',*,*,#5629,.F.);
#7660=ORIENTED_EDGE('',*,*,#5630,.F.);
#7661=ORIENTED_EDGE('',*,*,#5631,.T.);
#7662=ORIENTED_EDGE('',*,*,#5632,.F.);
#7663=ORIENTED_EDGE('',*,*,#5633,.F.);
#7664=ORIENTED_EDGE('',*,*,#5634,.F.);
#7665=ORIENTED_EDGE('',*,*,#5635,.F.);
#7666=ORIENTED_EDGE('',*,*,#5636,.F.);
#7667=ORIENTED_EDGE('',*,*,#5637,.F.);
#7668=ORIENTED_EDGE('',*,*,#5638,.F.);
#7669=ORIENTED_EDGE('',*,*,#5639,.F.);
#7670=ORIENTED_EDGE('',*,*,#5640,.T.);
#7671=ORIENTED_EDGE('',*,*,#5641,.T.);
#7672=ORIENTED_EDGE('',*,*,#5642,.F.);
#7673=ORIENTED_EDGE('',*,*,#5643,.F.);
#7674=ORIENTED_EDGE('',*,*,#5454,.F.);
#7675=ORIENTED_EDGE('',*,*,#5500,.T.);
#7676=ORIENTED_EDGE('',*,*,#5644,.T.);
#7677=ORIENTED_EDGE('',*,*,#5645,.F.);
#7678=ORIENTED_EDGE('',*,*,#5646,.T.);
#7679=ORIENTED_EDGE('',*,*,#5644,.F.);
#7680=ORIENTED_EDGE('',*,*,#5499,.F.);
#7681=ORIENTED_EDGE('',*,*,#5647,.T.);
#7682=ORIENTED_EDGE('',*,*,#5648,.T.);
#7683=ORIENTED_EDGE('',*,*,#5649,.T.);
#7684=ORIENTED_EDGE('',*,*,#5650,.T.);
#7685=ORIENTED_EDGE('',*,*,#5456,.T.);
#7686=ORIENTED_EDGE('',*,*,#5651,.T.);
#7687=ORIENTED_EDGE('',*,*,#5652,.T.);
#7688=ORIENTED_EDGE('',*,*,#5653,.F.);
#7689=ORIENTED_EDGE('',*,*,#5654,.F.);
#7690=ORIENTED_EDGE('',*,*,#5655,.F.);
#7691=ORIENTED_EDGE('',*,*,#5656,.F.);
#7692=ORIENTED_EDGE('',*,*,#5651,.F.);
#7693=ORIENTED_EDGE('',*,*,#5455,.T.);
#7694=ORIENTED_EDGE('',*,*,#5643,.T.);
#7695=ORIENTED_EDGE('',*,*,#5657,.F.);
#7696=ORIENTED_EDGE('',*,*,#5654,.T.);
#7697=ORIENTED_EDGE('',*,*,#5443,.T.);
#7698=ORIENTED_EDGE('',*,*,#5658,.T.);
#7699=ORIENTED_EDGE('',*,*,#5659,.T.);
#7700=ORIENTED_EDGE('',*,*,#5660,.T.);
#7701=ORIENTED_EDGE('',*,*,#5403,.T.);
#7702=ORIENTED_EDGE('',*,*,#5514,.T.);
#7703=ORIENTED_EDGE('',*,*,#5661,.F.);
#7704=ORIENTED_EDGE('',*,*,#5662,.T.);
#7705=ORIENTED_EDGE('',*,*,#5663,.F.);
#7706=ORIENTED_EDGE('',*,*,#5502,.F.);
#7707=ORIENTED_EDGE('',*,*,#5664,.F.);
#7708=ORIENTED_EDGE('',*,*,#5665,.F.);
#7709=ORIENTED_EDGE('',*,*,#5666,.F.);
#7710=ORIENTED_EDGE('',*,*,#5667,.F.);
#7711=ORIENTED_EDGE('',*,*,#5668,.T.);
#7712=ORIENTED_EDGE('',*,*,#5669,.F.);
#7713=ORIENTED_EDGE('',*,*,#5670,.F.);
#7714=ORIENTED_EDGE('',*,*,#5671,.T.);
#7715=ORIENTED_EDGE('',*,*,#5672,.T.);
#7716=ORIENTED_EDGE('',*,*,#5673,.F.);
#7717=ORIENTED_EDGE('',*,*,#5674,.F.);
#7718=ORIENTED_EDGE('',*,*,#5675,.T.);
#7719=ORIENTED_EDGE('',*,*,#5676,.T.);
#7720=ORIENTED_EDGE('',*,*,#5677,.F.);
#7721=ORIENTED_EDGE('',*,*,#5678,.F.);
#7722=ORIENTED_EDGE('',*,*,#5679,.T.);
#7723=ORIENTED_EDGE('',*,*,#5680,.T.);
#7724=ORIENTED_EDGE('',*,*,#5681,.F.);
#7725=ORIENTED_EDGE('',*,*,#5682,.T.);
#7726=ORIENTED_EDGE('',*,*,#5683,.T.);
#7727=ORIENTED_EDGE('',*,*,#5658,.F.);
#7728=ORIENTED_EDGE('',*,*,#5442,.T.);
#7729=ORIENTED_EDGE('',*,*,#5684,.F.);
#7730=ORIENTED_EDGE('',*,*,#5685,.T.);
#7731=ORIENTED_EDGE('',*,*,#5686,.F.);
#7732=ORIENTED_EDGE('',*,*,#5430,.T.);
#7733=ORIENTED_EDGE('',*,*,#5687,.F.);
#7734=ORIENTED_EDGE('',*,*,#5688,.T.);
#7735=ORIENTED_EDGE('',*,*,#5689,.F.);
#7736=ORIENTED_EDGE('',*,*,#5418,.T.);
#7737=ORIENTED_EDGE('',*,*,#5524,.T.);
#7738=ORIENTED_EDGE('',*,*,#5526,.T.);
#7739=ORIENTED_EDGE('',*,*,#5528,.T.);
#7740=ORIENTED_EDGE('',*,*,#5529,.T.);
#7741=ORIENTED_EDGE('',*,*,#5453,.T.);
#7742=ORIENTED_EDGE('',*,*,#5690,.T.);
#7743=ORIENTED_EDGE('',*,*,#5691,.T.);
#7744=ORIENTED_EDGE('',*,*,#5639,.T.);
#7745=ORIENTED_EDGE('',*,*,#5690,.F.);
#7746=ORIENTED_EDGE('',*,*,#5452,.F.);
#7747=ORIENTED_EDGE('',*,*,#5692,.T.);
#7748=ORIENTED_EDGE('',*,*,#5693,.T.);
#7749=ORIENTED_EDGE('',*,*,#5441,.T.);
#7750=ORIENTED_EDGE('',*,*,#5694,.T.);
#7751=ORIENTED_EDGE('',*,*,#5695,.T.);
#7752=ORIENTED_EDGE('',*,*,#5684,.T.);
#7753=ORIENTED_EDGE('',*,*,#5431,.T.);
#7754=ORIENTED_EDGE('',*,*,#5686,.T.);
#7755=ORIENTED_EDGE('',*,*,#5696,.T.);
#7756=ORIENTED_EDGE('',*,*,#5697,.T.);
#7757=ORIENTED_EDGE('',*,*,#5429,.T.);
#7758=ORIENTED_EDGE('',*,*,#5698,.T.);
#7759=ORIENTED_EDGE('',*,*,#5699,.T.);
#7760=ORIENTED_EDGE('',*,*,#5687,.T.);
#7761=ORIENTED_EDGE('',*,*,#5419,.T.);
#7762=ORIENTED_EDGE('',*,*,#5689,.T.);
#7763=ORIENTED_EDGE('',*,*,#5700,.T.);
#7764=ORIENTED_EDGE('',*,*,#5701,.T.);
#7765=ORIENTED_EDGE('',*,*,#5513,.T.);
#7766=ORIENTED_EDGE('',*,*,#5702,.T.);
#7767=ORIENTED_EDGE('',*,*,#5703,.T.);
#7768=ORIENTED_EDGE('',*,*,#5661,.T.);
#7769=ORIENTED_EDGE('',*,*,#5503,.T.);
#7770=ORIENTED_EDGE('',*,*,#5663,.T.);
#7771=ORIENTED_EDGE('',*,*,#5704,.T.);
#7772=ORIENTED_EDGE('',*,*,#5705,.T.);
#7773=ORIENTED_EDGE('',*,*,#5705,.F.);
#7774=ORIENTED_EDGE('',*,*,#5706,.F.);
#7775=ORIENTED_EDGE('',*,*,#5707,.F.);
#7776=ORIENTED_EDGE('',*,*,#5504,.F.);
#7777=ORIENTED_EDGE('',*,*,#5708,.F.);
#7778=ORIENTED_EDGE('',*,*,#5709,.T.);
#7779=ORIENTED_EDGE('',*,*,#5497,.T.);
#7780=ORIENTED_EDGE('',*,*,#5710,.T.);
#7781=ORIENTED_EDGE('',*,*,#5709,.F.);
#7782=ORIENTED_EDGE('',*,*,#5711,.T.);
#7783=ORIENTED_EDGE('',*,*,#5647,.F.);
#7784=ORIENTED_EDGE('',*,*,#5498,.F.);
#7785=ORIENTED_EDGE('',*,*,#5712,.F.);
#7786=ORIENTED_EDGE('',*,*,#5713,.T.);
#7787=ORIENTED_EDGE('',*,*,#5459,.T.);
#7788=ORIENTED_EDGE('',*,*,#5714,.T.);
#7789=ORIENTED_EDGE('',*,*,#5713,.F.);
#7790=ORIENTED_EDGE('',*,*,#5715,.T.);
#7791=ORIENTED_EDGE('',*,*,#5716,.F.);
#7792=ORIENTED_EDGE('',*,*,#5460,.F.);
#7793=ORIENTED_EDGE('',*,*,#5717,.T.);
#7794=ORIENTED_EDGE('',*,*,#5630,.T.);
#7795=ORIENTED_EDGE('',*,*,#5718,.F.);
#7796=ORIENTED_EDGE('',*,*,#5719,.T.);
#7797=ORIENTED_EDGE('',*,*,#5720,.F.);
#7798=ORIENTED_EDGE('',*,*,#5721,.F.);
#7799=ORIENTED_EDGE('',*,*,#5722,.F.);
#7800=ORIENTED_EDGE('',*,*,#5723,.F.);
#7801=ORIENTED_EDGE('',*,*,#5724,.F.);
#7802=ORIENTED_EDGE('',*,*,#5640,.F.);
#7803=ORIENTED_EDGE('',*,*,#5691,.F.);
#7804=ORIENTED_EDGE('',*,*,#5693,.F.);
#7805=ORIENTED_EDGE('',*,*,#5725,.F.);
#7806=ORIENTED_EDGE('',*,*,#5611,.F.);
#7807=ORIENTED_EDGE('',*,*,#5585,.F.);
#7808=ORIENTED_EDGE('',*,*,#5583,.T.);
#7809=ORIENTED_EDGE('',*,*,#5581,.F.);
#7810=ORIENTED_EDGE('',*,*,#5610,.F.);
#7811=ORIENTED_EDGE('',*,*,#5726,.F.);
#7812=ORIENTED_EDGE('',*,*,#5727,.T.);
#7813=ORIENTED_EDGE('',*,*,#5659,.F.);
#7814=ORIENTED_EDGE('',*,*,#5683,.F.);
#7815=ORIENTED_EDGE('',*,*,#5728,.F.);
#7816=ORIENTED_EDGE('',*,*,#5729,.F.);
#7817=ORIENTED_EDGE('',*,*,#5730,.F.);
#7818=ORIENTED_EDGE('',*,*,#5731,.F.);
#7819=ORIENTED_EDGE('',*,*,#5732,.F.);
#7820=ORIENTED_EDGE('',*,*,#5733,.F.);
#7821=ORIENTED_EDGE('',*,*,#5734,.F.);
#7822=ORIENTED_EDGE('',*,*,#5679,.F.);
#7823=ORIENTED_EDGE('',*,*,#5735,.F.);
#7824=ORIENTED_EDGE('',*,*,#5736,.F.);
#7825=ORIENTED_EDGE('',*,*,#5737,.F.);
#7826=ORIENTED_EDGE('',*,*,#5738,.F.);
#7827=ORIENTED_EDGE('',*,*,#5739,.F.);
#7828=ORIENTED_EDGE('',*,*,#5740,.F.);
#7829=ORIENTED_EDGE('',*,*,#5741,.F.);
#7830=ORIENTED_EDGE('',*,*,#5675,.F.);
#7831=ORIENTED_EDGE('',*,*,#5742,.F.);
#7832=ORIENTED_EDGE('',*,*,#5743,.F.);
#7833=ORIENTED_EDGE('',*,*,#5744,.F.);
#7834=ORIENTED_EDGE('',*,*,#5745,.F.);
#7835=ORIENTED_EDGE('',*,*,#5746,.F.);
#7836=ORIENTED_EDGE('',*,*,#5747,.F.);
#7837=ORIENTED_EDGE('',*,*,#5671,.F.);
#7838=ORIENTED_EDGE('',*,*,#5748,.F.);
#7839=ORIENTED_EDGE('',*,*,#5749,.F.);
#7840=ORIENTED_EDGE('',*,*,#5750,.F.);
#7841=ORIENTED_EDGE('',*,*,#5751,.F.);
#7842=ORIENTED_EDGE('',*,*,#5752,.F.);
#7843=ORIENTED_EDGE('',*,*,#5753,.F.);
#7844=ORIENTED_EDGE('',*,*,#5667,.T.);
#7845=ORIENTED_EDGE('',*,*,#5754,.F.);
#7846=ORIENTED_EDGE('',*,*,#5755,.F.);
#7847=ORIENTED_EDGE('',*,*,#5756,.F.);
#7848=ORIENTED_EDGE('',*,*,#5757,.F.);
#7849=ORIENTED_EDGE('',*,*,#5758,.F.);
#7850=ORIENTED_EDGE('',*,*,#5635,.T.);
#7851=ORIENTED_EDGE('',*,*,#5759,.T.);
#7852=ORIENTED_EDGE('',*,*,#5645,.T.);
#7853=ORIENTED_EDGE('',*,*,#5648,.F.);
#7854=ORIENTED_EDGE('',*,*,#5711,.F.);
#7855=ORIENTED_EDGE('',*,*,#5708,.T.);
#7856=ORIENTED_EDGE('',*,*,#5760,.F.);
#7857=ORIENTED_EDGE('',*,*,#5761,.F.);
#7858=ORIENTED_EDGE('',*,*,#5762,.F.);
#7859=ORIENTED_EDGE('',*,*,#5763,.F.);
#7860=ORIENTED_EDGE('',*,*,#5607,.F.);
#7861=ORIENTED_EDGE('',*,*,#5556,.F.);
#7862=ORIENTED_EDGE('',*,*,#5559,.T.);
#7863=ORIENTED_EDGE('',*,*,#5561,.F.);
#7864=ORIENTED_EDGE('',*,*,#5563,.F.);
#7865=ORIENTED_EDGE('',*,*,#5764,.F.);
#7866=ORIENTED_EDGE('',*,*,#5765,.F.);
#7867=ORIENTED_EDGE('',*,*,#5766,.F.);
#7868=ORIENTED_EDGE('',*,*,#5767,.F.);
#7869=ORIENTED_EDGE('',*,*,#5768,.F.);
#7870=ORIENTED_EDGE('',*,*,#5769,.F.);
#7871=ORIENTED_EDGE('',*,*,#5770,.F.);
#7872=ORIENTED_EDGE('',*,*,#5617,.F.);
#7873=ORIENTED_EDGE('',*,*,#5565,.F.);
#7874=ORIENTED_EDGE('',*,*,#5568,.T.);
#7875=ORIENTED_EDGE('',*,*,#5570,.F.);
#7876=ORIENTED_EDGE('',*,*,#5572,.F.);
#7877=ORIENTED_EDGE('',*,*,#5771,.F.);
#7878=ORIENTED_EDGE('',*,*,#5772,.F.);
#7879=ORIENTED_EDGE('',*,*,#5773,.F.);
#7880=ORIENTED_EDGE('',*,*,#5774,.F.);
#7881=ORIENTED_EDGE('',*,*,#5775,.F.);
#7882=ORIENTED_EDGE('',*,*,#5776,.F.);
#7883=ORIENTED_EDGE('',*,*,#5777,.F.);
#7884=ORIENTED_EDGE('',*,*,#5619,.F.);
#7885=ORIENTED_EDGE('',*,*,#5547,.F.);
#7886=ORIENTED_EDGE('',*,*,#5550,.T.);
#7887=ORIENTED_EDGE('',*,*,#5552,.F.);
#7888=ORIENTED_EDGE('',*,*,#5554,.F.);
#7889=ORIENTED_EDGE('',*,*,#5778,.F.);
#7890=ORIENTED_EDGE('',*,*,#5779,.F.);
#7891=ORIENTED_EDGE('',*,*,#5780,.F.);
#7892=ORIENTED_EDGE('',*,*,#5715,.F.);
#7893=ORIENTED_EDGE('',*,*,#5712,.T.);
#7894=ORIENTED_EDGE('',*,*,#5781,.F.);
#7895=ORIENTED_EDGE('',*,*,#5782,.F.);
#7896=ORIENTED_EDGE('',*,*,#5649,.F.);
#7897=ORIENTED_EDGE('',*,*,#5656,.T.);
#7898=ORIENTED_EDGE('',*,*,#5653,.T.);
#7899=ORIENTED_EDGE('',*,*,#5783,.F.);
#7900=ORIENTED_EDGE('',*,*,#5623,.T.);
#7901=ORIENTED_EDGE('',*,*,#5784,.F.);
#7902=ORIENTED_EDGE('',*,*,#5785,.F.);
#7903=ORIENTED_EDGE('',*,*,#5786,.F.);
#7904=ORIENTED_EDGE('',*,*,#5787,.F.);
#7905=ORIENTED_EDGE('',*,*,#5788,.F.);
#7906=ORIENTED_EDGE('',*,*,#5789,.F.);
#7907=ORIENTED_EDGE('',*,*,#5790,.F.);
#7908=ORIENTED_EDGE('',*,*,#5627,.F.);
#7909=ORIENTED_EDGE('',*,*,#5717,.F.);
#7910=ORIENTED_EDGE('',*,*,#5791,.T.);
#7911=ORIENTED_EDGE('',*,*,#5792,.F.);
#7912=ORIENTED_EDGE('',*,*,#5793,.F.);
#7913=ORIENTED_EDGE('',*,*,#5794,.F.);
#7914=ORIENTED_EDGE('',*,*,#5795,.F.);
#7915=ORIENTED_EDGE('',*,*,#5796,.F.);
#7916=ORIENTED_EDGE('',*,*,#5797,.F.);
#7917=ORIENTED_EDGE('',*,*,#5798,.F.);
#7918=ORIENTED_EDGE('',*,*,#5799,.F.);
#7919=ORIENTED_EDGE('',*,*,#5800,.F.);
#7920=ORIENTED_EDGE('',*,*,#5801,.F.);
#7921=ORIENTED_EDGE('',*,*,#5802,.F.);
#7922=ORIENTED_EDGE('',*,*,#5803,.F.);
#7923=ORIENTED_EDGE('',*,*,#5804,.F.);
#7924=ORIENTED_EDGE('',*,*,#5805,.F.);
#7925=ORIENTED_EDGE('',*,*,#5806,.F.);
#7926=ORIENTED_EDGE('',*,*,#5807,.F.);
#7927=ORIENTED_EDGE('',*,*,#5632,.T.);
#7928=ORIENTED_EDGE('',*,*,#5808,.F.);
#7929=ORIENTED_EDGE('',*,*,#5809,.F.);
#7930=ORIENTED_EDGE('',*,*,#5810,.F.);
#7931=ORIENTED_EDGE('',*,*,#5811,.F.);
#7932=ORIENTED_EDGE('',*,*,#5812,.F.);
#7933=ORIENTED_EDGE('',*,*,#5813,.F.);
#7934=ORIENTED_EDGE('',*,*,#5814,.F.);
#7935=ORIENTED_EDGE('',*,*,#5706,.T.);
#7936=ORIENTED_EDGE('',*,*,#5704,.F.);
#7937=ORIENTED_EDGE('',*,*,#5662,.F.);
#7938=ORIENTED_EDGE('',*,*,#5703,.F.);
#7939=ORIENTED_EDGE('',*,*,#5815,.T.);
#7940=ORIENTED_EDGE('',*,*,#5816,.F.);
#7941=ORIENTED_EDGE('',*,*,#5615,.F.);
#7942=ORIENTED_EDGE('',*,*,#5578,.F.);
#7943=ORIENTED_EDGE('',*,*,#5576,.T.);
#7944=ORIENTED_EDGE('',*,*,#5574,.F.);
#7945=ORIENTED_EDGE('',*,*,#5614,.F.);
#7946=ORIENTED_EDGE('',*,*,#5817,.F.);
#7947=ORIENTED_EDGE('',*,*,#5818,.F.);
#7948=ORIENTED_EDGE('',*,*,#5819,.T.);
#7949=ORIENTED_EDGE('',*,*,#5700,.F.);
#7950=ORIENTED_EDGE('',*,*,#5688,.F.);
#7951=ORIENTED_EDGE('',*,*,#5699,.F.);
#7952=ORIENTED_EDGE('',*,*,#5820,.F.);
#7953=ORIENTED_EDGE('',*,*,#5821,.F.);
#7954=ORIENTED_EDGE('',*,*,#5601,.F.);
#7955=ORIENTED_EDGE('',*,*,#5599,.F.);
#7956=ORIENTED_EDGE('',*,*,#5597,.T.);
#7957=ORIENTED_EDGE('',*,*,#5595,.F.);
#7958=ORIENTED_EDGE('',*,*,#5622,.F.);
#7959=ORIENTED_EDGE('',*,*,#5822,.F.);
#7960=ORIENTED_EDGE('',*,*,#5823,.F.);
#7961=ORIENTED_EDGE('',*,*,#5702,.F.);
#7962=ORIENTED_EDGE('',*,*,#5512,.F.);
#7963=ORIENTED_EDGE('',*,*,#5824,.T.);
#7964=ORIENTED_EDGE('',*,*,#5815,.F.);
#7965=ORIENTED_EDGE('',*,*,#5698,.F.);
#7966=ORIENTED_EDGE('',*,*,#5428,.F.);
#7967=ORIENTED_EDGE('',*,*,#5825,.T.);
#7968=ORIENTED_EDGE('',*,*,#5820,.T.);
#7969=ORIENTED_EDGE('',*,*,#5826,.F.);
#7970=ORIENTED_EDGE('',*,*,#5827,.F.);
#7971=ORIENTED_EDGE('',*,*,#5605,.F.);
#7972=ORIENTED_EDGE('',*,*,#5592,.F.);
#7973=ORIENTED_EDGE('',*,*,#5590,.T.);
#7974=ORIENTED_EDGE('',*,*,#5588,.F.);
#7975=ORIENTED_EDGE('',*,*,#5604,.F.);
#7976=ORIENTED_EDGE('',*,*,#5828,.F.);
#7977=ORIENTED_EDGE('',*,*,#5829,.T.);
#7978=ORIENTED_EDGE('',*,*,#5696,.F.);
#7979=ORIENTED_EDGE('',*,*,#5685,.F.);
#7980=ORIENTED_EDGE('',*,*,#5695,.F.);
#7981=ORIENTED_EDGE('',*,*,#5830,.F.);
#7982=ORIENTED_EDGE('',*,*,#5701,.F.);
#7983=ORIENTED_EDGE('',*,*,#5819,.F.);
#7984=ORIENTED_EDGE('',*,*,#5831,.F.);
#7985=ORIENTED_EDGE('',*,*,#5420,.F.);
#7986=ORIENTED_EDGE('',*,*,#5697,.F.);
#7987=ORIENTED_EDGE('',*,*,#5829,.F.);
#7988=ORIENTED_EDGE('',*,*,#5832,.F.);
#7989=ORIENTED_EDGE('',*,*,#5432,.F.);
#7990=ORIENTED_EDGE('',*,*,#5694,.F.);
#7991=ORIENTED_EDGE('',*,*,#5440,.F.);
#7992=ORIENTED_EDGE('',*,*,#5833,.T.);
#7993=ORIENTED_EDGE('',*,*,#5826,.T.);
#7994=ORIENTED_EDGE('',*,*,#5660,.F.);
#7995=ORIENTED_EDGE('',*,*,#5727,.F.);
#7996=ORIENTED_EDGE('',*,*,#5834,.F.);
#7997=ORIENTED_EDGE('',*,*,#5444,.F.);
#7998=ORIENTED_EDGE('',*,*,#5755,.T.);
#7999=ORIENTED_EDGE('',*,*,#5835,.F.);
#8000=ORIENTED_EDGE('',*,*,#5836,.F.);
#8001=ORIENTED_EDGE('',*,*,#5837,.F.);
#8002=ORIENTED_EDGE('',*,*,#5754,.T.);
#8003=ORIENTED_EDGE('',*,*,#5666,.T.);
#8004=ORIENTED_EDGE('',*,*,#5838,.F.);
#8005=ORIENTED_EDGE('',*,*,#5835,.T.);
#8006=ORIENTED_EDGE('',*,*,#5737,.T.);
#8007=ORIENTED_EDGE('',*,*,#5839,.F.);
#8008=ORIENTED_EDGE('',*,*,#5840,.F.);
#8009=ORIENTED_EDGE('',*,*,#5841,.T.);
#8010=ORIENTED_EDGE('',*,*,#5736,.T.);
#8011=ORIENTED_EDGE('',*,*,#5842,.F.);
#8012=ORIENTED_EDGE('',*,*,#5843,.F.);
#8013=ORIENTED_EDGE('',*,*,#5839,.T.);
#8014=ORIENTED_EDGE('',*,*,#5735,.T.);
#8015=ORIENTED_EDGE('',*,*,#5678,.T.);
#8016=ORIENTED_EDGE('',*,*,#5844,.F.);
#8017=ORIENTED_EDGE('',*,*,#5842,.T.);
#8018=ORIENTED_EDGE('',*,*,#5734,.T.);
#8019=ORIENTED_EDGE('',*,*,#5845,.F.);
#8020=ORIENTED_EDGE('',*,*,#5846,.F.);
#8021=ORIENTED_EDGE('',*,*,#5680,.F.);
#8022=ORIENTED_EDGE('',*,*,#5733,.T.);
#8023=ORIENTED_EDGE('',*,*,#5847,.F.);
#8024=ORIENTED_EDGE('',*,*,#5848,.F.);
#8025=ORIENTED_EDGE('',*,*,#5845,.T.);
#8026=ORIENTED_EDGE('',*,*,#5732,.T.);
#8027=ORIENTED_EDGE('',*,*,#5849,.F.);
#8028=ORIENTED_EDGE('',*,*,#5850,.F.);
#8029=ORIENTED_EDGE('',*,*,#5847,.T.);
#8030=ORIENTED_EDGE('',*,*,#5731,.T.);
#8031=ORIENTED_EDGE('',*,*,#5851,.F.);
#8032=ORIENTED_EDGE('',*,*,#5852,.F.);
#8033=ORIENTED_EDGE('',*,*,#5849,.T.);
#8034=ORIENTED_EDGE('',*,*,#5730,.T.);
#8035=ORIENTED_EDGE('',*,*,#5853,.F.);
#8036=ORIENTED_EDGE('',*,*,#5854,.F.);
#8037=ORIENTED_EDGE('',*,*,#5851,.T.);
#8038=ORIENTED_EDGE('',*,*,#5729,.T.);
#8039=ORIENTED_EDGE('',*,*,#5855,.F.);
#8040=ORIENTED_EDGE('',*,*,#5856,.F.);
#8041=ORIENTED_EDGE('',*,*,#5853,.T.);
#8042=ORIENTED_EDGE('',*,*,#5728,.T.);
#8043=ORIENTED_EDGE('',*,*,#5682,.F.);
#8044=ORIENTED_EDGE('',*,*,#5857,.F.);
#8045=ORIENTED_EDGE('',*,*,#5855,.T.);
#8046=ORIENTED_EDGE('',*,*,#5724,.T.);
#8047=ORIENTED_EDGE('',*,*,#5858,.F.);
#8048=ORIENTED_EDGE('',*,*,#5859,.F.);
#8049=ORIENTED_EDGE('',*,*,#5641,.F.);
#8050=ORIENTED_EDGE('',*,*,#5723,.T.);
#8051=ORIENTED_EDGE('',*,*,#5860,.F.);
#8052=ORIENTED_EDGE('',*,*,#5861,.F.);
#8053=ORIENTED_EDGE('',*,*,#5858,.T.);
#8054=ORIENTED_EDGE('',*,*,#5722,.T.);
#8055=ORIENTED_EDGE('',*,*,#5862,.F.);
#8056=ORIENTED_EDGE('',*,*,#5863,.F.);
#8057=ORIENTED_EDGE('',*,*,#5860,.T.);
#8058=ORIENTED_EDGE('',*,*,#5721,.T.);
#8059=ORIENTED_EDGE('',*,*,#5864,.F.);
#8060=ORIENTED_EDGE('',*,*,#5865,.F.);
#8061=ORIENTED_EDGE('',*,*,#5862,.T.);
#8062=ORIENTED_EDGE('',*,*,#5720,.T.);
#8063=ORIENTED_EDGE('',*,*,#5652,.F.);
#8064=ORIENTED_EDGE('',*,*,#5866,.F.);
#8065=ORIENTED_EDGE('',*,*,#5864,.T.);
#8066=ORIENTED_EDGE('',*,*,#5790,.T.);
#8067=ORIENTED_EDGE('',*,*,#5867,.T.);
#8068=ORIENTED_EDGE('',*,*,#5868,.F.);
#8069=ORIENTED_EDGE('',*,*,#5624,.T.);
#8070=ORIENTED_EDGE('',*,*,#5789,.T.);
#8071=ORIENTED_EDGE('',*,*,#5869,.F.);
#8072=ORIENTED_EDGE('',*,*,#5870,.F.);
#8073=ORIENTED_EDGE('',*,*,#5867,.F.);
#8074=ORIENTED_EDGE('',*,*,#5788,.T.);
#8075=ORIENTED_EDGE('',*,*,#5871,.T.);
#8076=ORIENTED_EDGE('',*,*,#5872,.F.);
#8077=ORIENTED_EDGE('',*,*,#5869,.T.);
#8078=ORIENTED_EDGE('',*,*,#5787,.T.);
#8079=ORIENTED_EDGE('',*,*,#5873,.F.);
#8080=ORIENTED_EDGE('',*,*,#5874,.F.);
#8081=ORIENTED_EDGE('',*,*,#5871,.F.);
#8082=ORIENTED_EDGE('',*,*,#5786,.T.);
#8083=ORIENTED_EDGE('',*,*,#5875,.F.);
#8084=ORIENTED_EDGE('',*,*,#5876,.F.);
#8085=ORIENTED_EDGE('',*,*,#5873,.T.);
#8086=ORIENTED_EDGE('',*,*,#5804,.T.);
#8087=ORIENTED_EDGE('',*,*,#5877,.F.);
#8088=ORIENTED_EDGE('',*,*,#5878,.F.);
#8089=ORIENTED_EDGE('',*,*,#5628,.T.);
#8090=ORIENTED_EDGE('',*,*,#5803,.T.);
#8091=ORIENTED_EDGE('',*,*,#5879,.F.);
#8092=ORIENTED_EDGE('',*,*,#5880,.F.);
#8093=ORIENTED_EDGE('',*,*,#5877,.T.);
#8094=ORIENTED_EDGE('',*,*,#5802,.T.);
#8095=ORIENTED_EDGE('',*,*,#5881,.F.);
#8096=ORIENTED_EDGE('',*,*,#5882,.F.);
#8097=ORIENTED_EDGE('',*,*,#5879,.T.);
#8098=ORIENTED_EDGE('',*,*,#5801,.T.);
#8099=ORIENTED_EDGE('',*,*,#5883,.F.);
#8100=ORIENTED_EDGE('',*,*,#5884,.F.);
#8101=ORIENTED_EDGE('',*,*,#5881,.T.);
#8102=ORIENTED_EDGE('',*,*,#5800,.T.);
#8103=ORIENTED_EDGE('',*,*,#5885,.F.);
#8104=ORIENTED_EDGE('',*,*,#5886,.F.);
#8105=ORIENTED_EDGE('',*,*,#5883,.T.);
#8106=ORIENTED_EDGE('',*,*,#5799,.T.);
#8107=ORIENTED_EDGE('',*,*,#5887,.F.);
#8108=ORIENTED_EDGE('',*,*,#5888,.F.);
#8109=ORIENTED_EDGE('',*,*,#5885,.T.);
#8110=ORIENTED_EDGE('',*,*,#5798,.T.);
#8111=ORIENTED_EDGE('',*,*,#5889,.F.);
#8112=ORIENTED_EDGE('',*,*,#5890,.F.);
#8113=ORIENTED_EDGE('',*,*,#5887,.T.);
#8114=ORIENTED_EDGE('',*,*,#5797,.T.);
#8115=ORIENTED_EDGE('',*,*,#5891,.F.);
#8116=ORIENTED_EDGE('',*,*,#5892,.F.);
#8117=ORIENTED_EDGE('',*,*,#5889,.T.);
#8118=ORIENTED_EDGE('',*,*,#5796,.T.);
#8119=ORIENTED_EDGE('',*,*,#5893,.F.);
#8120=ORIENTED_EDGE('',*,*,#5894,.F.);
#8121=ORIENTED_EDGE('',*,*,#5891,.T.);
#8122=ORIENTED_EDGE('',*,*,#5461,.F.);
#8123=ORIENTED_EDGE('',*,*,#5716,.T.);
#8124=ORIENTED_EDGE('',*,*,#5780,.T.);
#8125=ORIENTED_EDGE('',*,*,#5895,.F.);
#8126=ORIENTED_EDGE('',*,*,#5714,.F.);
#8127=ORIENTED_EDGE('',*,*,#5458,.F.);
#8128=ORIENTED_EDGE('',*,*,#5896,.T.);
#8129=ORIENTED_EDGE('',*,*,#5781,.T.);
#8130=ORIENTED_EDGE('',*,*,#5650,.F.);
#8131=ORIENTED_EDGE('',*,*,#5782,.T.);
#8132=ORIENTED_EDGE('',*,*,#5896,.F.);
#8133=ORIENTED_EDGE('',*,*,#5457,.F.);
#8134=ORIENTED_EDGE('',*,*,#5451,.F.);
#8135=ORIENTED_EDGE('',*,*,#5612,.T.);
#8136=ORIENTED_EDGE('',*,*,#5725,.T.);
#8137=ORIENTED_EDGE('',*,*,#5692,.F.);
#8138=ORIENTED_EDGE('',*,*,#5445,.F.);
#8139=ORIENTED_EDGE('',*,*,#5834,.T.);
#8140=ORIENTED_EDGE('',*,*,#5726,.T.);
#8141=ORIENTED_EDGE('',*,*,#5609,.F.);
#8142=ORIENTED_EDGE('',*,*,#5439,.F.);
#8143=ORIENTED_EDGE('',*,*,#5606,.T.);
#8144=ORIENTED_EDGE('',*,*,#5827,.T.);
#8145=ORIENTED_EDGE('',*,*,#5833,.F.);
#8146=ORIENTED_EDGE('',*,*,#5433,.F.);
#8147=ORIENTED_EDGE('',*,*,#5832,.T.);
#8148=ORIENTED_EDGE('',*,*,#5828,.T.);
#8149=ORIENTED_EDGE('',*,*,#5603,.F.);
#8150=ORIENTED_EDGE('',*,*,#5427,.F.);
#8151=ORIENTED_EDGE('',*,*,#5602,.T.);
#8152=ORIENTED_EDGE('',*,*,#5821,.T.);
#8153=ORIENTED_EDGE('',*,*,#5825,.F.);
#8154=ORIENTED_EDGE('',*,*,#5421,.F.);
#8155=ORIENTED_EDGE('',*,*,#5831,.T.);
#8156=ORIENTED_EDGE('',*,*,#5822,.T.);
#8157=ORIENTED_EDGE('',*,*,#5621,.F.);
#8158=ORIENTED_EDGE('',*,*,#5710,.F.);
#8159=ORIENTED_EDGE('',*,*,#5496,.F.);
#8160=ORIENTED_EDGE('',*,*,#5897,.T.);
#8161=ORIENTED_EDGE('',*,*,#5760,.T.);
#8162=ORIENTED_EDGE('',*,*,#5495,.F.);
#8163=ORIENTED_EDGE('',*,*,#5898,.T.);
#8164=ORIENTED_EDGE('',*,*,#5761,.T.);
#8165=ORIENTED_EDGE('',*,*,#5897,.F.);
#8166=ORIENTED_EDGE('',*,*,#5494,.F.);
#8167=ORIENTED_EDGE('',*,*,#5899,.T.);
#8168=ORIENTED_EDGE('',*,*,#5762,.T.);
#8169=ORIENTED_EDGE('',*,*,#5898,.F.);
#8170=ORIENTED_EDGE('',*,*,#5493,.F.);
#8171=ORIENTED_EDGE('',*,*,#5608,.T.);
#8172=ORIENTED_EDGE('',*,*,#5763,.T.);
#8173=ORIENTED_EDGE('',*,*,#5899,.F.);
#8174=ORIENTED_EDGE('',*,*,#5487,.F.);
#8175=ORIENTED_EDGE('',*,*,#5900,.T.);
#8176=ORIENTED_EDGE('',*,*,#5764,.T.);
#8177=ORIENTED_EDGE('',*,*,#5562,.F.);
#8178=ORIENTED_EDGE('',*,*,#5486,.F.);
#8179=ORIENTED_EDGE('',*,*,#5901,.T.);
#8180=ORIENTED_EDGE('',*,*,#5765,.T.);
#8181=ORIENTED_EDGE('',*,*,#5900,.F.);
#8182=ORIENTED_EDGE('',*,*,#5485,.F.);
#8183=ORIENTED_EDGE('',*,*,#5902,.T.);
#8184=ORIENTED_EDGE('',*,*,#5766,.T.);
#8185=ORIENTED_EDGE('',*,*,#5901,.F.);
#8186=ORIENTED_EDGE('',*,*,#5484,.F.);
#8187=ORIENTED_EDGE('',*,*,#5903,.T.);
#8188=ORIENTED_EDGE('',*,*,#5767,.T.);
#8189=ORIENTED_EDGE('',*,*,#5902,.F.);
#8190=ORIENTED_EDGE('',*,*,#5483,.F.);
#8191=ORIENTED_EDGE('',*,*,#5904,.T.);
#8192=ORIENTED_EDGE('',*,*,#5768,.T.);
#8193=ORIENTED_EDGE('',*,*,#5903,.F.);
#8194=ORIENTED_EDGE('',*,*,#5482,.F.);
#8195=ORIENTED_EDGE('',*,*,#5905,.T.);
#8196=ORIENTED_EDGE('',*,*,#5769,.T.);
#8197=ORIENTED_EDGE('',*,*,#5904,.F.);
#8198=ORIENTED_EDGE('',*,*,#5481,.F.);
#8199=ORIENTED_EDGE('',*,*,#5618,.T.);
#8200=ORIENTED_EDGE('',*,*,#5770,.T.);
#8201=ORIENTED_EDGE('',*,*,#5905,.F.);
#8202=ORIENTED_EDGE('',*,*,#5475,.F.);
#8203=ORIENTED_EDGE('',*,*,#5906,.T.);
#8204=ORIENTED_EDGE('',*,*,#5771,.T.);
#8205=ORIENTED_EDGE('',*,*,#5571,.F.);
#8206=ORIENTED_EDGE('',*,*,#5474,.F.);
#8207=ORIENTED_EDGE('',*,*,#5907,.T.);
#8208=ORIENTED_EDGE('',*,*,#5772,.T.);
#8209=ORIENTED_EDGE('',*,*,#5906,.F.);
#8210=ORIENTED_EDGE('',*,*,#5473,.F.);
#8211=ORIENTED_EDGE('',*,*,#5908,.T.);
#8212=ORIENTED_EDGE('',*,*,#5773,.T.);
#8213=ORIENTED_EDGE('',*,*,#5907,.F.);
#8214=ORIENTED_EDGE('',*,*,#5472,.F.);
#8215=ORIENTED_EDGE('',*,*,#5909,.T.);
#8216=ORIENTED_EDGE('',*,*,#5774,.T.);
#8217=ORIENTED_EDGE('',*,*,#5908,.F.);
#8218=ORIENTED_EDGE('',*,*,#5471,.F.);
#8219=ORIENTED_EDGE('',*,*,#5910,.T.);
#8220=ORIENTED_EDGE('',*,*,#5775,.T.);
#8221=ORIENTED_EDGE('',*,*,#5909,.F.);
#8222=ORIENTED_EDGE('',*,*,#5470,.F.);
#8223=ORIENTED_EDGE('',*,*,#5911,.T.);
#8224=ORIENTED_EDGE('',*,*,#5776,.T.);
#8225=ORIENTED_EDGE('',*,*,#5910,.F.);
#8226=ORIENTED_EDGE('',*,*,#5469,.F.);
#8227=ORIENTED_EDGE('',*,*,#5620,.T.);
#8228=ORIENTED_EDGE('',*,*,#5777,.T.);
#8229=ORIENTED_EDGE('',*,*,#5911,.F.);
#8230=ORIENTED_EDGE('',*,*,#5463,.F.);
#8231=ORIENTED_EDGE('',*,*,#5912,.T.);
#8232=ORIENTED_EDGE('',*,*,#5778,.T.);
#8233=ORIENTED_EDGE('',*,*,#5553,.F.);
#8234=ORIENTED_EDGE('',*,*,#5462,.F.);
#8235=ORIENTED_EDGE('',*,*,#5895,.T.);
#8236=ORIENTED_EDGE('',*,*,#5779,.T.);
#8237=ORIENTED_EDGE('',*,*,#5912,.F.);
#8238=ORIENTED_EDGE('',*,*,#5511,.F.);
#8239=ORIENTED_EDGE('',*,*,#5616,.T.);
#8240=ORIENTED_EDGE('',*,*,#5816,.T.);
#8241=ORIENTED_EDGE('',*,*,#5824,.F.);
#8242=ORIENTED_EDGE('',*,*,#5505,.F.);
#8243=ORIENTED_EDGE('',*,*,#5707,.T.);
#8244=ORIENTED_EDGE('',*,*,#5817,.T.);
#8245=ORIENTED_EDGE('',*,*,#5613,.F.);
#8246=ORIENTED_EDGE('',*,*,#5738,.T.);
#8247=ORIENTED_EDGE('',*,*,#5841,.F.);
#8248=ORIENTED_EDGE('',*,*,#5913,.F.);
#8249=ORIENTED_EDGE('',*,*,#5914,.T.);
#8250=ORIENTED_EDGE('',*,*,#5744,.T.);
#8251=ORIENTED_EDGE('',*,*,#5915,.T.);
#8252=ORIENTED_EDGE('',*,*,#5916,.F.);
#8253=ORIENTED_EDGE('',*,*,#5917,.T.);
#8254=ORIENTED_EDGE('',*,*,#5743,.T.);
#8255=ORIENTED_EDGE('',*,*,#5918,.F.);
#8256=ORIENTED_EDGE('',*,*,#5919,.F.);
#8257=ORIENTED_EDGE('',*,*,#5915,.F.);
#8258=ORIENTED_EDGE('',*,*,#5742,.T.);
#8259=ORIENTED_EDGE('',*,*,#5674,.T.);
#8260=ORIENTED_EDGE('',*,*,#5920,.F.);
#8261=ORIENTED_EDGE('',*,*,#5918,.T.);
#8262=ORIENTED_EDGE('',*,*,#5814,.T.);
#8263=ORIENTED_EDGE('',*,*,#5921,.F.);
#8264=ORIENTED_EDGE('',*,*,#5922,.F.);
#8265=ORIENTED_EDGE('',*,*,#5633,.T.);
#8266=ORIENTED_EDGE('',*,*,#5813,.T.);
#8267=ORIENTED_EDGE('',*,*,#5923,.F.);
#8268=ORIENTED_EDGE('',*,*,#5924,.F.);
#8269=ORIENTED_EDGE('',*,*,#5921,.T.);
#8270=ORIENTED_EDGE('',*,*,#5812,.T.);
#8271=ORIENTED_EDGE('',*,*,#5925,.F.);
#8272=ORIENTED_EDGE('',*,*,#5926,.F.);
#8273=ORIENTED_EDGE('',*,*,#5923,.T.);
#8274=ORIENTED_EDGE('',*,*,#5875,.T.);
#8275=ORIENTED_EDGE('',*,*,#5785,.T.);
#8276=ORIENTED_EDGE('',*,*,#5927,.F.);
#8277=ORIENTED_EDGE('',*,*,#5928,.F.);
#8278=ORIENTED_EDGE('',*,*,#5784,.T.);
#8279=ORIENTED_EDGE('',*,*,#5626,.T.);
#8280=ORIENTED_EDGE('',*,*,#5929,.F.);
#8281=ORIENTED_EDGE('',*,*,#5927,.T.);
#8282=ORIENTED_EDGE('',*,*,#5930,.T.);
#8283=ORIENTED_EDGE('',*,*,#5931,.T.);
#8284=ORIENTED_EDGE('',*,*,#5932,.T.);
#8285=ORIENTED_EDGE('',*,*,#5933,.T.);
#8286=ORIENTED_EDGE('',*,*,#5934,.T.);
#8287=ORIENTED_EDGE('',*,*,#5935,.T.);
#8288=ORIENTED_EDGE('',*,*,#5932,.F.);
#8289=ORIENTED_EDGE('',*,*,#5936,.T.);
#8290=ORIENTED_EDGE('',*,*,#5937,.T.);
#8291=ORIENTED_EDGE('',*,*,#5938,.T.);
#8292=ORIENTED_EDGE('',*,*,#5934,.F.);
#8293=ORIENTED_EDGE('',*,*,#5939,.T.);
#8294=ORIENTED_EDGE('',*,*,#5940,.T.);
#8295=ORIENTED_EDGE('',*,*,#5941,.T.);
#8296=ORIENTED_EDGE('',*,*,#5937,.F.);
#8297=ORIENTED_EDGE('',*,*,#5942,.T.);
#8298=ORIENTED_EDGE('',*,*,#5943,.T.);
#8299=ORIENTED_EDGE('',*,*,#5944,.T.);
#8300=ORIENTED_EDGE('',*,*,#5940,.F.);
#8301=ORIENTED_EDGE('',*,*,#5945,.T.);
#8302=ORIENTED_EDGE('',*,*,#5946,.T.);
#8303=ORIENTED_EDGE('',*,*,#5407,.T.);
#8304=ORIENTED_EDGE('',*,*,#5943,.F.);
#8305=ORIENTED_EDGE('',*,*,#5947,.T.);
#8306=ORIENTED_EDGE('',*,*,#5948,.T.);
#8307=ORIENTED_EDGE('',*,*,#5949,.T.);
#8308=ORIENTED_EDGE('',*,*,#5946,.F.);
#8309=ORIENTED_EDGE('',*,*,#5950,.T.);
#8310=ORIENTED_EDGE('',*,*,#5948,.F.);
#8311=ORIENTED_EDGE('',*,*,#5951,.T.);
#8312=ORIENTED_EDGE('',*,*,#5930,.F.);
#8313=ORIENTED_EDGE('',*,*,#5952,.T.);
#8314=ORIENTED_EDGE('',*,*,#5949,.F.);
#8315=ORIENTED_EDGE('',*,*,#5953,.T.);
#8316=ORIENTED_EDGE('',*,*,#5410,.T.);
#8317=ORIENTED_EDGE('',*,*,#5408,.T.);
#8318=ORIENTED_EDGE('',*,*,#5952,.F.);
#8319=ORIENTED_EDGE('',*,*,#5954,.F.);
#8320=ORIENTED_EDGE('',*,*,#5411,.F.);
#8321=ORIENTED_EDGE('',*,*,#5953,.F.);
#8322=ORIENTED_EDGE('',*,*,#5933,.F.);
#8323=ORIENTED_EDGE('',*,*,#5955,.T.);
#8324=ORIENTED_EDGE('',*,*,#5412,.T.);
#8325=ORIENTED_EDGE('',*,*,#5954,.T.);
#8326=ORIENTED_EDGE('',*,*,#5931,.F.);
#8327=ORIENTED_EDGE('',*,*,#5951,.F.);
#8328=ORIENTED_EDGE('',*,*,#5950,.F.);
#8329=ORIENTED_EDGE('',*,*,#5947,.F.);
#8330=ORIENTED_EDGE('',*,*,#5945,.F.);
#8331=ORIENTED_EDGE('',*,*,#5942,.F.);
#8332=ORIENTED_EDGE('',*,*,#5939,.F.);
#8333=ORIENTED_EDGE('',*,*,#5936,.F.);
#8334=ORIENTED_EDGE('',*,*,#5956,.F.);
#8335=ORIENTED_EDGE('',*,*,#5957,.F.);
#8336=ORIENTED_EDGE('',*,*,#5958,.F.);
#8337=ORIENTED_EDGE('',*,*,#5959,.F.);
#8338=ORIENTED_EDGE('',*,*,#5960,.F.);
#8339=ORIENTED_EDGE('',*,*,#5961,.F.);
#8340=ORIENTED_EDGE('',*,*,#5962,.F.);
#8341=ORIENTED_EDGE('',*,*,#5963,.F.);
#8342=ORIENTED_EDGE('',*,*,#5964,.F.);
#8343=ORIENTED_EDGE('',*,*,#5965,.F.);
#8344=ORIENTED_EDGE('',*,*,#5966,.F.);
#8345=ORIENTED_EDGE('',*,*,#5967,.F.);
#8346=ORIENTED_EDGE('',*,*,#5968,.F.);
#8347=ORIENTED_EDGE('',*,*,#5969,.F.);
#8348=ORIENTED_EDGE('',*,*,#5970,.F.);
#8349=ORIENTED_EDGE('',*,*,#5971,.F.);
#8350=ORIENTED_EDGE('',*,*,#5972,.F.);
#8351=ORIENTED_EDGE('',*,*,#5973,.F.);
#8352=ORIENTED_EDGE('',*,*,#5974,.F.);
#8353=ORIENTED_EDGE('',*,*,#5975,.F.);
#8354=ORIENTED_EDGE('',*,*,#5976,.F.);
#8355=ORIENTED_EDGE('',*,*,#5977,.F.);
#8356=ORIENTED_EDGE('',*,*,#5978,.F.);
#8357=ORIENTED_EDGE('',*,*,#5979,.F.);
#8358=ORIENTED_EDGE('',*,*,#5980,.F.);
#8359=ORIENTED_EDGE('',*,*,#5981,.F.);
#8360=ORIENTED_EDGE('',*,*,#5982,.F.);
#8361=ORIENTED_EDGE('',*,*,#5983,.F.);
#8362=ORIENTED_EDGE('',*,*,#5984,.F.);
#8363=ORIENTED_EDGE('',*,*,#5985,.F.);
#8364=ORIENTED_EDGE('',*,*,#5986,.F.);
#8365=ORIENTED_EDGE('',*,*,#5987,.F.);
#8366=ORIENTED_EDGE('',*,*,#5988,.F.);
#8367=ORIENTED_EDGE('',*,*,#5989,.F.);
#8368=ORIENTED_EDGE('',*,*,#5990,.F.);
#8369=ORIENTED_EDGE('',*,*,#5991,.F.);
#8370=ORIENTED_EDGE('',*,*,#5992,.F.);
#8371=ORIENTED_EDGE('',*,*,#5993,.F.);
#8372=ORIENTED_EDGE('',*,*,#5994,.F.);
#8373=ORIENTED_EDGE('',*,*,#5995,.F.);
#8374=ORIENTED_EDGE('',*,*,#5996,.F.);
#8375=ORIENTED_EDGE('',*,*,#5997,.F.);
#8376=ORIENTED_EDGE('',*,*,#5998,.F.);
#8377=ORIENTED_EDGE('',*,*,#5999,.F.);
#8378=ORIENTED_EDGE('',*,*,#6000,.F.);
#8379=ORIENTED_EDGE('',*,*,#6001,.F.);
#8380=ORIENTED_EDGE('',*,*,#6002,.F.);
#8381=ORIENTED_EDGE('',*,*,#6003,.F.);
#8382=ORIENTED_EDGE('',*,*,#6004,.F.);
#8383=ORIENTED_EDGE('',*,*,#6005,.F.);
#8384=ORIENTED_EDGE('',*,*,#6006,.F.);
#8385=ORIENTED_EDGE('',*,*,#6007,.F.);
#8386=ORIENTED_EDGE('',*,*,#6008,.F.);
#8387=ORIENTED_EDGE('',*,*,#6009,.F.);
#8388=ORIENTED_EDGE('',*,*,#6010,.F.);
#8389=ORIENTED_EDGE('',*,*,#6011,.F.);
#8390=ORIENTED_EDGE('',*,*,#6012,.F.);
#8391=ORIENTED_EDGE('',*,*,#6013,.F.);
#8392=ORIENTED_EDGE('',*,*,#6014,.F.);
#8393=ORIENTED_EDGE('',*,*,#6015,.F.);
#8394=ORIENTED_EDGE('',*,*,#6016,.F.);
#8395=ORIENTED_EDGE('',*,*,#6017,.F.);
#8396=ORIENTED_EDGE('',*,*,#6018,.F.);
#8397=ORIENTED_EDGE('',*,*,#6019,.F.);
#8398=ORIENTED_EDGE('',*,*,#6020,.F.);
#8399=ORIENTED_EDGE('',*,*,#6021,.F.);
#8400=ORIENTED_EDGE('',*,*,#6022,.F.);
#8401=ORIENTED_EDGE('',*,*,#6023,.F.);
#8402=ORIENTED_EDGE('',*,*,#6024,.F.);
#8403=ORIENTED_EDGE('',*,*,#6025,.F.);
#8404=ORIENTED_EDGE('',*,*,#6026,.F.);
#8405=ORIENTED_EDGE('',*,*,#6027,.F.);
#8406=ORIENTED_EDGE('',*,*,#6028,.F.);
#8407=ORIENTED_EDGE('',*,*,#6029,.F.);
#8408=ORIENTED_EDGE('',*,*,#6030,.F.);
#8409=ORIENTED_EDGE('',*,*,#6031,.F.);
#8410=ORIENTED_EDGE('',*,*,#6032,.F.);
#8411=ORIENTED_EDGE('',*,*,#6033,.F.);
#8412=ORIENTED_EDGE('',*,*,#5188,.T.);
#8413=ORIENTED_EDGE('',*,*,#5384,.T.);
#8414=ORIENTED_EDGE('',*,*,#5381,.T.);
#8415=ORIENTED_EDGE('',*,*,#5378,.T.);
#8416=ORIENTED_EDGE('',*,*,#5375,.T.);
#8417=ORIENTED_EDGE('',*,*,#5372,.T.);
#8418=ORIENTED_EDGE('',*,*,#5369,.T.);
#8419=ORIENTED_EDGE('',*,*,#5366,.T.);
#8420=ORIENTED_EDGE('',*,*,#5363,.T.);
#8421=ORIENTED_EDGE('',*,*,#5360,.T.);
#8422=ORIENTED_EDGE('',*,*,#5357,.T.);
#8423=ORIENTED_EDGE('',*,*,#5354,.T.);
#8424=ORIENTED_EDGE('',*,*,#5351,.T.);
#8425=ORIENTED_EDGE('',*,*,#5348,.T.);
#8426=ORIENTED_EDGE('',*,*,#5345,.T.);
#8427=ORIENTED_EDGE('',*,*,#5342,.T.);
#8428=ORIENTED_EDGE('',*,*,#5339,.T.);
#8429=ORIENTED_EDGE('',*,*,#5336,.T.);
#8430=ORIENTED_EDGE('',*,*,#5333,.T.);
#8431=ORIENTED_EDGE('',*,*,#5330,.T.);
#8432=ORIENTED_EDGE('',*,*,#5327,.T.);
#8433=ORIENTED_EDGE('',*,*,#5324,.T.);
#8434=ORIENTED_EDGE('',*,*,#5321,.T.);
#8435=ORIENTED_EDGE('',*,*,#5318,.T.);
#8436=ORIENTED_EDGE('',*,*,#5315,.T.);
#8437=ORIENTED_EDGE('',*,*,#5312,.T.);
#8438=ORIENTED_EDGE('',*,*,#5309,.T.);
#8439=ORIENTED_EDGE('',*,*,#5306,.T.);
#8440=ORIENTED_EDGE('',*,*,#5303,.T.);
#8441=ORIENTED_EDGE('',*,*,#5300,.T.);
#8442=ORIENTED_EDGE('',*,*,#5297,.T.);
#8443=ORIENTED_EDGE('',*,*,#5294,.T.);
#8444=ORIENTED_EDGE('',*,*,#5291,.T.);
#8445=ORIENTED_EDGE('',*,*,#5288,.T.);
#8446=ORIENTED_EDGE('',*,*,#5285,.T.);
#8447=ORIENTED_EDGE('',*,*,#5282,.T.);
#8448=ORIENTED_EDGE('',*,*,#5279,.T.);
#8449=ORIENTED_EDGE('',*,*,#5276,.T.);
#8450=ORIENTED_EDGE('',*,*,#5273,.T.);
#8451=ORIENTED_EDGE('',*,*,#5270,.T.);
#8452=ORIENTED_EDGE('',*,*,#5267,.T.);
#8453=ORIENTED_EDGE('',*,*,#5264,.T.);
#8454=ORIENTED_EDGE('',*,*,#5261,.T.);
#8455=ORIENTED_EDGE('',*,*,#5258,.T.);
#8456=ORIENTED_EDGE('',*,*,#5255,.T.);
#8457=ORIENTED_EDGE('',*,*,#5252,.T.);
#8458=ORIENTED_EDGE('',*,*,#5249,.T.);
#8459=ORIENTED_EDGE('',*,*,#5246,.T.);
#8460=ORIENTED_EDGE('',*,*,#5243,.T.);
#8461=ORIENTED_EDGE('',*,*,#5240,.T.);
#8462=ORIENTED_EDGE('',*,*,#5237,.T.);
#8463=ORIENTED_EDGE('',*,*,#5234,.T.);
#8464=ORIENTED_EDGE('',*,*,#5231,.T.);
#8465=ORIENTED_EDGE('',*,*,#5228,.T.);
#8466=ORIENTED_EDGE('',*,*,#5225,.T.);
#8467=ORIENTED_EDGE('',*,*,#5222,.T.);
#8468=ORIENTED_EDGE('',*,*,#5219,.T.);
#8469=ORIENTED_EDGE('',*,*,#5216,.T.);
#8470=ORIENTED_EDGE('',*,*,#5213,.T.);
#8471=ORIENTED_EDGE('',*,*,#5210,.T.);
#8472=ORIENTED_EDGE('',*,*,#5207,.T.);
#8473=ORIENTED_EDGE('',*,*,#5204,.T.);
#8474=ORIENTED_EDGE('',*,*,#5201,.T.);
#8475=ORIENTED_EDGE('',*,*,#5198,.T.);
#8476=ORIENTED_EDGE('',*,*,#5195,.T.);
#8477=ORIENTED_EDGE('',*,*,#5192,.T.);
#8478=ORIENTED_EDGE('',*,*,#5164,.T.);
#8479=ORIENTED_EDGE('',*,*,#5186,.T.);
#8480=ORIENTED_EDGE('',*,*,#5183,.T.);
#8481=ORIENTED_EDGE('',*,*,#5180,.T.);
#8482=ORIENTED_EDGE('',*,*,#5177,.T.);
#8483=ORIENTED_EDGE('',*,*,#5174,.T.);
#8484=ORIENTED_EDGE('',*,*,#5171,.T.);
#8485=ORIENTED_EDGE('',*,*,#5168,.T.);
#8486=ORIENTED_EDGE('',*,*,#5113,.T.);
#8487=ORIENTED_EDGE('',*,*,#5162,.T.);
#8488=ORIENTED_EDGE('',*,*,#5159,.T.);
#8489=ORIENTED_EDGE('',*,*,#5156,.T.);
#8490=ORIENTED_EDGE('',*,*,#5153,.T.);
#8491=ORIENTED_EDGE('',*,*,#5150,.T.);
#8492=ORIENTED_EDGE('',*,*,#5147,.T.);
#8493=ORIENTED_EDGE('',*,*,#5144,.T.);
#8494=ORIENTED_EDGE('',*,*,#5141,.T.);
#8495=ORIENTED_EDGE('',*,*,#5138,.T.);
#8496=ORIENTED_EDGE('',*,*,#5135,.T.);
#8497=ORIENTED_EDGE('',*,*,#5132,.T.);
#8498=ORIENTED_EDGE('',*,*,#5129,.T.);
#8499=ORIENTED_EDGE('',*,*,#5126,.T.);
#8500=ORIENTED_EDGE('',*,*,#5123,.T.);
#8501=ORIENTED_EDGE('',*,*,#5120,.T.);
#8502=ORIENTED_EDGE('',*,*,#5117,.T.);
#8503=ORIENTED_EDGE('',*,*,#4978,.T.);
#8504=ORIENTED_EDGE('',*,*,#5066,.T.);
#8505=ORIENTED_EDGE('',*,*,#5063,.T.);
#8506=ORIENTED_EDGE('',*,*,#5060,.T.);
#8507=ORIENTED_EDGE('',*,*,#5057,.T.);
#8508=ORIENTED_EDGE('',*,*,#5054,.T.);
#8509=ORIENTED_EDGE('',*,*,#5051,.T.);
#8510=ORIENTED_EDGE('',*,*,#5048,.T.);
#8511=ORIENTED_EDGE('',*,*,#5045,.T.);
#8512=ORIENTED_EDGE('',*,*,#5042,.T.);
#8513=ORIENTED_EDGE('',*,*,#5039,.T.);
#8514=ORIENTED_EDGE('',*,*,#5036,.T.);
#8515=ORIENTED_EDGE('',*,*,#5033,.T.);
#8516=ORIENTED_EDGE('',*,*,#5030,.T.);
#8517=ORIENTED_EDGE('',*,*,#5027,.T.);
#8518=ORIENTED_EDGE('',*,*,#5024,.T.);
#8519=ORIENTED_EDGE('',*,*,#5021,.T.);
#8520=ORIENTED_EDGE('',*,*,#5018,.T.);
#8521=ORIENTED_EDGE('',*,*,#5015,.T.);
#8522=ORIENTED_EDGE('',*,*,#5012,.T.);
#8523=ORIENTED_EDGE('',*,*,#5009,.T.);
#8524=ORIENTED_EDGE('',*,*,#5006,.T.);
#8525=ORIENTED_EDGE('',*,*,#5003,.T.);
#8526=ORIENTED_EDGE('',*,*,#5000,.T.);
#8527=ORIENTED_EDGE('',*,*,#4997,.T.);
#8528=ORIENTED_EDGE('',*,*,#4994,.T.);
#8529=ORIENTED_EDGE('',*,*,#4991,.T.);
#8530=ORIENTED_EDGE('',*,*,#4988,.T.);
#8531=ORIENTED_EDGE('',*,*,#4985,.T.);
#8532=ORIENTED_EDGE('',*,*,#4982,.T.);
#8533=ORIENTED_EDGE('',*,*,#4942,.T.);
#8534=ORIENTED_EDGE('',*,*,#4976,.T.);
#8535=ORIENTED_EDGE('',*,*,#4973,.T.);
#8536=ORIENTED_EDGE('',*,*,#4970,.T.);
#8537=ORIENTED_EDGE('',*,*,#4967,.T.);
#8538=ORIENTED_EDGE('',*,*,#4964,.T.);
#8539=ORIENTED_EDGE('',*,*,#4961,.T.);
#8540=ORIENTED_EDGE('',*,*,#4958,.T.);
#8541=ORIENTED_EDGE('',*,*,#4955,.T.);
#8542=ORIENTED_EDGE('',*,*,#4952,.T.);
#8543=ORIENTED_EDGE('',*,*,#4949,.T.);
#8544=ORIENTED_EDGE('',*,*,#4946,.T.);
#8545=ORIENTED_EDGE('',*,*,#4864,.T.);
#8546=ORIENTED_EDGE('',*,*,#4940,.T.);
#8547=ORIENTED_EDGE('',*,*,#4937,.T.);
#8548=ORIENTED_EDGE('',*,*,#4934,.T.);
#8549=ORIENTED_EDGE('',*,*,#4931,.T.);
#8550=ORIENTED_EDGE('',*,*,#4928,.T.);
#8551=ORIENTED_EDGE('',*,*,#4925,.T.);
#8552=ORIENTED_EDGE('',*,*,#4922,.T.);
#8553=ORIENTED_EDGE('',*,*,#4919,.T.);
#8554=ORIENTED_EDGE('',*,*,#4916,.T.);
#8555=ORIENTED_EDGE('',*,*,#4913,.T.);
#8556=ORIENTED_EDGE('',*,*,#4910,.T.);
#8557=ORIENTED_EDGE('',*,*,#4907,.T.);
#8558=ORIENTED_EDGE('',*,*,#4904,.T.);
#8559=ORIENTED_EDGE('',*,*,#4901,.T.);
#8560=ORIENTED_EDGE('',*,*,#4898,.T.);
#8561=ORIENTED_EDGE('',*,*,#4895,.T.);
#8562=ORIENTED_EDGE('',*,*,#4892,.T.);
#8563=ORIENTED_EDGE('',*,*,#4889,.T.);
#8564=ORIENTED_EDGE('',*,*,#4886,.T.);
#8565=ORIENTED_EDGE('',*,*,#4883,.T.);
#8566=ORIENTED_EDGE('',*,*,#4880,.T.);
#8567=ORIENTED_EDGE('',*,*,#4877,.T.);
#8568=ORIENTED_EDGE('',*,*,#4874,.T.);
#8569=ORIENTED_EDGE('',*,*,#4871,.T.);
#8570=ORIENTED_EDGE('',*,*,#4868,.T.);
#8571=ORIENTED_EDGE('',*,*,#4735,.T.);
#8572=ORIENTED_EDGE('',*,*,#4784,.T.);
#8573=ORIENTED_EDGE('',*,*,#4781,.T.);
#8574=ORIENTED_EDGE('',*,*,#4778,.T.);
#8575=ORIENTED_EDGE('',*,*,#4775,.T.);
#8576=ORIENTED_EDGE('',*,*,#4772,.T.);
#8577=ORIENTED_EDGE('',*,*,#4769,.T.);
#8578=ORIENTED_EDGE('',*,*,#4766,.T.);
#8579=ORIENTED_EDGE('',*,*,#4763,.T.);
#8580=ORIENTED_EDGE('',*,*,#4760,.T.);
#8581=ORIENTED_EDGE('',*,*,#4757,.T.);
#8582=ORIENTED_EDGE('',*,*,#4754,.T.);
#8583=ORIENTED_EDGE('',*,*,#4751,.T.);
#8584=ORIENTED_EDGE('',*,*,#4748,.T.);
#8585=ORIENTED_EDGE('',*,*,#4745,.T.);
#8586=ORIENTED_EDGE('',*,*,#4742,.T.);
#8587=ORIENTED_EDGE('',*,*,#4739,.T.);
#8588=ORIENTED_EDGE('',*,*,#6034,.T.);
#8589=ORIENTED_EDGE('',*,*,#6018,.T.);
#8590=ORIENTED_EDGE('',*,*,#6035,.T.);
#8591=ORIENTED_EDGE('',*,*,#5884,.T.);
#8592=ORIENTED_EDGE('',*,*,#6034,.F.);
#8593=ORIENTED_EDGE('',*,*,#5886,.T.);
#8594=ORIENTED_EDGE('',*,*,#6036,.T.);
#8595=ORIENTED_EDGE('',*,*,#6019,.T.);
#8596=ORIENTED_EDGE('',*,*,#6037,.T.);
#8597=ORIENTED_EDGE('',*,*,#6020,.T.);
#8598=ORIENTED_EDGE('',*,*,#6036,.F.);
#8599=ORIENTED_EDGE('',*,*,#5888,.T.);
#8600=ORIENTED_EDGE('',*,*,#6037,.F.);
#8601=ORIENTED_EDGE('',*,*,#5890,.T.);
#8602=ORIENTED_EDGE('',*,*,#6038,.T.);
#8603=ORIENTED_EDGE('',*,*,#6021,.T.);
#8604=ORIENTED_EDGE('',*,*,#6039,.T.);
#8605=ORIENTED_EDGE('',*,*,#6022,.T.);
#8606=ORIENTED_EDGE('',*,*,#6038,.F.);
#8607=ORIENTED_EDGE('',*,*,#5892,.T.);
#8608=ORIENTED_EDGE('',*,*,#6039,.F.);
#8609=ORIENTED_EDGE('',*,*,#5894,.T.);
#8610=ORIENTED_EDGE('',*,*,#6040,.T.);
#8611=ORIENTED_EDGE('',*,*,#6023,.T.);
#8612=ORIENTED_EDGE('',*,*,#6041,.T.);
#8613=ORIENTED_EDGE('',*,*,#6024,.T.);
#8614=ORIENTED_EDGE('',*,*,#6040,.F.);
#8615=ORIENTED_EDGE('',*,*,#6042,.T.);
#8616=ORIENTED_EDGE('',*,*,#6041,.F.);
#8617=ORIENTED_EDGE('',*,*,#6043,.T.);
#8618=ORIENTED_EDGE('',*,*,#6044,.T.);
#8619=ORIENTED_EDGE('',*,*,#6025,.T.);
#8620=ORIENTED_EDGE('',*,*,#6045,.T.);
#8621=ORIENTED_EDGE('',*,*,#6026,.T.);
#8622=ORIENTED_EDGE('',*,*,#6044,.F.);
#8623=ORIENTED_EDGE('',*,*,#6046,.T.);
#8624=ORIENTED_EDGE('',*,*,#6045,.F.);
#8625=ORIENTED_EDGE('',*,*,#6047,.T.);
#8626=ORIENTED_EDGE('',*,*,#6048,.T.);
#8627=ORIENTED_EDGE('',*,*,#6027,.T.);
#8628=ORIENTED_EDGE('',*,*,#6049,.T.);
#8629=ORIENTED_EDGE('',*,*,#6028,.T.);
#8630=ORIENTED_EDGE('',*,*,#6048,.F.);
#8631=ORIENTED_EDGE('',*,*,#6050,.T.);
#8632=ORIENTED_EDGE('',*,*,#6049,.F.);
#8633=ORIENTED_EDGE('',*,*,#5718,.T.);
#8634=ORIENTED_EDGE('',*,*,#6051,.T.);
#8635=ORIENTED_EDGE('',*,*,#6029,.T.);
#8636=ORIENTED_EDGE('',*,*,#6052,.T.);
#8637=ORIENTED_EDGE('',*,*,#6030,.T.);
#8638=ORIENTED_EDGE('',*,*,#6051,.F.);
#8639=ORIENTED_EDGE('',*,*,#5629,.T.);
#8640=ORIENTED_EDGE('',*,*,#6052,.F.);
#8641=ORIENTED_EDGE('',*,*,#5878,.T.);
#8642=ORIENTED_EDGE('',*,*,#6053,.T.);
#8643=ORIENTED_EDGE('',*,*,#6031,.T.);
#8644=ORIENTED_EDGE('',*,*,#6054,.T.);
#8645=ORIENTED_EDGE('',*,*,#6032,.T.);
#8646=ORIENTED_EDGE('',*,*,#6053,.F.);
#8647=ORIENTED_EDGE('',*,*,#5880,.T.);
#8648=ORIENTED_EDGE('',*,*,#6054,.F.);
#8649=ORIENTED_EDGE('',*,*,#5882,.T.);
#8650=ORIENTED_EDGE('',*,*,#6035,.F.);
#8651=ORIENTED_EDGE('',*,*,#6033,.T.);
#8652=ORIENTED_EDGE('',*,*,#5794,.T.);
#8653=ORIENTED_EDGE('',*,*,#6055,.F.);
#8654=ORIENTED_EDGE('',*,*,#6043,.F.);
#8655=ORIENTED_EDGE('',*,*,#6056,.T.);
#8656=ORIENTED_EDGE('',*,*,#5795,.T.);
#8657=ORIENTED_EDGE('',*,*,#6056,.F.);
#8658=ORIENTED_EDGE('',*,*,#6042,.F.);
#8659=ORIENTED_EDGE('',*,*,#5893,.T.);
#8660=ORIENTED_EDGE('',*,*,#6057,.T.);
#8661=ORIENTED_EDGE('',*,*,#5956,.T.);
#8662=ORIENTED_EDGE('',*,*,#6058,.T.);
#8663=ORIENTED_EDGE('',*,*,#6059,.T.);
#8664=ORIENTED_EDGE('',*,*,#6057,.F.);
#8665=ORIENTED_EDGE('',*,*,#6060,.T.);
#8666=ORIENTED_EDGE('',*,*,#6061,.T.);
#8667=ORIENTED_EDGE('',*,*,#5957,.T.);
#8668=ORIENTED_EDGE('',*,*,#6062,.T.);
#8669=ORIENTED_EDGE('',*,*,#5958,.T.);
#8670=ORIENTED_EDGE('',*,*,#6061,.F.);
#8671=ORIENTED_EDGE('',*,*,#6063,.T.);
#8672=ORIENTED_EDGE('',*,*,#6062,.F.);
#8673=ORIENTED_EDGE('',*,*,#6064,.T.);
#8674=ORIENTED_EDGE('',*,*,#6065,.T.);
#8675=ORIENTED_EDGE('',*,*,#5959,.T.);
#8676=ORIENTED_EDGE('',*,*,#6066,.T.);
#8677=ORIENTED_EDGE('',*,*,#5960,.T.);
#8678=ORIENTED_EDGE('',*,*,#6065,.F.);
#8679=ORIENTED_EDGE('',*,*,#5634,.T.);
#8680=ORIENTED_EDGE('',*,*,#6066,.F.);
#8681=ORIENTED_EDGE('',*,*,#5922,.T.);
#8682=ORIENTED_EDGE('',*,*,#6067,.T.);
#8683=ORIENTED_EDGE('',*,*,#5961,.T.);
#8684=ORIENTED_EDGE('',*,*,#6068,.T.);
#8685=ORIENTED_EDGE('',*,*,#5962,.T.);
#8686=ORIENTED_EDGE('',*,*,#6067,.F.);
#8687=ORIENTED_EDGE('',*,*,#5924,.T.);
#8688=ORIENTED_EDGE('',*,*,#6068,.F.);
#8689=ORIENTED_EDGE('',*,*,#5926,.T.);
#8690=ORIENTED_EDGE('',*,*,#6058,.F.);
#8691=ORIENTED_EDGE('',*,*,#5963,.T.);
#8692=ORIENTED_EDGE('',*,*,#5808,.T.);
#8693=ORIENTED_EDGE('',*,*,#5631,.F.);
#8694=ORIENTED_EDGE('',*,*,#6064,.F.);
#8695=ORIENTED_EDGE('',*,*,#6069,.T.);
#8696=ORIENTED_EDGE('',*,*,#5809,.T.);
#8697=ORIENTED_EDGE('',*,*,#6069,.F.);
#8698=ORIENTED_EDGE('',*,*,#6063,.F.);
#8699=ORIENTED_EDGE('',*,*,#6070,.T.);
#8700=ORIENTED_EDGE('',*,*,#5810,.T.);
#8701=ORIENTED_EDGE('',*,*,#6070,.F.);
#8702=ORIENTED_EDGE('',*,*,#6060,.F.);
#8703=ORIENTED_EDGE('',*,*,#6071,.T.);
#8704=ORIENTED_EDGE('',*,*,#5811,.T.);
#8705=ORIENTED_EDGE('',*,*,#6071,.F.);
#8706=ORIENTED_EDGE('',*,*,#6059,.F.);
#8707=ORIENTED_EDGE('',*,*,#5925,.T.);
#8708=ORIENTED_EDGE('',*,*,#6072,.T.);
#8709=ORIENTED_EDGE('',*,*,#6010,.T.);
#8710=ORIENTED_EDGE('',*,*,#6073,.T.);
#8711=ORIENTED_EDGE('',*,*,#5665,.T.);
#8712=ORIENTED_EDGE('',*,*,#6072,.F.);
#8713=ORIENTED_EDGE('',*,*,#6074,.T.);
#8714=ORIENTED_EDGE('',*,*,#6075,.T.);
#8715=ORIENTED_EDGE('',*,*,#6011,.T.);
#8716=ORIENTED_EDGE('',*,*,#6076,.T.);
#8717=ORIENTED_EDGE('',*,*,#6012,.T.);
#8718=ORIENTED_EDGE('',*,*,#6075,.F.);
#8719=ORIENTED_EDGE('',*,*,#5637,.T.);
#8720=ORIENTED_EDGE('',*,*,#6076,.F.);
#8721=ORIENTED_EDGE('',*,*,#6077,.T.);
#8722=ORIENTED_EDGE('',*,*,#6078,.T.);
#8723=ORIENTED_EDGE('',*,*,#6013,.T.);
#8724=ORIENTED_EDGE('',*,*,#6079,.T.);
#8725=ORIENTED_EDGE('',*,*,#6014,.T.);
#8726=ORIENTED_EDGE('',*,*,#6078,.F.);
#8727=ORIENTED_EDGE('',*,*,#6080,.T.);
#8728=ORIENTED_EDGE('',*,*,#6079,.F.);
#8729=ORIENTED_EDGE('',*,*,#6081,.T.);
#8730=ORIENTED_EDGE('',*,*,#6082,.T.);
#8731=ORIENTED_EDGE('',*,*,#6015,.T.);
#8732=ORIENTED_EDGE('',*,*,#6083,.T.);
#8733=ORIENTED_EDGE('',*,*,#6016,.T.);
#8734=ORIENTED_EDGE('',*,*,#6082,.F.);
#8735=ORIENTED_EDGE('',*,*,#5836,.T.);
#8736=ORIENTED_EDGE('',*,*,#6083,.F.);
#8737=ORIENTED_EDGE('',*,*,#5838,.T.);
#8738=ORIENTED_EDGE('',*,*,#6073,.F.);
#8739=ORIENTED_EDGE('',*,*,#6017,.T.);
#8740=ORIENTED_EDGE('',*,*,#5758,.T.);
#8741=ORIENTED_EDGE('',*,*,#6084,.T.);
#8742=ORIENTED_EDGE('',*,*,#6077,.F.);
#8743=ORIENTED_EDGE('',*,*,#5636,.T.);
#8744=ORIENTED_EDGE('',*,*,#6085,.T.);
#8745=ORIENTED_EDGE('',*,*,#5791,.F.);
#8746=ORIENTED_EDGE('',*,*,#5719,.F.);
#8747=ORIENTED_EDGE('',*,*,#6050,.F.);
#8748=ORIENTED_EDGE('',*,*,#5759,.F.);
#8749=ORIENTED_EDGE('',*,*,#5638,.T.);
#8750=ORIENTED_EDGE('',*,*,#6074,.F.);
#8751=ORIENTED_EDGE('',*,*,#5664,.T.);
#8752=ORIENTED_EDGE('',*,*,#5501,.T.);
#8753=ORIENTED_EDGE('',*,*,#5646,.F.);
#8754=ORIENTED_EDGE('',*,*,#6086,.T.);
#8755=ORIENTED_EDGE('',*,*,#6087,.T.);
#8756=ORIENTED_EDGE('',*,*,#5964,.T.);
#8757=ORIENTED_EDGE('',*,*,#6088,.T.);
#8758=ORIENTED_EDGE('',*,*,#6087,.F.);
#8759=ORIENTED_EDGE('',*,*,#6089,.T.);
#8760=ORIENTED_EDGE('',*,*,#6090,.T.);
#8761=ORIENTED_EDGE('',*,*,#5965,.T.);
#8762=ORIENTED_EDGE('',*,*,#6091,.T.);
#8763=ORIENTED_EDGE('',*,*,#5966,.T.);
#8764=ORIENTED_EDGE('',*,*,#6090,.F.);
#8765=ORIENTED_EDGE('',*,*,#6092,.T.);
#8766=ORIENTED_EDGE('',*,*,#6091,.F.);
#8767=ORIENTED_EDGE('',*,*,#6093,.T.);
#8768=ORIENTED_EDGE('',*,*,#6094,.T.);
#8769=ORIENTED_EDGE('',*,*,#5967,.T.);
#8770=ORIENTED_EDGE('',*,*,#6095,.T.);
#8771=ORIENTED_EDGE('',*,*,#5968,.T.);
#8772=ORIENTED_EDGE('',*,*,#6094,.F.);
#8773=ORIENTED_EDGE('',*,*,#5669,.T.);
#8774=ORIENTED_EDGE('',*,*,#6095,.F.);
#8775=ORIENTED_EDGE('',*,*,#6096,.T.);
#8776=ORIENTED_EDGE('',*,*,#6097,.T.);
#8777=ORIENTED_EDGE('',*,*,#5969,.T.);
#8778=ORIENTED_EDGE('',*,*,#5970,.T.);
#8779=ORIENTED_EDGE('',*,*,#6097,.F.);
#8780=ORIENTED_EDGE('',*,*,#6098,.T.);
#8781=ORIENTED_EDGE('',*,*,#6088,.F.);
#8782=ORIENTED_EDGE('',*,*,#5748,.T.);
#8783=ORIENTED_EDGE('',*,*,#5670,.T.);
#8784=ORIENTED_EDGE('',*,*,#6093,.F.);
#8785=ORIENTED_EDGE('',*,*,#6099,.T.);
#8786=ORIENTED_EDGE('',*,*,#5749,.T.);
#8787=ORIENTED_EDGE('',*,*,#6099,.F.);
#8788=ORIENTED_EDGE('',*,*,#6092,.F.);
#8789=ORIENTED_EDGE('',*,*,#6100,.T.);
#8790=ORIENTED_EDGE('',*,*,#5750,.T.);
#8791=ORIENTED_EDGE('',*,*,#6100,.F.);
#8792=ORIENTED_EDGE('',*,*,#6089,.F.);
#8793=ORIENTED_EDGE('',*,*,#6101,.T.);
#8794=ORIENTED_EDGE('',*,*,#5751,.T.);
#8795=ORIENTED_EDGE('',*,*,#6101,.F.);
#8796=ORIENTED_EDGE('',*,*,#6086,.F.);
#8797=ORIENTED_EDGE('',*,*,#6102,.F.);
#8798=ORIENTED_EDGE('',*,*,#6103,.T.);
#8799=ORIENTED_EDGE('',*,*,#6104,.T.);
#8800=ORIENTED_EDGE('',*,*,#6003,.T.);
#8801=ORIENTED_EDGE('',*,*,#6105,.T.);
#8802=ORIENTED_EDGE('',*,*,#6104,.F.);
#8803=ORIENTED_EDGE('',*,*,#5916,.T.);
#8804=ORIENTED_EDGE('',*,*,#6106,.T.);
#8805=ORIENTED_EDGE('',*,*,#6004,.T.);
#8806=ORIENTED_EDGE('',*,*,#6107,.T.);
#8807=ORIENTED_EDGE('',*,*,#6005,.T.);
#8808=ORIENTED_EDGE('',*,*,#6106,.F.);
#8809=ORIENTED_EDGE('',*,*,#5919,.T.);
#8810=ORIENTED_EDGE('',*,*,#6107,.F.);
#8811=ORIENTED_EDGE('',*,*,#5920,.T.);
#8812=ORIENTED_EDGE('',*,*,#6108,.T.);
#8813=ORIENTED_EDGE('',*,*,#6006,.T.);
#8814=ORIENTED_EDGE('',*,*,#6109,.T.);
#8815=ORIENTED_EDGE('',*,*,#6007,.T.);
#8816=ORIENTED_EDGE('',*,*,#6108,.F.);
#8817=ORIENTED_EDGE('',*,*,#5673,.T.);
#8818=ORIENTED_EDGE('',*,*,#6109,.F.);
#8819=ORIENTED_EDGE('',*,*,#6110,.T.);
#8820=ORIENTED_EDGE('',*,*,#6111,.T.);
#8821=ORIENTED_EDGE('',*,*,#6008,.T.);
#8822=ORIENTED_EDGE('',*,*,#6009,.T.);
#8823=ORIENTED_EDGE('',*,*,#6111,.F.);
#8824=ORIENTED_EDGE('',*,*,#6112,.T.);
#8825=ORIENTED_EDGE('',*,*,#6105,.F.);
#8826=ORIENTED_EDGE('',*,*,#5745,.T.);
#8827=ORIENTED_EDGE('',*,*,#5917,.F.);
#8828=ORIENTED_EDGE('',*,*,#6103,.F.);
#8829=ORIENTED_EDGE('',*,*,#6113,.F.);
#8830=ORIENTED_EDGE('',*,*,#6114,.T.);
#8831=ORIENTED_EDGE('',*,*,#5971,.T.);
#8832=ORIENTED_EDGE('',*,*,#6115,.T.);
#8833=ORIENTED_EDGE('',*,*,#6116,.T.);
#8834=ORIENTED_EDGE('',*,*,#6114,.F.);
#8835=ORIENTED_EDGE('',*,*,#6117,.T.);
#8836=ORIENTED_EDGE('',*,*,#6118,.T.);
#8837=ORIENTED_EDGE('',*,*,#5972,.T.);
#8838=ORIENTED_EDGE('',*,*,#6119,.T.);
#8839=ORIENTED_EDGE('',*,*,#5973,.T.);
#8840=ORIENTED_EDGE('',*,*,#6118,.F.);
#8841=ORIENTED_EDGE('',*,*,#5913,.T.);
#8842=ORIENTED_EDGE('',*,*,#6119,.F.);
#8843=ORIENTED_EDGE('',*,*,#5840,.T.);
#8844=ORIENTED_EDGE('',*,*,#6120,.T.);
#8845=ORIENTED_EDGE('',*,*,#5974,.T.);
#8846=ORIENTED_EDGE('',*,*,#6121,.T.);
#8847=ORIENTED_EDGE('',*,*,#5975,.T.);
#8848=ORIENTED_EDGE('',*,*,#6120,.F.);
#8849=ORIENTED_EDGE('',*,*,#5843,.T.);
#8850=ORIENTED_EDGE('',*,*,#6121,.F.);
#8851=ORIENTED_EDGE('',*,*,#5844,.T.);
#8852=ORIENTED_EDGE('',*,*,#6122,.T.);
#8853=ORIENTED_EDGE('',*,*,#5976,.T.);
#8854=ORIENTED_EDGE('',*,*,#6123,.T.);
#8855=ORIENTED_EDGE('',*,*,#5977,.T.);
#8856=ORIENTED_EDGE('',*,*,#6122,.F.);
#8857=ORIENTED_EDGE('',*,*,#5677,.T.);
#8858=ORIENTED_EDGE('',*,*,#6123,.F.);
#8859=ORIENTED_EDGE('',*,*,#6124,.T.);
#8860=ORIENTED_EDGE('',*,*,#6115,.F.);
#8861=ORIENTED_EDGE('',*,*,#5978,.T.);
#8862=ORIENTED_EDGE('',*,*,#5739,.T.);
#8863=ORIENTED_EDGE('',*,*,#5914,.F.);
#8864=ORIENTED_EDGE('',*,*,#6117,.F.);
#8865=ORIENTED_EDGE('',*,*,#6125,.T.);
#8866=ORIENTED_EDGE('',*,*,#5740,.T.);
#8867=ORIENTED_EDGE('',*,*,#6125,.F.);
#8868=ORIENTED_EDGE('',*,*,#6116,.F.);
#8869=ORIENTED_EDGE('',*,*,#6126,.T.);
#8870=ORIENTED_EDGE('',*,*,#6127,.T.);
#8871=ORIENTED_EDGE('',*,*,#5995,.T.);
#8872=ORIENTED_EDGE('',*,*,#6128,.T.);
#8873=ORIENTED_EDGE('',*,*,#5870,.T.);
#8874=ORIENTED_EDGE('',*,*,#6127,.F.);
#8875=ORIENTED_EDGE('',*,*,#5872,.T.);
#8876=ORIENTED_EDGE('',*,*,#6129,.T.);
#8877=ORIENTED_EDGE('',*,*,#5996,.T.);
#8878=ORIENTED_EDGE('',*,*,#6130,.T.);
#8879=ORIENTED_EDGE('',*,*,#5997,.T.);
#8880=ORIENTED_EDGE('',*,*,#6129,.F.);
#8881=ORIENTED_EDGE('',*,*,#5874,.T.);
#8882=ORIENTED_EDGE('',*,*,#6130,.F.);
#8883=ORIENTED_EDGE('',*,*,#5876,.T.);
#8884=ORIENTED_EDGE('',*,*,#6131,.T.);
#8885=ORIENTED_EDGE('',*,*,#5998,.T.);
#8886=ORIENTED_EDGE('',*,*,#6132,.T.);
#8887=ORIENTED_EDGE('',*,*,#5999,.T.);
#8888=ORIENTED_EDGE('',*,*,#6131,.F.);
#8889=ORIENTED_EDGE('',*,*,#5928,.T.);
#8890=ORIENTED_EDGE('',*,*,#6132,.F.);
#8891=ORIENTED_EDGE('',*,*,#5929,.T.);
#8892=ORIENTED_EDGE('',*,*,#6133,.T.);
#8893=ORIENTED_EDGE('',*,*,#6000,.T.);
#8894=ORIENTED_EDGE('',*,*,#6134,.T.);
#8895=ORIENTED_EDGE('',*,*,#6001,.T.);
#8896=ORIENTED_EDGE('',*,*,#6133,.F.);
#8897=ORIENTED_EDGE('',*,*,#5625,.T.);
#8898=ORIENTED_EDGE('',*,*,#6134,.F.);
#8899=ORIENTED_EDGE('',*,*,#5868,.T.);
#8900=ORIENTED_EDGE('',*,*,#6128,.F.);
#8901=ORIENTED_EDGE('',*,*,#6002,.T.);
#8902=ORIENTED_EDGE('',*,*,#6135,.T.);
#8903=ORIENTED_EDGE('',*,*,#5854,.T.);
#8904=ORIENTED_EDGE('',*,*,#6136,.T.);
#8905=ORIENTED_EDGE('',*,*,#5979,.T.);
#8906=ORIENTED_EDGE('',*,*,#6135,.F.);
#8907=ORIENTED_EDGE('',*,*,#5986,.T.);
#8908=ORIENTED_EDGE('',*,*,#6137,.T.);
#8909=ORIENTED_EDGE('',*,*,#5852,.T.);
#8910=ORIENTED_EDGE('',*,*,#6138,.T.);
#8911=ORIENTED_EDGE('',*,*,#5850,.T.);
#8912=ORIENTED_EDGE('',*,*,#6137,.F.);
#8913=ORIENTED_EDGE('',*,*,#5985,.T.);
#8914=ORIENTED_EDGE('',*,*,#6138,.F.);
#8915=ORIENTED_EDGE('',*,*,#5984,.T.);
#8916=ORIENTED_EDGE('',*,*,#6139,.T.);
#8917=ORIENTED_EDGE('',*,*,#5848,.T.);
#8918=ORIENTED_EDGE('',*,*,#6140,.T.);
#8919=ORIENTED_EDGE('',*,*,#5846,.T.);
#8920=ORIENTED_EDGE('',*,*,#6139,.F.);
#8921=ORIENTED_EDGE('',*,*,#5983,.T.);
#8922=ORIENTED_EDGE('',*,*,#6140,.F.);
#8923=ORIENTED_EDGE('',*,*,#5982,.T.);
#8924=ORIENTED_EDGE('',*,*,#6141,.T.);
#8925=ORIENTED_EDGE('',*,*,#5681,.T.);
#8926=ORIENTED_EDGE('',*,*,#6142,.T.);
#8927=ORIENTED_EDGE('',*,*,#5857,.T.);
#8928=ORIENTED_EDGE('',*,*,#6141,.F.);
#8929=ORIENTED_EDGE('',*,*,#5981,.T.);
#8930=ORIENTED_EDGE('',*,*,#6142,.F.);
#8931=ORIENTED_EDGE('',*,*,#5980,.T.);
#8932=ORIENTED_EDGE('',*,*,#6136,.F.);
#8933=ORIENTED_EDGE('',*,*,#5856,.T.);
#8934=ORIENTED_EDGE('',*,*,#6143,.T.);
#8935=ORIENTED_EDGE('',*,*,#5987,.T.);
#8936=ORIENTED_EDGE('',*,*,#6144,.T.);
#8937=ORIENTED_EDGE('',*,*,#5865,.T.);
#8938=ORIENTED_EDGE('',*,*,#6143,.F.);
#8939=ORIENTED_EDGE('',*,*,#5866,.T.);
#8940=ORIENTED_EDGE('',*,*,#6145,.T.);
#8941=ORIENTED_EDGE('',*,*,#5988,.T.);
#8942=ORIENTED_EDGE('',*,*,#6146,.T.);
#8943=ORIENTED_EDGE('',*,*,#5989,.T.);
#8944=ORIENTED_EDGE('',*,*,#6145,.F.);
#8945=ORIENTED_EDGE('',*,*,#5655,.T.);
#8946=ORIENTED_EDGE('',*,*,#6146,.F.);
#8947=ORIENTED_EDGE('',*,*,#5657,.T.);
#8948=ORIENTED_EDGE('',*,*,#6147,.T.);
#8949=ORIENTED_EDGE('',*,*,#5990,.T.);
#8950=ORIENTED_EDGE('',*,*,#6148,.T.);
#8951=ORIENTED_EDGE('',*,*,#5991,.T.);
#8952=ORIENTED_EDGE('',*,*,#6147,.F.);
#8953=ORIENTED_EDGE('',*,*,#5642,.T.);
#8954=ORIENTED_EDGE('',*,*,#6148,.F.);
#8955=ORIENTED_EDGE('',*,*,#5859,.T.);
#8956=ORIENTED_EDGE('',*,*,#6149,.T.);
#8957=ORIENTED_EDGE('',*,*,#5992,.T.);
#8958=ORIENTED_EDGE('',*,*,#6150,.T.);
#8959=ORIENTED_EDGE('',*,*,#5993,.T.);
#8960=ORIENTED_EDGE('',*,*,#6149,.F.);
#8961=ORIENTED_EDGE('',*,*,#5861,.T.);
#8962=ORIENTED_EDGE('',*,*,#6150,.F.);
#8963=ORIENTED_EDGE('',*,*,#5863,.T.);
#8964=ORIENTED_EDGE('',*,*,#6144,.F.);
#8965=ORIENTED_EDGE('',*,*,#5994,.T.);
#8966=ORIENTED_EDGE('',*,*,#5757,.T.);
#8967=ORIENTED_EDGE('',*,*,#6151,.F.);
#8968=ORIENTED_EDGE('',*,*,#6080,.F.);
#8969=ORIENTED_EDGE('',*,*,#6084,.F.);
#8970=ORIENTED_EDGE('',*,*,#5756,.T.);
#8971=ORIENTED_EDGE('',*,*,#5837,.T.);
#8972=ORIENTED_EDGE('',*,*,#6081,.F.);
#8973=ORIENTED_EDGE('',*,*,#6151,.T.);
#8974=ORIENTED_EDGE('',*,*,#5793,.T.);
#8975=ORIENTED_EDGE('',*,*,#6152,.F.);
#8976=ORIENTED_EDGE('',*,*,#6046,.F.);
#8977=ORIENTED_EDGE('',*,*,#6055,.T.);
#8978=ORIENTED_EDGE('',*,*,#5792,.T.);
#8979=ORIENTED_EDGE('',*,*,#6085,.F.);
#8980=ORIENTED_EDGE('',*,*,#6047,.F.);
#8981=ORIENTED_EDGE('',*,*,#6152,.T.);
#8982=ORIENTED_EDGE('',*,*,#5741,.T.);
#8983=ORIENTED_EDGE('',*,*,#6126,.F.);
#8984=ORIENTED_EDGE('',*,*,#6124,.F.);
#8985=ORIENTED_EDGE('',*,*,#5676,.F.);
#8986=ORIENTED_EDGE('',*,*,#5747,.T.);
#8987=ORIENTED_EDGE('',*,*,#6153,.T.);
#8988=ORIENTED_EDGE('',*,*,#6110,.F.);
#8989=ORIENTED_EDGE('',*,*,#5672,.F.);
#8990=ORIENTED_EDGE('',*,*,#5746,.T.);
#8991=ORIENTED_EDGE('',*,*,#6113,.T.);
#8992=ORIENTED_EDGE('',*,*,#6112,.F.);
#8993=ORIENTED_EDGE('',*,*,#6153,.F.);
#8994=ORIENTED_EDGE('',*,*,#5753,.T.);
#8995=ORIENTED_EDGE('',*,*,#6154,.F.);
#8996=ORIENTED_EDGE('',*,*,#6096,.F.);
#8997=ORIENTED_EDGE('',*,*,#5668,.F.);
#8998=ORIENTED_EDGE('',*,*,#5752,.T.);
#8999=ORIENTED_EDGE('',*,*,#6102,.T.);
#9000=ORIENTED_EDGE('',*,*,#6098,.F.);
#9001=ORIENTED_EDGE('',*,*,#6154,.T.);
#9002=ORIENTED_EDGE('',*,*,#5938,.F.);
#9003=ORIENTED_EDGE('',*,*,#6155,.T.);
#9004=ORIENTED_EDGE('',*,*,#5414,.T.);
#9005=ORIENTED_EDGE('',*,*,#6156,.T.);
#9006=ORIENTED_EDGE('',*,*,#5941,.F.);
#9007=ORIENTED_EDGE('',*,*,#6157,.F.);
#9008=ORIENTED_EDGE('',*,*,#5415,.F.);
#9009=ORIENTED_EDGE('',*,*,#6155,.F.);
#9010=ORIENTED_EDGE('',*,*,#5944,.F.);
#9011=ORIENTED_EDGE('',*,*,#5406,.T.);
#9012=ORIENTED_EDGE('',*,*,#5416,.T.);
#9013=ORIENTED_EDGE('',*,*,#6157,.T.);
#9014=ORIENTED_EDGE('',*,*,#6158,.F.);
#9015=ORIENTED_EDGE('',*,*,#6159,.T.);
#9016=ORIENTED_EDGE('',*,*,#6159,.F.);
#9017=ORIENTED_EDGE('',*,*,#5823,.T.);
#9018=ORIENTED_EDGE('',*,*,#6160,.T.);
#9019=ORIENTED_EDGE('',*,*,#6158,.T.);
#9020=ORIENTED_EDGE('',*,*,#6160,.F.);
#9021=ORIENTED_EDGE('',*,*,#6161,.F.);
#9022=ORIENTED_EDGE('',*,*,#6162,.T.);
#9023=ORIENTED_EDGE('',*,*,#6162,.F.);
#9024=ORIENTED_EDGE('',*,*,#5783,.T.);
#9025=ORIENTED_EDGE('',*,*,#6163,.T.);
#9026=ORIENTED_EDGE('',*,*,#6161,.T.);
#9027=ORIENTED_EDGE('',*,*,#6163,.F.);
#9028=ORIENTED_EDGE('',*,*,#6164,.F.);
#9029=ORIENTED_EDGE('',*,*,#6165,.T.);
#9030=ORIENTED_EDGE('',*,*,#6165,.F.);
#9031=ORIENTED_EDGE('',*,*,#5807,.T.);
#9032=ORIENTED_EDGE('',*,*,#6166,.T.);
#9033=ORIENTED_EDGE('',*,*,#6164,.T.);
#9034=ORIENTED_EDGE('',*,*,#6166,.F.);
#9035=ORIENTED_EDGE('',*,*,#6167,.F.);
#9036=ORIENTED_EDGE('',*,*,#6168,.T.);
#9037=ORIENTED_EDGE('',*,*,#6168,.F.);
#9038=ORIENTED_EDGE('',*,*,#5806,.T.);
#9039=ORIENTED_EDGE('',*,*,#6169,.T.);
#9040=ORIENTED_EDGE('',*,*,#6167,.T.);
#9041=ORIENTED_EDGE('',*,*,#6169,.F.);
#9042=ORIENTED_EDGE('',*,*,#6170,.F.);
#9043=ORIENTED_EDGE('',*,*,#6171,.T.);
#9044=ORIENTED_EDGE('',*,*,#6171,.F.);
#9045=ORIENTED_EDGE('',*,*,#5805,.T.);
#9046=ORIENTED_EDGE('',*,*,#6172,.T.);
#9047=ORIENTED_EDGE('',*,*,#6170,.T.);
#9048=ORIENTED_EDGE('',*,*,#6172,.F.);
#9049=ORIENTED_EDGE('',*,*,#6173,.F.);
#9050=ORIENTED_EDGE('',*,*,#6174,.T.);
#9051=ORIENTED_EDGE('',*,*,#6174,.F.);
#9052=ORIENTED_EDGE('',*,*,#5830,.T.);
#9053=ORIENTED_EDGE('',*,*,#6175,.T.);
#9054=ORIENTED_EDGE('',*,*,#6173,.T.);
#9055=ORIENTED_EDGE('',*,*,#6175,.F.);
#9056=ORIENTED_EDGE('',*,*,#6176,.F.);
#9057=ORIENTED_EDGE('',*,*,#6177,.T.);
#9058=ORIENTED_EDGE('',*,*,#6177,.F.);
#9059=ORIENTED_EDGE('',*,*,#5818,.T.);
#9060=ORIENTED_EDGE('',*,*,#6178,.T.);
#9061=ORIENTED_EDGE('',*,*,#6176,.T.);
#9062=ORIENTED_EDGE('',*,*,#6178,.F.);
#9063=ORIENTED_EDGE('',*,*,#5935,.F.);
#9064=ORIENTED_EDGE('',*,*,#6156,.F.);
#9065=ORIENTED_EDGE('',*,*,#5413,.F.);
#9066=ORIENTED_EDGE('',*,*,#5955,.F.);
#9067=B_SPLINE_SURFACE_WITH_KNOTS('',2,1,((#12556,#12557),(#12558,#12559),
(#12560,#12561)),.UNSPECIFIED.,.F.,.F.,.F.,(3,3),(2,2),(0.,1.),(0.,0.05),
 .UNSPECIFIED.);
#9068=B_SPLINE_SURFACE_WITH_KNOTS('',2,1,((#12592,#12593),(#12594,#12595),
(#12596,#12597)),.UNSPECIFIED.,.F.,.F.,.F.,(3,3),(2,2),(0.,1.),(0.,0.05),
 .UNSPECIFIED.);
#9069=B_SPLINE_SURFACE_WITH_KNOTS('',2,1,((#12607,#12608),(#12609,#12610),
(#12611,#12612)),.UNSPECIFIED.,.F.,.F.,.F.,(3,3),(2,2),(0.,1.),(0.,0.05),
 .UNSPECIFIED.);
#9070=B_SPLINE_SURFACE_WITH_KNOTS('',2,1,((#12682,#12683),(#12684,#12685),
(#12686,#12687)),.UNSPECIFIED.,.F.,.F.,.F.,(3,3),(2,2),(0.,1.),(0.,0.05),
 .UNSPECIFIED.);
#9071=B_SPLINE_SURFACE_WITH_KNOTS('',2,1,((#12695,#12696),(#12697,#12698),
(#12699,#12700)),.UNSPECIFIED.,.F.,.F.,.F.,(3,3),(2,2),(0.,1.),(0.,0.05),
 .UNSPECIFIED.);
#9072=B_SPLINE_SURFACE_WITH_KNOTS('',2,1,((#12713,#12714),(#12715,#12716),
(#12717,#12718)),.UNSPECIFIED.,.F.,.F.,.F.,(3,3),(2,2),(0.,1.),(0.,0.05),
 .UNSPECIFIED.);
#9073=B_SPLINE_SURFACE_WITH_KNOTS('',2,1,((#12728,#12729),(#12730,#12731),
(#12732,#12733)),.UNSPECIFIED.,.F.,.F.,.F.,(3,3),(2,2),(0.,1.),(0.,0.05),
 .UNSPECIFIED.);
#9074=B_SPLINE_SURFACE_WITH_KNOTS('',2,1,((#12743,#12744),(#12745,#12746),
(#12747,#12748)),.UNSPECIFIED.,.F.,.F.,.F.,(3,3),(2,2),(0.,1.),(0.,0.05),
 .UNSPECIFIED.);
#9075=B_SPLINE_SURFACE_WITH_KNOTS('',2,1,((#12758,#12759),(#12760,#12761),
(#12762,#12763)),.UNSPECIFIED.,.F.,.F.,.F.,(3,3),(2,2),(0.,1.),(0.,0.05),
 .UNSPECIFIED.);
#9076=B_SPLINE_SURFACE_WITH_KNOTS('',2,1,((#12779,#12780),(#12781,#12782),
(#12783,#12784)),.UNSPECIFIED.,.F.,.F.,.F.,(3,3),(2,2),(0.,1.),(0.,0.05),
 .UNSPECIFIED.);
#9077=B_SPLINE_SURFACE_WITH_KNOTS('',2,1,((#12794,#12795),(#12796,#12797),
(#12798,#12799)),.UNSPECIFIED.,.F.,.F.,.F.,(3,3),(2,2),(0.,1.),(0.,0.05),
 .UNSPECIFIED.);
#9078=B_SPLINE_SURFACE_WITH_KNOTS('',2,1,((#12809,#12810),(#12811,#12812),
(#12813,#12814)),.UNSPECIFIED.,.F.,.F.,.F.,(3,3),(2,2),(0.,1.),(0.,0.05),
 .UNSPECIFIED.);
#9079=B_SPLINE_SURFACE_WITH_KNOTS('',2,1,((#12824,#12825),(#12826,#12827),
(#12828,#12829)),.UNSPECIFIED.,.F.,.F.,.F.,(3,3),(2,2),(0.,1.),(0.,0.05),
 .UNSPECIFIED.);
#9080=B_SPLINE_SURFACE_WITH_KNOTS('',2,1,((#12839,#12840),(#12841,#12842),
(#12843,#12844)),.UNSPECIFIED.,.F.,.F.,.F.,(3,3),(2,2),(0.,1.),(0.,0.05),
 .UNSPECIFIED.);
#9081=B_SPLINE_SURFACE_WITH_KNOTS('',2,1,((#12854,#12855),(#12856,#12857),
(#12858,#12859)),.UNSPECIFIED.,.F.,.F.,.F.,(3,3),(2,2),(0.,1.),(0.,0.05),
 .UNSPECIFIED.);
#9082=B_SPLINE_SURFACE_WITH_KNOTS('',2,1,((#12869,#12870),(#12871,#12872),
(#12873,#12874)),.UNSPECIFIED.,.F.,.F.,.F.,(3,3),(2,2),(0.,1.),(0.,0.05),
 .UNSPECIFIED.);
#9083=B_SPLINE_SURFACE_WITH_KNOTS('',2,1,((#12884,#12885),(#12886,#12887),
(#12888,#12889)),.UNSPECIFIED.,.F.,.F.,.F.,(3,3),(2,2),(0.,1.),(0.,0.05),
 .UNSPECIFIED.);
#9084=B_SPLINE_SURFACE_WITH_KNOTS('',2,1,((#12899,#12900),(#12901,#12902),
(#12903,#12904)),.UNSPECIFIED.,.F.,.F.,.F.,(3,3),(2,2),(0.,1.),(0.,0.05),
 .UNSPECIFIED.);
#9085=B_SPLINE_SURFACE_WITH_KNOTS('',2,1,((#12914,#12915),(#12916,#12917),
(#12918,#12919)),.UNSPECIFIED.,.F.,.F.,.F.,(3,3),(2,2),(0.,1.),(0.,0.05),
 .UNSPECIFIED.);
#9086=B_SPLINE_SURFACE_WITH_KNOTS('',2,1,((#12929,#12930),(#12931,#12932),
(#12933,#12934)),.UNSPECIFIED.,.F.,.F.,.F.,(3,3),(2,2),(0.,1.),(0.,0.05),
 .UNSPECIFIED.);
#9087=B_SPLINE_SURFACE_WITH_KNOTS('',2,1,((#12944,#12945),(#12946,#12947),
(#12948,#12949)),.UNSPECIFIED.,.F.,.F.,.F.,(3,3),(2,2),(0.,1.),(0.,0.05),
 .UNSPECIFIED.);
#9088=B_SPLINE_SURFACE_WITH_KNOTS('',2,1,((#12965,#12966),(#12967,#12968),
(#12969,#12970)),.UNSPECIFIED.,.F.,.F.,.F.,(3,3),(2,2),(0.,1.),(0.,0.05),
 .UNSPECIFIED.);
#9089=B_SPLINE_SURFACE_WITH_KNOTS('',2,1,((#12980,#12981),(#12982,#12983),
(#12984,#12985)),.UNSPECIFIED.,.F.,.F.,.F.,(3,3),(2,2),(0.,1.),(0.,0.05),
 .UNSPECIFIED.);
#9090=B_SPLINE_SURFACE_WITH_KNOTS('',2,1,((#12995,#12996),(#12997,#12998),
(#12999,#13000)),.UNSPECIFIED.,.F.,.F.,.F.,(3,3),(2,2),(0.,1.),(0.,0.05),
 .UNSPECIFIED.);
#9091=B_SPLINE_SURFACE_WITH_KNOTS('',2,1,((#13010,#13011),(#13012,#13013),
(#13014,#13015)),.UNSPECIFIED.,.F.,.F.,.F.,(3,3),(2,2),(0.,1.),(0.,0.05),
 .UNSPECIFIED.);
#9092=B_SPLINE_SURFACE_WITH_KNOTS('',2,1,((#13025,#13026),(#13027,#13028),
(#13029,#13030)),.UNSPECIFIED.,.F.,.F.,.F.,(3,3),(2,2),(0.,1.),(0.,0.05),
 .UNSPECIFIED.);
#9093=B_SPLINE_SURFACE_WITH_KNOTS('',2,1,((#13040,#13041),(#13042,#13043),
(#13044,#13045)),.UNSPECIFIED.,.F.,.F.,.F.,(3,3),(2,2),(0.,1.),(0.,0.05),
 .UNSPECIFIED.);
#9094=B_SPLINE_SURFACE_WITH_KNOTS('',2,1,((#13055,#13056),(#13057,#13058),
(#13059,#13060)),.UNSPECIFIED.,.F.,.F.,.F.,(3,3),(2,2),(0.,1.),(0.,0.05),
 .UNSPECIFIED.);
#9095=B_SPLINE_SURFACE_WITH_KNOTS('',2,1,((#13067,#13068),(#13069,#13070),
(#13071,#13072)),.UNSPECIFIED.,.F.,.F.,.F.,(3,3),(2,2),(0.,1.),(0.,0.05),
 .UNSPECIFIED.);
#9096=B_SPLINE_SURFACE_WITH_KNOTS('',2,1,((#13085,#13086),(#13087,#13088),
(#13089,#13090)),.UNSPECIFIED.,.F.,.F.,.F.,(3,3),(2,2),(0.,1.),(0.,0.05),
 .UNSPECIFIED.);
#9097=B_SPLINE_SURFACE_WITH_KNOTS('',2,1,((#13100,#13101),(#13102,#13103),
(#13104,#13105)),.UNSPECIFIED.,.F.,.F.,.F.,(3,3),(2,2),(0.,1.),(0.,0.05),
 .UNSPECIFIED.);
#9098=B_SPLINE_SURFACE_WITH_KNOTS('',2,1,((#13115,#13116),(#13117,#13118),
(#13119,#13120)),.UNSPECIFIED.,.F.,.F.,.F.,(3,3),(2,2),(0.,1.),(0.,0.05),
 .UNSPECIFIED.);
#9099=B_SPLINE_SURFACE_WITH_KNOTS('',2,1,((#13136,#13137),(#13138,#13139),
(#13140,#13141)),.UNSPECIFIED.,.F.,.F.,.F.,(3,3),(2,2),(0.,1.),(0.,0.05),
 .UNSPECIFIED.);
#9100=B_SPLINE_SURFACE_WITH_KNOTS('',2,1,((#13151,#13152),(#13153,#13154),
(#13155,#13156)),.UNSPECIFIED.,.F.,.F.,.F.,(3,3),(2,2),(0.,1.),(0.,0.05),
 .UNSPECIFIED.);
#9101=B_SPLINE_SURFACE_WITH_KNOTS('',2,1,((#13166,#13167),(#13168,#13169),
(#13170,#13171)),.UNSPECIFIED.,.F.,.F.,.F.,(3,3),(2,2),(0.,1.),(0.,0.05),
 .UNSPECIFIED.);
#9102=B_SPLINE_SURFACE_WITH_KNOTS('',2,1,((#13181,#13182),(#13183,#13184),
(#13185,#13186)),.UNSPECIFIED.,.F.,.F.,.F.,(3,3),(2,2),(0.,1.),(0.,0.05),
 .UNSPECIFIED.);
#9103=B_SPLINE_SURFACE_WITH_KNOTS('',2,1,((#13196,#13197),(#13198,#13199),
(#13200,#13201)),.UNSPECIFIED.,.F.,.F.,.F.,(3,3),(2,2),(0.,1.),(0.,0.05),
 .UNSPECIFIED.);
#9104=B_SPLINE_SURFACE_WITH_KNOTS('',2,1,((#13211,#13212),(#13213,#13214),
(#13215,#13216)),.UNSPECIFIED.,.F.,.F.,.F.,(3,3),(2,2),(0.,1.),(0.,0.05),
 .UNSPECIFIED.);
#9105=B_SPLINE_SURFACE_WITH_KNOTS('',2,1,((#13226,#13227),(#13228,#13229),
(#13230,#13231)),.UNSPECIFIED.,.F.,.F.,.F.,(3,3),(2,2),(0.,1.),(0.,0.05),
 .UNSPECIFIED.);
#9106=B_SPLINE_SURFACE_WITH_KNOTS('',2,1,((#13241,#13242),(#13243,#13244),
(#13245,#13246)),.UNSPECIFIED.,.F.,.F.,.F.,(3,3),(2,2),(0.,1.),(0.,0.05),
 .UNSPECIFIED.);
#9107=B_SPLINE_SURFACE_WITH_KNOTS('',2,1,((#13256,#13257),(#13258,#13259),
(#13260,#13261)),.UNSPECIFIED.,.F.,.F.,.F.,(3,3),(2,2),(0.,1.),(0.,0.05),
 .UNSPECIFIED.);
#9108=B_SPLINE_SURFACE_WITH_KNOTS('',2,1,((#13271,#13272),(#13273,#13274),
(#13275,#13276)),.UNSPECIFIED.,.F.,.F.,.F.,(3,3),(2,2),(0.,1.),(0.,0.05),
 .UNSPECIFIED.);
#9109=B_SPLINE_SURFACE_WITH_KNOTS('',2,1,((#13286,#13287),(#13288,#13289),
(#13290,#13291)),.UNSPECIFIED.,.F.,.F.,.F.,(3,3),(2,2),(0.,1.),(0.,0.05),
 .UNSPECIFIED.);
#9110=B_SPLINE_SURFACE_WITH_KNOTS('',2,1,((#13301,#13302),(#13303,#13304),
(#13305,#13306)),.UNSPECIFIED.,.F.,.F.,.F.,(3,3),(2,2),(0.,1.),(0.,0.05),
 .UNSPECIFIED.);
#9111=B_SPLINE_SURFACE_WITH_KNOTS('',2,1,((#13322,#13323),(#13324,#13325),
(#13326,#13327)),.UNSPECIFIED.,.F.,.F.,.F.,(3,3),(2,2),(0.,1.),(0.,0.05),
 .UNSPECIFIED.);
#9112=B_SPLINE_SURFACE_WITH_KNOTS('',2,1,((#13337,#13338),(#13339,#13340),
(#13341,#13342)),.UNSPECIFIED.,.F.,.F.,.F.,(3,3),(2,2),(0.,1.),(0.,0.05),
 .UNSPECIFIED.);
#9113=B_SPLINE_SURFACE_WITH_KNOTS('',2,1,((#13352,#13353),(#13354,#13355),
(#13356,#13357)),.UNSPECIFIED.,.F.,.F.,.F.,(3,3),(2,2),(0.,1.),(0.,0.05),
 .UNSPECIFIED.);
#9114=B_SPLINE_SURFACE_WITH_KNOTS('',2,1,((#13367,#13368),(#13369,#13370),
(#13371,#13372)),.UNSPECIFIED.,.F.,.F.,.F.,(3,3),(2,2),(0.,1.),(0.,0.05),
 .UNSPECIFIED.);
#9115=B_SPLINE_SURFACE_WITH_KNOTS('',2,1,((#13382,#13383),(#13384,#13385),
(#13386,#13387)),.UNSPECIFIED.,.F.,.F.,.F.,(3,3),(2,2),(0.,1.),(0.,0.05),
 .UNSPECIFIED.);
#9116=B_SPLINE_SURFACE_WITH_KNOTS('',2,1,((#13397,#13398),(#13399,#13400),
(#13401,#13402)),.UNSPECIFIED.,.F.,.F.,.F.,(3,3),(2,2),(0.,1.),(0.,0.05),
 .UNSPECIFIED.);
#9117=B_SPLINE_SURFACE_WITH_KNOTS('',2,1,((#13412,#13413),(#13414,#13415),
(#13416,#13417)),.UNSPECIFIED.,.F.,.F.,.F.,(3,3),(2,2),(0.,1.),(0.,0.05),
 .UNSPECIFIED.);
#9118=B_SPLINE_SURFACE_WITH_KNOTS('',2,1,((#13427,#13428),(#13429,#13430),
(#13431,#13432)),.UNSPECIFIED.,.F.,.F.,.F.,(3,3),(2,2),(0.,1.),(0.,0.05),
 .UNSPECIFIED.);
#9119=B_SPLINE_SURFACE_WITH_KNOTS('',2,1,((#13513,#13514),(#13515,#13516),
(#13517,#13518)),.UNSPECIFIED.,.F.,.F.,.F.,(3,3),(2,2),(0.,1.),(0.,0.05),
 .UNSPECIFIED.);
#9120=B_SPLINE_SURFACE_WITH_KNOTS('',2,1,((#13531,#13532),(#13533,#13534),
(#13535,#13536)),.UNSPECIFIED.,.F.,.F.,.F.,(3,3),(2,2),(0.,1.),(0.,0.05),
 .UNSPECIFIED.);
#9121=B_SPLINE_SURFACE_WITH_KNOTS('',2,1,((#13546,#13547),(#13548,#13549),
(#13550,#13551)),.UNSPECIFIED.,.F.,.F.,.F.,(3,3),(2,2),(0.,1.),(0.,0.05),
 .UNSPECIFIED.);
#9122=B_SPLINE_SURFACE_WITH_KNOTS('',2,1,((#13561,#13562),(#13563,#13564),
(#13565,#13566)),.UNSPECIFIED.,.F.,.F.,.F.,(3,3),(2,2),(0.,1.),(0.,0.05),
 .UNSPECIFIED.);
#9123=B_SPLINE_SURFACE_WITH_KNOTS('',2,1,((#13594,#13595),(#13596,#13597),
(#13598,#13599)),.UNSPECIFIED.,.F.,.F.,.F.,(3,3),(2,2),(0.,1.),(0.,0.05),
 .UNSPECIFIED.);
#9124=B_SPLINE_SURFACE_WITH_KNOTS('',2,1,((#13609,#13610),(#13611,#13612),
(#13613,#13614)),.UNSPECIFIED.,.F.,.F.,.F.,(3,3),(2,2),(0.,1.),(0.,0.05),
 .UNSPECIFIED.);
#9125=B_SPLINE_SURFACE_WITH_KNOTS('',2,1,((#13624,#13625),(#13626,#13627),
(#13628,#13629)),.UNSPECIFIED.,.F.,.F.,.F.,(3,3),(2,2),(0.,1.),(0.,0.05),
 .UNSPECIFIED.);
#9126=B_SPLINE_SURFACE_WITH_KNOTS('',2,1,((#13639,#13640),(#13641,#13642),
(#13643,#13644)),.UNSPECIFIED.,.F.,.F.,.F.,(3,3),(2,2),(0.,1.),(0.,0.05),
 .UNSPECIFIED.);
#9127=B_SPLINE_SURFACE_WITH_KNOTS('',2,1,((#13654,#13655),(#13656,#13657),
(#13658,#13659)),.UNSPECIFIED.,.F.,.F.,.F.,(3,3),(2,2),(0.,1.),(0.,0.05),
 .UNSPECIFIED.);
#9128=B_SPLINE_SURFACE_WITH_KNOTS('',2,1,((#13669,#13670),(#13671,#13672),
(#13673,#13674)),.UNSPECIFIED.,.F.,.F.,.F.,(3,3),(2,2),(0.,1.),(0.,0.05),
 .UNSPECIFIED.);
#9129=B_SPLINE_SURFACE_WITH_KNOTS('',2,1,((#13684,#13685),(#13686,#13687),
(#13688,#13689)),.UNSPECIFIED.,.F.,.F.,.F.,(3,3),(2,2),(0.,1.),(0.,0.05),
 .UNSPECIFIED.);
#9130=B_SPLINE_SURFACE_WITH_KNOTS('',2,1,((#13699,#13700),(#13701,#13702),
(#13703,#13704)),.UNSPECIFIED.,.F.,.F.,.F.,(3,3),(2,2),(0.,1.),(0.,0.05),
 .UNSPECIFIED.);
#9131=B_SPLINE_SURFACE_WITH_KNOTS('',2,1,((#13714,#13715),(#13716,#13717),
(#13718,#13719)),.UNSPECIFIED.,.F.,.F.,.F.,(3,3),(2,2),(0.,1.),(0.,0.05),
 .UNSPECIFIED.);
#9132=B_SPLINE_SURFACE_WITH_KNOTS('',2,1,((#13729,#13730),(#13731,#13732),
(#13733,#13734)),.UNSPECIFIED.,.F.,.F.,.F.,(3,3),(2,2),(0.,1.),(0.,0.05),
 .UNSPECIFIED.);
#9133=B_SPLINE_SURFACE_WITH_KNOTS('',2,1,((#13744,#13745),(#13746,#13747),
(#13748,#13749)),.UNSPECIFIED.,.F.,.F.,.F.,(3,3),(2,2),(0.,1.),(0.,0.05),
 .UNSPECIFIED.);
#9134=B_SPLINE_SURFACE_WITH_KNOTS('',2,1,((#13759,#13760),(#13761,#13762),
(#13763,#13764)),.UNSPECIFIED.,.F.,.F.,.F.,(3,3),(2,2),(0.,1.),(0.,0.05),
 .UNSPECIFIED.);
#9135=B_SPLINE_SURFACE_WITH_KNOTS('',2,1,((#13792,#13793),(#13794,#13795),
(#13796,#13797)),.UNSPECIFIED.,.F.,.F.,.F.,(3,3),(2,2),(0.,1.),(0.,0.05),
 .UNSPECIFIED.);
#9136=B_SPLINE_SURFACE_WITH_KNOTS('',2,1,((#13807,#13808),(#13809,#13810),
(#13811,#13812)),.UNSPECIFIED.,.F.,.F.,.F.,(3,3),(2,2),(0.,1.),(0.,0.05),
 .UNSPECIFIED.);
#9137=B_SPLINE_SURFACE_WITH_KNOTS('',2,1,((#13822,#13823),(#13824,#13825),
(#13826,#13827)),.UNSPECIFIED.,.F.,.F.,.F.,(3,3),(2,2),(0.,1.),(0.,0.05),
 .UNSPECIFIED.);
#9138=B_SPLINE_SURFACE_WITH_KNOTS('',2,1,((#13837,#13838),(#13839,#13840),
(#13841,#13842)),.UNSPECIFIED.,.F.,.F.,.F.,(3,3),(2,2),(0.,1.),(0.,0.05),
 .UNSPECIFIED.);
#9139=B_SPLINE_SURFACE_WITH_KNOTS('',2,1,((#13852,#13853),(#13854,#13855),
(#13856,#13857)),.UNSPECIFIED.,.F.,.F.,.F.,(3,3),(2,2),(0.,1.),(0.,0.05),
 .UNSPECIFIED.);
#9140=B_SPLINE_SURFACE_WITH_KNOTS('',2,1,((#13867,#13868),(#13869,#13870),
(#13871,#13872)),.UNSPECIFIED.,.F.,.F.,.F.,(3,3),(2,2),(0.,1.),(0.,0.05),
 .UNSPECIFIED.);
#9141=B_SPLINE_SURFACE_WITH_KNOTS('',2,1,((#13882,#13883),(#13884,#13885),
(#13886,#13887)),.UNSPECIFIED.,.F.,.F.,.F.,(3,3),(2,2),(0.,1.),(0.,0.05),
 .UNSPECIFIED.);
#9142=B_SPLINE_SURFACE_WITH_KNOTS('',2,1,((#13897,#13898),(#13899,#13900),
(#13901,#13902)),.UNSPECIFIED.,.F.,.F.,.F.,(3,3),(2,2),(0.,1.),(0.,0.05),
 .UNSPECIFIED.);
#9143=B_SPLINE_SURFACE_WITH_KNOTS('',2,1,((#13910,#13911),(#13912,#13913),
(#13914,#13915)),.UNSPECIFIED.,.F.,.F.,.F.,(3,3),(2,2),(0.,1.),(0.,0.05),
 .UNSPECIFIED.);
#9144=B_SPLINE_SURFACE_WITH_KNOTS('',2,1,((#13928,#13929),(#13930,#13931),
(#13932,#13933)),.UNSPECIFIED.,.F.,.F.,.F.,(3,3),(2,2),(0.,1.),(0.,0.05),
 .UNSPECIFIED.);
#9145=B_SPLINE_SURFACE_WITH_KNOTS('',2,1,((#13943,#13944),(#13945,#13946),
(#13947,#13948)),.UNSPECIFIED.,.F.,.F.,.F.,(3,3),(2,2),(0.,1.),(0.,0.05),
 .UNSPECIFIED.);
#9146=B_SPLINE_SURFACE_WITH_KNOTS('',2,1,((#13958,#13959),(#13960,#13961),
(#13962,#13963)),.UNSPECIFIED.,.F.,.F.,.F.,(3,3),(2,2),(0.,1.),(0.,0.05),
 .UNSPECIFIED.);
#9147=B_SPLINE_SURFACE_WITH_KNOTS('',2,1,((#13973,#13974),(#13975,#13976),
(#13977,#13978)),.UNSPECIFIED.,.F.,.F.,.F.,(3,3),(2,2),(0.,1.),(0.,0.05),
 .UNSPECIFIED.);
#9148=B_SPLINE_SURFACE_WITH_KNOTS('',2,1,((#13988,#13989),(#13990,#13991),
(#13992,#13993)),.UNSPECIFIED.,.F.,.F.,.F.,(3,3),(2,2),(0.,1.),(0.,0.05),
 .UNSPECIFIED.);
#9149=B_SPLINE_SURFACE_WITH_KNOTS('',2,1,((#14003,#14004),(#14005,#14006),
(#14007,#14008)),.UNSPECIFIED.,.F.,.F.,.F.,(3,3),(2,2),(0.,1.),(0.,0.05),
 .UNSPECIFIED.);
#9150=B_SPLINE_SURFACE_WITH_KNOTS('',2,1,((#14018,#14019),(#14020,#14021),
(#14022,#14023)),.UNSPECIFIED.,.F.,.F.,.F.,(3,3),(2,2),(0.,1.),(0.,0.05),
 .UNSPECIFIED.);
#9151=B_SPLINE_SURFACE_WITH_KNOTS('',2,1,((#14033,#14034),(#14035,#14036),
(#14037,#14038)),.UNSPECIFIED.,.F.,.F.,.F.,(3,3),(2,2),(0.,1.),(0.,0.05),
 .UNSPECIFIED.);
#9152=B_SPLINE_SURFACE_WITH_KNOTS('',2,1,((#14048,#14049),(#14050,#14051),
(#14052,#14053)),.UNSPECIFIED.,.F.,.F.,.F.,(3,3),(2,2),(0.,1.),(0.,0.05),
 .UNSPECIFIED.);
#9153=B_SPLINE_SURFACE_WITH_KNOTS('',2,1,((#14063,#14064),(#14065,#14066),
(#14067,#14068)),.UNSPECIFIED.,.F.,.F.,.F.,(3,3),(2,2),(0.,1.),(0.,0.05),
 .UNSPECIFIED.);
#9154=B_SPLINE_SURFACE_WITH_KNOTS('',2,1,((#14078,#14079),(#14080,#14081),
(#14082,#14083)),.UNSPECIFIED.,.F.,.F.,.F.,(3,3),(2,2),(0.,1.),(0.,0.05),
 .UNSPECIFIED.);
#9155=B_SPLINE_SURFACE_WITH_KNOTS('',2,1,((#14108,#14109),(#14110,#14111),
(#14112,#14113)),.UNSPECIFIED.,.F.,.F.,.F.,(3,3),(2,2),(0.,1.),(0.,0.05),
 .UNSPECIFIED.);
#9156=B_SPLINE_SURFACE_WITH_KNOTS('',2,1,((#14126,#14127),(#14128,#14129),
(#14130,#14131)),.UNSPECIFIED.,.F.,.F.,.F.,(3,3),(2,2),(0.,1.),(0.,0.05),
 .UNSPECIFIED.);
#9157=B_SPLINE_SURFACE_WITH_KNOTS('',2,1,((#14141,#14142),(#14143,#14144),
(#14145,#14146)),.UNSPECIFIED.,.F.,.F.,.F.,(3,3),(2,2),(0.,1.),(0.,0.05),
 .UNSPECIFIED.);
#9158=B_SPLINE_SURFACE_WITH_KNOTS('',2,1,((#14156,#14157),(#14158,#14159),
(#14160,#14161)),.UNSPECIFIED.,.F.,.F.,.F.,(3,3),(2,2),(0.,1.),(0.,0.05),
 .UNSPECIFIED.);
#9159=B_SPLINE_SURFACE_WITH_KNOTS('',2,1,((#14171,#14172),(#14173,#14174),
(#14175,#14176)),.UNSPECIFIED.,.F.,.F.,.F.,(3,3),(2,2),(0.,1.),(0.,0.05),
 .UNSPECIFIED.);
#9160=B_SPLINE_SURFACE_WITH_KNOTS('',2,1,((#14186,#14187),(#14188,#14189),
(#14190,#14191)),.UNSPECIFIED.,.F.,.F.,.F.,(3,3),(2,2),(0.,1.),(0.,0.05),
 .UNSPECIFIED.);
#9161=B_SPLINE_SURFACE_WITH_KNOTS('',2,1,((#14201,#14202),(#14203,#14204),
(#14205,#14206)),.UNSPECIFIED.,.F.,.F.,.F.,(3,3),(2,2),(0.,1.),(0.,0.05),
 .UNSPECIFIED.);
#9162=B_SPLINE_SURFACE_WITH_KNOTS('',2,1,((#14216,#14217),(#14218,#14219),
(#14220,#14221)),.UNSPECIFIED.,.F.,.F.,.F.,(3,3),(2,2),(0.,1.),(0.,0.05),
 .UNSPECIFIED.);
#9163=B_SPLINE_SURFACE_WITH_KNOTS('',2,1,((#14231,#14232),(#14233,#14234),
(#14235,#14236)),.UNSPECIFIED.,.F.,.F.,.F.,(3,3),(2,2),(0.,1.),(0.,0.05),
 .UNSPECIFIED.);
#9164=B_SPLINE_SURFACE_WITH_KNOTS('',2,1,((#14246,#14247),(#14248,#14249),
(#14250,#14251)),.UNSPECIFIED.,.F.,.F.,.F.,(3,3),(2,2),(0.,1.),(0.,0.05),
 .UNSPECIFIED.);
#9165=B_SPLINE_SURFACE_WITH_KNOTS('',2,1,((#14261,#14262),(#14263,#14264),
(#14265,#14266)),.UNSPECIFIED.,.F.,.F.,.F.,(3,3),(2,2),(0.,1.),(0.,0.05),
 .UNSPECIFIED.);
#9166=B_SPLINE_SURFACE_WITH_KNOTS('',2,1,((#14276,#14277),(#14278,#14279),
(#14280,#14281)),.UNSPECIFIED.,.F.,.F.,.F.,(3,3),(2,2),(0.,1.),(0.,0.05),
 .UNSPECIFIED.);
#9167=B_SPLINE_SURFACE_WITH_KNOTS('',2,1,((#14368,#14369),(#14370,#14371),
(#14372,#14373)),.UNSPECIFIED.,.F.,.F.,.F.,(3,3),(2,2),(0.,1.),(0.,0.05),
 .UNSPECIFIED.);
#9168=B_SPLINE_SURFACE_WITH_KNOTS('',2,1,((#14386,#14387),(#14388,#14389),
(#14390,#14391)),.UNSPECIFIED.,.F.,.F.,.F.,(3,3),(2,2),(0.,1.),(0.,0.05),
 .UNSPECIFIED.);
#9169=B_SPLINE_SURFACE_WITH_KNOTS('',2,1,((#14401,#14402),(#14403,#14404),
(#14405,#14406)),.UNSPECIFIED.,.F.,.F.,.F.,(3,3),(2,2),(0.,1.),(0.,0.05),
 .UNSPECIFIED.);
#9170=B_SPLINE_SURFACE_WITH_KNOTS('',2,1,((#14416,#14417),(#14418,#14419),
(#14420,#14421)),.UNSPECIFIED.,.F.,.F.,.F.,(3,3),(2,2),(0.,1.),(0.,0.05),
 .UNSPECIFIED.);
#9171=B_SPLINE_SURFACE_WITH_KNOTS('',2,1,((#14431,#14432),(#14433,#14434),
(#14435,#14436)),.UNSPECIFIED.,.F.,.F.,.F.,(3,3),(2,2),(0.,1.),(0.,0.05),
 .UNSPECIFIED.);
#9172=B_SPLINE_SURFACE_WITH_KNOTS('',2,1,((#14446,#14447),(#14448,#14449),
(#14450,#14451)),.UNSPECIFIED.,.F.,.F.,.F.,(3,3),(2,2),(0.,1.),(0.,0.05),
 .UNSPECIFIED.);
#9173=B_SPLINE_SURFACE_WITH_KNOTS('',2,1,((#14461,#14462),(#14463,#14464),
(#14465,#14466)),.UNSPECIFIED.,.F.,.F.,.F.,(3,3),(2,2),(0.,1.),(0.,0.05),
 .UNSPECIFIED.);
#9174=B_SPLINE_SURFACE_WITH_KNOTS('',2,1,((#14476,#14477),(#14478,#14479),
(#14480,#14481)),.UNSPECIFIED.,.F.,.F.,.F.,(3,3),(2,2),(0.,1.),(0.,0.05),
 .UNSPECIFIED.);
#9175=B_SPLINE_SURFACE_WITH_KNOTS('',2,1,((#14491,#14492),(#14493,#14494),
(#14495,#14496)),.UNSPECIFIED.,.F.,.F.,.F.,(3,3),(2,2),(0.,1.),(0.,0.05),
 .UNSPECIFIED.);
#9176=B_SPLINE_SURFACE_WITH_KNOTS('',2,1,((#14506,#14507),(#14508,#14509),
(#14510,#14511)),.UNSPECIFIED.,.F.,.F.,.F.,(3,3),(2,2),(0.,1.),(0.,0.05),
 .UNSPECIFIED.);
#9177=B_SPLINE_SURFACE_WITH_KNOTS('',2,1,((#14521,#14522),(#14523,#14524),
(#14525,#14526)),.UNSPECIFIED.,.F.,.F.,.F.,(3,3),(2,2),(0.,1.),(0.,0.05),
 .UNSPECIFIED.);
#9178=B_SPLINE_SURFACE_WITH_KNOTS('',2,1,((#14536,#14537),(#14538,#14539),
(#14540,#14541)),.UNSPECIFIED.,.F.,.F.,.F.,(3,3),(2,2),(0.,1.),(0.,0.05),
 .UNSPECIFIED.);
#9179=B_SPLINE_SURFACE_WITH_KNOTS('',2,1,((#14551,#14552),(#14553,#14554),
(#14555,#14556)),.UNSPECIFIED.,.F.,.F.,.F.,(3,3),(2,2),(0.,1.),(0.,0.05),
 .UNSPECIFIED.);
#9180=B_SPLINE_SURFACE_WITH_KNOTS('',2,1,((#14566,#14567),(#14568,#14569),
(#14570,#14571)),.UNSPECIFIED.,.F.,.F.,.F.,(3,3),(2,2),(0.,1.),(0.,0.05),
 .UNSPECIFIED.);
#9181=B_SPLINE_SURFACE_WITH_KNOTS('',2,1,((#14581,#14582),(#14583,#14584),
(#14585,#14586)),.UNSPECIFIED.,.F.,.F.,.F.,(3,3),(2,2),(0.,1.),(0.,0.05),
 .UNSPECIFIED.);
#9182=B_SPLINE_SURFACE_WITH_KNOTS('',2,1,((#14596,#14597),(#14598,#14599),
(#14600,#14601)),.UNSPECIFIED.,.F.,.F.,.F.,(3,3),(2,2),(0.,1.),(0.,0.05),
 .UNSPECIFIED.);
#9183=B_SPLINE_SURFACE_WITH_KNOTS('',2,1,((#14611,#14612),(#14613,#14614),
(#14615,#14616)),.UNSPECIFIED.,.F.,.F.,.F.,(3,3),(2,2),(0.,1.),(0.,0.05),
 .UNSPECIFIED.);
#9184=B_SPLINE_SURFACE_WITH_KNOTS('',2,1,((#14626,#14627),(#14628,#14629),
(#14630,#14631)),.UNSPECIFIED.,.F.,.F.,.F.,(3,3),(2,2),(0.,1.),(0.,0.05),
 .UNSPECIFIED.);
#9185=B_SPLINE_SURFACE_WITH_KNOTS('',2,1,((#14641,#14642),(#14643,#14644),
(#14645,#14646)),.UNSPECIFIED.,.F.,.F.,.F.,(3,3),(2,2),(0.,1.),(0.,0.05),
 .UNSPECIFIED.);
#9186=B_SPLINE_SURFACE_WITH_KNOTS('',2,1,((#14656,#14657),(#14658,#14659),
(#14660,#14661)),.UNSPECIFIED.,.F.,.F.,.F.,(3,3),(2,2),(0.,1.),(0.,0.05),
 .UNSPECIFIED.);
#9187=B_SPLINE_SURFACE_WITH_KNOTS('',2,1,((#14671,#14672),(#14673,#14674),
(#14675,#14676)),.UNSPECIFIED.,.F.,.F.,.F.,(3,3),(2,2),(0.,1.),(0.,0.05),
 .UNSPECIFIED.);
#9188=B_SPLINE_SURFACE_WITH_KNOTS('',2,1,((#14686,#14687),(#14688,#14689),
(#14690,#14691)),.UNSPECIFIED.,.F.,.F.,.F.,(3,3),(2,2),(0.,1.),(0.,0.05),
 .UNSPECIFIED.);
#9189=B_SPLINE_SURFACE_WITH_KNOTS('',2,1,((#14719,#14720),(#14721,#14722),
(#14723,#14724)),.UNSPECIFIED.,.F.,.F.,.F.,(3,3),(2,2),(0.,1.),(0.,0.05),
 .UNSPECIFIED.);
#9190=B_SPLINE_SURFACE_WITH_KNOTS('',2,1,((#14734,#14735),(#14736,#14737),
(#14738,#14739)),.UNSPECIFIED.,.F.,.F.,.F.,(3,3),(2,2),(0.,1.),(0.,0.05),
 .UNSPECIFIED.);
#9191=B_SPLINE_SURFACE_WITH_KNOTS('',2,1,((#14749,#14750),(#14751,#14752),
(#14753,#14754)),.UNSPECIFIED.,.F.,.F.,.F.,(3,3),(2,2),(0.,1.),(0.,0.05),
 .UNSPECIFIED.);
#9192=B_SPLINE_SURFACE_WITH_KNOTS('',2,1,((#14764,#14765),(#14766,#14767),
(#14768,#14769)),.UNSPECIFIED.,.F.,.F.,.F.,(3,3),(2,2),(0.,1.),(0.,0.05),
 .UNSPECIFIED.);
#9193=B_SPLINE_SURFACE_WITH_KNOTS('',2,1,((#14779,#14780),(#14781,#14782),
(#14783,#14784)),.UNSPECIFIED.,.F.,.F.,.F.,(3,3),(2,2),(0.,1.),(0.,0.05),
 .UNSPECIFIED.);
#9194=B_SPLINE_SURFACE_WITH_KNOTS('',2,1,((#14794,#14795),(#14796,#14797),
(#14798,#14799)),.UNSPECIFIED.,.F.,.F.,.F.,(3,3),(2,2),(0.,1.),(0.,0.05),
 .UNSPECIFIED.);
#9195=B_SPLINE_SURFACE_WITH_KNOTS('',2,1,((#14809,#14810),(#14811,#14812),
(#14813,#14814)),.UNSPECIFIED.,.F.,.F.,.F.,(3,3),(2,2),(0.,1.),(0.,0.05),
 .UNSPECIFIED.);
#9196=B_SPLINE_SURFACE_WITH_KNOTS('',2,1,((#14824,#14825),(#14826,#14827),
(#14828,#14829)),.UNSPECIFIED.,.F.,.F.,.F.,(3,3),(2,2),(0.,1.),(0.,0.05),
 .UNSPECIFIED.);
#9197=B_SPLINE_SURFACE_WITH_KNOTS('',2,1,((#14839,#14840),(#14841,#14842),
(#14843,#14844)),.UNSPECIFIED.,.F.,.F.,.F.,(3,3),(2,2),(0.,1.),(0.,0.05),
 .UNSPECIFIED.);
#9198=B_SPLINE_SURFACE_WITH_KNOTS('',2,1,((#14854,#14855),(#14856,#14857),
(#14858,#14859)),.UNSPECIFIED.,.F.,.F.,.F.,(3,3),(2,2),(0.,1.),(0.,0.05),
 .UNSPECIFIED.);
#9199=B_SPLINE_SURFACE_WITH_KNOTS('',2,1,((#14869,#14870),(#14871,#14872),
(#14873,#14874)),.UNSPECIFIED.,.F.,.F.,.F.,(3,3),(2,2),(0.,1.),(0.,0.05),
 .UNSPECIFIED.);
#9200=B_SPLINE_SURFACE_WITH_KNOTS('',2,1,((#14884,#14885),(#14886,#14887),
(#14888,#14889)),.UNSPECIFIED.,.F.,.F.,.F.,(3,3),(2,2),(0.,1.),(0.,0.05),
 .UNSPECIFIED.);
#9201=B_SPLINE_SURFACE_WITH_KNOTS('',2,1,((#14899,#14900),(#14901,#14902),
(#14903,#14904)),.UNSPECIFIED.,.F.,.F.,.F.,(3,3),(2,2),(0.,1.),(0.,0.05),
 .UNSPECIFIED.);
#9202=B_SPLINE_SURFACE_WITH_KNOTS('',2,1,((#14914,#14915),(#14916,#14917),
(#14918,#14919)),.UNSPECIFIED.,.F.,.F.,.F.,(3,3),(2,2),(0.,1.),(0.,0.05),
 .UNSPECIFIED.);
#9203=B_SPLINE_SURFACE_WITH_KNOTS('',2,1,((#14929,#14930),(#14931,#14932),
(#14933,#14934)),.UNSPECIFIED.,.F.,.F.,.F.,(3,3),(2,2),(0.,1.),(0.,0.05),
 .UNSPECIFIED.);
#9204=B_SPLINE_SURFACE_WITH_KNOTS('',2,1,((#14944,#14945),(#14946,#14947),
(#14948,#14949)),.UNSPECIFIED.,.F.,.F.,.F.,(3,3),(2,2),(0.,1.),(0.,0.05),
 .UNSPECIFIED.);
#9205=B_SPLINE_SURFACE_WITH_KNOTS('',2,1,((#14959,#14960),(#14961,#14962),
(#14963,#14964)),.UNSPECIFIED.,.F.,.F.,.F.,(3,3),(2,2),(0.,1.),(0.,0.05),
 .UNSPECIFIED.);
#9206=B_SPLINE_SURFACE_WITH_KNOTS('',2,1,((#14974,#14975),(#14976,#14977),
(#14978,#14979)),.UNSPECIFIED.,.F.,.F.,.F.,(3,3),(2,2),(0.,1.),(0.,0.05),
 .UNSPECIFIED.);
#9207=B_SPLINE_SURFACE_WITH_KNOTS('',2,1,((#14989,#14990),(#14991,#14992),
(#14993,#14994)),.UNSPECIFIED.,.F.,.F.,.F.,(3,3),(2,2),(0.,1.),(0.,0.05),
 .UNSPECIFIED.);
#9208=B_SPLINE_SURFACE_WITH_KNOTS('',2,1,((#15004,#15005),(#15006,#15007),
(#15008,#15009)),.UNSPECIFIED.,.F.,.F.,.F.,(3,3),(2,2),(0.,1.),(0.,0.05),
 .UNSPECIFIED.);
#9209=B_SPLINE_SURFACE_WITH_KNOTS('',2,1,((#15019,#15020),(#15021,#15022),
(#15023,#15024)),.UNSPECIFIED.,.F.,.F.,.F.,(3,3),(2,2),(0.,1.),(0.,0.05),
 .UNSPECIFIED.);
#9210=B_SPLINE_SURFACE_WITH_KNOTS('',2,1,((#15034,#15035),(#15036,#15037),
(#15038,#15039)),.UNSPECIFIED.,.F.,.F.,.F.,(3,3),(2,2),(0.,1.),(0.,0.05),
 .UNSPECIFIED.);
#9211=B_SPLINE_SURFACE_WITH_KNOTS('',2,1,((#15049,#15050),(#15051,#15052),
(#15053,#15054)),.UNSPECIFIED.,.F.,.F.,.F.,(3,3),(2,2),(0.,1.),(0.,0.05),
 .UNSPECIFIED.);
#9212=B_SPLINE_SURFACE_WITH_KNOTS('',2,1,((#15064,#15065),(#15066,#15067),
(#15068,#15069)),.UNSPECIFIED.,.F.,.F.,.F.,(3,3),(2,2),(0.,1.),(0.,0.05),
 .UNSPECIFIED.);
#9213=B_SPLINE_SURFACE_WITH_KNOTS('',2,1,((#15079,#15080),(#15081,#15082),
(#15083,#15084)),.UNSPECIFIED.,.F.,.F.,.F.,(3,3),(2,2),(0.,1.),(0.,0.05),
 .UNSPECIFIED.);
#9214=B_SPLINE_SURFACE_WITH_KNOTS('',2,1,((#15094,#15095),(#15096,#15097),
(#15098,#15099)),.UNSPECIFIED.,.F.,.F.,.F.,(3,3),(2,2),(0.,1.),(0.,0.05),
 .UNSPECIFIED.);
#9215=B_SPLINE_SURFACE_WITH_KNOTS('',2,1,((#15109,#15110),(#15111,#15112),
(#15113,#15114)),.UNSPECIFIED.,.F.,.F.,.F.,(3,3),(2,2),(0.,1.),(0.,0.05),
 .UNSPECIFIED.);
#9216=B_SPLINE_SURFACE_WITH_KNOTS('',2,1,((#15124,#15125),(#15126,#15127),
(#15128,#15129)),.UNSPECIFIED.,.F.,.F.,.F.,(3,3),(2,2),(0.,1.),(0.,0.05),
 .UNSPECIFIED.);
#9217=B_SPLINE_SURFACE_WITH_KNOTS('',2,1,((#15139,#15140),(#15141,#15142),
(#15143,#15144)),.UNSPECIFIED.,.F.,.F.,.F.,(3,3),(2,2),(0.,1.),(0.,0.05),
 .UNSPECIFIED.);
#9218=B_SPLINE_SURFACE_WITH_KNOTS('',2,1,((#15154,#15155),(#15156,#15157),
(#15158,#15159)),.UNSPECIFIED.,.F.,.F.,.F.,(3,3),(2,2),(0.,1.),(0.,0.05),
 .UNSPECIFIED.);
#9219=B_SPLINE_SURFACE_WITH_KNOTS('',2,1,((#15187,#15188),(#15189,#15190),
(#15191,#15192)),.UNSPECIFIED.,.F.,.F.,.F.,(3,3),(2,2),(0.,1.),(0.,0.05),
 .UNSPECIFIED.);
#9220=B_SPLINE_SURFACE_WITH_KNOTS('',2,1,((#15202,#15203),(#15204,#15205),
(#15206,#15207)),.UNSPECIFIED.,.F.,.F.,.F.,(3,3),(2,2),(0.,1.),(0.,0.05),
 .UNSPECIFIED.);
#9221=B_SPLINE_SURFACE_WITH_KNOTS('',2,1,((#15217,#15218),(#15219,#15220),
(#15221,#15222)),.UNSPECIFIED.,.F.,.F.,.F.,(3,3),(2,2),(0.,1.),(0.,0.05),
 .UNSPECIFIED.);
#9222=B_SPLINE_SURFACE_WITH_KNOTS('',2,1,((#15232,#15233),(#15234,#15235),
(#15236,#15237)),.UNSPECIFIED.,.F.,.F.,.F.,(3,3),(2,2),(0.,1.),(0.,0.05),
 .UNSPECIFIED.);
#9223=B_SPLINE_SURFACE_WITH_KNOTS('',2,1,((#15247,#15248),(#15249,#15250),
(#15251,#15252)),.UNSPECIFIED.,.F.,.F.,.F.,(3,3),(2,2),(0.,1.),(0.,0.05),
 .UNSPECIFIED.);
#9224=B_SPLINE_SURFACE_WITH_KNOTS('',2,1,((#15262,#15263),(#15264,#15265),
(#15266,#15267)),.UNSPECIFIED.,.F.,.F.,.F.,(3,3),(2,2),(0.,1.),(0.,0.05),
 .UNSPECIFIED.);
#9225=B_SPLINE_SURFACE_WITH_KNOTS('',2,1,((#15277,#15278),(#15279,#15280),
(#15281,#15282)),.UNSPECIFIED.,.F.,.F.,.F.,(3,3),(2,2),(0.,1.),(0.,0.05),
 .UNSPECIFIED.);
#9226=B_SPLINE_SURFACE_WITH_KNOTS('',2,1,((#15292,#15293),(#15294,#15295),
(#15296,#15297)),.UNSPECIFIED.,.F.,.F.,.F.,(3,3),(2,2),(0.,1.),(0.,0.05),
 .UNSPECIFIED.);
#9227=ADVANCED_FACE('',(#702),#9067,.F.);
#9228=ADVANCED_FACE('',(#703),#502,.F.);
#9229=ADVANCED_FACE('',(#704),#503,.F.);
#9230=ADVANCED_FACE('',(#705),#504,.F.);
#9231=ADVANCED_FACE('',(#706),#9068,.F.);
#9232=ADVANCED_FACE('',(#707),#9069,.F.);
#9233=ADVANCED_FACE('',(#708),#505,.F.);
#9234=ADVANCED_FACE('',(#709),#506,.F.);
#9235=ADVANCED_FACE('',(#710),#507,.F.);
#9236=ADVANCED_FACE('',(#711),#508,.F.);
#9237=ADVANCED_FACE('',(#712),#509,.F.);
#9238=ADVANCED_FACE('',(#713),#510,.F.);
#9239=ADVANCED_FACE('',(#714),#511,.F.);
#9240=ADVANCED_FACE('',(#715),#512,.F.);
#9241=ADVANCED_FACE('',(#716),#513,.F.);
#9242=ADVANCED_FACE('',(#717),#514,.F.);
#9243=ADVANCED_FACE('',(#718),#9070,.F.);
#9244=ADVANCED_FACE('',(#719),#515,.T.);
#9245=ADVANCED_FACE('',(#720),#9071,.F.);
#9246=ADVANCED_FACE('',(#721),#9072,.F.);
#9247=ADVANCED_FACE('',(#722),#9073,.F.);
#9248=ADVANCED_FACE('',(#723),#9074,.F.);
#9249=ADVANCED_FACE('',(#724),#9075,.F.);
#9250=ADVANCED_FACE('',(#725),#516,.F.);
#9251=ADVANCED_FACE('',(#726),#9076,.F.);
#9252=ADVANCED_FACE('',(#727),#9077,.F.);
#9253=ADVANCED_FACE('',(#728),#9078,.F.);
#9254=ADVANCED_FACE('',(#729),#9079,.F.);
#9255=ADVANCED_FACE('',(#730),#9080,.F.);
#9256=ADVANCED_FACE('',(#731),#9081,.F.);
#9257=ADVANCED_FACE('',(#732),#9082,.F.);
#9258=ADVANCED_FACE('',(#733),#9083,.F.);
#9259=ADVANCED_FACE('',(#734),#9084,.F.);
#9260=ADVANCED_FACE('',(#735),#9085,.F.);
#9261=ADVANCED_FACE('',(#736),#9086,.F.);
#9262=ADVANCED_FACE('',(#737),#9087,.F.);
#9263=ADVANCED_FACE('',(#738),#517,.F.);
#9264=ADVANCED_FACE('',(#739),#9088,.F.);
#9265=ADVANCED_FACE('',(#740),#9089,.F.);
#9266=ADVANCED_FACE('',(#741),#9090,.F.);
#9267=ADVANCED_FACE('',(#742),#9091,.F.);
#9268=ADVANCED_FACE('',(#743),#9092,.F.);
#9269=ADVANCED_FACE('',(#744),#9093,.F.);
#9270=ADVANCED_FACE('',(#745),#9094,.F.);
#9271=ADVANCED_FACE('',(#746),#9095,.F.);
#9272=ADVANCED_FACE('',(#747),#9096,.F.);
#9273=ADVANCED_FACE('',(#748),#9097,.F.);
#9274=ADVANCED_FACE('',(#749),#9098,.F.);
#9275=ADVANCED_FACE('',(#750),#518,.F.);
#9276=ADVANCED_FACE('',(#751),#9099,.F.);
#9277=ADVANCED_FACE('',(#752),#9100,.F.);
#9278=ADVANCED_FACE('',(#753),#9101,.F.);
#9279=ADVANCED_FACE('',(#754),#9102,.F.);
#9280=ADVANCED_FACE('',(#755),#9103,.F.);
#9281=ADVANCED_FACE('',(#756),#9104,.F.);
#9282=ADVANCED_FACE('',(#757),#9105,.F.);
#9283=ADVANCED_FACE('',(#758),#9106,.F.);
#9284=ADVANCED_FACE('',(#759),#9107,.F.);
#9285=ADVANCED_FACE('',(#760),#9108,.F.);
#9286=ADVANCED_FACE('',(#761),#9109,.F.);
#9287=ADVANCED_FACE('',(#762),#9110,.F.);
#9288=ADVANCED_FACE('',(#763),#519,.F.);
#9289=ADVANCED_FACE('',(#764),#9111,.F.);
#9290=ADVANCED_FACE('',(#765),#9112,.F.);
#9291=ADVANCED_FACE('',(#766),#9113,.F.);
#9292=ADVANCED_FACE('',(#767),#9114,.F.);
#9293=ADVANCED_FACE('',(#768),#9115,.F.);
#9294=ADVANCED_FACE('',(#769),#9116,.F.);
#9295=ADVANCED_FACE('',(#770),#9117,.F.);
#9296=ADVANCED_FACE('',(#771),#9118,.F.);
#9297=ADVANCED_FACE('',(#772,#466),#520,.T.);
#9298=ADVANCED_FACE('',(#773),#521,.F.);
#9299=ADVANCED_FACE('',(#774),#522,.F.);
#9300=ADVANCED_FACE('',(#775),#523,.F.);
#9301=ADVANCED_FACE('',(#776),#524,.F.);
#9302=ADVANCED_FACE('',(#777),#525,.F.);
#9303=ADVANCED_FACE('',(#778),#526,.F.);
#9304=ADVANCED_FACE('',(#779),#527,.F.);
#9305=ADVANCED_FACE('',(#780),#528,.F.);
#9306=ADVANCED_FACE('',(#781),#529,.F.);
#9307=ADVANCED_FACE('',(#782),#530,.F.);
#9308=ADVANCED_FACE('',(#783),#531,.F.);
#9309=ADVANCED_FACE('',(#784),#532,.F.);
#9310=ADVANCED_FACE('',(#785),#533,.F.);
#9311=ADVANCED_FACE('',(#786),#9119,.F.);
#9312=ADVANCED_FACE('',(#787),#9120,.F.);
#9313=ADVANCED_FACE('',(#788),#9121,.F.);
#9314=ADVANCED_FACE('',(#789),#9122,.F.);
#9315=ADVANCED_FACE('',(#790),#534,.F.);
#9316=ADVANCED_FACE('',(#791),#535,.F.);
#9317=ADVANCED_FACE('',(#792),#536,.F.);
#9318=ADVANCED_FACE('',(#793),#9123,.F.);
#9319=ADVANCED_FACE('',(#794),#9124,.F.);
#9320=ADVANCED_FACE('',(#795),#9125,.F.);
#9321=ADVANCED_FACE('',(#796),#9126,.F.);
#9322=ADVANCED_FACE('',(#797),#9127,.F.);
#9323=ADVANCED_FACE('',(#798),#9128,.F.);
#9324=ADVANCED_FACE('',(#799),#9129,.F.);
#9325=ADVANCED_FACE('',(#800),#9130,.F.);
#9326=ADVANCED_FACE('',(#801),#9131,.F.);
#9327=ADVANCED_FACE('',(#802),#9132,.F.);
#9328=ADVANCED_FACE('',(#803),#9133,.F.);
#9329=ADVANCED_FACE('',(#804),#9134,.F.);
#9330=ADVANCED_FACE('',(#805),#537,.F.);
#9331=ADVANCED_FACE('',(#806),#538,.F.);
#9332=ADVANCED_FACE('',(#807),#539,.F.);
#9333=ADVANCED_FACE('',(#808),#9135,.F.);
#9334=ADVANCED_FACE('',(#809),#9136,.F.);
#9335=ADVANCED_FACE('',(#810),#9137,.F.);
#9336=ADVANCED_FACE('',(#811),#9138,.F.);
#9337=ADVANCED_FACE('',(#812),#9139,.F.);
#9338=ADVANCED_FACE('',(#813),#9140,.F.);
#9339=ADVANCED_FACE('',(#814),#9141,.F.);
#9340=ADVANCED_FACE('',(#815),#9142,.F.);
#9341=ADVANCED_FACE('',(#816),#540,.T.);
#9342=ADVANCED_FACE('',(#817),#9143,.F.);
#9343=ADVANCED_FACE('',(#818),#9144,.F.);
#9344=ADVANCED_FACE('',(#819),#9145,.F.);
#9345=ADVANCED_FACE('',(#820),#9146,.F.);
#9346=ADVANCED_FACE('',(#821),#9147,.F.);
#9347=ADVANCED_FACE('',(#822),#9148,.F.);
#9348=ADVANCED_FACE('',(#823),#9149,.F.);
#9349=ADVANCED_FACE('',(#824),#9150,.F.);
#9350=ADVANCED_FACE('',(#825),#9151,.F.);
#9351=ADVANCED_FACE('',(#826),#9152,.F.);
#9352=ADVANCED_FACE('',(#827),#9153,.F.);
#9353=ADVANCED_FACE('',(#828),#9154,.F.);
#9354=ADVANCED_FACE('',(#829),#541,.F.);
#9355=ADVANCED_FACE('',(#830),#542,.F.);
#9356=ADVANCED_FACE('',(#831),#543,.F.);
#9357=ADVANCED_FACE('',(#832),#9155,.F.);
#9358=ADVANCED_FACE('',(#833),#9156,.F.);
#9359=ADVANCED_FACE('',(#834),#9157,.F.);
#9360=ADVANCED_FACE('',(#835),#9158,.F.);
#9361=ADVANCED_FACE('',(#836),#9159,.F.);
#9362=ADVANCED_FACE('',(#837),#9160,.F.);
#9363=ADVANCED_FACE('',(#838),#9161,.F.);
#9364=ADVANCED_FACE('',(#839),#9162,.F.);
#9365=ADVANCED_FACE('',(#840),#9163,.F.);
#9366=ADVANCED_FACE('',(#841),#9164,.F.);
#9367=ADVANCED_FACE('',(#842),#9165,.F.);
#9368=ADVANCED_FACE('',(#843),#9166,.F.);
#9369=ADVANCED_FACE('',(#844),#544,.F.);
#9370=ADVANCED_FACE('',(#845),#545,.F.);
#9371=ADVANCED_FACE('',(#846),#546,.F.);
#9372=ADVANCED_FACE('',(#847),#547,.F.);
#9373=ADVANCED_FACE('',(#848),#548,.F.);
#9374=ADVANCED_FACE('',(#849,#467),#549,.T.);
#9375=ADVANCED_FACE('',(#850),#550,.F.);
#9376=ADVANCED_FACE('',(#851),#551,.F.);
#9377=ADVANCED_FACE('',(#852),#552,.F.);
#9378=ADVANCED_FACE('',(#853),#553,.F.);
#9379=ADVANCED_FACE('',(#854),#554,.F.);
#9380=ADVANCED_FACE('',(#855),#555,.F.);
#9381=ADVANCED_FACE('',(#856),#556,.F.);
#9382=ADVANCED_FACE('',(#857),#557,.F.);
#9383=ADVANCED_FACE('',(#858),#558,.F.);
#9384=ADVANCED_FACE('',(#859),#9167,.F.);
#9385=ADVANCED_FACE('',(#860),#9168,.F.);
#9386=ADVANCED_FACE('',(#861),#9169,.F.);
#9387=ADVANCED_FACE('',(#862),#9170,.F.);
#9388=ADVANCED_FACE('',(#863),#9171,.F.);
#9389=ADVANCED_FACE('',(#864),#9172,.F.);
#9390=ADVANCED_FACE('',(#865),#9173,.F.);
#9391=ADVANCED_FACE('',(#866),#9174,.F.);
#9392=ADVANCED_FACE('',(#867),#9175,.F.);
#9393=ADVANCED_FACE('',(#868),#9176,.F.);
#9394=ADVANCED_FACE('',(#869),#9177,.F.);
#9395=ADVANCED_FACE('',(#870),#9178,.F.);
#9396=ADVANCED_FACE('',(#871),#9179,.F.);
#9397=ADVANCED_FACE('',(#872),#9180,.F.);
#9398=ADVANCED_FACE('',(#873),#9181,.F.);
#9399=ADVANCED_FACE('',(#874),#9182,.F.);
#9400=ADVANCED_FACE('',(#875),#9183,.F.);
#9401=ADVANCED_FACE('',(#876),#9184,.F.);
#9402=ADVANCED_FACE('',(#877),#9185,.F.);
#9403=ADVANCED_FACE('',(#878),#9186,.F.);
#9404=ADVANCED_FACE('',(#879),#9187,.F.);
#9405=ADVANCED_FACE('',(#880),#9188,.F.);
#9406=ADVANCED_FACE('',(#881),#559,.F.);
#9407=ADVANCED_FACE('',(#882),#560,.F.);
#9408=ADVANCED_FACE('',(#883),#561,.F.);
#9409=ADVANCED_FACE('',(#884),#9189,.F.);
#9410=ADVANCED_FACE('',(#885),#9190,.F.);
#9411=ADVANCED_FACE('',(#886),#9191,.F.);
#9412=ADVANCED_FACE('',(#887),#9192,.F.);
#9413=ADVANCED_FACE('',(#888),#9193,.F.);
#9414=ADVANCED_FACE('',(#889),#9194,.F.);
#9415=ADVANCED_FACE('',(#890),#9195,.F.);
#9416=ADVANCED_FACE('',(#891),#9196,.F.);
#9417=ADVANCED_FACE('',(#892),#9197,.F.);
#9418=ADVANCED_FACE('',(#893),#9198,.F.);
#9419=ADVANCED_FACE('',(#894),#9199,.F.);
#9420=ADVANCED_FACE('',(#895),#9200,.F.);
#9421=ADVANCED_FACE('',(#896),#9201,.F.);
#9422=ADVANCED_FACE('',(#897),#9202,.F.);
#9423=ADVANCED_FACE('',(#898),#9203,.F.);
#9424=ADVANCED_FACE('',(#899),#9204,.F.);
#9425=ADVANCED_FACE('',(#900),#9205,.F.);
#9426=ADVANCED_FACE('',(#901),#9206,.F.);
#9427=ADVANCED_FACE('',(#902),#9207,.F.);
#9428=ADVANCED_FACE('',(#903),#9208,.F.);
#9429=ADVANCED_FACE('',(#904),#9209,.F.);
#9430=ADVANCED_FACE('',(#905),#9210,.F.);
#9431=ADVANCED_FACE('',(#906),#9211,.F.);
#9432=ADVANCED_FACE('',(#907),#9212,.F.);
#9433=ADVANCED_FACE('',(#908),#9213,.F.);
#9434=ADVANCED_FACE('',(#909),#9214,.F.);
#9435=ADVANCED_FACE('',(#910),#9215,.F.);
#9436=ADVANCED_FACE('',(#911),#9216,.F.);
#9437=ADVANCED_FACE('',(#912),#9217,.F.);
#9438=ADVANCED_FACE('',(#913),#9218,.F.);
#9439=ADVANCED_FACE('',(#914),#562,.F.);
#9440=ADVANCED_FACE('',(#915),#563,.F.);
#9441=ADVANCED_FACE('',(#916),#564,.F.);
#9442=ADVANCED_FACE('',(#917),#9219,.F.);
#9443=ADVANCED_FACE('',(#918),#9220,.F.);
#9444=ADVANCED_FACE('',(#919),#9221,.F.);
#9445=ADVANCED_FACE('',(#920),#9222,.F.);
#9446=ADVANCED_FACE('',(#921),#9223,.F.);
#9447=ADVANCED_FACE('',(#922),#9224,.F.);
#9448=ADVANCED_FACE('',(#923),#9225,.F.);
#9449=ADVANCED_FACE('',(#924),#9226,.F.);
#9450=ADVANCED_FACE('',(#925),#565,.T.);
#9451=ADVANCED_FACE('',(#926),#566,.T.);
#9452=ADVANCED_FACE('',(#927),#567,.T.);
#9453=ADVANCED_FACE('',(#928),#419,.F.);
#9454=ADVANCED_FACE('',(#929),#568,.T.);
#9455=ADVANCED_FACE('',(#930),#569,.T.);
#9456=ADVANCED_FACE('',(#931),#420,.F.);
#9457=ADVANCED_FACE('',(#932),#570,.T.);
#9458=ADVANCED_FACE('',(#933),#571,.F.);
#9459=ADVANCED_FACE('',(#934),#572,.T.);
#9460=ADVANCED_FACE('',(#935,#468,#469,#470,#471,#472,#473,#474,#475),#573,
 .F.);
#9461=ADVANCED_FACE('',(#936),#574,.F.);
#9462=ADVANCED_FACE('',(#937),#19,.F.);
#9463=ADVANCED_FACE('',(#938),#575,.F.);
#9464=ADVANCED_FACE('',(#939),#20,.F.);
#9465=ADVANCED_FACE('',(#940),#21,.F.);
#9466=ADVANCED_FACE('',(#941),#576,.T.);
#9467=ADVANCED_FACE('',(#942),#22,.F.);
#9468=ADVANCED_FACE('',(#943),#577,.T.);
#9469=ADVANCED_FACE('',(#944),#23,.F.);
#9470=ADVANCED_FACE('',(#945),#578,.T.);
#9471=ADVANCED_FACE('',(#946),#24,.F.);
#9472=ADVANCED_FACE('',(#947),#579,.T.);
#9473=ADVANCED_FACE('',(#948),#25,.F.);
#9474=ADVANCED_FACE('',(#949),#580,.T.);
#9475=ADVANCED_FACE('',(#950),#26,.F.);
#9476=ADVANCED_FACE('',(#951),#581,.T.);
#9477=ADVANCED_FACE('',(#952),#27,.F.);
#9478=ADVANCED_FACE('',(#953),#582,.T.);
#9479=ADVANCED_FACE('',(#954),#28,.F.);
#9480=ADVANCED_FACE('',(#955),#583,.T.);
#9481=ADVANCED_FACE('',(#956),#29,.T.);
#9482=ADVANCED_FACE('',(#957),#30,.F.);
#9483=ADVANCED_FACE('',(#958),#31,.T.);
#9484=ADVANCED_FACE('',(#959),#584,.F.);
#9485=ADVANCED_FACE('',(#960),#32,.T.);
#9486=ADVANCED_FACE('',(#961),#33,.F.);
#9487=ADVANCED_FACE('',(#962),#34,.T.);
#9488=ADVANCED_FACE('',(#963),#585,.F.);
#9489=ADVANCED_FACE('',(#964),#35,.T.);
#9490=ADVANCED_FACE('',(#965),#36,.F.);
#9491=ADVANCED_FACE('',(#966),#37,.T.);
#9492=ADVANCED_FACE('',(#967),#586,.F.);
#9493=ADVANCED_FACE('',(#968),#38,.T.);
#9494=ADVANCED_FACE('',(#969),#39,.F.);
#9495=ADVANCED_FACE('',(#970),#40,.T.);
#9496=ADVANCED_FACE('',(#971),#41,.T.);
#9497=ADVANCED_FACE('',(#972),#42,.F.);
#9498=ADVANCED_FACE('',(#973),#43,.T.);
#9499=ADVANCED_FACE('',(#974),#44,.T.);
#9500=ADVANCED_FACE('',(#975),#45,.F.);
#9501=ADVANCED_FACE('',(#976),#46,.T.);
#9502=ADVANCED_FACE('',(#977),#47,.T.);
#9503=ADVANCED_FACE('',(#978),#48,.F.);
#9504=ADVANCED_FACE('',(#979),#49,.T.);
#9505=ADVANCED_FACE('',(#980),#587,.F.);
#9506=ADVANCED_FACE('',(#981),#588,.F.);
#9507=ADVANCED_FACE('',(#982),#589,.F.);
#9508=ADVANCED_FACE('',(#983),#590,.F.);
#9509=ADVANCED_FACE('',(#984),#591,.F.);
#9510=ADVANCED_FACE('',(#985),#592,.F.);
#9511=ADVANCED_FACE('',(#986),#593,.F.);
#9512=ADVANCED_FACE('',(#987),#594,.F.);
#9513=ADVANCED_FACE('',(#988),#595,.F.);
#9514=ADVANCED_FACE('',(#989),#596,.F.);
#9515=ADVANCED_FACE('',(#990),#597,.F.);
#9516=ADVANCED_FACE('',(#991),#598,.T.);
#9517=ADVANCED_FACE('',(#992),#599,.T.);
#9518=ADVANCED_FACE('',(#993),#600,.T.);
#9519=ADVANCED_FACE('',(#994),#601,.T.);
#9520=ADVANCED_FACE('',(#995),#602,.T.);
#9521=ADVANCED_FACE('',(#996),#50,.T.);
#9522=ADVANCED_FACE('',(#997),#51,.F.);
#9523=ADVANCED_FACE('',(#998),#52,.T.);
#9524=ADVANCED_FACE('',(#999),#603,.T.);
#9525=ADVANCED_FACE('',(#1000),#53,.F.);
#9526=ADVANCED_FACE('',(#1001),#54,.T.);
#9527=ADVANCED_FACE('',(#1002),#604,.T.);
#9528=ADVANCED_FACE('',(#1003),#55,.T.);
#9529=ADVANCED_FACE('',(#1004),#605,.F.);
#9530=ADVANCED_FACE('',(#1005),#56,.T.);
#9531=ADVANCED_FACE('',(#1006),#57,.T.);
#9532=ADVANCED_FACE('',(#1007),#58,.T.);
#9533=ADVANCED_FACE('',(#1008),#59,.T.);
#9534=ADVANCED_FACE('',(#1009),#60,.T.);
#9535=ADVANCED_FACE('',(#1010),#61,.T.);
#9536=ADVANCED_FACE('',(#1011),#606,.F.);
#9537=ADVANCED_FACE('',(#1012),#62,.F.);
#9538=ADVANCED_FACE('',(#1013),#607,.F.);
#9539=ADVANCED_FACE('',(#1014),#63,.F.);
#9540=ADVANCED_FACE('',(#1015),#608,.F.);
#9541=ADVANCED_FACE('',(#1016),#64,.F.);
#9542=ADVANCED_FACE('',(#1017,#476,#477,#478,#479,#480,#481,#482),#609,
 .T.);
#9543=ADVANCED_FACE('',(#1018,#483),#610,.T.);
#9544=ADVANCED_FACE('',(#1019,#484),#611,.T.);
#9545=ADVANCED_FACE('',(#1020),#612,.F.);
#9546=ADVANCED_FACE('',(#1021),#613,.F.);
#9547=ADVANCED_FACE('',(#1022,#485),#614,.T.);
#9548=ADVANCED_FACE('',(#1023),#615,.F.);
#9549=ADVANCED_FACE('',(#1024),#616,.F.);
#9550=ADVANCED_FACE('',(#1025),#617,.F.);
#9551=ADVANCED_FACE('',(#1026),#618,.F.);
#9552=ADVANCED_FACE('',(#1027),#619,.T.);
#9553=ADVANCED_FACE('',(#1028),#65,.F.);
#9554=ADVANCED_FACE('',(#1029),#66,.F.);
#9555=ADVANCED_FACE('',(#1030),#620,.T.);
#9556=ADVANCED_FACE('',(#1031),#67,.F.);
#9557=ADVANCED_FACE('',(#1032),#68,.F.);
#9558=ADVANCED_FACE('',(#1033),#621,.T.);
#9559=ADVANCED_FACE('',(#1034),#69,.F.);
#9560=ADVANCED_FACE('',(#1035),#622,.T.);
#9561=ADVANCED_FACE('',(#1036),#70,.F.);
#9562=ADVANCED_FACE('',(#1037),#623,.T.);
#9563=ADVANCED_FACE('',(#1038),#71,.F.);
#9564=ADVANCED_FACE('',(#1039),#72,.F.);
#9565=ADVANCED_FACE('',(#1040),#624,.T.);
#9566=ADVANCED_FACE('',(#1041),#73,.F.);
#9567=ADVANCED_FACE('',(#1042),#625,.T.);
#9568=ADVANCED_FACE('',(#1043),#74,.F.);
#9569=ADVANCED_FACE('',(#1044),#75,.F.);
#9570=ADVANCED_FACE('',(#1045),#626,.T.);
#9571=ADVANCED_FACE('',(#1046),#76,.F.);
#9572=ADVANCED_FACE('',(#1047),#627,.T.);
#9573=ADVANCED_FACE('',(#1048),#77,.F.);
#9574=ADVANCED_FACE('',(#1049),#78,.F.);
#9575=ADVANCED_FACE('',(#1050),#628,.T.);
#9576=ADVANCED_FACE('',(#1051),#79,.F.);
#9577=ADVANCED_FACE('',(#1052),#629,.T.);
#9578=ADVANCED_FACE('',(#1053),#80,.T.);
#9579=ADVANCED_FACE('',(#1054),#630,.T.);
#9580=ADVANCED_FACE('',(#1055),#81,.F.);
#9581=ADVANCED_FACE('',(#1056),#631,.T.);
#9582=ADVANCED_FACE('',(#1057),#82,.F.);
#9583=ADVANCED_FACE('',(#1058),#83,.T.);
#9584=ADVANCED_FACE('',(#1059),#632,.F.);
#9585=ADVANCED_FACE('',(#1060),#84,.F.);
#9586=ADVANCED_FACE('',(#1061),#85,.F.);
#9587=ADVANCED_FACE('',(#1062),#86,.F.);
#9588=ADVANCED_FACE('',(#1063),#87,.F.);
#9589=ADVANCED_FACE('',(#1064),#88,.F.);
#9590=ADVANCED_FACE('',(#1065),#89,.F.);
#9591=ADVANCED_FACE('',(#1066),#90,.F.);
#9592=ADVANCED_FACE('',(#1067),#633,.F.);
#9593=ADVANCED_FACE('',(#1068),#91,.T.);
#9594=ADVANCED_FACE('',(#1069),#634,.F.);
#9595=ADVANCED_FACE('',(#1070),#92,.F.);
#9596=ADVANCED_FACE('',(#1071),#93,.F.);
#9597=ADVANCED_FACE('',(#1072),#635,.F.);
#9598=ADVANCED_FACE('',(#1073),#94,.T.);
#9599=ADVANCED_FACE('',(#1074),#636,.F.);
#9600=ADVANCED_FACE('',(#1075),#95,.T.);
#9601=ADVANCED_FACE('',(#1076),#637,.F.);
#9602=ADVANCED_FACE('',(#1077),#96,.F.);
#9603=ADVANCED_FACE('',(#1078),#97,.F.);
#9604=ADVANCED_FACE('',(#1079),#638,.F.);
#9605=ADVANCED_FACE('',(#1080),#98,.T.);
#9606=ADVANCED_FACE('',(#1081),#639,.F.);
#9607=ADVANCED_FACE('',(#1082),#99,.T.);
#9608=ADVANCED_FACE('',(#1083),#640,.F.);
#9609=ADVANCED_FACE('',(#1084),#100,.F.);
#9610=ADVANCED_FACE('',(#1085),#101,.F.);
#9611=ADVANCED_FACE('',(#1086),#641,.F.);
#9612=ADVANCED_FACE('',(#1087),#102,.F.);
#9613=ADVANCED_FACE('',(#1088),#103,.F.);
#9614=ADVANCED_FACE('',(#1089),#642,.T.);
#9615=ADVANCED_FACE('',(#1090),#104,.F.);
#9616=ADVANCED_FACE('',(#1091),#643,.T.);
#9617=ADVANCED_FACE('',(#1092),#105,.F.);
#9618=ADVANCED_FACE('',(#1093),#106,.F.);
#9619=ADVANCED_FACE('',(#1094),#644,.T.);
#9620=ADVANCED_FACE('',(#1095),#107,.F.);
#9621=ADVANCED_FACE('',(#1096),#645,.T.);
#9622=ADVANCED_FACE('',(#1097),#108,.F.);
#9623=ADVANCED_FACE('',(#1098),#15,.T.);
#9624=ADVANCED_FACE('',(#1099),#109,.T.);
#9625=ADVANCED_FACE('',(#1100),#16,.T.);
#9626=ADVANCED_FACE('',(#1101),#110,.T.);
#9627=ADVANCED_FACE('',(#1102),#17,.T.);
#9628=ADVANCED_FACE('',(#1103),#111,.T.);
#9629=ADVANCED_FACE('',(#1104),#18,.T.);
#9630=ADVANCED_FACE('',(#1105),#112,.T.);
#9631=ADVANCED_FACE('',(#1106),#113,.T.);
#9632=ADVANCED_FACE('',(#1107),#646,.T.);
#9633=ADVANCED_FACE('',(#1108),#114,.T.);
#9634=ADVANCED_FACE('',(#1109,#486,#487,#488,#489,#490,#491,#492,#493,#494,
#495,#496,#497,#498,#499,#500,#501),#647,.T.);
#9635=ADVANCED_FACE('',(#1110),#648,.T.);
#9636=ADVANCED_FACE('',(#1111),#421,.T.);
#9637=ADVANCED_FACE('',(#1112),#649,.T.);
#9638=ADVANCED_FACE('',(#1113),#422,.F.);
#9639=ADVANCED_FACE('',(#1114),#650,.T.);
#9640=ADVANCED_FACE('',(#1115),#423,.F.);
#9641=ADVANCED_FACE('',(#1116),#651,.T.);
#9642=ADVANCED_FACE('',(#1117),#424,.T.);
#9643=ADVANCED_FACE('',(#1118),#652,.T.);
#9644=ADVANCED_FACE('',(#1119),#425,.F.);
#9645=ADVANCED_FACE('',(#1120),#653,.T.);
#9646=ADVANCED_FACE('',(#1121),#426,.F.);
#9647=ADVANCED_FACE('',(#1122),#654,.T.);
#9648=ADVANCED_FACE('',(#1123),#427,.F.);
#9649=ADVANCED_FACE('',(#1124),#655,.T.);
#9650=ADVANCED_FACE('',(#1125),#428,.F.);
#9651=ADVANCED_FACE('',(#1126),#115,.T.);
#9652=ADVANCED_FACE('',(#1127),#656,.T.);
#9653=ADVANCED_FACE('',(#1128),#657,.T.);
#9654=ADVANCED_FACE('',(#1129),#429,.F.);
#9655=ADVANCED_FACE('',(#1130),#658,.T.);
#9656=ADVANCED_FACE('',(#1131),#430,.F.);
#9657=ADVANCED_FACE('',(#1132),#659,.T.);
#9658=ADVANCED_FACE('',(#1133),#431,.F.);
#9659=ADVANCED_FACE('',(#1134),#660,.T.);
#9660=ADVANCED_FACE('',(#1135),#432,.F.);
#9661=ADVANCED_FACE('',(#1136),#116,.F.);
#9662=ADVANCED_FACE('',(#1137),#661,.T.);
#9663=ADVANCED_FACE('',(#1138),#117,.F.);
#9664=ADVANCED_FACE('',(#1139),#662,.T.);
#9665=ADVANCED_FACE('',(#1140),#663,.T.);
#9666=ADVANCED_FACE('',(#1141),#433,.F.);
#9667=ADVANCED_FACE('',(#1142),#664,.T.);
#9668=ADVANCED_FACE('',(#1143),#434,.F.);
#9669=ADVANCED_FACE('',(#1144),#665,.T.);
#9670=ADVANCED_FACE('',(#1145),#435,.F.);
#9671=ADVANCED_FACE('',(#1146),#666,.T.);
#9672=ADVANCED_FACE('',(#1147),#436,.F.);
#9673=ADVANCED_FACE('',(#1148),#118,.F.);
#9674=ADVANCED_FACE('',(#1149),#667,.T.);
#9675=ADVANCED_FACE('',(#1150),#119,.F.);
#9676=ADVANCED_FACE('',(#1151),#668,.T.);
#9677=ADVANCED_FACE('',(#1152),#437,.F.);
#9678=ADVANCED_FACE('',(#1153),#669,.T.);
#9679=ADVANCED_FACE('',(#1154),#438,.F.);
#9680=ADVANCED_FACE('',(#1155),#670,.T.);
#9681=ADVANCED_FACE('',(#1156),#439,.F.);
#9682=ADVANCED_FACE('',(#1157),#671,.T.);
#9683=ADVANCED_FACE('',(#1158),#120,.F.);
#9684=ADVANCED_FACE('',(#1159),#672,.T.);
#9685=ADVANCED_FACE('',(#1160),#121,.F.);
#9686=ADVANCED_FACE('',(#1161),#673,.T.);
#9687=ADVANCED_FACE('',(#1162),#674,.T.);
#9688=ADVANCED_FACE('',(#1163),#440,.F.);
#9689=ADVANCED_FACE('',(#1164),#675,.T.);
#9690=ADVANCED_FACE('',(#1165),#441,.F.);
#9691=ADVANCED_FACE('',(#1166),#676,.T.);
#9692=ADVANCED_FACE('',(#1167),#442,.F.);
#9693=ADVANCED_FACE('',(#1168),#677,.T.);
#9694=ADVANCED_FACE('',(#1169),#678,.T.);
#9695=ADVANCED_FACE('',(#1170),#679,.T.);
#9696=ADVANCED_FACE('',(#1171),#443,.F.);
#9697=ADVANCED_FACE('',(#1172),#680,.T.);
#9698=ADVANCED_FACE('',(#1173),#444,.F.);
#9699=ADVANCED_FACE('',(#1174),#681,.T.);
#9700=ADVANCED_FACE('',(#1175),#445,.F.);
#9701=ADVANCED_FACE('',(#1176),#682,.T.);
#9702=ADVANCED_FACE('',(#1177),#446,.F.);
#9703=ADVANCED_FACE('',(#1178),#122,.F.);
#9704=ADVANCED_FACE('',(#1179),#683,.T.);
#9705=ADVANCED_FACE('',(#1180),#684,.T.);
#9706=ADVANCED_FACE('',(#1181),#447,.F.);
#9707=ADVANCED_FACE('',(#1182),#685,.T.);
#9708=ADVANCED_FACE('',(#1183),#448,.F.);
#9709=ADVANCED_FACE('',(#1184),#686,.T.);
#9710=ADVANCED_FACE('',(#1185),#449,.F.);
#9711=ADVANCED_FACE('',(#1186),#687,.T.);
#9712=ADVANCED_FACE('',(#1187),#450,.F.);
#9713=ADVANCED_FACE('',(#1188),#451,.F.);
#9714=ADVANCED_FACE('',(#1189),#688,.T.);
#9715=ADVANCED_FACE('',(#1190),#452,.F.);
#9716=ADVANCED_FACE('',(#1191),#689,.T.);
#9717=ADVANCED_FACE('',(#1192),#453,.F.);
#9718=ADVANCED_FACE('',(#1193),#690,.T.);
#9719=ADVANCED_FACE('',(#1194),#454,.F.);
#9720=ADVANCED_FACE('',(#1195),#691,.T.);
#9721=ADVANCED_FACE('',(#1196),#692,.T.);
#9722=ADVANCED_FACE('',(#1197),#455,.F.);
#9723=ADVANCED_FACE('',(#1198),#693,.T.);
#9724=ADVANCED_FACE('',(#1199),#456,.F.);
#9725=ADVANCED_FACE('',(#1200),#694,.T.);
#9726=ADVANCED_FACE('',(#1201),#457,.F.);
#9727=ADVANCED_FACE('',(#1202),#695,.T.);
#9728=ADVANCED_FACE('',(#1203),#458,.F.);
#9729=ADVANCED_FACE('',(#1204),#696,.T.);
#9730=ADVANCED_FACE('',(#1205),#123,.F.);
#9731=ADVANCED_FACE('',(#1206),#697,.T.);
#9732=ADVANCED_FACE('',(#1207),#124,.F.);
#9733=ADVANCED_FACE('',(#1208),#125,.F.);
#9734=ADVANCED_FACE('',(#1209),#126,.F.);
#9735=ADVANCED_FACE('',(#1210),#698,.T.);
#9736=ADVANCED_FACE('',(#1211),#127,.F.);
#9737=ADVANCED_FACE('',(#1212),#699,.T.);
#9738=ADVANCED_FACE('',(#1213),#128,.T.);
#9739=ADVANCED_FACE('',(#1214),#700,.T.);
#9740=ADVANCED_FACE('',(#1215),#129,.T.);
#9741=ADVANCED_FACE('',(#1216),#459,.F.);
#9742=ADVANCED_FACE('',(#1217),#130,.F.);
#9743=ADVANCED_FACE('',(#1218),#460,.F.);
#9744=ADVANCED_FACE('',(#1219),#131,.F.);
#9745=ADVANCED_FACE('',(#1220),#461,.F.);
#9746=ADVANCED_FACE('',(#1221),#132,.F.);
#9747=ADVANCED_FACE('',(#1222),#462,.F.);
#9748=ADVANCED_FACE('',(#1223),#133,.F.);
#9749=ADVANCED_FACE('',(#1224),#463,.F.);
#9750=ADVANCED_FACE('',(#1225),#134,.F.);
#9751=ADVANCED_FACE('',(#1226),#464,.F.);
#9752=ADVANCED_FACE('',(#1227),#135,.F.);
#9753=ADVANCED_FACE('',(#1228),#465,.F.);
#9754=ADVANCED_FACE('',(#1229),#136,.F.);
#9755=ADVANCED_FACE('',(#1230),#701,.T.);
#9756=CLOSED_SHELL('',(#9227,#9228,#9229,#9230,#9231,#9232,#9233,#9234,
#9235,#9236,#9237,#9238,#9239,#9240,#9241,#9242,#9243,#9244,#9245,#9246,
#9247,#9248,#9249,#9250,#9251,#9252,#9253,#9254,#9255,#9256,#9257,#9258,
#9259,#9260,#9261,#9262,#9263,#9264,#9265,#9266,#9267,#9268,#9269,#9270,
#9271,#9272,#9273,#9274,#9275,#9276,#9277,#9278,#9279,#9280,#9281,#9282,
#9283,#9284,#9285,#9286,#9287,#9288,#9289,#9290,#9291,#9292,#9293,#9294,
#9295,#9296,#9297,#9298,#9299,#9300,#9301,#9302,#9303,#9304,#9305,#9306,
#9307,#9308,#9309,#9310,#9311,#9312,#9313,#9314,#9315,#9316,#9317,#9318,
#9319,#9320,#9321,#9322,#9323,#9324,#9325,#9326,#9327,#9328,#9329,#9330,
#9331,#9332,#9333,#9334,#9335,#9336,#9337,#9338,#9339,#9340,#9341,#9342,
#9343,#9344,#9345,#9346,#9347,#9348,#9349,#9350,#9351,#9352,#9353,#9354,
#9355,#9356,#9357,#9358,#9359,#9360,#9361,#9362,#9363,#9364,#9365,#9366,
#9367,#9368,#9369,#9370,#9371,#9372,#9373,#9374,#9375,#9376,#9377,#9378,
#9379,#9380,#9381,#9382,#9383,#9384,#9385,#9386,#9387,#9388,#9389,#9390,
#9391,#9392,#9393,#9394,#9395,#9396,#9397,#9398,#9399,#9400,#9401,#9402,
#9403,#9404,#9405,#9406,#9407,#9408,#9409,#9410,#9411,#9412,#9413,#9414,
#9415,#9416,#9417,#9418,#9419,#9420,#9421,#9422,#9423,#9424,#9425,#9426,
#9427,#9428,#9429,#9430,#9431,#9432,#9433,#9434,#9435,#9436,#9437,#9438,
#9439,#9440,#9441,#9442,#9443,#9444,#9445,#9446,#9447,#9448,#9449,#9450,
#9451,#9452,#9453,#9454,#9455,#9456,#9457,#9458,#9459,#9460,#9461,#9462,
#9463,#9464,#9465,#9466,#9467,#9468,#9469,#9470,#9471,#9472,#9473,#9474,
#9475,#9476,#9477,#9478,#9479,#9480,#9481,#9482,#9483,#9484,#9485,#9486,
#9487,#9488,#9489,#9490,#9491,#9492,#9493,#9494,#9495,#9496,#9497,#9498,
#9499,#9500,#9501,#9502,#9503,#9504,#9505,#9506,#9507,#9508,#9509,#9510,
#9511,#9512,#9513,#9514,#9515,#9516,#9517,#9518,#9519,#9520,#9521,#9522,
#9523,#9524,#9525,#9526,#9527,#9528,#9529,#9530,#9531,#9532,#9533,#9534,
#9535,#9536,#9537,#9538,#9539,#9540,#9541,#9542,#9543,#9544,#9545,#9546,
#9547,#9548,#9549,#9550,#9551,#9552,#9553,#9554,#9555,#9556,#9557,#9558,
#9559,#9560,#9561,#9562,#9563,#9564,#9565,#9566,#9567,#9568,#9569,#9570,
#9571,#9572,#9573,#9574,#9575,#9576,#9577,#9578,#9579,#9580,#9581,#9582,
#9583,#9584,#9585,#9586,#9587,#9588,#9589,#9590,#9591,#9592,#9593,#9594,
#9595,#9596,#9597,#9598,#9599,#9600,#9601,#9602,#9603,#9604,#9605,#9606,
#9607,#9608,#9609,#9610,#9611,#9612,#9613,#9614,#9615,#9616,#9617,#9618,
#9619,#9620,#9621,#9622,#9623,#9624,#9625,#9626,#9627,#9628,#9629,#9630,
#9631,#9632,#9633,#9634,#9635,#9636,#9637,#9638,#9639,#9640,#9641,#9642,
#9643,#9644,#9645,#9646,#9647,#9648,#9649,#9650,#9651,#9652,#9653,#9654,
#9655,#9656,#9657,#9658,#9659,#9660,#9661,#9662,#9663,#9664,#9665,#9666,
#9667,#9668,#9669,#9670,#9671,#9672,#9673,#9674,#9675,#9676,#9677,#9678,
#9679,#9680,#9681,#9682,#9683,#9684,#9685,#9686,#9687,#9688,#9689,#9690,
#9691,#9692,#9693,#9694,#9695,#9696,#9697,#9698,#9699,#9700,#9701,#9702,
#9703,#9704,#9705,#9706,#9707,#9708,#9709,#9710,#9711,#9712,#9713,#9714,
#9715,#9716,#9717,#9718,#9719,#9720,#9721,#9722,#9723,#9724,#9725,#9726,
#9727,#9728,#9729,#9730,#9731,#9732,#9733,#9734,#9735,#9736,#9737,#9738,
#9739,#9740,#9741,#9742,#9743,#9744,#9745,#9746,#9747,#9748,#9749,#9750,
#9751,#9752,#9753,#9754,#9755));
#9757=AXIS2_PLACEMENT_3D('',#12555,#10409,#10410);
#9758=AXIS2_PLACEMENT_3D('',#12574,#10413,#10414);
#9759=AXIS2_PLACEMENT_3D('',#12580,#10418,#10419);
#9760=AXIS2_PLACEMENT_3D('',#12586,#10423,#10424);
#9761=AXIS2_PLACEMENT_3D('',#12622,#10430,#10431);
#9762=AXIS2_PLACEMENT_3D('',#12628,#10435,#10436);
#9763=AXIS2_PLACEMENT_3D('',#12634,#10440,#10441);
#9764=AXIS2_PLACEMENT_3D('',#12640,#10445,#10446);
#9765=AXIS2_PLACEMENT_3D('',#12646,#10450,#10451);
#9766=AXIS2_PLACEMENT_3D('',#12652,#10455,#10456);
#9767=AXIS2_PLACEMENT_3D('',#12658,#10460,#10461);
#9768=AXIS2_PLACEMENT_3D('',#12664,#10465,#10466);
#9769=AXIS2_PLACEMENT_3D('',#12670,#10470,#10471);
#9770=AXIS2_PLACEMENT_3D('',#12676,#10475,#10476);
#9771=AXIS2_PLACEMENT_3D('',#12694,#10480,#10481);
#9772=AXIS2_PLACEMENT_3D('',#12773,#10488,#10489);
#9773=AXIS2_PLACEMENT_3D('',#12959,#10505,#10506);
#9774=AXIS2_PLACEMENT_3D('',#13130,#10521,#10522);
#9775=AXIS2_PLACEMENT_3D('',#13316,#10538,#10539);
#9776=AXIS2_PLACEMENT_3D('',#13439,#10550,#10551);
#9777=AXIS2_PLACEMENT_3D('',#13440,#10552,#10553);
#9778=AXIS2_PLACEMENT_3D('',#13449,#10558,#10559);
#9779=AXIS2_PLACEMENT_3D('',#13455,#10563,#10564);
#9780=AXIS2_PLACEMENT_3D('',#13461,#10568,#10569);
#9781=AXIS2_PLACEMENT_3D('',#13467,#10573,#10574);
#9782=AXIS2_PLACEMENT_3D('',#13473,#10578,#10579);
#9783=AXIS2_PLACEMENT_3D('',#13479,#10583,#10584);
#9784=AXIS2_PLACEMENT_3D('',#13485,#10588,#10589);
#9785=AXIS2_PLACEMENT_3D('',#13491,#10593,#10594);
#9786=AXIS2_PLACEMENT_3D('',#13497,#10598,#10599);
#9787=AXIS2_PLACEMENT_3D('',#13503,#10603,#10604);
#9788=AXIS2_PLACEMENT_3D('',#13509,#10608,#10609);
#9789=AXIS2_PLACEMENT_3D('',#13512,#10612,#10613);
#9790=AXIS2_PLACEMENT_3D('',#13576,#10619,#10620);
#9791=AXIS2_PLACEMENT_3D('',#13582,#10624,#10625);
#9792=AXIS2_PLACEMENT_3D('',#13588,#10629,#10630);
#9793=AXIS2_PLACEMENT_3D('',#13774,#10646,#10647);
#9794=AXIS2_PLACEMENT_3D('',#13780,#10651,#10652);
#9795=AXIS2_PLACEMENT_3D('',#13786,#10656,#10657);
#9796=AXIS2_PLACEMENT_3D('',#13909,#10668,#10669);
#9797=AXIS2_PLACEMENT_3D('',#14093,#10683,#10684);
#9798=AXIS2_PLACEMENT_3D('',#14099,#10688,#10689);
#9799=AXIS2_PLACEMENT_3D('',#14105,#10693,#10694);
#9800=AXIS2_PLACEMENT_3D('',#14291,#10710,#10711);
#9801=AXIS2_PLACEMENT_3D('',#14297,#10715,#10716);
#9802=AXIS2_PLACEMENT_3D('',#14303,#10720,#10721);
#9803=AXIS2_PLACEMENT_3D('',#14309,#10725,#10726);
#9804=AXIS2_PLACEMENT_3D('',#14315,#10730,#10731);
#9805=AXIS2_PLACEMENT_3D('',#14318,#10734,#10735);
#9806=AXIS2_PLACEMENT_3D('',#14319,#10736,#10737);
#9807=AXIS2_PLACEMENT_3D('',#14328,#10742,#10743);
#9808=AXIS2_PLACEMENT_3D('',#14334,#10747,#10748);
#9809=AXIS2_PLACEMENT_3D('',#14340,#10752,#10753);
#9810=AXIS2_PLACEMENT_3D('',#14346,#10757,#10758);
#9811=AXIS2_PLACEMENT_3D('',#14352,#10762,#10763);
#9812=AXIS2_PLACEMENT_3D('',#14358,#10767,#10768);
#9813=AXIS2_PLACEMENT_3D('',#14364,#10772,#10773);
#9814=AXIS2_PLACEMENT_3D('',#14367,#10776,#10777);
#9815=AXIS2_PLACEMENT_3D('',#14701,#10801,#10802);
#9816=AXIS2_PLACEMENT_3D('',#14707,#10806,#10807);
#9817=AXIS2_PLACEMENT_3D('',#14713,#10811,#10812);
#9818=AXIS2_PLACEMENT_3D('',#15169,#10846,#10847);
#9819=AXIS2_PLACEMENT_3D('',#15175,#10851,#10852);
#9820=AXIS2_PLACEMENT_3D('',#15181,#10856,#10857);
#9821=AXIS2_PLACEMENT_3D('',#15304,#10868,#10869);
#9822=AXIS2_PLACEMENT_3D('',#15305,#10870,#10871);
#9823=AXIS2_PLACEMENT_3D('',#15306,#10872,#10873);
#9824=AXIS2_PLACEMENT_3D('',#15307,#10874,#10875);
#9825=AXIS2_PLACEMENT_3D('',#15312,#10877,#10878);
#9826=AXIS2_PLACEMENT_3D('',#15315,#10880,#10881);
#9827=AXIS2_PLACEMENT_3D('',#15316,#10882,#10883);
#9828=AXIS2_PLACEMENT_3D('',#15322,#10887,#10888);
#9829=AXIS2_PLACEMENT_3D('',#15328,#10892,#10893);
#9830=AXIS2_PLACEMENT_3D('',#15330,#10894,#10895);
#9831=AXIS2_PLACEMENT_3D('',#15333,#10897,#10898);
#9832=AXIS2_PLACEMENT_3D('',#15334,#10899,#10900);
#9833=AXIS2_PLACEMENT_3D('',#15340,#10904,#10905);
#9834=AXIS2_PLACEMENT_3D('',#15346,#10909,#10910);
#9835=AXIS2_PLACEMENT_3D('',#15356,#10916,#10917);
#9836=AXIS2_PLACEMENT_3D('',#15358,#10918,#10919);
#9837=AXIS2_PLACEMENT_3D('',#15362,#10921,#10922);
#9838=AXIS2_PLACEMENT_3D('',#15366,#10924,#10925);
#9839=AXIS2_PLACEMENT_3D('',#15369,#10927,#10928);
#9840=AXIS2_PLACEMENT_3D('',#15375,#10931,#10932);
#9841=AXIS2_PLACEMENT_3D('',#15379,#10934,#10935);
#9842=AXIS2_PLACEMENT_3D('',#15383,#10937,#10938);
#9843=AXIS2_PLACEMENT_3D('',#15385,#10939,#10940);
#9844=AXIS2_PLACEMENT_3D('',#15387,#10941,#10942);
#9845=AXIS2_PLACEMENT_3D('',#15391,#10944,#10945);
#9846=AXIS2_PLACEMENT_3D('',#15395,#10947,#10948);
#9847=AXIS2_PLACEMENT_3D('',#15399,#10950,#10951);
#9848=AXIS2_PLACEMENT_3D('',#15403,#10953,#10954);
#9849=AXIS2_PLACEMENT_3D('',#15407,#10956,#10957);
#9850=AXIS2_PLACEMENT_3D('',#15409,#10958,#10959);
#9851=AXIS2_PLACEMENT_3D('',#15411,#10960,#10961);
#9852=AXIS2_PLACEMENT_3D('',#15415,#10963,#10964);
#9853=AXIS2_PLACEMENT_3D('',#15419,#10966,#10967);
#9854=AXIS2_PLACEMENT_3D('',#15423,#10969,#10970);
#9855=AXIS2_PLACEMENT_3D('',#15427,#10972,#10973);
#9856=AXIS2_PLACEMENT_3D('',#15431,#10975,#10976);
#9857=AXIS2_PLACEMENT_3D('',#15433,#10977,#10978);
#9858=AXIS2_PLACEMENT_3D('',#15435,#10979,#10980);
#9859=AXIS2_PLACEMENT_3D('',#15439,#10982,#10983);
#9860=AXIS2_PLACEMENT_3D('',#15443,#10985,#10986);
#9861=AXIS2_PLACEMENT_3D('',#15447,#10988,#10989);
#9862=AXIS2_PLACEMENT_3D('',#15449,#10990,#10991);
#9863=AXIS2_PLACEMENT_3D('',#15451,#10992,#10993);
#9864=AXIS2_PLACEMENT_3D('',#15455,#10995,#10996);
#9865=AXIS2_PLACEMENT_3D('',#15459,#10998,#10999);
#9866=AXIS2_PLACEMENT_3D('',#15463,#11001,#11002);
#9867=AXIS2_PLACEMENT_3D('',#15467,#11004,#11005);
#9868=AXIS2_PLACEMENT_3D('',#15469,#11006,#11007);
#9869=AXIS2_PLACEMENT_3D('',#15471,#11008,#11009);
#9870=AXIS2_PLACEMENT_3D('',#15475,#11011,#11012);
#9871=AXIS2_PLACEMENT_3D('',#15479,#11014,#11015);
#9872=AXIS2_PLACEMENT_3D('',#15483,#11017,#11018);
#9873=AXIS2_PLACEMENT_3D('',#15487,#11020,#11021);
#9874=AXIS2_PLACEMENT_3D('',#15491,#11023,#11024);
#9875=AXIS2_PLACEMENT_3D('',#15493,#11025,#11026);
#9876=AXIS2_PLACEMENT_3D('',#15495,#11027,#11028);
#9877=AXIS2_PLACEMENT_3D('',#15499,#11030,#11031);
#9878=AXIS2_PLACEMENT_3D('',#15503,#11033,#11034);
#9879=AXIS2_PLACEMENT_3D('',#15507,#11036,#11037);
#9880=AXIS2_PLACEMENT_3D('',#15511,#11039,#11040);
#9881=AXIS2_PLACEMENT_3D('',#15515,#11042,#11043);
#9882=AXIS2_PLACEMENT_3D('',#15517,#11044,#11045);
#9883=AXIS2_PLACEMENT_3D('',#15519,#11046,#11047);
#9884=AXIS2_PLACEMENT_3D('',#15523,#11049,#11050);
#9885=AXIS2_PLACEMENT_3D('',#15527,#11052,#11053);
#9886=AXIS2_PLACEMENT_3D('',#15531,#11055,#11056);
#9887=AXIS2_PLACEMENT_3D('',#15535,#11058,#11059);
#9888=AXIS2_PLACEMENT_3D('',#15537,#11060,#11061);
#9889=AXIS2_PLACEMENT_3D('',#15539,#11062,#11063);
#9890=AXIS2_PLACEMENT_3D('',#15543,#11065,#11066);
#9891=AXIS2_PLACEMENT_3D('',#15547,#11068,#11069);
#9892=AXIS2_PLACEMENT_3D('',#15551,#11071,#11072);
#9893=AXIS2_PLACEMENT_3D('',#15553,#11073,#11074);
#9894=AXIS2_PLACEMENT_3D('',#15555,#11075,#11076);
#9895=AXIS2_PLACEMENT_3D('',#15559,#11078,#11079);
#9896=AXIS2_PLACEMENT_3D('',#15563,#11081,#11082);
#9897=AXIS2_PLACEMENT_3D('',#15566,#11084,#11085);
#9898=AXIS2_PLACEMENT_3D('',#15568,#11086,#11087);
#9899=AXIS2_PLACEMENT_3D('',#15570,#11088,#11089);
#9900=AXIS2_PLACEMENT_3D('',#15572,#11090,#11091);
#9901=AXIS2_PLACEMENT_3D('',#15574,#11092,#11093);
#9902=AXIS2_PLACEMENT_3D('',#15576,#11094,#11095);
#9903=AXIS2_PLACEMENT_3D('',#15578,#11096,#11097);
#9904=AXIS2_PLACEMENT_3D('',#15580,#11098,#11099);
#9905=AXIS2_PLACEMENT_3D('',#15581,#11100,#11101);
#9906=AXIS2_PLACEMENT_3D('',#15585,#11104,#11105);
#9907=AXIS2_PLACEMENT_3D('',#15588,#11107,#11108);
#9908=AXIS2_PLACEMENT_3D('',#15589,#11109,#11110);
#9909=AXIS2_PLACEMENT_3D('',#15593,#11113,#11114);
#9910=AXIS2_PLACEMENT_3D('',#15594,#11115,#11116);
#9911=AXIS2_PLACEMENT_3D('',#15595,#11117,#11118);
#9912=AXIS2_PLACEMENT_3D('',#15598,#11120,#11121);
#9913=AXIS2_PLACEMENT_3D('',#15599,#11122,#11123);
#9914=AXIS2_PLACEMENT_3D('',#15600,#11124,#11125);
#9915=AXIS2_PLACEMENT_3D('',#15603,#11127,#11128);
#9916=AXIS2_PLACEMENT_3D('',#15604,#11129,#11130);
#9917=AXIS2_PLACEMENT_3D('',#15605,#11131,#11132);
#9918=AXIS2_PLACEMENT_3D('',#15608,#11134,#11135);
#9919=AXIS2_PLACEMENT_3D('',#15609,#11136,#11137);
#9920=AXIS2_PLACEMENT_3D('',#15610,#11138,#11139);
#9921=AXIS2_PLACEMENT_3D('',#15613,#11141,#11142);
#9922=AXIS2_PLACEMENT_3D('',#15614,#11143,#11144);
#9923=AXIS2_PLACEMENT_3D('',#15615,#11145,#11146);
#9924=AXIS2_PLACEMENT_3D('',#15618,#11148,#11149);
#9925=AXIS2_PLACEMENT_3D('',#15619,#11150,#11151);
#9926=AXIS2_PLACEMENT_3D('',#15620,#11152,#11153);
#9927=AXIS2_PLACEMENT_3D('',#15623,#11155,#11156);
#9928=AXIS2_PLACEMENT_3D('',#15624,#11157,#11158);
#9929=AXIS2_PLACEMENT_3D('',#15625,#11159,#11160);
#9930=AXIS2_PLACEMENT_3D('',#15628,#11162,#11163);
#9931=AXIS2_PLACEMENT_3D('',#15629,#11164,#11165);
#9932=AXIS2_PLACEMENT_3D('',#15630,#11166,#11167);
#9933=AXIS2_PLACEMENT_3D('',#15633,#11169,#11170);
#9934=AXIS2_PLACEMENT_3D('',#15634,#11171,#11172);
#9935=AXIS2_PLACEMENT_3D('',#15635,#11173,#11174);
#9936=AXIS2_PLACEMENT_3D('',#15639,#11176,#11177);
#9937=AXIS2_PLACEMENT_3D('',#15641,#11179,#11180);
#9938=AXIS2_PLACEMENT_3D('',#15644,#11182,#11183);
#9939=AXIS2_PLACEMENT_3D('',#15645,#11184,#11185);
#9940=AXIS2_PLACEMENT_3D('',#15648,#11187,#11188);
#9941=AXIS2_PLACEMENT_3D('',#15649,#11189,#11190);
#9942=AXIS2_PLACEMENT_3D('',#15653,#11193,#11194);
#9943=AXIS2_PLACEMENT_3D('',#15657,#11196,#11197);
#9944=AXIS2_PLACEMENT_3D('',#15659,#11199,#11200);
#9945=AXIS2_PLACEMENT_3D('',#15662,#11202,#11203);
#9946=AXIS2_PLACEMENT_3D('',#15663,#11204,#11205);
#9947=AXIS2_PLACEMENT_3D('',#15666,#11207,#11208);
#9948=AXIS2_PLACEMENT_3D('',#15667,#11209,#11210);
#9949=AXIS2_PLACEMENT_3D('',#15671,#11213,#11214);
#9950=AXIS2_PLACEMENT_3D('',#15675,#11216,#11217);
#9951=AXIS2_PLACEMENT_3D('',#15677,#11219,#11220);
#9952=AXIS2_PLACEMENT_3D('',#15680,#11222,#11223);
#9953=AXIS2_PLACEMENT_3D('',#15681,#11224,#11225);
#9954=AXIS2_PLACEMENT_3D('',#15684,#11227,#11228);
#9955=AXIS2_PLACEMENT_3D('',#15685,#11229,#11230);
#9956=AXIS2_PLACEMENT_3D('',#15689,#11233,#11234);
#9957=AXIS2_PLACEMENT_3D('',#15693,#11236,#11237);
#9958=AXIS2_PLACEMENT_3D('',#15695,#11239,#11240);
#9959=AXIS2_PLACEMENT_3D('',#15697,#11241,#11242);
#9960=AXIS2_PLACEMENT_3D('',#15699,#11244,#11245);
#9961=AXIS2_PLACEMENT_3D('',#15701,#11246,#11247);
#9962=AXIS2_PLACEMENT_3D('',#15703,#11249,#11250);
#9963=AXIS2_PLACEMENT_3D('',#15707,#11252,#11253);
#9964=AXIS2_PLACEMENT_3D('',#15709,#11255,#11256);
#9965=AXIS2_PLACEMENT_3D('',#15711,#11257,#11258);
#9966=AXIS2_PLACEMENT_3D('',#15713,#11260,#11261);
#9967=AXIS2_PLACEMENT_3D('',#15715,#11262,#11263);
#9968=AXIS2_PLACEMENT_3D('',#15717,#11265,#11266);
#9969=AXIS2_PLACEMENT_3D('',#15721,#11268,#11269);
#9970=AXIS2_PLACEMENT_3D('',#15723,#11271,#11272);
#9971=AXIS2_PLACEMENT_3D('',#15725,#11273,#11274);
#9972=AXIS2_PLACEMENT_3D('',#15727,#11276,#11277);
#9973=AXIS2_PLACEMENT_3D('',#15729,#11278,#11279);
#9974=AXIS2_PLACEMENT_3D('',#15731,#11281,#11282);
#9975=AXIS2_PLACEMENT_3D('',#15735,#11284,#11285);
#9976=AXIS2_PLACEMENT_3D('',#15737,#11287,#11288);
#9977=AXIS2_PLACEMENT_3D('',#15739,#11289,#11290);
#9978=AXIS2_PLACEMENT_3D('',#15741,#11292,#11293);
#9979=AXIS2_PLACEMENT_3D('',#15743,#11294,#11295);
#9980=AXIS2_PLACEMENT_3D('',#15745,#11297,#11298);
#9981=AXIS2_PLACEMENT_3D('',#15749,#11301,#11302);
#9982=AXIS2_PLACEMENT_3D('',#15753,#11305,#11306);
#9983=AXIS2_PLACEMENT_3D('',#15757,#11309,#11310);
#9984=AXIS2_PLACEMENT_3D('',#15761,#11313,#11314);
#9985=AXIS2_PLACEMENT_3D('',#15765,#11317,#11318);
#9986=AXIS2_PLACEMENT_3D('',#15769,#11321,#11322);
#9987=AXIS2_PLACEMENT_3D('',#15773,#11325,#11326);
#9988=AXIS2_PLACEMENT_3D('',#15777,#11329,#11330);
#9989=AXIS2_PLACEMENT_3D('',#15781,#11333,#11334);
#9990=AXIS2_PLACEMENT_3D('',#15785,#11337,#11338);
#9991=AXIS2_PLACEMENT_3D('',#15789,#11341,#11342);
#9992=AXIS2_PLACEMENT_3D('',#15798,#11347,#11348);
#9993=AXIS2_PLACEMENT_3D('',#15807,#11353,#11354);
#9994=AXIS2_PLACEMENT_3D('',#15816,#11359,#11360);
#9995=AXIS2_PLACEMENT_3D('',#15825,#11365,#11366);
#9996=AXIS2_PLACEMENT_3D('',#15835,#11372,#11373);
#9997=AXIS2_PLACEMENT_3D('',#15839,#11375,#11376);
#9998=AXIS2_PLACEMENT_3D('',#15841,#11378,#11379);
#9999=AXIS2_PLACEMENT_3D('',#15844,#11381,#11382);
#10000=AXIS2_PLACEMENT_3D('',#15845,#11383,#11384);
#10001=AXIS2_PLACEMENT_3D('',#15848,#11385,#11386);
#10002=AXIS2_PLACEMENT_3D('',#15851,#11389,#11390);
#10003=AXIS2_PLACEMENT_3D('',#15860,#11395,#11396);
#10004=AXIS2_PLACEMENT_3D('',#15861,#11397,#11398);
#10005=AXIS2_PLACEMENT_3D('',#15862,#11399,#11400);
#10006=AXIS2_PLACEMENT_3D('',#15863,#11401,#11402);
#10007=AXIS2_PLACEMENT_3D('',#15867,#11404,#11405);
#10008=AXIS2_PLACEMENT_3D('',#15869,#11407,#11408);
#10009=AXIS2_PLACEMENT_3D('',#15924,#11438,#11439);
#10010=AXIS2_PLACEMENT_3D('',#15927,#11441,#11442);
#10011=AXIS2_PLACEMENT_3D('',#15928,#11443,#11444);
#10012=AXIS2_PLACEMENT_3D('',#15932,#11447,#11448);
#10013=AXIS2_PLACEMENT_3D('',#15935,#11450,#11451);
#10014=AXIS2_PLACEMENT_3D('',#15936,#11452,#11453);
#10015=AXIS2_PLACEMENT_3D('',#15938,#11454,#11455);
#10016=AXIS2_PLACEMENT_3D('',#15940,#11457,#11458);
#10017=AXIS2_PLACEMENT_3D('',#15943,#11460,#11461);
#10018=AXIS2_PLACEMENT_3D('',#15944,#11462,#11463);
#10019=AXIS2_PLACEMENT_3D('',#15946,#11464,#11465);
#10020=AXIS2_PLACEMENT_3D('',#15948,#11467,#11468);
#10021=AXIS2_PLACEMENT_3D('',#15951,#11470,#11471);
#10022=AXIS2_PLACEMENT_3D('',#15952,#11472,#11473);
#10023=AXIS2_PLACEMENT_3D('',#15954,#11474,#11475);
#10024=AXIS2_PLACEMENT_3D('',#15956,#11477,#11478);
#10025=AXIS2_PLACEMENT_3D('',#15960,#11481,#11482);
#10026=AXIS2_PLACEMENT_3D('',#15963,#11483,#11484);
#10027=AXIS2_PLACEMENT_3D('',#15966,#11487,#11488);
#10028=AXIS2_PLACEMENT_3D('',#15968,#11490,#11491);
#10029=AXIS2_PLACEMENT_3D('',#15971,#11492,#11493);
#10030=AXIS2_PLACEMENT_3D('',#15974,#11496,#11497);
#10031=AXIS2_PLACEMENT_3D('',#15978,#11500,#11501);
#10032=AXIS2_PLACEMENT_3D('',#15980,#11502,#11503);
#10033=AXIS2_PLACEMENT_3D('',#15982,#11504,#11505);
#10034=AXIS2_PLACEMENT_3D('',#15984,#11507,#11508);
#10035=AXIS2_PLACEMENT_3D('',#15986,#11509,#11510);
#10036=AXIS2_PLACEMENT_3D('',#15990,#11512,#11513);
#10037=AXIS2_PLACEMENT_3D('',#15993,#11515,#11516);
#10038=AXIS2_PLACEMENT_3D('',#15994,#11517,#11518);
#10039=AXIS2_PLACEMENT_3D('',#15996,#11519,#11520);
#10040=AXIS2_PLACEMENT_3D('',#15999,#11522,#11523);
#10041=AXIS2_PLACEMENT_3D('',#16003,#11525,#11526);
#10042=AXIS2_PLACEMENT_3D('',#16007,#11528,#11529);
#10043=AXIS2_PLACEMENT_3D('',#16010,#11531,#11532);
#10044=AXIS2_PLACEMENT_3D('',#16012,#11533,#11534);
#10045=AXIS2_PLACEMENT_3D('',#16016,#11536,#11537);
#10046=AXIS2_PLACEMENT_3D('',#16020,#11539,#11540);
#10047=AXIS2_PLACEMENT_3D('',#16023,#11542,#11543);
#10048=AXIS2_PLACEMENT_3D('',#16025,#11544,#11545);
#10049=AXIS2_PLACEMENT_3D('',#16029,#11547,#11548);
#10050=AXIS2_PLACEMENT_3D('',#16034,#11551,#11552);
#10051=AXIS2_PLACEMENT_3D('',#16036,#11553,#11554);
#10052=AXIS2_PLACEMENT_3D('',#16040,#11556,#11557);
#10053=AXIS2_PLACEMENT_3D('',#16045,#11560,#11561);
#10054=AXIS2_PLACEMENT_3D('',#16047,#11562,#11563);
#10055=AXIS2_PLACEMENT_3D('',#16051,#11565,#11566);
#10056=AXIS2_PLACEMENT_3D('',#16054,#11568,#11569);
#10057=AXIS2_PLACEMENT_3D('',#16055,#11570,#11571);
#10058=AXIS2_PLACEMENT_3D('',#16059,#11573,#11574);
#10059=AXIS2_PLACEMENT_3D('',#16062,#11576,#11577);
#10060=AXIS2_PLACEMENT_3D('',#16064,#11578,#11579);
#10061=AXIS2_PLACEMENT_3D('',#16068,#11581,#11582);
#10062=AXIS2_PLACEMENT_3D('',#16072,#11584,#11585);
#10063=AXIS2_PLACEMENT_3D('',#16075,#11587,#11588);
#10064=AXIS2_PLACEMENT_3D('',#16077,#11589,#11590);
#10065=AXIS2_PLACEMENT_3D('',#16081,#11592,#11593);
#10066=AXIS2_PLACEMENT_3D('',#16085,#11595,#11596);
#10067=AXIS2_PLACEMENT_3D('',#16088,#11598,#11599);
#10068=AXIS2_PLACEMENT_3D('',#16090,#11600,#11601);
#10069=AXIS2_PLACEMENT_3D('',#16093,#11603,#11604);
#10070=AXIS2_PLACEMENT_3D('',#16096,#11606,#11607);
#10071=AXIS2_PLACEMENT_3D('',#16098,#11608,#11609);
#10072=AXIS2_PLACEMENT_3D('',#16100,#11610,#11611);
#10073=AXIS2_PLACEMENT_3D('',#16104,#11613,#11614);
#10074=AXIS2_PLACEMENT_3D('',#16108,#11616,#11617);
#10075=AXIS2_PLACEMENT_3D('',#16111,#11619,#11620);
#10076=AXIS2_PLACEMENT_3D('',#16115,#11622,#11623);
#10077=AXIS2_PLACEMENT_3D('',#16119,#11625,#11626);
#10078=AXIS2_PLACEMENT_3D('',#16123,#11628,#11629);
#10079=AXIS2_PLACEMENT_3D('',#16127,#11631,#11632);
#10080=AXIS2_PLACEMENT_3D('',#16131,#11634,#11635);
#10081=AXIS2_PLACEMENT_3D('',#16135,#11637,#11638);
#10082=AXIS2_PLACEMENT_3D('',#16138,#11640,#11641);
#10083=AXIS2_PLACEMENT_3D('',#16140,#11642,#11643);
#10084=AXIS2_PLACEMENT_3D('',#16142,#11644,#11645);
#10085=AXIS2_PLACEMENT_3D('',#16144,#11646,#11647);
#10086=AXIS2_PLACEMENT_3D('',#16146,#11648,#11649);
#10087=AXIS2_PLACEMENT_3D('',#16150,#11651,#11652);
#10088=AXIS2_PLACEMENT_3D('',#16154,#11654,#11655);
#10089=AXIS2_PLACEMENT_3D('',#16157,#11657,#11658);
#10090=AXIS2_PLACEMENT_3D('',#16158,#11659,#11660);
#10091=AXIS2_PLACEMENT_3D('',#16161,#11662,#11663);
#10092=AXIS2_PLACEMENT_3D('',#16162,#11664,#11665);
#10093=AXIS2_PLACEMENT_3D('',#16164,#11666,#11667);
#10094=AXIS2_PLACEMENT_3D('',#16165,#11668,#11669);
#10095=AXIS2_PLACEMENT_3D('',#16170,#11672,#11673);
#10096=AXIS2_PLACEMENT_3D('',#16171,#11674,#11675);
#10097=AXIS2_PLACEMENT_3D('',#16173,#11676,#11677);
#10098=AXIS2_PLACEMENT_3D('',#16174,#11678,#11679);
#10099=AXIS2_PLACEMENT_3D('',#16176,#11681,#11682);
#10100=AXIS2_PLACEMENT_3D('',#16178,#11684,#11685);
#10101=AXIS2_PLACEMENT_3D('',#16181,#11687,#11688);
#10102=AXIS2_PLACEMENT_3D('',#16183,#11689,#11690);
#10103=AXIS2_PLACEMENT_3D('',#16186,#11692,#11693);
#10104=AXIS2_PLACEMENT_3D('',#16187,#11694,#11695);
#10105=AXIS2_PLACEMENT_3D('',#16189,#11697,#11698);
#10106=AXIS2_PLACEMENT_3D('',#16191,#11700,#11701);
#10107=AXIS2_PLACEMENT_3D('',#16193,#11703,#11704);
#10108=AXIS2_PLACEMENT_3D('',#16195,#11706,#11707);
#10109=AXIS2_PLACEMENT_3D('',#16201,#11711,#11712);
#10110=AXIS2_PLACEMENT_3D('',#16202,#11713,#11714);
#10111=AXIS2_PLACEMENT_3D('',#16203,#11715,#11716);
#10112=AXIS2_PLACEMENT_3D('',#16207,#11718,#11719);
#10113=AXIS2_PLACEMENT_3D('',#16209,#11721,#11722);
#10114=AXIS2_PLACEMENT_3D('',#16213,#11725,#11726);
#10115=AXIS2_PLACEMENT_3D('',#16214,#11727,#11728);
#10116=AXIS2_PLACEMENT_3D('',#16215,#11729,#11730);
#10117=AXIS2_PLACEMENT_3D('',#16218,#11732,#11733);
#10118=AXIS2_PLACEMENT_3D('',#16219,#11734,#11735);
#10119=AXIS2_PLACEMENT_3D('',#16223,#11738,#11739);
#10120=AXIS2_PLACEMENT_3D('',#16226,#11741,#11742);
#10121=AXIS2_PLACEMENT_3D('',#16227,#11743,#11744);
#10122=AXIS2_PLACEMENT_3D('',#16231,#11747,#11748);
#10123=AXIS2_PLACEMENT_3D('',#16234,#11750,#11751);
#10124=AXIS2_PLACEMENT_3D('',#16235,#11752,#11753);
#10125=AXIS2_PLACEMENT_3D('',#16239,#11756,#11757);
#10126=AXIS2_PLACEMENT_3D('',#16240,#11758,#11759);
#10127=AXIS2_PLACEMENT_3D('',#16241,#11760,#11761);
#10128=AXIS2_PLACEMENT_3D('',#16244,#11763,#11764);
#10129=AXIS2_PLACEMENT_3D('',#16245,#11765,#11766);
#10130=AXIS2_PLACEMENT_3D('',#16249,#11769,#11770);
#10131=AXIS2_PLACEMENT_3D('',#16252,#11772,#11773);
#10132=AXIS2_PLACEMENT_3D('',#16253,#11774,#11775);
#10133=AXIS2_PLACEMENT_3D('',#16257,#11778,#11779);
#10134=AXIS2_PLACEMENT_3D('',#16258,#11780,#11781);
#10135=AXIS2_PLACEMENT_3D('',#16259,#11782,#11783);
#10136=AXIS2_PLACEMENT_3D('',#16262,#11785,#11786);
#10137=AXIS2_PLACEMENT_3D('',#16263,#11787,#11788);
#10138=AXIS2_PLACEMENT_3D('',#16267,#11791,#11792);
#10139=AXIS2_PLACEMENT_3D('',#16270,#11794,#11795);
#10140=AXIS2_PLACEMENT_3D('',#16271,#11796,#11797);
#10141=AXIS2_PLACEMENT_3D('',#16275,#11800,#11801);
#10142=AXIS2_PLACEMENT_3D('',#16278,#11803,#11804);
#10143=AXIS2_PLACEMENT_3D('',#16279,#11805,#11806);
#10144=AXIS2_PLACEMENT_3D('',#16282,#11808,#11809);
#10145=AXIS2_PLACEMENT_3D('',#16283,#11810,#11811);
#10146=AXIS2_PLACEMENT_3D('',#16287,#11814,#11815);
#10147=AXIS2_PLACEMENT_3D('',#16290,#11817,#11818);
#10148=AXIS2_PLACEMENT_3D('',#16291,#11819,#11820);
#10149=AXIS2_PLACEMENT_3D('',#16295,#11823,#11824);
#10150=AXIS2_PLACEMENT_3D('',#16298,#11826,#11827);
#10151=AXIS2_PLACEMENT_3D('',#16299,#11828,#11829);
#10152=AXIS2_PLACEMENT_3D('',#16303,#11832,#11833);
#10153=AXIS2_PLACEMENT_3D('',#16306,#11835,#11836);
#10154=AXIS2_PLACEMENT_3D('',#16307,#11837,#11838);
#10155=AXIS2_PLACEMENT_3D('',#16311,#11841,#11842);
#10156=AXIS2_PLACEMENT_3D('',#16314,#11844,#11845);
#10157=AXIS2_PLACEMENT_3D('',#16315,#11846,#11847);
#10158=AXIS2_PLACEMENT_3D('',#16317,#11849,#11850);
#10159=AXIS2_PLACEMENT_3D('',#16319,#11852,#11853);
#10160=AXIS2_PLACEMENT_3D('',#16320,#11854,#11855);
#10161=AXIS2_PLACEMENT_3D('',#16321,#11856,#11857);
#10162=AXIS2_PLACEMENT_3D('',#16322,#11858,#11859);
#10163=AXIS2_PLACEMENT_3D('',#16323,#11860,#11861);
#10164=AXIS2_PLACEMENT_3D('',#16324,#11862,#11863);
#10165=AXIS2_PLACEMENT_3D('',#16325,#11864,#11865);
#10166=AXIS2_PLACEMENT_3D('',#16326,#11866,#11867);
#10167=AXIS2_PLACEMENT_3D('',#16328,#11869,#11870);
#10168=AXIS2_PLACEMENT_3D('',#16330,#11872,#11873);
#10169=AXIS2_PLACEMENT_3D('',#16332,#11875,#11876);
#10170=AXIS2_PLACEMENT_3D('',#16333,#11877,#11878);
#10171=AXIS2_PLACEMENT_3D('',#16335,#11880,#11881);
#10172=AXIS2_PLACEMENT_3D('',#16337,#11883,#11884);
#10173=AXIS2_PLACEMENT_3D('',#16339,#11886,#11887);
#10174=AXIS2_PLACEMENT_3D('',#16341,#11889,#11890);
#10175=AXIS2_PLACEMENT_3D('',#16343,#11892,#11893);
#10176=AXIS2_PLACEMENT_3D('',#16345,#11895,#11896);
#10177=AXIS2_PLACEMENT_3D('',#16346,#11897,#11898);
#10178=AXIS2_PLACEMENT_3D('',#16348,#11900,#11901);
#10179=AXIS2_PLACEMENT_3D('',#16350,#11903,#11904);
#10180=AXIS2_PLACEMENT_3D('',#16352,#11906,#11907);
#10181=AXIS2_PLACEMENT_3D('',#16354,#11909,#11910);
#10182=AXIS2_PLACEMENT_3D('',#16356,#11912,#11913);
#10183=AXIS2_PLACEMENT_3D('',#16358,#11915,#11916);
#10184=AXIS2_PLACEMENT_3D('',#16359,#11917,#11918);
#10185=AXIS2_PLACEMENT_3D('',#16361,#11920,#11921);
#10186=AXIS2_PLACEMENT_3D('',#16362,#11922,#11923);
#10187=AXIS2_PLACEMENT_3D('',#16363,#11924,#11925);
#10188=AXIS2_PLACEMENT_3D('',#16364,#11926,#11927);
#10189=AXIS2_PLACEMENT_3D('',#16368,#11930,#11931);
#10190=AXIS2_PLACEMENT_3D('',#16372,#11933,#11934);
#10191=AXIS2_PLACEMENT_3D('',#16374,#11936,#11937);
#10192=AXIS2_PLACEMENT_3D('',#16378,#11940,#11941);
#10193=AXIS2_PLACEMENT_3D('',#16379,#11942,#11943);
#10194=AXIS2_PLACEMENT_3D('',#16380,#11944,#11945);
#10195=AXIS2_PLACEMENT_3D('',#16383,#11947,#11948);
#10196=AXIS2_PLACEMENT_3D('',#16384,#11949,#11950);
#10197=AXIS2_PLACEMENT_3D('',#16388,#11953,#11954);
#10198=AXIS2_PLACEMENT_3D('',#16391,#11956,#11957);
#10199=AXIS2_PLACEMENT_3D('',#16392,#11958,#11959);
#10200=AXIS2_PLACEMENT_3D('',#16396,#11962,#11963);
#10201=AXIS2_PLACEMENT_3D('',#16397,#11964,#11965);
#10202=AXIS2_PLACEMENT_3D('',#16398,#11966,#11967);
#10203=AXIS2_PLACEMENT_3D('',#16401,#11968,#11969);
#10204=AXIS2_PLACEMENT_3D('',#16403,#11970,#11971);
#10205=AXIS2_PLACEMENT_3D('',#16405,#11972,#11973);
#10206=AXIS2_PLACEMENT_3D('',#16406,#11974,#11975);
#10207=AXIS2_PLACEMENT_3D('',#16407,#11976,#11977);
#10208=AXIS2_PLACEMENT_3D('',#16410,#11978,#11979);
#10209=AXIS2_PLACEMENT_3D('',#16413,#11982,#11983);
#10210=AXIS2_PLACEMENT_3D('',#16416,#11984,#11985);
#10211=AXIS2_PLACEMENT_3D('',#16417,#11986,#11987);
#10212=AXIS2_PLACEMENT_3D('',#16418,#11988,#11989);
#10213=AXIS2_PLACEMENT_3D('',#16419,#11990,#11991);
#10214=AXIS2_PLACEMENT_3D('',#16422,#11992,#11993);
#10215=AXIS2_PLACEMENT_3D('',#16425,#11996,#11997);
#10216=AXIS2_PLACEMENT_3D('',#16427,#11998,#11999);
#10217=AXIS2_PLACEMENT_3D('',#16428,#12000,#12001);
#10218=AXIS2_PLACEMENT_3D('',#16429,#12002,#12003);
#10219=AXIS2_PLACEMENT_3D('',#16430,#12004,#12005);
#10220=AXIS2_PLACEMENT_3D('',#16432,#12006,#12007);
#10221=AXIS2_PLACEMENT_3D('',#16434,#12009,#12010);
#10222=AXIS2_PLACEMENT_3D('',#16437,#12011,#12012);
#10223=AXIS2_PLACEMENT_3D('',#16438,#12013,#12014);
#10224=AXIS2_PLACEMENT_3D('',#16439,#12015,#12016);
#10225=AXIS2_PLACEMENT_3D('',#16440,#12017,#12018);
#10226=AXIS2_PLACEMENT_3D('',#16443,#12021,#12022);
#10227=AXIS2_PLACEMENT_3D('',#16445,#12024,#12025);
#10228=AXIS2_PLACEMENT_3D('',#16447,#12027,#12028);
#10229=AXIS2_PLACEMENT_3D('',#16449,#12030,#12031);
#10230=AXIS2_PLACEMENT_3D('',#16454,#12033,#12034);
#10231=AXIS2_PLACEMENT_3D('',#16458,#12036,#12037);
#10232=AXIS2_PLACEMENT_3D('',#16462,#12039,#12040);
#10233=AXIS2_PLACEMENT_3D('',#16465,#12042,#12043);
#10234=AXIS2_PLACEMENT_3D('',#16470,#12045,#12046);
#10235=AXIS2_PLACEMENT_3D('',#16474,#12048,#12049);
#10236=AXIS2_PLACEMENT_3D('',#16478,#12051,#12052);
#10237=AXIS2_PLACEMENT_3D('',#16484,#12055,#12056);
#10238=AXIS2_PLACEMENT_3D('',#16488,#12058,#12059);
#10239=AXIS2_PLACEMENT_3D('',#16492,#12061,#12062);
#10240=AXIS2_PLACEMENT_3D('',#16495,#12064,#12065);
#10241=AXIS2_PLACEMENT_3D('',#16498,#12066,#12067);
#10242=AXIS2_PLACEMENT_3D('',#16502,#12069,#12070);
#10243=AXIS2_PLACEMENT_3D('',#16506,#12072,#12073);
#10244=AXIS2_PLACEMENT_3D('',#16510,#12075,#12076);
#10245=AXIS2_PLACEMENT_3D('',#16516,#12079,#12080);
#10246=AXIS2_PLACEMENT_3D('',#16520,#12082,#12083);
#10247=AXIS2_PLACEMENT_3D('',#16524,#12085,#12086);
#10248=AXIS2_PLACEMENT_3D('',#16527,#12088,#12089);
#10249=AXIS2_PLACEMENT_3D('',#16532,#12091,#12092);
#10250=AXIS2_PLACEMENT_3D('',#16536,#12094,#12095);
#10251=AXIS2_PLACEMENT_3D('',#16540,#12097,#12098);
#10252=AXIS2_PLACEMENT_3D('',#16543,#12100,#12101);
#10253=AXIS2_PLACEMENT_3D('',#16548,#12103,#12104);
#10254=AXIS2_PLACEMENT_3D('',#16552,#12106,#12107);
#10255=AXIS2_PLACEMENT_3D('',#16556,#12109,#12110);
#10256=AXIS2_PLACEMENT_3D('',#16562,#12113,#12114);
#10257=AXIS2_PLACEMENT_3D('',#16566,#12116,#12117);
#10258=AXIS2_PLACEMENT_3D('',#16570,#12119,#12120);
#10259=AXIS2_PLACEMENT_3D('',#16573,#12122,#12123);
#10260=AXIS2_PLACEMENT_3D('',#16578,#12125,#12126);
#10261=AXIS2_PLACEMENT_3D('',#16582,#12128,#12129);
#10262=AXIS2_PLACEMENT_3D('',#16586,#12131,#12132);
#10263=AXIS2_PLACEMENT_3D('',#16590,#12134,#12135);
#10264=AXIS2_PLACEMENT_3D('',#16594,#12137,#12138);
#10265=AXIS2_PLACEMENT_3D('',#16598,#12140,#12141);
#10266=AXIS2_PLACEMENT_3D('',#16602,#12143,#12144);
#10267=AXIS2_PLACEMENT_3D('',#16605,#12146,#12147);
#10268=AXIS2_PLACEMENT_3D('',#16606,#12148,#12149);
#10269=AXIS2_PLACEMENT_3D('',#16609,#12152,#12153);
#10270=AXIS2_PLACEMENT_3D('',#16611,#12155,#12156);
#10271=AXIS2_PLACEMENT_3D('',#16613,#12158,#12159);
#10272=AXIS2_PLACEMENT_3D('',#16615,#12161,#12162);
#10273=AXIS2_PLACEMENT_3D('',#16617,#12164,#12165);
#10274=AXIS2_PLACEMENT_3D('',#16619,#12167,#12168);
#10275=AXIS2_PLACEMENT_3D('',#16623,#12171,#12172);
#10276=AXIS2_PLACEMENT_3D('',#16625,#12173,#12174);
#10277=AXIS2_PLACEMENT_3D('',#16627,#12176,#12177);
#10278=AXIS2_PLACEMENT_3D('',#16631,#12180,#12181);
#10279=AXIS2_PLACEMENT_3D('',#16633,#12182,#12183);
#10280=AXIS2_PLACEMENT_3D('',#16635,#12185,#12186);
#10281=AXIS2_PLACEMENT_3D('',#16638,#12189,#12190);
#10282=AXIS2_PLACEMENT_3D('',#16640,#12192,#12193);
#10283=AXIS2_PLACEMENT_3D('',#16642,#12195,#12196);
#10284=AXIS2_PLACEMENT_3D('',#16644,#12198,#12199);
#10285=AXIS2_PLACEMENT_3D('',#16646,#12201,#12202);
#10286=AXIS2_PLACEMENT_3D('',#16647,#12203,#12204);
#10287=AXIS2_PLACEMENT_3D('',#16650,#12207,#12208);
#10288=AXIS2_PLACEMENT_3D('',#16651,#12209,#12210);
#10289=AXIS2_PLACEMENT_3D('',#16656,#12214,#12215);
#10290=AXIS2_PLACEMENT_3D('',#16658,#12216,#12217);
#10291=AXIS2_PLACEMENT_3D('',#16660,#12219,#12220);
#10292=AXIS2_PLACEMENT_3D('',#16664,#12223,#12224);
#10293=AXIS2_PLACEMENT_3D('',#16665,#12225,#12226);
#10294=AXIS2_PLACEMENT_3D('',#16667,#12228,#12229);
#10295=AXIS2_PLACEMENT_3D('',#16669,#12231,#12232);
#10296=AXIS2_PLACEMENT_3D('',#16671,#12234,#12235);
#10297=AXIS2_PLACEMENT_3D('',#16673,#12237,#12238);
#10298=AXIS2_PLACEMENT_3D('',#16674,#12239,#12240);
#10299=AXIS2_PLACEMENT_3D('',#16676,#12242,#12243);
#10300=AXIS2_PLACEMENT_3D('',#16678,#12245,#12246);
#10301=AXIS2_PLACEMENT_3D('',#16680,#12248,#12249);
#10302=AXIS2_PLACEMENT_3D('',#16681,#12250,#12251);
#10303=AXIS2_PLACEMENT_3D('',#16684,#12254,#12255);
#10304=AXIS2_PLACEMENT_3D('',#16685,#12256,#12257);
#10305=AXIS2_PLACEMENT_3D('',#16687,#12259,#12260);
#10306=AXIS2_PLACEMENT_3D('',#16689,#12262,#12263);
#10307=AXIS2_PLACEMENT_3D('',#16691,#12264,#12265);
#10308=AXIS2_PLACEMENT_3D('',#16693,#12267,#12268);
#10309=AXIS2_PLACEMENT_3D('',#16697,#12271,#12272);
#10310=AXIS2_PLACEMENT_3D('',#16698,#12273,#12274);
#10311=AXIS2_PLACEMENT_3D('',#16700,#12276,#12277);
#10312=AXIS2_PLACEMENT_3D('',#16702,#12279,#12280);
#10313=AXIS2_PLACEMENT_3D('',#16703,#12281,#12282);
#10314=AXIS2_PLACEMENT_3D('',#16705,#12284,#12285);
#10315=AXIS2_PLACEMENT_3D('',#16707,#12287,#12288);
#10316=AXIS2_PLACEMENT_3D('',#16708,#12289,#12290);
#10317=AXIS2_PLACEMENT_3D('',#16714,#12294,#12295);
#10318=AXIS2_PLACEMENT_3D('',#16716,#12296,#12297);
#10319=AXIS2_PLACEMENT_3D('',#16718,#12299,#12300);
#10320=AXIS2_PLACEMENT_3D('',#16722,#12303,#12304);
#10321=AXIS2_PLACEMENT_3D('',#16723,#12305,#12306);
#10322=AXIS2_PLACEMENT_3D('',#16725,#12308,#12309);
#10323=AXIS2_PLACEMENT_3D('',#16727,#12311,#12312);
#10324=AXIS2_PLACEMENT_3D('',#16729,#12313,#12314);
#10325=AXIS2_PLACEMENT_3D('',#16731,#12316,#12317);
#10326=AXIS2_PLACEMENT_3D('',#16733,#12319,#12320);
#10327=AXIS2_PLACEMENT_3D('',#16735,#12322,#12323);
#10328=AXIS2_PLACEMENT_3D('',#16737,#12325,#12326);
#10329=AXIS2_PLACEMENT_3D('',#16739,#12328,#12329);
#10330=AXIS2_PLACEMENT_3D('',#16741,#12331,#12332);
#10331=AXIS2_PLACEMENT_3D('',#16746,#12336,#12337);
#10332=AXIS2_PLACEMENT_3D('',#16748,#12339,#12340);
#10333=AXIS2_PLACEMENT_3D('',#16750,#12342,#12343);
#10334=AXIS2_PLACEMENT_3D('',#16752,#12345,#12346);
#10335=AXIS2_PLACEMENT_3D('',#16754,#12348,#12349);
#10336=AXIS2_PLACEMENT_3D('',#16756,#12350,#12351);
#10337=AXIS2_PLACEMENT_3D('',#16758,#12353,#12354);
#10338=AXIS2_PLACEMENT_3D('',#16760,#12356,#12357);
#10339=AXIS2_PLACEMENT_3D('',#16762,#12359,#12360);
#10340=AXIS2_PLACEMENT_3D('',#16768,#12364,#12365);
#10341=AXIS2_PLACEMENT_3D('',#16769,#12366,#12367);
#10342=AXIS2_PLACEMENT_3D('',#16771,#12369,#12370);
#10343=AXIS2_PLACEMENT_3D('',#16773,#12372,#12373);
#10344=AXIS2_PLACEMENT_3D('',#16775,#12375,#12376);
#10345=AXIS2_PLACEMENT_3D('',#16777,#12378,#12379);
#10346=AXIS2_PLACEMENT_3D('',#16779,#12381,#12382);
#10347=AXIS2_PLACEMENT_3D('',#16781,#12384,#12385);
#10348=AXIS2_PLACEMENT_3D('',#16782,#12386,#12387);
#10349=AXIS2_PLACEMENT_3D('',#16783,#12388,#12389);
#10350=AXIS2_PLACEMENT_3D('',#16785,#12391,#12392);
#10351=AXIS2_PLACEMENT_3D('',#16787,#12394,#12395);
#10352=AXIS2_PLACEMENT_3D('',#16790,#12398,#12399);
#10353=AXIS2_PLACEMENT_3D('',#16792,#12401,#12402);
#10354=AXIS2_PLACEMENT_3D('',#16794,#12404,#12405);
#10355=AXIS2_PLACEMENT_3D('',#16796,#12407,#12408);
#10356=AXIS2_PLACEMENT_3D('',#16798,#12410,#12411);
#10357=AXIS2_PLACEMENT_3D('',#16800,#12413,#12414);
#10358=AXIS2_PLACEMENT_3D('',#16802,#12416,#12417);
#10359=AXIS2_PLACEMENT_3D('',#16803,#12418,#12419);
#10360=AXIS2_PLACEMENT_3D('',#16806,#12422,#12423);
#10361=AXIS2_PLACEMENT_3D('',#16808,#12425,#12426);
#10362=AXIS2_PLACEMENT_3D('',#16810,#12428,#12429);
#10363=AXIS2_PLACEMENT_3D('',#16812,#12431,#12432);
#10364=AXIS2_PLACEMENT_3D('',#16814,#12434,#12435);
#10365=AXIS2_PLACEMENT_3D('',#16816,#12437,#12438);
#10366=AXIS2_PLACEMENT_3D('',#16818,#12440,#12441);
#10367=AXIS2_PLACEMENT_3D('',#16819,#12442,#12443);
#10368=AXIS2_PLACEMENT_3D('',#16822,#12446,#12447);
#10369=AXIS2_PLACEMENT_3D('',#16824,#12449,#12450);
#10370=AXIS2_PLACEMENT_3D('',#16826,#12452,#12453);
#10371=AXIS2_PLACEMENT_3D('',#16828,#12455,#12456);
#10372=AXIS2_PLACEMENT_3D('',#16830,#12458,#12459);
#10373=AXIS2_PLACEMENT_3D('',#16832,#12461,#12462);
#10374=AXIS2_PLACEMENT_3D('',#16834,#12464,#12465);
#10375=AXIS2_PLACEMENT_3D('',#16835,#12466,#12467);
#10376=AXIS2_PLACEMENT_3D('',#16837,#12469,#12470);
#10377=AXIS2_PLACEMENT_3D('',#16838,#12471,#12472);
#10378=AXIS2_PLACEMENT_3D('',#16840,#12474,#12475);
#10379=AXIS2_PLACEMENT_3D('',#16841,#12476,#12477);
#10380=AXIS2_PLACEMENT_3D('',#16842,#12478,#12479);
#10381=AXIS2_PLACEMENT_3D('',#16844,#12481,#12482);
#10382=AXIS2_PLACEMENT_3D('',#16845,#12483,#12484);
#10383=AXIS2_PLACEMENT_3D('',#16847,#12486,#12487);
#10384=AXIS2_PLACEMENT_3D('',#16848,#12488,#12489);
#10385=AXIS2_PLACEMENT_3D('',#16851,#12492,#12493);
#10386=AXIS2_PLACEMENT_3D('',#16853,#12495,#12496);
#10387=AXIS2_PLACEMENT_3D('',#16854,#12497,#12498);
#10388=AXIS2_PLACEMENT_3D('',#16856,#12499,#12500);
#10389=AXIS2_PLACEMENT_3D('',#16859,#12502,#12503);
#10390=AXIS2_PLACEMENT_3D('',#16861,#12505,#12506);
#10391=AXIS2_PLACEMENT_3D('',#16863,#12507,#12508);
#10392=AXIS2_PLACEMENT_3D('',#16866,#12510,#12511);
#10393=AXIS2_PLACEMENT_3D('',#16868,#12513,#12514);
#10394=AXIS2_PLACEMENT_3D('',#16870,#12515,#12516);
#10395=AXIS2_PLACEMENT_3D('',#16873,#12518,#12519);
#10396=AXIS2_PLACEMENT_3D('',#16875,#12521,#12522);
#10397=AXIS2_PLACEMENT_3D('',#16877,#12523,#12524);
#10398=AXIS2_PLACEMENT_3D('',#16880,#12526,#12527);
#10399=AXIS2_PLACEMENT_3D('',#16882,#12529,#12530);
#10400=AXIS2_PLACEMENT_3D('',#16884,#12531,#12532);
#10401=AXIS2_PLACEMENT_3D('',#16887,#12534,#12535);
#10402=AXIS2_PLACEMENT_3D('',#16889,#12537,#12538);
#10403=AXIS2_PLACEMENT_3D('',#16891,#12539,#12540);
#10404=AXIS2_PLACEMENT_3D('',#16894,#12542,#12543);
#10405=AXIS2_PLACEMENT_3D('',#16896,#12545,#12546);
#10406=AXIS2_PLACEMENT_3D('',#16898,#12547,#12548);
#10407=AXIS2_PLACEMENT_3D('',#16901,#12550,#12551);
#10408=AXIS2_PLACEMENT_3D('',#16903,#12553,#12554);
#10409=DIRECTION('axis',(0.,0.,1.));
#10410=DIRECTION('refdir',(1.,0.,0.));
#10411=DIRECTION('',(0.,0.,-1.));
#10412=DIRECTION('',(0.,0.,-1.));
#10413=DIRECTION('center_axis',(-0.967349876772913,-0.253444699900059,0.));
#10414=DIRECTION('ref_axis',(-0.253444699900059,0.967349876772913,0.));
#10415=DIRECTION('',(-0.253444699900059,0.967349876772913,0.));
#10416=DIRECTION('',(0.,0.,-1.));
#10417=DIRECTION('',(-0.253444699900059,0.967349876772913,0.));
#10418=DIRECTION('center_axis',(0.,-1.,0.));
#10419=DIRECTION('ref_axis',(-1.,0.,0.));
#10420=DIRECTION('',(-1.,0.,0.));
#10421=DIRECTION('',(0.,0.,-1.));
#10422=DIRECTION('',(-1.,0.,0.));
#10423=DIRECTION('center_axis',(0.967215871911972,-0.253955620377979,0.));
#10424=DIRECTION('ref_axis',(-0.253955620377979,-0.967215871911972,0.));
#10425=DIRECTION('',(-0.253955620377979,-0.967215871911972,0.));
#10426=DIRECTION('',(0.,0.,-1.));
#10427=DIRECTION('',(-0.253955620377979,-0.967215871911972,0.));
#10428=DIRECTION('',(0.,0.,-1.));
#10429=DIRECTION('',(0.,0.,-1.));
#10430=DIRECTION('center_axis',(-1.,0.,0.));
#10431=DIRECTION('ref_axis',(0.,1.,0.));
#10432=DIRECTION('',(0.,1.,0.));
#10433=DIRECTION('',(0.,0.,-1.));
#10434=DIRECTION('',(0.,1.,0.));
#10435=DIRECTION('center_axis',(0.,-1.,0.));
#10436=DIRECTION('ref_axis',(-1.,0.,0.));
#10437=DIRECTION('',(-1.,0.,0.));
#10438=DIRECTION('',(0.,0.,-1.));
#10439=DIRECTION('',(-1.,0.,0.));
#10440=DIRECTION('center_axis',(1.,0.,0.));
#10441=DIRECTION('ref_axis',(0.,-1.,0.));
#10442=DIRECTION('',(0.,-1.,0.));
#10443=DIRECTION('',(0.,0.,-1.));
#10444=DIRECTION('',(0.,-1.,0.));
#10445=DIRECTION('center_axis',(1.02774786032461E-15,1.,0.));
#10446=DIRECTION('ref_axis',(1.,-1.02774786032461E-15,0.));
#10447=DIRECTION('',(1.,-1.02774786032461E-15,0.));
#10448=DIRECTION('',(0.,0.,-1.));
#10449=DIRECTION('',(1.,-1.02774786032461E-15,0.));
#10450=DIRECTION('center_axis',(-0.967446924172053,0.253073998881818,0.));
#10451=DIRECTION('ref_axis',(0.253073998881818,0.967446924172053,0.));
#10452=DIRECTION('',(0.253073998881818,0.967446924172053,0.));
#10453=DIRECTION('',(0.,0.,-1.));
#10454=DIRECTION('',(0.253073998881818,0.967446924172053,0.));
#10455=DIRECTION('center_axis',(0.967446998739712,0.253073713825682,0.));
#10456=DIRECTION('ref_axis',(0.253073713825682,-0.967446998739712,0.));
#10457=DIRECTION('',(0.253073713825682,-0.967446998739712,0.));
#10458=DIRECTION('',(0.,0.,-1.));
#10459=DIRECTION('',(0.253073713825682,-0.967446998739712,0.));
#10460=DIRECTION('center_axis',(1.02542178804207E-15,1.,0.));
#10461=DIRECTION('ref_axis',(1.,-1.02542178804207E-15,0.));
#10462=DIRECTION('',(1.,-1.02542178804207E-15,0.));
#10463=DIRECTION('',(0.,0.,-1.));
#10464=DIRECTION('',(1.,-1.02542178804207E-15,0.));
#10465=DIRECTION('center_axis',(-1.,0.,0.));
#10466=DIRECTION('ref_axis',(0.,1.,0.));
#10467=DIRECTION('',(0.,1.,0.));
#10468=DIRECTION('',(0.,0.,-1.));
#10469=DIRECTION('',(0.,1.,0.));
#10470=DIRECTION('center_axis',(0.,-1.,0.));
#10471=DIRECTION('ref_axis',(-1.,0.,0.));
#10472=DIRECTION('',(-1.,0.,0.));
#10473=DIRECTION('',(0.,0.,-1.));
#10474=DIRECTION('',(-1.,0.,0.));
#10475=DIRECTION('center_axis',(1.,0.,0.));
#10476=DIRECTION('ref_axis',(0.,-1.,0.));
#10477=DIRECTION('',(0.,-1.,0.));
#10478=DIRECTION('',(0.,0.,-1.));
#10479=DIRECTION('',(0.,-1.,0.));
#10480=DIRECTION('center_axis',(0.,0.,1.));
#10481=DIRECTION('ref_axis',(-1.,0.,0.));
#10482=DIRECTION('',(0.,0.,-1.));
#10483=DIRECTION('',(0.,0.,-1.));
#10484=DIRECTION('',(0.,0.,-1.));
#10485=DIRECTION('',(0.,0.,-1.));
#10486=DIRECTION('',(0.,0.,-1.));
#10487=DIRECTION('',(0.,0.,-1.));
#10488=DIRECTION('center_axis',(1.,0.,0.));
#10489=DIRECTION('ref_axis',(0.,-1.,0.));
#10490=DIRECTION('',(0.,-1.,0.));
#10491=DIRECTION('',(0.,0.,-1.));
#10492=DIRECTION('',(0.,-1.,0.));
#10493=DIRECTION('',(0.,0.,-1.));
#10494=DIRECTION('',(0.,0.,-1.));
#10495=DIRECTION('',(0.,0.,-1.));
#10496=DIRECTION('',(0.,0.,-1.));
#10497=DIRECTION('',(0.,0.,-1.));
#10498=DIRECTION('',(0.,0.,-1.));
#10499=DIRECTION('',(0.,0.,-1.));
#10500=DIRECTION('',(0.,0.,-1.));
#10501=DIRECTION('',(0.,0.,-1.));
#10502=DIRECTION('',(0.,0.,-1.));
#10503=DIRECTION('',(0.,0.,-1.));
#10504=DIRECTION('',(0.,0.,-1.));
#10505=DIRECTION('center_axis',(-1.,0.,0.));
#10506=DIRECTION('ref_axis',(0.,1.,0.));
#10507=DIRECTION('',(0.,1.,0.));
#10508=DIRECTION('',(0.,0.,-1.));
#10509=DIRECTION('',(0.,1.,0.));
#10510=DIRECTION('',(0.,0.,-1.));
#10511=DIRECTION('',(0.,0.,-1.));
#10512=DIRECTION('',(0.,0.,-1.));
#10513=DIRECTION('',(0.,0.,-1.));
#10514=DIRECTION('',(0.,0.,-1.));
#10515=DIRECTION('',(0.,0.,-1.));
#10516=DIRECTION('',(0.,0.,-1.));
#10517=DIRECTION('',(0.,0.,-1.));
#10518=DIRECTION('',(0.,0.,-1.));
#10519=DIRECTION('',(0.,0.,-1.));
#10520=DIRECTION('',(0.,0.,-1.));
#10521=DIRECTION('center_axis',(1.,0.,0.));
#10522=DIRECTION('ref_axis',(0.,-1.,0.));
#10523=DIRECTION('',(0.,-1.,0.));
#10524=DIRECTION('',(0.,0.,-1.));
#10525=DIRECTION('',(0.,-1.,0.));
#10526=DIRECTION('',(0.,0.,-1.));
#10527=DIRECTION('',(0.,0.,-1.));
#10528=DIRECTION('',(0.,0.,-1.));
#10529=DIRECTION('',(0.,0.,-1.));
#10530=DIRECTION('',(0.,0.,-1.));
#10531=DIRECTION('',(0.,0.,-1.));
#10532=DIRECTION('',(0.,0.,-1.));
#10533=DIRECTION('',(0.,0.,-1.));
#10534=DIRECTION('',(0.,0.,-1.));
#10535=DIRECTION('',(0.,0.,-1.));
#10536=DIRECTION('',(0.,0.,-1.));
#10537=DIRECTION('',(0.,0.,-1.));
#10538=DIRECTION('center_axis',(-1.,0.,0.));
#10539=DIRECTION('ref_axis',(0.,1.,0.));
#10540=DIRECTION('',(0.,1.,0.));
#10541=DIRECTION('',(0.,0.,-1.));
#10542=DIRECTION('',(0.,1.,0.));
#10543=DIRECTION('',(0.,0.,-1.));
#10544=DIRECTION('',(0.,0.,-1.));
#10545=DIRECTION('',(0.,0.,-1.));
#10546=DIRECTION('',(0.,0.,-1.));
#10547=DIRECTION('',(0.,0.,-1.));
#10548=DIRECTION('',(0.,0.,-1.));
#10549=DIRECTION('',(0.,0.,-1.));
#10550=DIRECTION('center_axis',(0.,0.,1.));
#10551=DIRECTION('ref_axis',(-1.,0.,0.));
#10552=DIRECTION('center_axis',(1.,0.,0.));
#10553=DIRECTION('ref_axis',(0.,-1.,0.));
#10554=DIRECTION('',(0.,-1.,0.));
#10555=DIRECTION('',(0.,0.,-1.));
#10556=DIRECTION('',(0.,-1.,0.));
#10557=DIRECTION('',(0.,0.,-1.));
#10558=DIRECTION('center_axis',(0.,-1.,0.));
#10559=DIRECTION('ref_axis',(-1.,0.,0.));
#10560=DIRECTION('',(-1.,0.,0.));
#10561=DIRECTION('',(0.,0.,-1.));
#10562=DIRECTION('',(-1.,0.,0.));
#10563=DIRECTION('center_axis',(1.,0.,0.));
#10564=DIRECTION('ref_axis',(0.,-1.,0.));
#10565=DIRECTION('',(0.,-1.,0.));
#10566=DIRECTION('',(0.,0.,-1.));
#10567=DIRECTION('',(0.,-1.,0.));
#10568=DIRECTION('center_axis',(0.,1.,0.));
#10569=DIRECTION('ref_axis',(1.,0.,0.));
#10570=DIRECTION('',(1.,0.,0.));
#10571=DIRECTION('',(0.,0.,-1.));
#10572=DIRECTION('',(1.,0.,0.));
#10573=DIRECTION('center_axis',(-1.,0.,0.));
#10574=DIRECTION('ref_axis',(0.,1.,0.));
#10575=DIRECTION('',(0.,1.,0.));
#10576=DIRECTION('',(0.,0.,-1.));
#10577=DIRECTION('',(0.,1.,0.));
#10578=DIRECTION('center_axis',(0.,-1.,0.));
#10579=DIRECTION('ref_axis',(-1.,0.,0.));
#10580=DIRECTION('',(-1.,0.,0.));
#10581=DIRECTION('',(0.,0.,-1.));
#10582=DIRECTION('',(-1.,0.,0.));
#10583=DIRECTION('center_axis',(-1.,0.,0.));
#10584=DIRECTION('ref_axis',(0.,1.,0.));
#10585=DIRECTION('',(0.,1.,0.));
#10586=DIRECTION('',(0.,0.,-1.));
#10587=DIRECTION('',(0.,1.,0.));
#10588=DIRECTION('center_axis',(0.,1.,0.));
#10589=DIRECTION('ref_axis',(1.,0.,0.));
#10590=DIRECTION('',(1.,0.,0.));
#10591=DIRECTION('',(0.,0.,-1.));
#10592=DIRECTION('',(1.,0.,0.));
#10593=DIRECTION('center_axis',(-1.,0.,0.));
#10594=DIRECTION('ref_axis',(0.,1.,0.));
#10595=DIRECTION('',(0.,1.,0.));
#10596=DIRECTION('',(0.,0.,-1.));
#10597=DIRECTION('',(0.,1.,0.));
#10598=DIRECTION('center_axis',(0.,-1.,0.));
#10599=DIRECTION('ref_axis',(-1.,0.,0.));
#10600=DIRECTION('',(-1.,0.,0.));
#10601=DIRECTION('',(0.,0.,-1.));
#10602=DIRECTION('',(-1.,0.,0.));
#10603=DIRECTION('center_axis',(1.,0.,0.));
#10604=DIRECTION('ref_axis',(0.,-1.,0.));
#10605=DIRECTION('',(0.,-1.,0.));
#10606=DIRECTION('',(0.,0.,-1.));
#10607=DIRECTION('',(0.,-1.,0.));
#10608=DIRECTION('center_axis',(0.,1.,0.));
#10609=DIRECTION('ref_axis',(1.,0.,0.));
#10610=DIRECTION('',(1.,0.,0.));
#10611=DIRECTION('',(1.,0.,0.));
#10612=DIRECTION('center_axis',(0.,0.,-1.));
#10613=DIRECTION('ref_axis',(-1.,0.,0.));
#10614=DIRECTION('',(0.,0.,-1.));
#10615=DIRECTION('',(0.,0.,-1.));
#10616=DIRECTION('',(0.,0.,-1.));
#10617=DIRECTION('',(0.,0.,-1.));
#10618=DIRECTION('',(0.,0.,-1.));
#10619=DIRECTION('center_axis',(1.,0.,0.));
#10620=DIRECTION('ref_axis',(0.,-1.,0.));
#10621=DIRECTION('',(0.,-1.,0.));
#10622=DIRECTION('',(0.,0.,-1.));
#10623=DIRECTION('',(0.,-1.,0.));
#10624=DIRECTION('center_axis',(2.53204434253217E-15,1.,0.));
#10625=DIRECTION('ref_axis',(1.,-2.53204434253217E-15,0.));
#10626=DIRECTION('',(1.,-2.53204434253217E-15,0.));
#10627=DIRECTION('',(0.,0.,-1.));
#10628=DIRECTION('',(1.,-2.53204434253217E-15,0.));
#10629=DIRECTION('center_axis',(-1.,0.,0.));
#10630=DIRECTION('ref_axis',(0.,1.,0.));
#10631=DIRECTION('',(0.,1.,0.));
#10632=DIRECTION('',(0.,0.,-1.));
#10633=DIRECTION('',(0.,1.,0.));
#10634=DIRECTION('',(0.,0.,-1.));
#10635=DIRECTION('',(0.,0.,-1.));
#10636=DIRECTION('',(0.,0.,-1.));
#10637=DIRECTION('',(0.,0.,-1.));
#10638=DIRECTION('',(0.,0.,-1.));
#10639=DIRECTION('',(0.,0.,-1.));
#10640=DIRECTION('',(0.,0.,-1.));
#10641=DIRECTION('',(0.,0.,-1.));
#10642=DIRECTION('',(0.,0.,-1.));
#10643=DIRECTION('',(0.,0.,-1.));
#10644=DIRECTION('',(0.,0.,-1.));
#10645=DIRECTION('',(0.,0.,-1.));
#10646=DIRECTION('center_axis',(1.,0.,0.));
#10647=DIRECTION('ref_axis',(0.,-1.,0.));
#10648=DIRECTION('',(0.,-1.,0.));
#10649=DIRECTION('',(0.,0.,-1.));
#10650=DIRECTION('',(0.,-1.,0.));
#10651=DIRECTION('center_axis',(1.26249651047762E-15,1.,0.));
#10652=DIRECTION('ref_axis',(1.,-1.26249651047762E-15,0.));
#10653=DIRECTION('',(1.,-1.26249651047762E-15,0.));
#10654=DIRECTION('',(0.,0.,-1.));
#10655=DIRECTION('',(1.,-1.26249651047762E-15,0.));
#10656=DIRECTION('center_axis',(-1.,0.,0.));
#10657=DIRECTION('ref_axis',(0.,1.,0.));
#10658=DIRECTION('',(0.,1.,0.));
#10659=DIRECTION('',(0.,0.,-1.));
#10660=DIRECTION('',(0.,1.,0.));
#10661=DIRECTION('',(0.,0.,-1.));
#10662=DIRECTION('',(0.,0.,-1.));
#10663=DIRECTION('',(0.,0.,-1.));
#10664=DIRECTION('',(0.,0.,-1.));
#10665=DIRECTION('',(0.,0.,-1.));
#10666=DIRECTION('',(0.,0.,-1.));
#10667=DIRECTION('',(0.,0.,-1.));
#10668=DIRECTION('center_axis',(0.,0.,1.));
#10669=DIRECTION('ref_axis',(-1.,0.,0.));
#10670=DIRECTION('',(0.,0.,-1.));
#10671=DIRECTION('',(0.,0.,-1.));
#10672=DIRECTION('',(0.,0.,-1.));
#10673=DIRECTION('',(0.,0.,-1.));
#10674=DIRECTION('',(0.,0.,-1.));
#10675=DIRECTION('',(0.,0.,-1.));
#10676=DIRECTION('',(0.,0.,-1.));
#10677=DIRECTION('',(0.,0.,-1.));
#10678=DIRECTION('',(0.,0.,-1.));
#10679=DIRECTION('',(0.,0.,-1.));
#10680=DIRECTION('',(0.,0.,-1.));
#10681=DIRECTION('',(0.,0.,-1.));
#10682=DIRECTION('',(0.,0.,-1.));
#10683=DIRECTION('center_axis',(0.,1.,0.));
#10684=DIRECTION('ref_axis',(1.,0.,0.));
#10685=DIRECTION('',(1.,0.,0.));
#10686=DIRECTION('',(0.,0.,-1.));
#10687=DIRECTION('',(1.,0.,0.));
#10688=DIRECTION('center_axis',(1.,0.,0.));
#10689=DIRECTION('ref_axis',(0.,-1.,0.));
#10690=DIRECTION('',(0.,-1.,0.));
#10691=DIRECTION('',(0.,0.,-1.));
#10692=DIRECTION('',(0.,-1.,0.));
#10693=DIRECTION('center_axis',(-1.01499691730934E-6,-0.999999999999485,
0.));
#10694=DIRECTION('ref_axis',(-0.999999999999485,1.01499691730934E-6,0.));
#10695=DIRECTION('',(-0.999999999999485,1.01499691730934E-6,0.));
#10696=DIRECTION('',(-0.999999999999485,1.01499691730934E-6,0.));
#10697=DIRECTION('',(0.,0.,-1.));
#10698=DIRECTION('',(0.,0.,-1.));
#10699=DIRECTION('',(0.,0.,-1.));
#10700=DIRECTION('',(0.,0.,-1.));
#10701=DIRECTION('',(0.,0.,-1.));
#10702=DIRECTION('',(0.,0.,-1.));
#10703=DIRECTION('',(0.,0.,-1.));
#10704=DIRECTION('',(0.,0.,-1.));
#10705=DIRECTION('',(0.,0.,-1.));
#10706=DIRECTION('',(0.,0.,-1.));
#10707=DIRECTION('',(0.,0.,-1.));
#10708=DIRECTION('',(0.,0.,-1.));
#10709=DIRECTION('',(0.,0.,-1.));
#10710=DIRECTION('center_axis',(-5.59551303071786E-16,1.,0.));
#10711=DIRECTION('ref_axis',(1.,5.59551303071786E-16,0.));
#10712=DIRECTION('',(1.,5.59551303071786E-16,0.));
#10713=DIRECTION('',(0.,0.,-1.));
#10714=DIRECTION('',(1.,5.59551303071786E-16,0.));
#10715=DIRECTION('center_axis',(-1.,0.,0.));
#10716=DIRECTION('ref_axis',(0.,1.,0.));
#10717=DIRECTION('',(0.,1.,0.));
#10718=DIRECTION('',(0.,0.,-1.));
#10719=DIRECTION('',(0.,1.,0.));
#10720=DIRECTION('center_axis',(0.,-1.,0.));
#10721=DIRECTION('ref_axis',(-1.,0.,0.));
#10722=DIRECTION('',(-1.,0.,0.));
#10723=DIRECTION('',(0.,0.,-1.));
#10724=DIRECTION('',(-1.,0.,0.));
#10725=DIRECTION('center_axis',(1.,0.,0.));
#10726=DIRECTION('ref_axis',(0.,-1.,0.));
#10727=DIRECTION('',(0.,-1.,0.));
#10728=DIRECTION('',(0.,0.,-1.));
#10729=DIRECTION('',(0.,-1.,0.));
#10730=DIRECTION('center_axis',(0.,-1.,0.));
#10731=DIRECTION('ref_axis',(-1.,0.,0.));
#10732=DIRECTION('',(-1.,0.,0.));
#10733=DIRECTION('',(-1.,0.,0.));
#10734=DIRECTION('center_axis',(0.,0.,1.));
#10735=DIRECTION('ref_axis',(-1.,0.,0.));
#10736=DIRECTION('center_axis',(1.,0.,0.));
#10737=DIRECTION('ref_axis',(0.,-1.,0.));
#10738=DIRECTION('',(0.,-1.,0.));
#10739=DIRECTION('',(0.,0.,-1.));
#10740=DIRECTION('',(0.,-1.,0.));
#10741=DIRECTION('',(0.,0.,-1.));
#10742=DIRECTION('center_axis',(-2.56645787939781E-16,1.,0.));
#10743=DIRECTION('ref_axis',(1.,2.56645787939781E-16,0.));
#10744=DIRECTION('',(1.,2.56645787939781E-16,0.));
#10745=DIRECTION('',(0.,0.,-1.));
#10746=DIRECTION('',(1.,2.56645787939781E-16,0.));
#10747=DIRECTION('center_axis',(-1.,-2.25210732145931E-14,0.));
#10748=DIRECTION('ref_axis',(-2.25210732145931E-14,1.,0.));
#10749=DIRECTION('',(-2.25210732145931E-14,1.,0.));
#10750=DIRECTION('',(0.,0.,-1.));
#10751=DIRECTION('',(-2.25210732145931E-14,1.,0.));
#10752=DIRECTION('center_axis',(1.28943565914383E-15,-1.,0.));
#10753=DIRECTION('ref_axis',(-1.,-1.28943565914383E-15,0.));
#10754=DIRECTION('',(-1.,-1.28943565914383E-15,0.));
#10755=DIRECTION('',(0.,0.,-1.));
#10756=DIRECTION('',(-1.,-1.28943565914383E-15,0.));
#10757=DIRECTION('center_axis',(-1.,0.,0.));
#10758=DIRECTION('ref_axis',(0.,1.,0.));
#10759=DIRECTION('',(0.,1.,0.));
#10760=DIRECTION('',(0.,0.,-1.));
#10761=DIRECTION('',(0.,1.,0.));
#10762=DIRECTION('center_axis',(0.,-1.,0.));
#10763=DIRECTION('ref_axis',(-1.,0.,0.));
#10764=DIRECTION('',(-1.,0.,0.));
#10765=DIRECTION('',(0.,0.,-1.));
#10766=DIRECTION('',(-1.,0.,0.));
#10767=DIRECTION('center_axis',(1.,0.,0.));
#10768=DIRECTION('ref_axis',(0.,-1.,0.));
#10769=DIRECTION('',(0.,-1.,0.));
#10770=DIRECTION('',(0.,0.,-1.));
#10771=DIRECTION('',(0.,-1.,0.));
#10772=DIRECTION('center_axis',(0.,-1.,0.));
#10773=DIRECTION('ref_axis',(-1.,0.,0.));
#10774=DIRECTION('',(-1.,0.,0.));
#10775=DIRECTION('',(-1.,0.,0.));
#10776=DIRECTION('center_axis',(0.,0.,-1.));
#10777=DIRECTION('ref_axis',(-1.,0.,0.));
#10778=DIRECTION('',(0.,0.,-1.));
#10779=DIRECTION('',(0.,0.,-1.));
#10780=DIRECTION('',(0.,0.,-1.));
#10781=DIRECTION('',(0.,0.,-1.));
#10782=DIRECTION('',(0.,0.,-1.));
#10783=DIRECTION('',(0.,0.,-1.));
#10784=DIRECTION('',(0.,0.,-1.));
#10785=DIRECTION('',(0.,0.,-1.));
#10786=DIRECTION('',(0.,0.,-1.));
#10787=DIRECTION('',(0.,0.,-1.));
#10788=DIRECTION('',(0.,0.,-1.));
#10789=DIRECTION('',(0.,0.,-1.));
#10790=DIRECTION('',(0.,0.,-1.));
#10791=DIRECTION('',(0.,0.,-1.));
#10792=DIRECTION('',(0.,0.,-1.));
#10793=DIRECTION('',(0.,0.,-1.));
#10794=DIRECTION('',(0.,0.,-1.));
#10795=DIRECTION('',(0.,0.,-1.));
#10796=DIRECTION('',(0.,0.,-1.));
#10797=DIRECTION('',(0.,0.,-1.));
#10798=DIRECTION('',(0.,0.,-1.));
#10799=DIRECTION('',(0.,0.,-1.));
#10800=DIRECTION('',(0.,0.,-1.));
#10801=DIRECTION('center_axis',(-1.,0.,0.));
#10802=DIRECTION('ref_axis',(0.,1.,0.));
#10803=DIRECTION('',(0.,1.,0.));
#10804=DIRECTION('',(0.,0.,-1.));
#10805=DIRECTION('',(0.,1.,0.));
#10806=DIRECTION('center_axis',(-2.52499302095523E-15,-1.,0.));
#10807=DIRECTION('ref_axis',(-1.,2.52499302095523E-15,0.));
#10808=DIRECTION('',(-1.,2.52499302095523E-15,0.));
#10809=DIRECTION('',(0.,0.,-1.));
#10810=DIRECTION('',(-1.,2.52499302095523E-15,0.));
#10811=DIRECTION('center_axis',(1.,0.,0.));
#10812=DIRECTION('ref_axis',(0.,-1.,0.));
#10813=DIRECTION('',(0.,-1.,0.));
#10814=DIRECTION('',(0.,0.,-1.));
#10815=DIRECTION('',(0.,-1.,0.));
#10816=DIRECTION('',(0.,0.,-1.));
#10817=DIRECTION('',(0.,0.,-1.));
#10818=DIRECTION('',(0.,0.,-1.));
#10819=DIRECTION('',(0.,0.,-1.));
#10820=DIRECTION('',(0.,0.,-1.));
#10821=DIRECTION('',(0.,0.,-1.));
#10822=DIRECTION('',(0.,0.,-1.));
#10823=DIRECTION('',(0.,0.,-1.));
#10824=DIRECTION('',(0.,0.,-1.));
#10825=DIRECTION('',(0.,0.,-1.));
#10826=DIRECTION('',(0.,0.,-1.));
#10827=DIRECTION('',(0.,0.,-1.));
#10828=DIRECTION('',(0.,0.,-1.));
#10829=DIRECTION('',(0.,0.,-1.));
#10830=DIRECTION('',(0.,0.,-1.));
#10831=DIRECTION('',(0.,0.,-1.));
#10832=DIRECTION('',(0.,0.,-1.));
#10833=DIRECTION('',(0.,0.,-1.));
#10834=DIRECTION('',(0.,0.,-1.));
#10835=DIRECTION('',(0.,0.,-1.));
#10836=DIRECTION('',(0.,0.,-1.));
#10837=DIRECTION('',(0.,0.,-1.));
#10838=DIRECTION('',(0.,0.,-1.));
#10839=DIRECTION('',(0.,0.,-1.));
#10840=DIRECTION('',(0.,0.,-1.));
#10841=DIRECTION('',(0.,0.,-1.));
#10842=DIRECTION('',(0.,0.,-1.));
#10843=DIRECTION('',(0.,0.,-1.));
#10844=DIRECTION('',(0.,0.,-1.));
#10845=DIRECTION('',(0.,0.,-1.));
#10846=DIRECTION('center_axis',(1.,0.,0.));
#10847=DIRECTION('ref_axis',(0.,-1.,0.));
#10848=DIRECTION('',(0.,-1.,0.));
#10849=DIRECTION('',(0.,0.,-1.));
#10850=DIRECTION('',(0.,-1.,0.));
#10851=DIRECTION('center_axis',(0.,1.,0.));
#10852=DIRECTION('ref_axis',(1.,0.,0.));
#10853=DIRECTION('',(1.,0.,0.));
#10854=DIRECTION('',(0.,0.,-1.));
#10855=DIRECTION('',(1.,0.,0.));
#10856=DIRECTION('center_axis',(-1.,0.,0.));
#10857=DIRECTION('ref_axis',(0.,1.,0.));
#10858=DIRECTION('',(0.,1.,0.));
#10859=DIRECTION('',(0.,0.,-1.));
#10860=DIRECTION('',(0.,1.,0.));
#10861=DIRECTION('',(0.,0.,-1.));
#10862=DIRECTION('',(0.,0.,-1.));
#10863=DIRECTION('',(0.,0.,-1.));
#10864=DIRECTION('',(0.,0.,-1.));
#10865=DIRECTION('',(0.,0.,-1.));
#10866=DIRECTION('',(0.,0.,-1.));
#10867=DIRECTION('',(0.,0.,-1.));
#10868=DIRECTION('center_axis',(0.,0.,1.));
#10869=DIRECTION('ref_axis',(-1.,0.,0.));
#10870=DIRECTION('center_axis',(0.,0.,1.));
#10871=DIRECTION('ref_axis',(1.,0.,0.));
#10872=DIRECTION('center_axis',(0.,0.,1.));
#10873=DIRECTION('ref_axis',(1.,0.,0.));
#10874=DIRECTION('center_axis',(0.,1.,0.));
#10875=DIRECTION('ref_axis',(-1.,0.,-5.22931134787218E-15));
#10876=DIRECTION('',(-0.707106781186541,0.707106781186554,-3.92523114670949E-15));
#10877=DIRECTION('center_axis',(0.,1.,0.));
#10878=DIRECTION('ref_axis',(-1.,0.,-5.22931134787219E-15));
#10879=DIRECTION('',(0.,-0.707106781186558,-0.707106781186537));
#10880=DIRECTION('center_axis',(0.,-1.,0.));
#10881=DIRECTION('ref_axis',(-1.,0.,-5.22931134787219E-15));
#10882=DIRECTION('center_axis',(8.43531048719791E-16,0.707106781186549,
-0.707106781186546));
#10883=DIRECTION('ref_axis',(-1.,0.,-1.19293304938233E-15));
#10884=DIRECTION('',(1.,0.,1.19293304938233E-15));
#10885=DIRECTION('',(0.,-0.707106781186546,-0.707106781186549));
#10886=DIRECTION('',(-1.,0.,-1.19293304938233E-15));
#10887=DIRECTION('center_axis',(0.707106781186541,0.707106781186554,-1.04672830578917E-14));
#10888=DIRECTION('ref_axis',(-1.48029736616687E-14,0.,-1.));
#10889=DIRECTION('',(-0.707106781186554,0.707106781186541,0.));
#10890=DIRECTION('',(1.48029736616687E-14,0.,1.));
#10891=DIRECTION('',(-1.48029736616687E-14,0.,-1.));
#10892=DIRECTION('center_axis',(0.,1.,0.));
#10893=DIRECTION('ref_axis',(0.,0.,1.));
#10894=DIRECTION('center_axis',(0.,1.,0.));
#10895=DIRECTION('ref_axis',(0.,0.,1.));
#10896=DIRECTION('',(-0.707106781186554,-0.707106781186541,-3.92523114670942E-15));
#10897=DIRECTION('center_axis',(0.,-1.,0.));
#10898=DIRECTION('ref_axis',(0.,0.,1.));
#10899=DIRECTION('center_axis',(-0.707106781186541,0.707106781186554,1.04672830578917E-14));
#10900=DIRECTION('ref_axis',(1.48029736616687E-14,0.,1.));
#10901=DIRECTION('',(-0.707106781186554,-0.707106781186541,0.));
#10902=DIRECTION('',(1.48029736616687E-14,0.,1.));
#10903=DIRECTION('',(-1.48029736616687E-14,0.,-1.));
#10904=DIRECTION('center_axis',(1.,0.,-1.48029736616687E-14));
#10905=DIRECTION('ref_axis',(1.48029736616687E-14,0.,1.));
#10906=DIRECTION('',(0.,1.,0.));
#10907=DIRECTION('',(-1.48029736616687E-14,0.,-1.));
#10908=DIRECTION('',(0.,-1.,0.));
#10909=DIRECTION('center_axis',(0.,1.,0.));
#10910=DIRECTION('ref_axis',(-1.,0.,0.));
#10911=DIRECTION('',(1.,0.,0.));
#10912=DIRECTION('',(0.,0.,-1.));
#10913=DIRECTION('',(-1.,0.,0.));
#10914=DIRECTION('',(0.,0.,1.));
#10915=DIRECTION('',(1.,0.,0.));
#10916=DIRECTION('center_axis',(0.,0.,1.));
#10917=DIRECTION('ref_axis',(1.,0.,0.));
#10918=DIRECTION('center_axis',(0.,0.,1.));
#10919=DIRECTION('ref_axis',(0.707106781186543,0.707106781186552,0.));
#10920=DIRECTION('',(0.,-1.,0.));
#10921=DIRECTION('center_axis',(0.,0.,1.));
#10922=DIRECTION('ref_axis',(0.707106781186543,-0.707106781186552,0.));
#10923=DIRECTION('',(-1.,0.,0.));
#10924=DIRECTION('center_axis',(0.,0.,1.));
#10925=DIRECTION('ref_axis',(-0.707106781186552,-0.707106781186543,0.));
#10926=DIRECTION('',(0.,1.,0.));
#10927=DIRECTION('center_axis',(0.,0.,1.));
#10928=DIRECTION('ref_axis',(-0.707106781186543,0.707106781186552,0.));
#10929=DIRECTION('',(0.,-1.,0.));
#10930=DIRECTION('',(1.,2.57794975161729E-17,0.));
#10931=DIRECTION('center_axis',(0.,0.,1.));
#10932=DIRECTION('ref_axis',(-0.382683432365092,-0.923879532511286,0.));
#10933=DIRECTION('',(-0.707106781186545,0.70710678118655,0.));
#10934=DIRECTION('center_axis',(0.,0.,1.));
#10935=DIRECTION('ref_axis',(2.66453525910029E-14,1.,0.));
#10936=DIRECTION('',(-1.,0.,0.));
#10937=DIRECTION('center_axis',(0.,0.,1.));
#10938=DIRECTION('ref_axis',(-0.122474487139156,-0.992471662063961,0.));
#10939=DIRECTION('center_axis',(0.,0.,1.));
#10940=DIRECTION('ref_axis',(1.,0.,0.));
#10941=DIRECTION('center_axis',(0.,0.,1.));
#10942=DIRECTION('ref_axis',(0.122474487139156,-0.992471662063961,0.));
#10943=DIRECTION('',(-1.,0.,0.));
#10944=DIRECTION('center_axis',(0.,0.,1.));
#10945=DIRECTION('ref_axis',(-0.707106781186562,0.707106781186533,0.));
#10946=DIRECTION('',(-0.707106781186548,-0.707106781186547,0.));
#10947=DIRECTION('center_axis',(0.,0.,1.));
#10948=DIRECTION('ref_axis',(0.38268343236509,-0.923879532511287,0.));
#10949=DIRECTION('',(1.,2.57794975161729E-17,0.));
#10950=DIRECTION('center_axis',(0.,0.,1.));
#10951=DIRECTION('ref_axis',(-0.382683432365092,-0.923879532511286,0.));
#10952=DIRECTION('',(-0.707106781186545,0.70710678118655,0.));
#10953=DIRECTION('center_axis',(0.,0.,1.));
#10954=DIRECTION('ref_axis',(3.55271367880059E-15,1.,0.));
#10955=DIRECTION('',(-1.,0.,0.));
#10956=DIRECTION('center_axis',(0.,0.,1.));
#10957=DIRECTION('ref_axis',(-0.122474487139151,-0.992471662063961,0.));
#10958=DIRECTION('center_axis',(0.,0.,1.));
#10959=DIRECTION('ref_axis',(1.,0.,0.));
#10960=DIRECTION('center_axis',(0.,0.,1.));
#10961=DIRECTION('ref_axis',(0.122474487139151,-0.992471662063961,0.));
#10962=DIRECTION('',(-1.,0.,0.));
#10963=DIRECTION('center_axis',(0.,0.,1.));
#10964=DIRECTION('ref_axis',(-0.707106781186556,0.707106781186539,0.));
#10965=DIRECTION('',(-0.707106781186547,-0.707106781186548,0.));
#10966=DIRECTION('center_axis',(0.,0.,1.));
#10967=DIRECTION('ref_axis',(0.382683432365089,-0.923879532511287,0.));
#10968=DIRECTION('',(1.,2.57794975161729E-17,0.));
#10969=DIRECTION('center_axis',(0.,0.,1.));
#10970=DIRECTION('ref_axis',(-0.382683432365094,-0.923879532511285,0.));
#10971=DIRECTION('',(-0.707106781186548,0.707106781186548,0.));
#10972=DIRECTION('center_axis',(0.,0.,1.));
#10973=DIRECTION('ref_axis',(7.10542735760113E-15,1.,0.));
#10974=DIRECTION('',(-1.,0.,0.));
#10975=DIRECTION('center_axis',(0.,0.,1.));
#10976=DIRECTION('ref_axis',(-0.122474487139147,-0.992471662063962,0.));
#10977=DIRECTION('center_axis',(0.,0.,1.));
#10978=DIRECTION('ref_axis',(1.,0.,0.));
#10979=DIRECTION('center_axis',(0.,0.,1.));
#10980=DIRECTION('ref_axis',(0.122474487139147,-0.992471662063962,0.));
#10981=DIRECTION('',(-1.,0.,0.));
#10982=DIRECTION('center_axis',(0.,0.,1.));
#10983=DIRECTION('ref_axis',(-0.707106781186551,0.707106781186544,0.));
#10984=DIRECTION('',(-0.707106781186547,-0.707106781186548,0.));
#10985=DIRECTION('center_axis',(0.,0.,1.));
#10986=DIRECTION('ref_axis',(0.382683432365089,-0.923879532511287,0.));
#10987=DIRECTION('',(-1.,0.,0.));
#10988=DIRECTION('center_axis',(0.,0.,-1.));
#10989=DIRECTION('ref_axis',(-0.707106781186543,0.707106781186552,0.));
#10990=DIRECTION('center_axis',(0.,0.,1.));
#10991=DIRECTION('ref_axis',(-0.999186993154869,0.0403156633348771,0.));
#10992=DIRECTION('center_axis',(0.,0.,1.));
#10993=DIRECTION('ref_axis',(-1.,0.,0.));
#10994=DIRECTION('',(0.,-1.,0.));
#10995=DIRECTION('center_axis',(0.,0.,-1.));
#10996=DIRECTION('ref_axis',(-0.707106781186541,-0.707106781186554,0.));
#10997=DIRECTION('',(1.,0.,0.));
#10998=DIRECTION('center_axis',(0.,0.,-1.));
#10999=DIRECTION('ref_axis',(0.,1.,0.));
#11000=DIRECTION('',(0.707106781186575,-0.70710678118652,0.));
#11001=DIRECTION('center_axis',(0.,0.,1.));
#11002=DIRECTION('ref_axis',(-2.84217094304034E-14,-1.,0.));
#11003=DIRECTION('',(1.,3.29327159576937E-17,0.));
#11004=DIRECTION('center_axis',(0.,0.,1.));
#11005=DIRECTION('ref_axis',(0.374165738677392,0.927361849549571,0.));
#11006=DIRECTION('center_axis',(0.,0.,1.));
#11007=DIRECTION('ref_axis',(1.,0.,0.));
#11008=DIRECTION('center_axis',(0.,0.,1.));
#11009=DIRECTION('ref_axis',(-0.374165738677392,0.927361849549571,0.));
#11010=DIRECTION('',(1.,3.29327159576937E-17,0.));
#11011=DIRECTION('center_axis',(0.,0.,1.));
#11012=DIRECTION('ref_axis',(0.707106781186533,-0.707106781186562,0.));
#11013=DIRECTION('',(0.707106781186585,0.70710678118651,0.));
#11014=DIRECTION('center_axis',(0.,0.,-1.));
#11015=DIRECTION('ref_axis',(-0.707106781186636,0.707106781186459,0.));
#11016=DIRECTION('',(1.,-7.02603969882617E-16,0.));
#11017=DIRECTION('center_axis',(0.,0.,-1.));
#11018=DIRECTION('ref_axis',(0.,1.,0.));
#11019=DIRECTION('',(0.707106781186565,-0.70710678118653,0.));
#11020=DIRECTION('center_axis',(0.,0.,1.));
#11021=DIRECTION('ref_axis',(0.,-1.,0.));
#11022=DIRECTION('',(1.,3.29327159576937E-17,0.));
#11023=DIRECTION('center_axis',(0.,0.,1.));
#11024=DIRECTION('ref_axis',(0.374165738677396,0.92736184954957,0.));
#11025=DIRECTION('center_axis',(0.,0.,1.));
#11026=DIRECTION('ref_axis',(1.,0.,0.));
#11027=DIRECTION('center_axis',(0.,0.,1.));
#11028=DIRECTION('ref_axis',(-0.374165738677396,0.92736184954957,0.));
#11029=DIRECTION('',(1.,3.29327159576937E-17,0.));
#11030=DIRECTION('center_axis',(0.,0.,1.));
#11031=DIRECTION('ref_axis',(0.707106781186537,-0.707106781186558,0.));
#11032=DIRECTION('',(0.707106781186573,0.707106781186522,0.));
#11033=DIRECTION('center_axis',(0.,0.,-1.));
#11034=DIRECTION('ref_axis',(-0.707106781186503,0.707106781186592,0.));
#11035=DIRECTION('',(1.,1.10666289958232E-16,0.));
#11036=DIRECTION('center_axis',(0.,0.,-1.));
#11037=DIRECTION('ref_axis',(0.,1.,0.));
#11038=DIRECTION('',(0.707106781186569,-0.707106781186527,0.));
#11039=DIRECTION('center_axis',(0.,0.,1.));
#11040=DIRECTION('ref_axis',(-7.10542735760083E-15,-1.,0.));
#11041=DIRECTION('',(1.,3.29327159576937E-17,0.));
#11042=DIRECTION('center_axis',(0.,0.,1.));
#11043=DIRECTION('ref_axis',(0.37416573867739,0.927361849549572,0.));
#11044=DIRECTION('center_axis',(0.,0.,1.));
#11045=DIRECTION('ref_axis',(1.,0.,0.));
#11046=DIRECTION('center_axis',(0.,0.,1.));
#11047=DIRECTION('ref_axis',(-0.37416573867739,0.927361849549572,0.));
#11048=DIRECTION('',(1.,3.29327159576937E-17,0.));
#11049=DIRECTION('center_axis',(0.,0.,1.));
#11050=DIRECTION('ref_axis',(0.707106781186556,-0.707106781186539,0.));
#11051=DIRECTION('',(0.707106781186579,0.707106781186516,0.));
#11052=DIRECTION('center_axis',(0.,0.,-1.));
#11053=DIRECTION('ref_axis',(-0.707106781186592,0.707106781186503,0.));
#11054=DIRECTION('',(1.,0.,0.));
#11055=DIRECTION('center_axis',(0.,0.,-1.));
#11056=DIRECTION('ref_axis',(0.707106781186541,-0.707106781186554,0.));
#11057=DIRECTION('',(0.,1.,0.));
#11058=DIRECTION('center_axis',(0.,0.,1.));
#11059=DIRECTION('ref_axis',(0.707106781186491,0.707106781186604,0.));
#11060=DIRECTION('center_axis',(0.,0.,1.));
#11061=DIRECTION('ref_axis',(0.99918699315487,0.0403156633348535,0.));
#11062=DIRECTION('center_axis',(0.,0.,-1.));
#11063=DIRECTION('ref_axis',(0.707106781186543,0.707106781186552,0.));
#11064=DIRECTION('',(-1.,0.,0.));
#11065=DIRECTION('center_axis',(0.,0.,1.));
#11066=DIRECTION('ref_axis',(-0.382683432365082,-0.92387953251129,0.));
#11067=DIRECTION('',(-0.707106781186556,0.70710678118654,0.));
#11068=DIRECTION('center_axis',(0.,0.,1.));
#11069=DIRECTION('ref_axis',(-3.55271367880084E-14,1.,0.));
#11070=DIRECTION('',(-1.,0.,0.));
#11071=DIRECTION('center_axis',(0.,0.,1.));
#11072=DIRECTION('ref_axis',(-0.122474487139183,-0.992471662063957,0.));
#11073=DIRECTION('center_axis',(0.,0.,1.));
#11074=DIRECTION('ref_axis',(1.,0.,0.));
#11075=DIRECTION('center_axis',(0.,0.,1.));
#11076=DIRECTION('ref_axis',(0.122474487139183,-0.992471662063957,0.));
#11077=DIRECTION('',(-1.,0.,0.));
#11078=DIRECTION('center_axis',(0.,0.,1.));
#11079=DIRECTION('ref_axis',(-0.707106781186583,0.707106781186512,0.));
#11080=DIRECTION('',(-0.707106781186551,-0.707106781186544,0.));
#11081=DIRECTION('center_axis',(0.,0.,1.));
#11082=DIRECTION('ref_axis',(0.382683432365089,-0.923879532511287,0.));
#11083=DIRECTION('',(1.,2.57794975161729E-17,0.));
#11084=DIRECTION('center_axis',(0.,0.,-1.));
#11085=DIRECTION('ref_axis',(-1.,2.2597147724795E-47,0.));
#11086=DIRECTION('center_axis',(0.,0.,-1.));
#11087=DIRECTION('ref_axis',(-1.,2.2597147724795E-47,0.));
#11088=DIRECTION('center_axis',(0.,0.,-1.));
#11089=DIRECTION('ref_axis',(-1.,2.2597147724795E-47,0.));
#11090=DIRECTION('center_axis',(0.,0.,-1.));
#11091=DIRECTION('ref_axis',(-1.,2.2597147724795E-47,0.));
#11092=DIRECTION('center_axis',(0.,0.,-1.));
#11093=DIRECTION('ref_axis',(-1.,2.2597147724795E-47,0.));
#11094=DIRECTION('center_axis',(0.,0.,-1.));
#11095=DIRECTION('ref_axis',(-1.,2.2597147724795E-47,0.));
#11096=DIRECTION('center_axis',(0.,0.,-1.));
#11097=DIRECTION('ref_axis',(-1.,2.2597147724795E-47,0.));
#11098=DIRECTION('center_axis',(0.,0.,-1.));
#11099=DIRECTION('ref_axis',(-1.,2.2597147724795E-47,0.));
#11100=DIRECTION('center_axis',(-1.,0.,1.48029736616687E-14));
#11101=DIRECTION('ref_axis',(-1.48029736616687E-14,0.,-1.));
#11102=DIRECTION('',(0.,-1.,0.));
#11103=DIRECTION('',(1.48029736616687E-14,0.,1.));
#11104=DIRECTION('center_axis',(0.,-1.,0.));
#11105=DIRECTION('ref_axis',(-1.,0.,-5.22931134787219E-15));
#11106=DIRECTION('',(0.,-1.,0.));
#11107=DIRECTION('center_axis',(0.,1.,0.));
#11108=DIRECTION('ref_axis',(-1.,0.,-5.22931134787219E-15));
#11109=DIRECTION('center_axis',(-1.19293304938233E-15,0.,1.));
#11110=DIRECTION('ref_axis',(-1.,0.,-1.19293304938233E-15));
#11111=DIRECTION('',(0.,-1.,0.));
#11112=DIRECTION('',(1.,0.,1.19293304938233E-15));
#11113=DIRECTION('center_axis',(0.,-1.,0.));
#11114=DIRECTION('ref_axis',(0.,0.,1.));
#11115=DIRECTION('center_axis',(0.,1.,0.));
#11116=DIRECTION('ref_axis',(0.,0.,1.));
#11117=DIRECTION('center_axis',(0.,1.91006111763468E-16,1.));
#11118=DIRECTION('ref_axis',(-1.,2.2597147724795E-47,0.));
#11119=DIRECTION('',(0.,1.91006111763468E-16,1.));
#11120=DIRECTION('center_axis',(-1.18305888309889E-31,2.29791827973613E-16,
1.));
#11121=DIRECTION('ref_axis',(-1.,2.2597147724795E-47,0.));
#11122=DIRECTION('center_axis',(1.18305888309889E-31,-2.29791827973613E-16,
-1.));
#11123=DIRECTION('ref_axis',(-1.,0.,-1.18305888309889E-31));
#11124=DIRECTION('center_axis',(0.,1.91006111763468E-16,1.));
#11125=DIRECTION('ref_axis',(-1.,2.2597147724795E-47,0.));
#11126=DIRECTION('',(0.,1.91006111763468E-16,1.));
#11127=DIRECTION('center_axis',(-1.18305888309889E-31,2.29791827973613E-16,
1.));
#11128=DIRECTION('ref_axis',(-1.,2.2597147724795E-47,0.));
#11129=DIRECTION('center_axis',(1.18305888309889E-31,-2.29791827973613E-16,
-1.));
#11130=DIRECTION('ref_axis',(-1.,0.,-1.18305888309889E-31));
#11131=DIRECTION('center_axis',(0.,1.91006111763468E-16,1.));
#11132=DIRECTION('ref_axis',(-1.,2.2597147724795E-47,0.));
#11133=DIRECTION('',(0.,1.91006111763468E-16,1.));
#11134=DIRECTION('center_axis',(-1.18305888309889E-31,2.29791827973613E-16,
1.));
#11135=DIRECTION('ref_axis',(-1.,2.2597147724795E-47,0.));
#11136=DIRECTION('center_axis',(1.18305888309889E-31,-2.29791827973613E-16,
-1.));
#11137=DIRECTION('ref_axis',(-1.,0.,-1.18305888309889E-31));
#11138=DIRECTION('center_axis',(0.,1.91006111763468E-16,1.));
#11139=DIRECTION('ref_axis',(-1.,2.2597147724795E-47,0.));
#11140=DIRECTION('',(0.,1.91006111763468E-16,1.));
#11141=DIRECTION('center_axis',(-1.18305888309889E-31,2.29791827973613E-16,
1.));
#11142=DIRECTION('ref_axis',(-1.,2.2597147724795E-47,0.));
#11143=DIRECTION('center_axis',(1.18305888309889E-31,-2.29791827973613E-16,
-1.));
#11144=DIRECTION('ref_axis',(-1.,0.,-1.18305888309889E-31));
#11145=DIRECTION('center_axis',(0.,1.91006111763468E-16,1.));
#11146=DIRECTION('ref_axis',(-1.,2.2597147724795E-47,0.));
#11147=DIRECTION('',(0.,1.91006111763468E-16,1.));
#11148=DIRECTION('center_axis',(-1.18305888309889E-31,2.29791827973613E-16,
1.));
#11149=DIRECTION('ref_axis',(-1.,2.2597147724795E-47,0.));
#11150=DIRECTION('center_axis',(1.18305888309889E-31,-2.29791827973613E-16,
-1.));
#11151=DIRECTION('ref_axis',(-1.,0.,-1.18305888309889E-31));
#11152=DIRECTION('center_axis',(0.,1.91006111763468E-16,1.));
#11153=DIRECTION('ref_axis',(-1.,2.2597147724795E-47,0.));
#11154=DIRECTION('',(0.,1.91006111763468E-16,1.));
#11155=DIRECTION('center_axis',(-1.18305888309889E-31,2.29791827973613E-16,
1.));
#11156=DIRECTION('ref_axis',(-1.,2.2597147724795E-47,0.));
#11157=DIRECTION('center_axis',(1.18305888309889E-31,-2.29791827973613E-16,
-1.));
#11158=DIRECTION('ref_axis',(-1.,0.,-1.18305888309889E-31));
#11159=DIRECTION('center_axis',(0.,1.91006111763468E-16,1.));
#11160=DIRECTION('ref_axis',(-1.,2.2597147724795E-47,0.));
#11161=DIRECTION('',(0.,1.91006111763468E-16,1.));
#11162=DIRECTION('center_axis',(-1.18305888309889E-31,2.29791827973613E-16,
1.));
#11163=DIRECTION('ref_axis',(-1.,2.2597147724795E-47,0.));
#11164=DIRECTION('center_axis',(1.18305888309889E-31,-2.29791827973613E-16,
-1.));
#11165=DIRECTION('ref_axis',(-1.,0.,-1.18305888309889E-31));
#11166=DIRECTION('center_axis',(0.,1.91006111763468E-16,1.));
#11167=DIRECTION('ref_axis',(-1.,2.2597147724795E-47,0.));
#11168=DIRECTION('',(0.,1.91006111763468E-16,1.));
#11169=DIRECTION('center_axis',(-1.18305888309889E-31,2.29791827973613E-16,
1.));
#11170=DIRECTION('ref_axis',(-1.,2.2597147724795E-47,0.));
#11171=DIRECTION('center_axis',(1.18305888309889E-31,-2.29791827973613E-16,
-1.));
#11172=DIRECTION('ref_axis',(-1.,0.,-1.18305888309889E-31));
#11173=DIRECTION('center_axis',(0.,0.,1.));
#11174=DIRECTION('ref_axis',(-0.374165738677392,0.927361849549571,0.));
#11175=DIRECTION('',(0.,0.,1.));
#11176=DIRECTION('center_axis',(0.,0.,1.));
#11177=DIRECTION('ref_axis',(-0.374165738677392,0.927361849549571,0.));
#11178=DIRECTION('',(0.,0.,-1.));
#11179=DIRECTION('center_axis',(0.,0.,-1.));
#11180=DIRECTION('ref_axis',(1.,0.,0.));
#11181=DIRECTION('',(0.,0.,-1.));
#11182=DIRECTION('center_axis',(0.,0.,-1.));
#11183=DIRECTION('ref_axis',(1.,0.,0.));
#11184=DIRECTION('center_axis',(0.,0.,-1.));
#11185=DIRECTION('ref_axis',(0.374165738677392,0.927361849549571,0.));
#11186=DIRECTION('',(0.,0.,1.));
#11187=DIRECTION('center_axis',(0.,0.,1.));
#11188=DIRECTION('ref_axis',(0.374165738677392,0.927361849549571,0.));
#11189=DIRECTION('center_axis',(3.29327159576937E-17,-1.,0.));
#11190=DIRECTION('ref_axis',(1.,3.29327159576937E-17,0.));
#11191=DIRECTION('',(0.,0.,1.));
#11192=DIRECTION('',(1.,3.29327159576937E-17,0.));
#11193=DIRECTION('center_axis',(0.,0.,1.));
#11194=DIRECTION('ref_axis',(-0.37416573867739,0.927361849549572,0.));
#11195=DIRECTION('',(0.,0.,1.));
#11196=DIRECTION('center_axis',(0.,0.,1.));
#11197=DIRECTION('ref_axis',(-0.37416573867739,0.927361849549572,0.));
#11198=DIRECTION('',(0.,0.,-1.));
#11199=DIRECTION('center_axis',(0.,0.,-1.));
#11200=DIRECTION('ref_axis',(1.,0.,0.));
#11201=DIRECTION('',(0.,0.,-1.));
#11202=DIRECTION('center_axis',(0.,0.,-1.));
#11203=DIRECTION('ref_axis',(1.,0.,0.));
#11204=DIRECTION('center_axis',(0.,0.,-1.));
#11205=DIRECTION('ref_axis',(0.37416573867739,0.927361849549572,0.));
#11206=DIRECTION('',(0.,0.,1.));
#11207=DIRECTION('center_axis',(0.,0.,1.));
#11208=DIRECTION('ref_axis',(0.37416573867739,0.927361849549572,0.));
#11209=DIRECTION('center_axis',(3.29327159576937E-17,-1.,0.));
#11210=DIRECTION('ref_axis',(1.,3.29327159576937E-17,0.));
#11211=DIRECTION('',(0.,0.,1.));
#11212=DIRECTION('',(1.,3.29327159576937E-17,0.));
#11213=DIRECTION('center_axis',(0.,0.,1.));
#11214=DIRECTION('ref_axis',(-0.374165738677396,0.92736184954957,0.));
#11215=DIRECTION('',(0.,0.,1.));
#11216=DIRECTION('center_axis',(0.,0.,1.));
#11217=DIRECTION('ref_axis',(-0.374165738677396,0.92736184954957,0.));
#11218=DIRECTION('',(0.,0.,-1.));
#11219=DIRECTION('center_axis',(0.,0.,-1.));
#11220=DIRECTION('ref_axis',(1.,0.,0.));
#11221=DIRECTION('',(0.,0.,-1.));
#11222=DIRECTION('center_axis',(0.,0.,-1.));
#11223=DIRECTION('ref_axis',(1.,0.,0.));
#11224=DIRECTION('center_axis',(0.,0.,-1.));
#11225=DIRECTION('ref_axis',(0.374165738677396,0.92736184954957,0.));
#11226=DIRECTION('',(0.,0.,1.));
#11227=DIRECTION('center_axis',(0.,0.,1.));
#11228=DIRECTION('ref_axis',(0.374165738677396,0.92736184954957,0.));
#11229=DIRECTION('center_axis',(3.29327159576937E-17,-1.,0.));
#11230=DIRECTION('ref_axis',(1.,3.29327159576937E-17,0.));
#11231=DIRECTION('',(0.,0.,1.));
#11232=DIRECTION('',(1.,3.29327159576937E-17,0.));
#11233=DIRECTION('center_axis',(0.,0.,-1.));
#11234=DIRECTION('ref_axis',(-0.122474487139183,-0.992471662063957,0.));
#11235=DIRECTION('',(0.,0.,1.));
#11236=DIRECTION('center_axis',(0.,0.,1.));
#11237=DIRECTION('ref_axis',(-0.122474487139183,-0.992471662063957,0.));
#11238=DIRECTION('',(0.,0.,-1.));
#11239=DIRECTION('center_axis',(0.,0.,-1.));
#11240=DIRECTION('ref_axis',(1.,0.,0.));
#11241=DIRECTION('center_axis',(0.,0.,-1.));
#11242=DIRECTION('ref_axis',(1.,0.,0.));
#11243=DIRECTION('',(0.,0.,1.));
#11244=DIRECTION('center_axis',(0.,0.,1.));
#11245=DIRECTION('ref_axis',(0.122474487139183,-0.992471662063957,0.));
#11246=DIRECTION('center_axis',(0.,0.,1.));
#11247=DIRECTION('ref_axis',(0.122474487139183,-0.992471662063957,0.));
#11248=DIRECTION('',(0.,0.,-1.));
#11249=DIRECTION('center_axis',(0.,0.,-1.));
#11250=DIRECTION('ref_axis',(-0.122474487139147,-0.992471662063962,0.));
#11251=DIRECTION('',(0.,0.,1.));
#11252=DIRECTION('center_axis',(0.,0.,1.));
#11253=DIRECTION('ref_axis',(-0.122474487139147,-0.992471662063962,0.));
#11254=DIRECTION('',(0.,0.,-1.));
#11255=DIRECTION('center_axis',(0.,0.,-1.));
#11256=DIRECTION('ref_axis',(1.,0.,0.));
#11257=DIRECTION('center_axis',(0.,0.,-1.));
#11258=DIRECTION('ref_axis',(1.,0.,0.));
#11259=DIRECTION('',(0.,0.,1.));
#11260=DIRECTION('center_axis',(0.,0.,1.));
#11261=DIRECTION('ref_axis',(0.122474487139147,-0.992471662063962,0.));
#11262=DIRECTION('center_axis',(0.,0.,1.));
#11263=DIRECTION('ref_axis',(0.122474487139147,-0.992471662063962,0.));
#11264=DIRECTION('',(0.,0.,-1.));
#11265=DIRECTION('center_axis',(0.,0.,-1.));
#11266=DIRECTION('ref_axis',(-0.122474487139151,-0.992471662063961,0.));
#11267=DIRECTION('',(0.,0.,1.));
#11268=DIRECTION('center_axis',(0.,0.,1.));
#11269=DIRECTION('ref_axis',(-0.122474487139151,-0.992471662063961,0.));
#11270=DIRECTION('',(0.,0.,-1.));
#11271=DIRECTION('center_axis',(0.,0.,-1.));
#11272=DIRECTION('ref_axis',(1.,0.,0.));
#11273=DIRECTION('center_axis',(0.,0.,-1.));
#11274=DIRECTION('ref_axis',(1.,0.,0.));
#11275=DIRECTION('',(0.,0.,1.));
#11276=DIRECTION('center_axis',(0.,0.,1.));
#11277=DIRECTION('ref_axis',(0.122474487139151,-0.992471662063961,0.));
#11278=DIRECTION('center_axis',(0.,0.,1.));
#11279=DIRECTION('ref_axis',(0.122474487139151,-0.992471662063961,0.));
#11280=DIRECTION('',(0.,0.,-1.));
#11281=DIRECTION('center_axis',(0.,0.,-1.));
#11282=DIRECTION('ref_axis',(-0.122474487139156,-0.992471662063961,0.));
#11283=DIRECTION('',(0.,0.,1.));
#11284=DIRECTION('center_axis',(0.,0.,1.));
#11285=DIRECTION('ref_axis',(-0.122474487139156,-0.992471662063961,0.));
#11286=DIRECTION('',(0.,0.,-1.));
#11287=DIRECTION('center_axis',(0.,0.,-1.));
#11288=DIRECTION('ref_axis',(1.,0.,0.));
#11289=DIRECTION('center_axis',(0.,0.,-1.));
#11290=DIRECTION('ref_axis',(1.,0.,0.));
#11291=DIRECTION('',(0.,0.,1.));
#11292=DIRECTION('center_axis',(0.,0.,1.));
#11293=DIRECTION('ref_axis',(0.122474487139156,-0.992471662063961,0.));
#11294=DIRECTION('center_axis',(0.,0.,1.));
#11295=DIRECTION('ref_axis',(0.122474487139156,-0.992471662063961,0.));
#11296=DIRECTION('',(0.,0.,-1.));
#11297=DIRECTION('center_axis',(0.,1.,0.));
#11298=DIRECTION('ref_axis',(-1.,0.,0.));
#11299=DIRECTION('',(-1.,0.,0.));
#11300=DIRECTION('',(0.,0.,1.));
#11301=DIRECTION('center_axis',(0.,1.,0.));
#11302=DIRECTION('ref_axis',(-1.,0.,0.));
#11303=DIRECTION('',(0.,0.,1.));
#11304=DIRECTION('',(-1.,0.,0.));
#11305=DIRECTION('center_axis',(0.,1.,0.));
#11306=DIRECTION('ref_axis',(-1.,0.,0.));
#11307=DIRECTION('',(-1.,0.,0.));
#11308=DIRECTION('',(0.,0.,1.));
#11309=DIRECTION('center_axis',(3.29327159576937E-17,-1.,0.));
#11310=DIRECTION('ref_axis',(1.,3.29327159576937E-17,0.));
#11311=DIRECTION('',(1.,3.29327159576937E-17,0.));
#11312=DIRECTION('',(0.,0.,1.));
#11313=DIRECTION('center_axis',(0.,1.,0.));
#11314=DIRECTION('ref_axis',(-1.,0.,0.));
#11315=DIRECTION('',(0.,0.,1.));
#11316=DIRECTION('',(-1.,0.,0.));
#11317=DIRECTION('center_axis',(0.,1.,0.));
#11318=DIRECTION('ref_axis',(-1.,0.,0.));
#11319=DIRECTION('',(-1.,0.,0.));
#11320=DIRECTION('',(0.,0.,1.));
#11321=DIRECTION('center_axis',(0.,1.,0.));
#11322=DIRECTION('ref_axis',(-1.,0.,0.));
#11323=DIRECTION('',(0.,0.,1.));
#11324=DIRECTION('',(-1.,0.,0.));
#11325=DIRECTION('center_axis',(0.,1.,0.));
#11326=DIRECTION('ref_axis',(-1.,0.,0.));
#11327=DIRECTION('',(-1.,0.,0.));
#11328=DIRECTION('',(0.,0.,1.));
#11329=DIRECTION('center_axis',(3.29327159576937E-17,-1.,0.));
#11330=DIRECTION('ref_axis',(1.,3.29327159576937E-17,0.));
#11331=DIRECTION('',(1.,3.29327159576937E-17,0.));
#11332=DIRECTION('',(0.,0.,1.));
#11333=DIRECTION('center_axis',(3.29327159576937E-17,-1.,0.));
#11334=DIRECTION('ref_axis',(1.,3.29327159576937E-17,0.));
#11335=DIRECTION('',(1.,3.29327159576937E-17,0.));
#11336=DIRECTION('',(0.,0.,1.));
#11337=DIRECTION('center_axis',(0.,1.,0.));
#11338=DIRECTION('ref_axis',(-1.,0.,0.));
#11339=DIRECTION('',(0.,0.,1.));
#11340=DIRECTION('',(-1.,0.,0.));
#11341=DIRECTION('center_axis',(1.,0.,0.));
#11342=DIRECTION('ref_axis',(0.,1.,0.));
#11343=DIRECTION('',(0.,-1.,0.));
#11344=DIRECTION('',(0.,0.,-1.));
#11345=DIRECTION('',(0.,1.,0.));
#11346=DIRECTION('',(0.,0.,1.));
#11347=DIRECTION('center_axis',(0.,1.,0.));
#11348=DIRECTION('ref_axis',(-1.,0.,0.));
#11349=DIRECTION('',(-1.,0.,0.));
#11350=DIRECTION('',(0.,0.,-1.));
#11351=DIRECTION('',(-1.,0.,0.));
#11352=DIRECTION('',(0.,0.,1.));
#11353=DIRECTION('center_axis',(-1.,0.,0.));
#11354=DIRECTION('ref_axis',(0.,-1.,0.));
#11355=DIRECTION('',(0.,0.,-1.));
#11356=DIRECTION('',(0.,1.,0.));
#11357=DIRECTION('',(0.,0.,-1.));
#11358=DIRECTION('',(0.,-1.,0.));
#11359=DIRECTION('center_axis',(-1.,0.,0.));
#11360=DIRECTION('ref_axis',(0.,-1.,0.));
#11361=DIRECTION('',(0.,1.,0.));
#11362=DIRECTION('',(0.,0.,-1.));
#11363=DIRECTION('',(0.,-1.,0.));
#11364=DIRECTION('',(0.,0.,1.));
#11365=DIRECTION('center_axis',(0.,-1.,0.));
#11366=DIRECTION('ref_axis',(1.,0.,0.));
#11367=DIRECTION('',(0.,0.,-1.));
#11368=DIRECTION('',(-1.,0.,0.));
#11369=DIRECTION('',(0.,0.,1.));
#11370=DIRECTION('',(1.,0.,0.));
#11371=DIRECTION('',(0.,0.,1.));
#11372=DIRECTION('center_axis',(0.,0.,1.));
#11373=DIRECTION('ref_axis',(0.99918699315487,0.0403156633348535,0.));
#11374=DIRECTION('',(0.,0.,1.));
#11375=DIRECTION('center_axis',(0.,0.,1.));
#11376=DIRECTION('ref_axis',(0.99918699315487,0.0403156633348535,0.));
#11377=DIRECTION('',(0.,0.,-1.));
#11378=DIRECTION('center_axis',(0.,0.,1.));
#11379=DIRECTION('ref_axis',(0.707106781186491,0.707106781186604,0.));
#11380=DIRECTION('',(0.,0.,1.));
#11381=DIRECTION('center_axis',(0.,0.,1.));
#11382=DIRECTION('ref_axis',(0.707106781186491,0.707106781186604,0.));
#11383=DIRECTION('center_axis',(0.,0.,-1.));
#11384=DIRECTION('ref_axis',(-0.999186993154869,0.0403156633348771,0.));
#11385=DIRECTION('center_axis',(0.,0.,1.));
#11386=DIRECTION('ref_axis',(-0.999186993154869,0.0403156633348771,0.));
#11387=DIRECTION('',(0.,0.,-1.));
#11388=DIRECTION('',(0.,0.,1.));
#11389=DIRECTION('center_axis',(1.,0.,0.));
#11390=DIRECTION('ref_axis',(0.,1.,0.));
#11391=DIRECTION('',(0.,0.,-1.));
#11392=DIRECTION('',(0.,-1.,0.));
#11393=DIRECTION('',(0.,0.,-1.));
#11394=DIRECTION('',(0.,1.,0.));
#11395=DIRECTION('center_axis',(0.,0.,1.));
#11396=DIRECTION('ref_axis',(-0.707106781186543,0.707106781186552,0.));
#11397=DIRECTION('center_axis',(0.,0.,1.));
#11398=DIRECTION('ref_axis',(-0.707106781186543,0.707106781186552,0.));
#11399=DIRECTION('center_axis',(0.,0.,-1.));
#11400=DIRECTION('ref_axis',(-0.707106781186543,0.707106781186552,0.));
#11401=DIRECTION('center_axis',(0.,0.,1.));
#11402=DIRECTION('ref_axis',(-0.382683432365094,-0.923879532511285,0.));
#11403=DIRECTION('',(0.,0.,1.));
#11404=DIRECTION('center_axis',(0.,0.,1.));
#11405=DIRECTION('ref_axis',(-0.382683432365094,-0.923879532511285,0.));
#11406=DIRECTION('',(0.,0.,-1.));
#11407=DIRECTION('center_axis',(0.,-1.,0.));
#11408=DIRECTION('ref_axis',(1.,0.,0.));
#11409=DIRECTION('',(0.,0.,-1.));
#11410=DIRECTION('',(1.,0.,0.));
#11411=DIRECTION('',(0.,0.,1.));
#11412=DIRECTION('',(0.,0.,-1.));
#11413=DIRECTION('',(1.,0.,0.));
#11414=DIRECTION('',(0.,0.,1.));
#11415=DIRECTION('',(-1.,0.,0.));
#11416=DIRECTION('',(0.,0.,1.));
#11417=DIRECTION('',(1.,0.,0.));
#11418=DIRECTION('',(0.,0.,1.));
#11419=DIRECTION('',(-1.,0.,0.));
#11420=DIRECTION('',(0.,0.,1.));
#11421=DIRECTION('',(1.,0.,0.));
#11422=DIRECTION('',(0.,0.,1.));
#11423=DIRECTION('',(-1.,0.,0.));
#11424=DIRECTION('',(0.,0.,1.));
#11425=DIRECTION('',(1.,0.,0.));
#11426=DIRECTION('',(0.,0.,1.));
#11427=DIRECTION('',(-1.,0.,0.));
#11428=DIRECTION('',(0.,0.,1.));
#11429=DIRECTION('',(1.,0.,0.));
#11430=DIRECTION('',(0.,0.,-1.));
#11431=DIRECTION('',(1.,0.,0.));
#11432=DIRECTION('',(0.,0.,-1.));
#11433=DIRECTION('',(1.,0.,0.));
#11434=DIRECTION('',(0.,0.,1.));
#11435=DIRECTION('',(0.,0.,-1.));
#11436=DIRECTION('',(1.,0.,0.));
#11437=DIRECTION('',(0.,0.,1.));
#11438=DIRECTION('center_axis',(0.,0.,1.));
#11439=DIRECTION('ref_axis',(0.382683432365089,-0.923879532511287,0.));
#11440=DIRECTION('',(0.,0.,1.));
#11441=DIRECTION('center_axis',(0.,0.,1.));
#11442=DIRECTION('ref_axis',(0.382683432365089,-0.923879532511287,0.));
#11443=DIRECTION('center_axis',(-0.707106781186548,0.707106781186548,0.));
#11444=DIRECTION('ref_axis',(-0.707106781186548,-0.707106781186548,0.));
#11445=DIRECTION('',(0.,0.,1.));
#11446=DIRECTION('',(-0.707106781186547,-0.707106781186547,0.));
#11447=DIRECTION('center_axis',(0.,0.,1.));
#11448=DIRECTION('ref_axis',(0.382683432365089,-0.923879532511287,0.));
#11449=DIRECTION('',(0.,0.,1.));
#11450=DIRECTION('center_axis',(0.,0.,1.));
#11451=DIRECTION('ref_axis',(0.382683432365089,-0.923879532511287,0.));
#11452=DIRECTION('center_axis',(0.,0.,1.));
#11453=DIRECTION('ref_axis',(-0.382683432365092,-0.923879532511286,0.));
#11454=DIRECTION('center_axis',(0.,0.,1.));
#11455=DIRECTION('ref_axis',(-0.382683432365092,-0.923879532511286,0.));
#11456=DIRECTION('',(0.,0.,-1.));
#11457=DIRECTION('center_axis',(0.,0.,1.));
#11458=DIRECTION('ref_axis',(0.38268343236509,-0.923879532511287,0.));
#11459=DIRECTION('',(0.,0.,1.));
#11460=DIRECTION('center_axis',(0.,0.,1.));
#11461=DIRECTION('ref_axis',(0.38268343236509,-0.923879532511287,0.));
#11462=DIRECTION('center_axis',(0.,0.,1.));
#11463=DIRECTION('ref_axis',(-0.382683432365092,-0.923879532511286,0.));
#11464=DIRECTION('center_axis',(0.,0.,1.));
#11465=DIRECTION('ref_axis',(-0.382683432365092,-0.923879532511286,0.));
#11466=DIRECTION('',(0.,0.,-1.));
#11467=DIRECTION('center_axis',(0.,0.,1.));
#11468=DIRECTION('ref_axis',(0.382683432365089,-0.923879532511287,0.));
#11469=DIRECTION('',(0.,0.,1.));
#11470=DIRECTION('center_axis',(0.,0.,1.));
#11471=DIRECTION('ref_axis',(0.382683432365089,-0.923879532511287,0.));
#11472=DIRECTION('center_axis',(0.,0.,1.));
#11473=DIRECTION('ref_axis',(-0.382683432365082,-0.92387953251129,0.));
#11474=DIRECTION('center_axis',(0.,0.,1.));
#11475=DIRECTION('ref_axis',(-0.382683432365082,-0.92387953251129,0.));
#11476=DIRECTION('',(0.,0.,-1.));
#11477=DIRECTION('center_axis',(0.70710678118654,0.707106781186556,0.));
#11478=DIRECTION('ref_axis',(-0.707106781186556,0.70710678118654,0.));
#11479=DIRECTION('',(0.707106781186557,-0.707106781186538,0.));
#11480=DIRECTION('',(0.,0.,1.));
#11481=DIRECTION('center_axis',(0.,0.,1.));
#11482=DIRECTION('ref_axis',(0.707106781186541,-0.707106781186554,0.));
#11483=DIRECTION('center_axis',(0.,0.,-1.));
#11484=DIRECTION('ref_axis',(0.707106781186541,-0.707106781186554,0.));
#11485=DIRECTION('',(0.,0.,-1.));
#11486=DIRECTION('',(0.,0.,1.));
#11487=DIRECTION('center_axis',(1.,0.,0.));
#11488=DIRECTION('ref_axis',(0.,1.,0.));
#11489=DIRECTION('',(0.,1.,0.));
#11490=DIRECTION('center_axis',(0.,0.,1.));
#11491=DIRECTION('ref_axis',(-0.707106781186541,-0.707106781186554,0.));
#11492=DIRECTION('center_axis',(0.,0.,-1.));
#11493=DIRECTION('ref_axis',(-0.707106781186541,-0.707106781186554,0.));
#11494=DIRECTION('',(0.,0.,-1.));
#11495=DIRECTION('',(0.,0.,1.));
#11496=DIRECTION('center_axis',(0.,-1.,0.));
#11497=DIRECTION('ref_axis',(1.,0.,0.));
#11498=DIRECTION('',(1.,0.,0.));
#11499=DIRECTION('',(0.,0.,1.));
#11500=DIRECTION('center_axis',(0.,0.,1.));
#11501=DIRECTION('ref_axis',(0.707106781186543,-0.707106781186552,0.));
#11502=DIRECTION('center_axis',(0.,0.,-1.));
#11503=DIRECTION('ref_axis',(0.707106781186543,-0.707106781186552,0.));
#11504=DIRECTION('center_axis',(0.,0.,-1.));
#11505=DIRECTION('ref_axis',(0.707106781186543,-0.707106781186552,0.));
#11506=DIRECTION('',(0.,0.,-1.));
#11507=DIRECTION('center_axis',(0.,0.,-1.));
#11508=DIRECTION('ref_axis',(1.,0.,0.));
#11509=DIRECTION('center_axis',(0.,0.,1.));
#11510=DIRECTION('ref_axis',(-0.707106781186543,-0.707106781186552,0.));
#11511=DIRECTION('',(1.,0.,0.));
#11512=DIRECTION('center_axis',(0.,0.,1.));
#11513=DIRECTION('ref_axis',(0.707106781186545,-0.70710678118655,0.));
#11514=DIRECTION('',(0.,1.,0.));
#11515=DIRECTION('center_axis',(0.,0.,1.));
#11516=DIRECTION('ref_axis',(0.707106781186552,0.707106781186543,0.));
#11517=DIRECTION('center_axis',(0.,0.,1.));
#11518=DIRECTION('ref_axis',(-0.707106781186551,0.707106781186544,0.));
#11519=DIRECTION('center_axis',(0.,0.,1.));
#11520=DIRECTION('ref_axis',(7.10542735760113E-15,1.,0.));
#11521=DIRECTION('',(0.707106781186548,-0.707106781186548,0.));
#11522=DIRECTION('center_axis',(0.,0.,1.));
#11523=DIRECTION('ref_axis',(-0.707106781186552,0.707106781186543,0.));
#11524=DIRECTION('',(0.,-1.,0.));
#11525=DIRECTION('center_axis',(0.,0.,1.));
#11526=DIRECTION('ref_axis',(-0.707106781186552,-0.707106781186543,0.));
#11527=DIRECTION('',(1.,0.,0.));
#11528=DIRECTION('center_axis',(0.,0.,1.));
#11529=DIRECTION('ref_axis',(0.70710678118655,-0.707106781186545,0.));
#11530=DIRECTION('',(0.,1.,0.));
#11531=DIRECTION('center_axis',(0.,0.,1.));
#11532=DIRECTION('ref_axis',(0.707106781186548,0.707106781186548,0.));
#11533=DIRECTION('center_axis',(0.,0.,1.));
#11534=DIRECTION('ref_axis',(-0.707106781186548,0.707106781186548,0.));
#11535=DIRECTION('',(0.,-1.,0.));
#11536=DIRECTION('center_axis',(0.,0.,1.));
#11537=DIRECTION('ref_axis',(-0.707106781186548,-0.707106781186548,0.));
#11538=DIRECTION('',(1.,0.,0.));
#11539=DIRECTION('center_axis',(0.,0.,1.));
#11540=DIRECTION('ref_axis',(0.707106781186549,-0.707106781186546,0.));
#11541=DIRECTION('',(0.,1.,0.));
#11542=DIRECTION('center_axis',(0.,0.,1.));
#11543=DIRECTION('ref_axis',(0.707106781186546,0.707106781186549,0.));
#11544=DIRECTION('center_axis',(0.,0.,1.));
#11545=DIRECTION('ref_axis',(-0.707106781186546,0.707106781186549,0.));
#11546=DIRECTION('',(0.,-1.,0.));
#11547=DIRECTION('center_axis',(0.,0.,1.));
#11548=DIRECTION('ref_axis',(-0.707106781186547,-0.707106781186548,0.));
#11549=DIRECTION('',(1.,0.,0.));
#11550=DIRECTION('',(0.,1.,0.));
#11551=DIRECTION('center_axis',(0.,0.,1.));
#11552=DIRECTION('ref_axis',(0.707106781186552,0.707106781186543,0.));
#11553=DIRECTION('center_axis',(0.,0.,1.));
#11554=DIRECTION('ref_axis',(-0.707106781186543,0.707106781186552,0.));
#11555=DIRECTION('',(0.,-1.,0.));
#11556=DIRECTION('center_axis',(0.,0.,1.));
#11557=DIRECTION('ref_axis',(-0.707106781186552,-0.707106781186543,0.));
#11558=DIRECTION('',(1.,0.,0.));
#11559=DIRECTION('',(0.,1.,0.));
#11560=DIRECTION('center_axis',(0.,0.,1.));
#11561=DIRECTION('ref_axis',(0.707106781186552,0.707106781186543,0.));
#11562=DIRECTION('center_axis',(0.,0.,1.));
#11563=DIRECTION('ref_axis',(-0.707106781186543,0.707106781186552,0.));
#11564=DIRECTION('',(0.,-1.,0.));
#11565=DIRECTION('center_axis',(0.,0.,1.));
#11566=DIRECTION('ref_axis',(-0.707106781186552,-0.707106781186543,0.));
#11567=DIRECTION('',(1.,0.,0.));
#11568=DIRECTION('center_axis',(0.,0.,1.));
#11569=DIRECTION('ref_axis',(0.707106781186545,-0.70710678118655,0.));
#11570=DIRECTION('center_axis',(0.,0.,1.));
#11571=DIRECTION('ref_axis',(0.707106781186543,0.707106781186552,0.));
#11572=DIRECTION('',(1.,0.,0.));
#11573=DIRECTION('center_axis',(0.,0.,-1.));
#11574=DIRECTION('ref_axis',(-0.707106781186592,0.707106781186503,0.));
#11575=DIRECTION('',(0.707106781186579,0.707106781186516,0.));
#11576=DIRECTION('center_axis',(0.,0.,1.));
#11577=DIRECTION('ref_axis',(0.707106781186556,-0.707106781186539,0.));
#11578=DIRECTION('center_axis',(0.,0.,1.));
#11579=DIRECTION('ref_axis',(-7.10542735760083E-15,-1.,0.));
#11580=DIRECTION('',(0.707106781186569,-0.707106781186527,0.));
#11581=DIRECTION('center_axis',(0.,0.,-1.));
#11582=DIRECTION('ref_axis',(0.,1.,0.));
#11583=DIRECTION('',(1.,1.10666289958232E-16,0.));
#11584=DIRECTION('center_axis',(0.,0.,-1.));
#11585=DIRECTION('ref_axis',(-0.707106781186503,0.707106781186592,0.));
#11586=DIRECTION('',(0.707106781186573,0.707106781186522,0.));
#11587=DIRECTION('center_axis',(0.,0.,1.));
#11588=DIRECTION('ref_axis',(0.707106781186537,-0.707106781186558,0.));
#11589=DIRECTION('center_axis',(0.,0.,1.));
#11590=DIRECTION('ref_axis',(0.,-1.,0.));
#11591=DIRECTION('',(0.707106781186565,-0.70710678118653,0.));
#11592=DIRECTION('center_axis',(0.,0.,-1.));
#11593=DIRECTION('ref_axis',(0.,1.,0.));
#11594=DIRECTION('',(1.,-7.02603969882617E-16,0.));
#11595=DIRECTION('center_axis',(0.,0.,-1.));
#11596=DIRECTION('ref_axis',(-0.707106781186636,0.707106781186459,0.));
#11597=DIRECTION('',(0.707106781186585,0.70710678118651,0.));
#11598=DIRECTION('center_axis',(0.,0.,1.));
#11599=DIRECTION('ref_axis',(0.707106781186533,-0.707106781186562,0.));
#11600=DIRECTION('center_axis',(0.,0.,1.));
#11601=DIRECTION('ref_axis',(-2.84217094304034E-14,-1.,0.));
#11602=DIRECTION('',(0.707106781186575,-0.70710678118652,0.));
#11603=DIRECTION('center_axis',(0.,0.,-1.));
#11604=DIRECTION('ref_axis',(0.,1.,0.));
#11605=DIRECTION('',(0.,-1.,0.));
#11606=DIRECTION('center_axis',(0.,0.,1.));
#11607=DIRECTION('ref_axis',(-1.,0.,0.));
#11608=DIRECTION('center_axis',(0.,0.,-1.));
#11609=DIRECTION('ref_axis',(-1.,0.,0.));
#11610=DIRECTION('center_axis',(0.,0.,-1.));
#11611=DIRECTION('ref_axis',(-0.707106781186527,-0.707106781186568,0.));
#11612=DIRECTION('',(-1.,0.,0.));
#11613=DIRECTION('center_axis',(0.,0.,1.));
#11614=DIRECTION('ref_axis',(0.707106781186552,-0.707106781186543,0.));
#11615=DIRECTION('',(0.,1.,0.));
#11616=DIRECTION('center_axis',(0.,0.,1.));
#11617=DIRECTION('ref_axis',(0.707106781186545,0.70710678118655,0.));
#11618=DIRECTION('',(-1.,3.09793118498268E-17,0.));
#11619=DIRECTION('center_axis',(0.,0.,1.));
#11620=DIRECTION('ref_axis',(-0.707106781186543,0.707106781186552,0.));
#11621=DIRECTION('',(0.,1.,0.));
#11622=DIRECTION('center_axis',(0.,0.,1.));
#11623=DIRECTION('ref_axis',(0.707106781186543,0.707106781186552,0.));
#11624=DIRECTION('',(-1.,0.,0.));
#11625=DIRECTION('center_axis',(0.,0.,-1.));
#11626=DIRECTION('ref_axis',(-0.707106781186543,-0.707106781186552,0.));
#11627=DIRECTION('',(0.,1.,0.));
#11628=DIRECTION('center_axis',(0.,0.,1.));
#11629=DIRECTION('ref_axis',(0.707106781186552,0.707106781186543,0.));
#11630=DIRECTION('',(-1.,0.,0.));
#11631=DIRECTION('center_axis',(0.,0.,1.));
#11632=DIRECTION('ref_axis',(-0.707106781186545,0.70710678118655,0.));
#11633=DIRECTION('',(0.,-1.,0.));
#11634=DIRECTION('center_axis',(0.,0.,-1.));
#11635=DIRECTION('ref_axis',(0.707106781186552,-0.707106781186543,0.));
#11636=DIRECTION('',(-1.,0.,0.));
#11637=DIRECTION('center_axis',(0.,0.,1.));
#11638=DIRECTION('ref_axis',(-0.707106781186543,0.707106781186552,0.));
#11639=DIRECTION('',(0.,-1.,0.));
#11640=DIRECTION('center_axis',(0.,0.,1.));
#11641=DIRECTION('ref_axis',(-0.707106781186552,-0.707106781186543,0.));
#11642=DIRECTION('center_axis',(0.,0.,-1.));
#11643=DIRECTION('ref_axis',(-1.,0.,0.));
#11644=DIRECTION('center_axis',(0.,0.,-1.));
#11645=DIRECTION('ref_axis',(-1.,0.,0.));
#11646=DIRECTION('center_axis',(0.,0.,-1.));
#11647=DIRECTION('ref_axis',(-1.,0.,0.));
#11648=DIRECTION('center_axis',(0.,0.,1.));
#11649=DIRECTION('ref_axis',(0.707106781186543,0.707106781186552,0.));
#11650=DIRECTION('',(-1.,0.,0.));
#11651=DIRECTION('center_axis',(0.,0.,1.));
#11652=DIRECTION('ref_axis',(-0.707106781186545,0.70710678118655,0.));
#11653=DIRECTION('',(0.,-1.,0.));
#11654=DIRECTION('center_axis',(0.,0.,1.));
#11655=DIRECTION('ref_axis',(-0.707106781186553,-0.707106781186543,0.));
#11656=DIRECTION('',(1.,-5.73264900839152E-17,0.));
#11657=DIRECTION('center_axis',(0.,0.,1.));
#11658=DIRECTION('ref_axis',(0.707106781186544,-0.707106781186551,0.));
#11659=DIRECTION('center_axis',(0.,0.,-1.));
#11660=DIRECTION('ref_axis',(1.,0.,0.));
#11661=DIRECTION('',(0.707106781186551,0.707106781186544,0.));
#11662=DIRECTION('center_axis',(0.,0.,1.));
#11663=DIRECTION('ref_axis',(-0.707106781186583,0.707106781186512,0.));
#11664=DIRECTION('center_axis',(0.,0.,1.));
#11665=DIRECTION('ref_axis',(-3.55271367880084E-14,1.,0.));
#11666=DIRECTION('center_axis',(0.,0.,-1.));
#11667=DIRECTION('ref_axis',(-1.,0.,0.));
#11668=DIRECTION('center_axis',(0.,0.,-1.));
#11669=DIRECTION('ref_axis',(1.,0.,0.));
#11670=DIRECTION('',(0.707106781186545,-0.70710678118655,0.));
#11671=DIRECTION('',(-0.707106781186548,-0.707106781186547,0.));
#11672=DIRECTION('center_axis',(0.,0.,1.));
#11673=DIRECTION('ref_axis',(-0.707106781186562,0.707106781186533,0.));
#11674=DIRECTION('center_axis',(0.,0.,1.));
#11675=DIRECTION('ref_axis',(2.66453525910029E-14,1.,0.));
#11676=DIRECTION('center_axis',(0.,0.,-1.));
#11677=DIRECTION('ref_axis',(-1.,0.,0.));
#11678=DIRECTION('center_axis',(-0.707106781186544,0.707106781186551,0.));
#11679=DIRECTION('ref_axis',(-0.707106781186551,-0.707106781186544,0.));
#11680=DIRECTION('',(0.,0.,1.));
#11681=DIRECTION('center_axis',(-0.707106781186547,0.707106781186548,0.));
#11682=DIRECTION('ref_axis',(-0.707106781186548,-0.707106781186547,0.));
#11683=DIRECTION('',(0.,0.,1.));
#11684=DIRECTION('center_axis',(0.,0.,-1.));
#11685=DIRECTION('ref_axis',(1.,0.,0.));
#11686=DIRECTION('',(-0.707106781186546,-0.707106781186549,0.));
#11687=DIRECTION('center_axis',(0.,0.,1.));
#11688=DIRECTION('ref_axis',(-0.707106781186556,0.707106781186539,0.));
#11689=DIRECTION('center_axis',(0.,0.,1.));
#11690=DIRECTION('ref_axis',(3.55271367880059E-15,1.,0.));
#11691=DIRECTION('',(0.707106781186544,-0.707106781186551,0.));
#11692=DIRECTION('center_axis',(0.,0.,-1.));
#11693=DIRECTION('ref_axis',(-1.,0.,0.));
#11694=DIRECTION('center_axis',(0.70710678118655,0.707106781186545,0.));
#11695=DIRECTION('ref_axis',(-0.707106781186545,0.70710678118655,0.));
#11696=DIRECTION('',(0.,0.,1.));
#11697=DIRECTION('center_axis',(0.70710678118655,0.707106781186545,0.));
#11698=DIRECTION('ref_axis',(-0.707106781186545,0.70710678118655,0.));
#11699=DIRECTION('',(0.,0.,1.));
#11700=DIRECTION('center_axis',(-0.707106781186549,0.707106781186546,0.));
#11701=DIRECTION('ref_axis',(-0.707106781186546,-0.707106781186549,0.));
#11702=DIRECTION('',(0.,0.,1.));
#11703=DIRECTION('center_axis',(0.707106781186548,0.707106781186548,0.));
#11704=DIRECTION('ref_axis',(-0.707106781186548,0.707106781186548,0.));
#11705=DIRECTION('',(0.,0.,1.));
#11706=DIRECTION('center_axis',(1.,0.,0.));
#11707=DIRECTION('ref_axis',(0.,1.,0.));
#11708=DIRECTION('',(0.,0.,-1.));
#11709=DIRECTION('',(0.,1.,0.));
#11710=DIRECTION('',(0.,0.,1.));
#11711=DIRECTION('center_axis',(0.,0.,-1.));
#11712=DIRECTION('ref_axis',(-0.707106781186543,0.707106781186552,0.));
#11713=DIRECTION('center_axis',(0.,0.,-1.));
#11714=DIRECTION('ref_axis',(-0.707106781186543,0.707106781186552,0.));
#11715=DIRECTION('center_axis',(0.,0.,1.));
#11716=DIRECTION('ref_axis',(-0.707106781186548,-0.707106781186548,0.));
#11717=DIRECTION('',(0.,0.,-1.));
#11718=DIRECTION('center_axis',(0.,0.,-1.));
#11719=DIRECTION('ref_axis',(-0.707106781186548,-0.707106781186548,0.));
#11720=DIRECTION('',(0.,0.,-1.));
#11721=DIRECTION('center_axis',(1.,0.,0.));
#11722=DIRECTION('ref_axis',(0.,1.,0.));
#11723=DIRECTION('',(0.,0.,-1.));
#11724=DIRECTION('',(0.,1.,0.));
#11725=DIRECTION('center_axis',(0.,0.,-1.));
#11726=DIRECTION('ref_axis',(-0.707106781186548,0.707106781186548,0.));
#11727=DIRECTION('center_axis',(0.,0.,-1.));
#11728=DIRECTION('ref_axis',(-0.707106781186548,0.707106781186548,0.));
#11729=DIRECTION('center_axis',(0.,0.,1.));
#11730=DIRECTION('ref_axis',(0.707106781186548,0.707106781186548,0.));
#11731=DIRECTION('',(0.,0.,-1.));
#11732=DIRECTION('center_axis',(0.,0.,-1.));
#11733=DIRECTION('ref_axis',(0.707106781186548,0.707106781186548,0.));
#11734=DIRECTION('center_axis',(-1.,0.,0.));
#11735=DIRECTION('ref_axis',(0.,-1.,0.));
#11736=DIRECTION('',(0.,0.,-1.));
#11737=DIRECTION('',(0.,-1.,0.));
#11738=DIRECTION('center_axis',(0.,0.,1.));
#11739=DIRECTION('ref_axis',(0.70710678118655,-0.707106781186545,0.));
#11740=DIRECTION('',(0.,0.,-1.));
#11741=DIRECTION('center_axis',(0.,0.,-1.));
#11742=DIRECTION('ref_axis',(0.70710678118655,-0.707106781186545,0.));
#11743=DIRECTION('center_axis',(0.,1.,0.));
#11744=DIRECTION('ref_axis',(-1.,0.,0.));
#11745=DIRECTION('',(0.,0.,-1.));
#11746=DIRECTION('',(-1.,0.,0.));
#11747=DIRECTION('center_axis',(0.,0.,1.));
#11748=DIRECTION('ref_axis',(-0.707106781186552,-0.707106781186543,0.));
#11749=DIRECTION('',(0.,0.,-1.));
#11750=DIRECTION('center_axis',(0.,0.,-1.));
#11751=DIRECTION('ref_axis',(-0.707106781186552,-0.707106781186543,0.));
#11752=DIRECTION('center_axis',(1.,0.,0.));
#11753=DIRECTION('ref_axis',(0.,1.,0.));
#11754=DIRECTION('',(0.,0.,-1.));
#11755=DIRECTION('',(0.,1.,0.));
#11756=DIRECTION('center_axis',(0.,0.,-1.));
#11757=DIRECTION('ref_axis',(-0.707106781186552,0.707106781186543,0.));
#11758=DIRECTION('center_axis',(0.,0.,-1.));
#11759=DIRECTION('ref_axis',(-0.707106781186552,0.707106781186543,0.));
#11760=DIRECTION('center_axis',(0.,0.,1.));
#11761=DIRECTION('ref_axis',(0.707106781186552,0.707106781186543,0.));
#11762=DIRECTION('',(0.,0.,-1.));
#11763=DIRECTION('center_axis',(0.,0.,-1.));
#11764=DIRECTION('ref_axis',(0.707106781186552,0.707106781186543,0.));
#11765=DIRECTION('center_axis',(-1.,0.,0.));
#11766=DIRECTION('ref_axis',(0.,-1.,0.));
#11767=DIRECTION('',(0.,0.,-1.));
#11768=DIRECTION('',(0.,-1.,0.));
#11769=DIRECTION('center_axis',(0.,0.,1.));
#11770=DIRECTION('ref_axis',(0.707106781186545,-0.70710678118655,0.));
#11771=DIRECTION('',(0.,0.,-1.));
#11772=DIRECTION('center_axis',(0.,0.,-1.));
#11773=DIRECTION('ref_axis',(0.707106781186545,-0.70710678118655,0.));
#11774=DIRECTION('center_axis',(0.,1.,0.));
#11775=DIRECTION('ref_axis',(-1.,0.,0.));
#11776=DIRECTION('',(0.,0.,-1.));
#11777=DIRECTION('',(-1.,0.,0.));
#11778=DIRECTION('center_axis',(0.,0.,1.));
#11779=DIRECTION('ref_axis',(-0.707106781186543,-0.707106781186552,0.));
#11780=DIRECTION('center_axis',(0.,0.,-1.));
#11781=DIRECTION('ref_axis',(-0.707106781186543,-0.707106781186552,0.));
#11782=DIRECTION('center_axis',(0.,0.,1.));
#11783=DIRECTION('ref_axis',(-0.707106781186543,0.707106781186552,0.));
#11784=DIRECTION('',(0.,0.,1.));
#11785=DIRECTION('center_axis',(0.,0.,-1.));
#11786=DIRECTION('ref_axis',(-0.707106781186543,0.707106781186552,0.));
#11787=DIRECTION('center_axis',(-3.09793118498268E-17,-1.,0.));
#11788=DIRECTION('ref_axis',(1.,-3.09793118498268E-17,0.));
#11789=DIRECTION('',(0.,0.,-1.));
#11790=DIRECTION('',(1.,-3.09793118498268E-17,0.));
#11791=DIRECTION('center_axis',(0.,0.,1.));
#11792=DIRECTION('ref_axis',(0.707106781186545,0.70710678118655,0.));
#11793=DIRECTION('',(0.,0.,1.));
#11794=DIRECTION('center_axis',(0.,0.,-1.));
#11795=DIRECTION('ref_axis',(0.707106781186545,0.70710678118655,0.));
#11796=DIRECTION('center_axis',(-1.,0.,0.));
#11797=DIRECTION('ref_axis',(0.,-1.,0.));
#11798=DIRECTION('',(0.,0.,-1.));
#11799=DIRECTION('',(0.,-1.,0.));
#11800=DIRECTION('center_axis',(0.,0.,-1.));
#11801=DIRECTION('ref_axis',(0.707106781186552,-0.707106781186543,0.));
#11802=DIRECTION('',(0.,0.,-1.));
#11803=DIRECTION('center_axis',(0.,0.,-1.));
#11804=DIRECTION('ref_axis',(0.707106781186552,-0.707106781186543,0.));
#11805=DIRECTION('center_axis',(0.,0.,1.));
#11806=DIRECTION('ref_axis',(-0.707106781186552,-0.707106781186543,0.));
#11807=DIRECTION('',(0.,0.,-1.));
#11808=DIRECTION('center_axis',(0.,0.,-1.));
#11809=DIRECTION('ref_axis',(-0.707106781186552,-0.707106781186543,0.));
#11810=DIRECTION('center_axis',(1.,0.,0.));
#11811=DIRECTION('ref_axis',(0.,1.,0.));
#11812=DIRECTION('',(0.,0.,-1.));
#11813=DIRECTION('',(0.,1.,0.));
#11814=DIRECTION('center_axis',(0.,0.,1.));
#11815=DIRECTION('ref_axis',(-0.707106781186543,0.707106781186552,0.));
#11816=DIRECTION('',(0.,0.,-1.));
#11817=DIRECTION('center_axis',(0.,0.,-1.));
#11818=DIRECTION('ref_axis',(-0.707106781186543,0.707106781186552,0.));
#11819=DIRECTION('center_axis',(0.,-1.,0.));
#11820=DIRECTION('ref_axis',(1.,0.,0.));
#11821=DIRECTION('',(0.,0.,-1.));
#11822=DIRECTION('',(1.,0.,0.));
#11823=DIRECTION('center_axis',(0.,0.,1.));
#11824=DIRECTION('ref_axis',(0.707106781186552,-0.707106781186543,0.));
#11825=DIRECTION('',(0.,0.,-1.));
#11826=DIRECTION('center_axis',(0.,0.,1.));
#11827=DIRECTION('ref_axis',(0.707106781186552,-0.707106781186543,0.));
#11828=DIRECTION('center_axis',(1.,0.,0.));
#11829=DIRECTION('ref_axis',(0.,1.,0.));
#11830=DIRECTION('',(0.,0.,-1.));
#11831=DIRECTION('',(0.,1.,0.));
#11832=DIRECTION('center_axis',(0.,0.,1.));
#11833=DIRECTION('ref_axis',(-0.707106781186545,0.70710678118655,0.));
#11834=DIRECTION('',(0.,0.,-1.));
#11835=DIRECTION('center_axis',(0.,0.,-1.));
#11836=DIRECTION('ref_axis',(-0.707106781186545,0.70710678118655,0.));
#11837=DIRECTION('center_axis',(0.,-1.,0.));
#11838=DIRECTION('ref_axis',(1.,0.,0.));
#11839=DIRECTION('',(0.,0.,-1.));
#11840=DIRECTION('',(1.,0.,0.));
#11841=DIRECTION('center_axis',(0.,0.,1.));
#11842=DIRECTION('ref_axis',(0.707106781186552,0.707106781186543,0.));
#11843=DIRECTION('',(0.,0.,-1.));
#11844=DIRECTION('center_axis',(0.,0.,-1.));
#11845=DIRECTION('ref_axis',(0.707106781186552,0.707106781186543,0.));
#11846=DIRECTION('center_axis',(0.,0.,1.));
#11847=DIRECTION('ref_axis',(0.,1.,0.));
#11848=DIRECTION('',(0.,0.,1.));
#11849=DIRECTION('center_axis',(-1.,3.13987404551543E-16,0.));
#11850=DIRECTION('ref_axis',(-3.13987404551543E-16,-1.,0.));
#11851=DIRECTION('',(0.,0.,1.));
#11852=DIRECTION('center_axis',(0.,0.,1.));
#11853=DIRECTION('ref_axis',(-1.,0.,0.));
#11854=DIRECTION('center_axis',(0.,0.,1.));
#11855=DIRECTION('ref_axis',(-0.707106781186551,0.707106781186544,0.));
#11856=DIRECTION('center_axis',(0.,0.,1.));
#11857=DIRECTION('ref_axis',(7.10542735760113E-15,1.,0.));
#11858=DIRECTION('center_axis',(0.,0.,1.));
#11859=DIRECTION('ref_axis',(-0.707106781186556,0.707106781186539,0.));
#11860=DIRECTION('center_axis',(0.,0.,1.));
#11861=DIRECTION('ref_axis',(3.55271367880059E-15,1.,0.));
#11862=DIRECTION('center_axis',(0.,0.,1.));
#11863=DIRECTION('ref_axis',(-0.707106781186562,0.707106781186533,0.));
#11864=DIRECTION('center_axis',(0.,0.,1.));
#11865=DIRECTION('ref_axis',(2.66453525910029E-14,1.,0.));
#11866=DIRECTION('center_axis',(-3.1838262845828E-16,-1.,0.));
#11867=DIRECTION('ref_axis',(1.,-3.1838262845828E-16,0.));
#11868=DIRECTION('',(0.,0.,1.));
#11869=DIRECTION('center_axis',(0.,0.,1.));
#11870=DIRECTION('ref_axis',(-0.707106781186592,0.707106781186503,0.));
#11871=DIRECTION('',(0.,0.,1.));
#11872=DIRECTION('center_axis',(0.707106781186516,-0.707106781186579,0.));
#11873=DIRECTION('ref_axis',(0.707106781186579,0.707106781186516,0.));
#11874=DIRECTION('',(0.,0.,1.));
#11875=DIRECTION('center_axis',(0.,0.,1.));
#11876=DIRECTION('ref_axis',(0.707106781186556,-0.707106781186539,0.));
#11877=DIRECTION('center_axis',(0.,0.,1.));
#11878=DIRECTION('ref_axis',(-7.10542735760083E-15,-1.,0.));
#11879=DIRECTION('',(0.,0.,1.));
#11880=DIRECTION('center_axis',(-0.707106781186527,-0.707106781186569,0.));
#11881=DIRECTION('ref_axis',(0.707106781186569,-0.707106781186527,0.));
#11882=DIRECTION('',(0.,0.,1.));
#11883=DIRECTION('center_axis',(0.,0.,1.));
#11884=DIRECTION('ref_axis',(0.,1.,0.));
#11885=DIRECTION('',(0.,0.,1.));
#11886=DIRECTION('center_axis',(1.10666289958232E-16,-1.,0.));
#11887=DIRECTION('ref_axis',(1.,1.10666289958232E-16,0.));
#11888=DIRECTION('',(0.,0.,1.));
#11889=DIRECTION('center_axis',(0.,0.,1.));
#11890=DIRECTION('ref_axis',(-0.707106781186503,0.707106781186592,0.));
#11891=DIRECTION('',(0.,0.,1.));
#11892=DIRECTION('center_axis',(0.707106781186522,-0.707106781186573,0.));
#11893=DIRECTION('ref_axis',(0.707106781186573,0.707106781186522,0.));
#11894=DIRECTION('',(0.,0.,1.));
#11895=DIRECTION('center_axis',(0.,0.,1.));
#11896=DIRECTION('ref_axis',(0.707106781186537,-0.707106781186558,0.));
#11897=DIRECTION('center_axis',(0.,0.,1.));
#11898=DIRECTION('ref_axis',(0.,-1.,0.));
#11899=DIRECTION('',(0.,0.,1.));
#11900=DIRECTION('center_axis',(-0.70710678118653,-0.707106781186565,0.));
#11901=DIRECTION('ref_axis',(0.707106781186565,-0.70710678118653,0.));
#11902=DIRECTION('',(0.,0.,1.));
#11903=DIRECTION('center_axis',(0.,0.,1.));
#11904=DIRECTION('ref_axis',(0.,1.,0.));
#11905=DIRECTION('',(0.,0.,1.));
#11906=DIRECTION('center_axis',(-7.02603969882617E-16,-1.,0.));
#11907=DIRECTION('ref_axis',(1.,-7.02603969882617E-16,0.));
#11908=DIRECTION('',(0.,0.,1.));
#11909=DIRECTION('center_axis',(0.,0.,1.));
#11910=DIRECTION('ref_axis',(-0.707106781186636,0.707106781186459,0.));
#11911=DIRECTION('',(0.,0.,1.));
#11912=DIRECTION('center_axis',(0.70710678118651,-0.707106781186585,0.));
#11913=DIRECTION('ref_axis',(0.707106781186585,0.70710678118651,0.));
#11914=DIRECTION('',(0.,0.,1.));
#11915=DIRECTION('center_axis',(0.,0.,1.));
#11916=DIRECTION('ref_axis',(0.707106781186533,-0.707106781186562,0.));
#11917=DIRECTION('center_axis',(0.,0.,1.));
#11918=DIRECTION('ref_axis',(-2.84217094304034E-14,-1.,0.));
#11919=DIRECTION('',(0.,0.,1.));
#11920=DIRECTION('center_axis',(-0.70710678118652,-0.707106781186575,0.));
#11921=DIRECTION('ref_axis',(0.707106781186575,-0.70710678118652,0.));
#11922=DIRECTION('center_axis',(0.,0.,1.));
#11923=DIRECTION('ref_axis',(-0.707106781186583,0.707106781186512,0.));
#11924=DIRECTION('center_axis',(0.,0.,1.));
#11925=DIRECTION('ref_axis',(-3.55271367880084E-14,1.,0.));
#11926=DIRECTION('center_axis',(0.,1.,0.));
#11927=DIRECTION('ref_axis',(-1.,0.,0.));
#11928=DIRECTION('',(-1.,0.,0.));
#11929=DIRECTION('',(0.,0.,-1.));
#11930=DIRECTION('center_axis',(0.,0.,1.));
#11931=DIRECTION('ref_axis',(-0.707106781186547,-0.707106781186548,0.));
#11932=DIRECTION('',(0.,0.,1.));
#11933=DIRECTION('center_axis',(0.,0.,-1.));
#11934=DIRECTION('ref_axis',(-0.707106781186547,-0.707106781186548,0.));
#11935=DIRECTION('',(0.,0.,-1.));
#11936=DIRECTION('center_axis',(1.,0.,0.));
#11937=DIRECTION('ref_axis',(0.,1.,0.));
#11938=DIRECTION('',(0.,0.,-1.));
#11939=DIRECTION('',(0.,1.,0.));
#11940=DIRECTION('center_axis',(0.,0.,-1.));
#11941=DIRECTION('ref_axis',(-0.707106781186546,0.707106781186549,0.));
#11942=DIRECTION('center_axis',(0.,0.,-1.));
#11943=DIRECTION('ref_axis',(-0.707106781186546,0.707106781186549,0.));
#11944=DIRECTION('center_axis',(0.,0.,1.));
#11945=DIRECTION('ref_axis',(0.707106781186544,-0.707106781186551,0.));
#11946=DIRECTION('',(0.,0.,-1.));
#11947=DIRECTION('center_axis',(0.,0.,-1.));
#11948=DIRECTION('ref_axis',(0.707106781186544,-0.707106781186551,0.));
#11949=DIRECTION('center_axis',(5.73264900839152E-17,1.,0.));
#11950=DIRECTION('ref_axis',(-1.,5.73264900839152E-17,0.));
#11951=DIRECTION('',(0.,0.,-1.));
#11952=DIRECTION('',(-1.,5.73264900839152E-17,0.));
#11953=DIRECTION('center_axis',(0.,0.,1.));
#11954=DIRECTION('ref_axis',(-0.707106781186553,-0.707106781186543,0.));
#11955=DIRECTION('',(0.,0.,-1.));
#11956=DIRECTION('center_axis',(0.,0.,-1.));
#11957=DIRECTION('ref_axis',(-0.707106781186553,-0.707106781186543,0.));
#11958=DIRECTION('center_axis',(0.,1.,0.));
#11959=DIRECTION('ref_axis',(-1.,0.,0.));
#11960=DIRECTION('',(0.,0.,-1.));
#11961=DIRECTION('',(-1.,0.,0.));
#11962=DIRECTION('center_axis',(0.,0.,1.));
#11963=DIRECTION('ref_axis',(-0.707106781186527,-0.707106781186568,0.));
#11964=DIRECTION('center_axis',(0.,0.,-1.));
#11965=DIRECTION('ref_axis',(-0.707106781186527,-0.707106781186568,0.));
#11966=DIRECTION('center_axis',(0.,0.,-1.));
#11967=DIRECTION('ref_axis',(-1.,0.,0.));
#11968=DIRECTION('center_axis',(0.,-1.,0.));
#11969=DIRECTION('ref_axis',(1.,0.,0.));
#11970=DIRECTION('center_axis',(0.,0.,-1.));
#11971=DIRECTION('ref_axis',(0.707106781186548,-0.707106781186548,0.));
#11972=DIRECTION('center_axis',(1.,0.,0.));
#11973=DIRECTION('ref_axis',(0.,0.,1.));
#11974=DIRECTION('center_axis',(0.,0.,1.));
#11975=DIRECTION('ref_axis',(0.707106781186548,-0.707106781186548,0.));
#11976=DIRECTION('center_axis',(1.,0.,0.));
#11977=DIRECTION('ref_axis',(0.,-0.707106781186547,0.707106781186548));
#11978=DIRECTION('center_axis',(1.,0.,0.));
#11979=DIRECTION('ref_axis',(0.,0.,1.));
#11980=DIRECTION('',(1.,0.,0.));
#11981=DIRECTION('',(-1.,0.,0.));
#11982=DIRECTION('center_axis',(0.,0.,-1.));
#11983=DIRECTION('ref_axis',(-1.,0.,0.));
#11984=DIRECTION('center_axis',(0.,-1.,0.));
#11985=DIRECTION('ref_axis',(0.,0.,1.));
#11986=DIRECTION('center_axis',(0.,0.,1.));
#11987=DIRECTION('ref_axis',(-0.707106781186547,-0.707106781186547,0.));
#11988=DIRECTION('center_axis',(0.,0.,-1.));
#11989=DIRECTION('ref_axis',(-0.707106781186548,-0.707106781186548,0.));
#11990=DIRECTION('center_axis',(0.,-1.,0.));
#11991=DIRECTION('ref_axis',(-0.707106781186553,0.,0.707106781186542));
#11992=DIRECTION('center_axis',(0.,-1.,0.));
#11993=DIRECTION('ref_axis',(0.,0.,1.));
#11994=DIRECTION('',(0.,-1.,0.));
#11995=DIRECTION('',(0.,1.,0.));
#11996=DIRECTION('center_axis',(0.,0.,-1.));
#11997=DIRECTION('ref_axis',(-1.,0.,0.));
#11998=DIRECTION('center_axis',(-1.,0.,0.));
#11999=DIRECTION('ref_axis',(0.,0.,1.));
#12000=DIRECTION('center_axis',(0.,0.,1.));
#12001=DIRECTION('ref_axis',(-0.707106781186548,0.707106781186548,0.));
#12002=DIRECTION('center_axis',(0.,0.,-1.));
#12003=DIRECTION('ref_axis',(-0.707106781186548,0.707106781186548,0.));
#12004=DIRECTION('center_axis',(-1.,0.,0.));
#12005=DIRECTION('ref_axis',(0.,0.707106781186547,0.707106781186548));
#12006=DIRECTION('center_axis',(-1.,0.,0.));
#12007=DIRECTION('ref_axis',(0.,0.,1.));
#12008=DIRECTION('',(1.,0.,0.));
#12009=DIRECTION('center_axis',(0.,0.,-1.));
#12010=DIRECTION('ref_axis',(-1.,0.,0.));
#12011=DIRECTION('center_axis',(0.,1.,0.));
#12012=DIRECTION('ref_axis',(0.,0.,1.));
#12013=DIRECTION('center_axis',(0.,0.,1.));
#12014=DIRECTION('ref_axis',(0.707106781186546,0.707106781186549,0.));
#12015=DIRECTION('center_axis',(0.,0.,-1.));
#12016=DIRECTION('ref_axis',(0.707106781186546,0.707106781186549,0.));
#12017=DIRECTION('center_axis',(0.,1.,0.));
#12018=DIRECTION('ref_axis',(0.707106781186553,0.,0.707106781186542));
#12019=DIRECTION('',(0.,-1.,0.));
#12020=DIRECTION('',(0.,1.,0.));
#12021=DIRECTION('center_axis',(0.,0.,1.));
#12022=DIRECTION('ref_axis',(0.707106781186543,0.707106781186552,0.));
#12023=DIRECTION('',(0.,0.,-1.));
#12024=DIRECTION('center_axis',(1.,0.,0.));
#12025=DIRECTION('ref_axis',(0.,1.,0.));
#12026=DIRECTION('',(0.,0.,1.));
#12027=DIRECTION('center_axis',(0.,0.,1.));
#12028=DIRECTION('ref_axis',(0.707106781186543,-0.707106781186552,0.));
#12029=DIRECTION('',(0.,0.,-1.));
#12030=DIRECTION('center_axis',(0.,0.,1.));
#12031=DIRECTION('ref_axis',(1.,0.,0.));
#12032=DIRECTION('',(0.,-1.,0.));
#12033=DIRECTION('center_axis',(0.,0.,1.));
#12034=DIRECTION('ref_axis',(-0.707106781186545,0.70710678118655,0.));
#12035=DIRECTION('',(-1.,0.,0.));
#12036=DIRECTION('center_axis',(0.,0.,1.));
#12037=DIRECTION('ref_axis',(0.707106781186543,0.707106781186552,0.));
#12038=DIRECTION('',(0.,1.,0.));
#12039=DIRECTION('center_axis',(0.,0.,1.));
#12040=DIRECTION('ref_axis',(0.707106781186544,-0.707106781186551,0.));
#12041=DIRECTION('',(1.,-5.73264900839152E-17,0.));
#12042=DIRECTION('center_axis',(0.,0.,1.));
#12043=DIRECTION('ref_axis',(-0.707106781186553,-0.707106781186543,0.));
#12044=DIRECTION('',(1.,0.,0.));
#12045=DIRECTION('center_axis',(0.,0.,1.));
#12046=DIRECTION('ref_axis',(-0.707106781186552,-0.707106781186543,0.));
#12047=DIRECTION('',(0.,-1.,0.));
#12048=DIRECTION('center_axis',(0.,0.,1.));
#12049=DIRECTION('ref_axis',(-0.707106781186543,0.707106781186552,0.));
#12050=DIRECTION('',(-1.,0.,0.));
#12051=DIRECTION('center_axis',(0.,0.,1.));
#12052=DIRECTION('ref_axis',(0.707106781186552,0.707106781186543,0.));
#12053=DIRECTION('',(0.,1.,0.));
#12054=DIRECTION('',(0.,1.,0.));
#12055=DIRECTION('center_axis',(0.,0.,1.));
#12056=DIRECTION('ref_axis',(0.707106781186549,-0.707106781186546,0.));
#12057=DIRECTION('',(1.,0.,0.));
#12058=DIRECTION('center_axis',(0.,0.,1.));
#12059=DIRECTION('ref_axis',(-0.707106781186548,-0.707106781186548,0.));
#12060=DIRECTION('',(0.,-1.,0.));
#12061=DIRECTION('center_axis',(0.,0.,1.));
#12062=DIRECTION('ref_axis',(-0.707106781186548,0.707106781186548,0.));
#12063=DIRECTION('',(-1.,0.,0.));
#12064=DIRECTION('center_axis',(0.,0.,1.));
#12065=DIRECTION('ref_axis',(0.707106781186546,0.707106781186549,0.));
#12066=DIRECTION('center_axis',(0.,0.,1.));
#12067=DIRECTION('ref_axis',(-0.707106781186552,-0.707106781186543,0.));
#12068=DIRECTION('',(0.,-1.,0.));
#12069=DIRECTION('center_axis',(0.,0.,1.));
#12070=DIRECTION('ref_axis',(-0.707106781186552,0.707106781186543,0.));
#12071=DIRECTION('',(-1.,0.,0.));
#12072=DIRECTION('center_axis',(0.,0.,1.));
#12073=DIRECTION('ref_axis',(0.707106781186548,0.707106781186548,0.));
#12074=DIRECTION('',(0.,1.,0.));
#12075=DIRECTION('center_axis',(0.,0.,1.));
#12076=DIRECTION('ref_axis',(0.70710678118655,-0.707106781186545,0.));
#12077=DIRECTION('',(1.,0.,0.));
#12078=DIRECTION('',(1.,0.,0.));
#12079=DIRECTION('center_axis',(0.,0.,1.));
#12080=DIRECTION('ref_axis',(-0.707106781186543,-0.707106781186552,0.));
#12081=DIRECTION('',(0.,-1.,0.));
#12082=DIRECTION('center_axis',(0.,0.,1.));
#12083=DIRECTION('ref_axis',(-0.707106781186543,0.707106781186552,0.));
#12084=DIRECTION('',(-1.,0.,0.));
#12085=DIRECTION('center_axis',(0.,0.,1.));
#12086=DIRECTION('ref_axis',(0.707106781186552,0.707106781186543,0.));
#12087=DIRECTION('',(0.,1.,0.));
#12088=DIRECTION('center_axis',(0.,0.,1.));
#12089=DIRECTION('ref_axis',(0.707106781186545,-0.70710678118655,0.));
#12090=DIRECTION('',(-1.,3.09793118498268E-17,0.));
#12091=DIRECTION('center_axis',(0.,0.,1.));
#12092=DIRECTION('ref_axis',(0.707106781186545,0.70710678118655,0.));
#12093=DIRECTION('',(0.,1.,0.));
#12094=DIRECTION('center_axis',(0.,0.,1.));
#12095=DIRECTION('ref_axis',(0.707106781186552,-0.707106781186543,0.));
#12096=DIRECTION('',(1.,0.,0.));
#12097=DIRECTION('center_axis',(0.,0.,1.));
#12098=DIRECTION('ref_axis',(-0.707106781186527,-0.707106781186568,0.));
#12099=DIRECTION('',(0.,-1.,0.));
#12100=DIRECTION('center_axis',(0.,0.,1.));
#12101=DIRECTION('ref_axis',(-0.707106781186543,0.707106781186552,0.));
#12102=DIRECTION('',(1.,0.,0.));
#12103=DIRECTION('center_axis',(0.,0.,1.));
#12104=DIRECTION('ref_axis',(-0.707106781186547,-0.707106781186548,0.));
#12105=DIRECTION('',(0.,-1.,0.));
#12106=DIRECTION('center_axis',(0.,0.,1.));
#12107=DIRECTION('ref_axis',(-0.707106781186546,0.707106781186549,0.));
#12108=DIRECTION('',(-1.,0.,0.));
#12109=DIRECTION('center_axis',(0.,0.,1.));
#12110=DIRECTION('ref_axis',(0.707106781186552,0.707106781186543,0.));
#12111=DIRECTION('',(0.,1.,0.));
#12112=DIRECTION('',(-1.,0.,0.));
#12113=DIRECTION('center_axis',(0.,0.,1.));
#12114=DIRECTION('ref_axis',(0.707106781186543,0.707106781186552,0.));
#12115=DIRECTION('',(0.,1.,0.));
#12116=DIRECTION('center_axis',(0.,0.,1.));
#12117=DIRECTION('ref_axis',(0.707106781186545,-0.70710678118655,0.));
#12118=DIRECTION('',(1.,0.,0.));
#12119=DIRECTION('center_axis',(0.,0.,1.));
#12120=DIRECTION('ref_axis',(-0.707106781186552,-0.707106781186543,0.));
#12121=DIRECTION('',(0.,-1.,0.));
#12122=DIRECTION('center_axis',(0.,0.,1.));
#12123=DIRECTION('ref_axis',(-0.707106781186543,0.707106781186552,0.));
#12124=DIRECTION('',(-1.,0.,0.));
#12125=DIRECTION('center_axis',(0.,0.,-1.));
#12126=DIRECTION('ref_axis',(0.707106781186552,-0.707106781186543,0.));
#12127=DIRECTION('',(0.,-1.,0.));
#12128=DIRECTION('center_axis',(0.,0.,1.));
#12129=DIRECTION('ref_axis',(-0.707106781186545,0.70710678118655,0.));
#12130=DIRECTION('',(-1.,0.,0.));
#12131=DIRECTION('center_axis',(0.,0.,1.));
#12132=DIRECTION('ref_axis',(0.707106781186552,0.707106781186543,0.));
#12133=DIRECTION('',(0.,1.,0.));
#12134=DIRECTION('center_axis',(0.,0.,-1.));
#12135=DIRECTION('ref_axis',(-0.707106781186543,-0.707106781186552,0.));
#12136=DIRECTION('',(-1.,0.,0.));
#12137=DIRECTION('center_axis',(0.,0.,1.));
#12138=DIRECTION('ref_axis',(0.707106781186543,0.707106781186552,0.));
#12139=DIRECTION('',(0.,1.,0.));
#12140=DIRECTION('center_axis',(0.,0.,1.));
#12141=DIRECTION('ref_axis',(0.707106781186543,-0.707106781186552,0.));
#12142=DIRECTION('',(1.,0.,0.));
#12143=DIRECTION('center_axis',(0.,0.,1.));
#12144=DIRECTION('ref_axis',(-0.707106781186552,-0.707106781186543,0.));
#12145=DIRECTION('',(0.,-1.,0.));
#12146=DIRECTION('center_axis',(0.,0.,1.));
#12147=DIRECTION('ref_axis',(-0.707106781186543,0.707106781186552,0.));
#12148=DIRECTION('center_axis',(0.,-0.707106781186549,0.707106781186546));
#12149=DIRECTION('ref_axis',(1.,0.,0.));
#12150=DIRECTION('',(0.,0.707106781186546,0.707106781186549));
#12151=DIRECTION('',(0.,-0.707106781186546,-0.707106781186549));
#12152=DIRECTION('center_axis',(0.,0.,-1.));
#12153=DIRECTION('ref_axis',(0.707106781186552,-0.707106781186543,0.));
#12154=DIRECTION('',(-0.707106781186552,0.,0.707106781186543));
#12155=DIRECTION('center_axis',(0.707106781186543,0.,0.707106781186552));
#12156=DIRECTION('ref_axis',(0.707106781186552,0.,-0.707106781186543));
#12157=DIRECTION('',(-0.707106781186552,0.,0.707106781186543));
#12158=DIRECTION('center_axis',(0.,0.,1.));
#12159=DIRECTION('ref_axis',(-0.707106781186545,0.70710678118655,0.));
#12160=DIRECTION('',(0.,0.707106781186546,0.707106781186549));
#12161=DIRECTION('center_axis',(0.,-0.707106781186549,0.707106781186546));
#12162=DIRECTION('ref_axis',(1.,0.,0.));
#12163=DIRECTION('',(0.,0.707106781186546,0.707106781186549));
#12164=DIRECTION('center_axis',(0.,0.,1.));
#12165=DIRECTION('ref_axis',(0.707106781186552,0.707106781186543,0.));
#12166=DIRECTION('',(0.70710678118654,0.,0.707106781186555));
#12167=DIRECTION('center_axis',(-0.707106781186543,0.,0.707106781186552));
#12168=DIRECTION('ref_axis',(0.707106781186552,0.,0.707106781186543));
#12169=DIRECTION('',(0.707106781186552,0.,0.707106781186543));
#12170=DIRECTION('',(0.,-1.,0.));
#12171=DIRECTION('center_axis',(0.,0.,-1.));
#12172=DIRECTION('ref_axis',(-0.707106781186543,-0.707106781186552,0.));
#12173=DIRECTION('center_axis',(0.,0.,1.));
#12174=DIRECTION('ref_axis',(-0.707106781186543,-0.707106781186552,0.));
#12175=DIRECTION('',(0.,0.707106781186546,0.707106781186549));
#12176=DIRECTION('center_axis',(0.,-0.707106781186549,0.707106781186546));
#12177=DIRECTION('ref_axis',(1.,0.,0.));
#12178=DIRECTION('',(0.,0.707106781186546,0.707106781186549));
#12179=DIRECTION('',(1.,0.,0.));
#12180=DIRECTION('center_axis',(0.,0.,1.));
#12181=DIRECTION('ref_axis',(0.707106781186543,0.707106781186552,0.));
#12182=DIRECTION('center_axis',(0.,0.,-1.));
#12183=DIRECTION('ref_axis',(0.707106781186543,0.707106781186552,0.));
#12184=DIRECTION('',(0.707106781186552,0.,0.707106781186543));
#12185=DIRECTION('center_axis',(-0.707106781186543,0.,0.707106781186552));
#12186=DIRECTION('ref_axis',(0.707106781186552,0.,0.707106781186543));
#12187=DIRECTION('',(0.707106781186552,0.,0.707106781186543));
#12188=DIRECTION('',(0.,-1.,0.));
#12189=DIRECTION('center_axis',(0.,0.,1.));
#12190=DIRECTION('ref_axis',(0.707106781186543,-0.707106781186552,0.));
#12191=DIRECTION('',(0.,-0.707106781186552,0.707106781186543));
#12192=DIRECTION('center_axis',(0.,0.707106781186549,0.707106781186546));
#12193=DIRECTION('ref_axis',(1.,0.,0.));
#12194=DIRECTION('',(0.,-0.707106781186546,0.707106781186549));
#12195=DIRECTION('center_axis',(0.,0.,1.));
#12196=DIRECTION('ref_axis',(-0.707106781186552,-0.707106781186543,0.));
#12197=DIRECTION('',(-0.70710678118654,0.,0.707106781186555));
#12198=DIRECTION('center_axis',(0.707106781186543,0.,0.707106781186552));
#12199=DIRECTION('ref_axis',(0.707106781186552,0.,-0.707106781186543));
#12200=DIRECTION('',(-0.707106781186552,0.,0.707106781186543));
#12201=DIRECTION('center_axis',(0.,0.,1.));
#12202=DIRECTION('ref_axis',(-0.707106781186543,0.707106781186552,0.));
#12203=DIRECTION('center_axis',(0.,0.,1.));
#12204=DIRECTION('ref_axis',(-0.707106781186543,-0.707106781186552,0.));
#12205=DIRECTION('',(0.,0.,-1.));
#12206=DIRECTION('',(0.,0.,-1.));
#12207=DIRECTION('center_axis',(-1.,0.,0.));
#12208=DIRECTION('ref_axis',(0.,-1.,0.));
#12209=DIRECTION('center_axis',(0.707106781186543,0.,0.707106781186552));
#12210=DIRECTION('ref_axis',(0.707106781186552,0.,-0.707106781186543));
#12211=DIRECTION('',(-0.707106781186552,0.,0.707106781186543));
#12212=DIRECTION('',(0.707106781186552,0.,-0.707106781186543));
#12213=DIRECTION('',(0.,1.,0.));
#12214=DIRECTION('center_axis',(0.,0.,1.));
#12215=DIRECTION('ref_axis',(-0.707106781186545,0.70710678118655,0.));
#12216=DIRECTION('center_axis',(0.,0.,-1.));
#12217=DIRECTION('ref_axis',(-0.707106781186545,0.70710678118655,0.));
#12218=DIRECTION('',(0.,0.707106781186546,0.707106781186549));
#12219=DIRECTION('center_axis',(0.,-0.707106781186549,0.707106781186546));
#12220=DIRECTION('ref_axis',(1.,0.,0.));
#12221=DIRECTION('',(0.,0.707106781186546,0.707106781186549));
#12222=DIRECTION('',(1.,0.,0.));
#12223=DIRECTION('center_axis',(0.,0.,1.));
#12224=DIRECTION('ref_axis',(0.707106781186543,0.707106781186552,0.));
#12225=DIRECTION('center_axis',(0.,0.,-1.));
#12226=DIRECTION('ref_axis',(0.707106781186543,0.707106781186552,0.));
#12227=DIRECTION('',(0.707106781186552,0.,0.707106781186543));
#12228=DIRECTION('center_axis',(-0.707106781186543,0.,0.707106781186552));
#12229=DIRECTION('ref_axis',(0.707106781186552,0.,0.707106781186543));
#12230=DIRECTION('',(0.707106781186552,0.,0.707106781186543));
#12231=DIRECTION('center_axis',(0.,0.,1.));
#12232=DIRECTION('ref_axis',(0.707106781186544,-0.707106781186551,0.));
#12233=DIRECTION('',(0.,-0.707106781186557,0.707106781186538));
#12234=DIRECTION('center_axis',(4.05359498799598E-17,0.707106781186548,
0.707106781186548));
#12235=DIRECTION('ref_axis',(1.,0.,-5.73264900839152E-17));
#12236=DIRECTION('',(0.,-0.707106781186547,0.707106781186547));
#12237=DIRECTION('center_axis',(0.,0.,1.));
#12238=DIRECTION('ref_axis',(-0.707106781186553,-0.707106781186543,0.));
#12239=DIRECTION('center_axis',(0.,0.,1.));
#12240=DIRECTION('ref_axis',(0.707106781186543,0.707106781186552,0.));
#12241=DIRECTION('',(0.,0.,-1.));
#12242=DIRECTION('center_axis',(0.,-1.,0.));
#12243=DIRECTION('ref_axis',(1.,0.,0.));
#12244=DIRECTION('',(0.,0.,-1.));
#12245=DIRECTION('center_axis',(0.,0.,1.));
#12246=DIRECTION('ref_axis',(-0.707106781186545,0.70710678118655,0.));
#12247=DIRECTION('',(0.,0.,-1.));
#12248=DIRECTION('center_axis',(1.,0.,0.));
#12249=DIRECTION('ref_axis',(0.,1.,0.));
#12250=DIRECTION('center_axis',(0.,-0.707106781186549,0.707106781186546));
#12251=DIRECTION('ref_axis',(1.,0.,0.));
#12252=DIRECTION('',(0.,0.707106781186546,0.707106781186549));
#12253=DIRECTION('',(0.,-0.707106781186546,-0.707106781186549));
#12254=DIRECTION('center_axis',(0.,0.,1.));
#12255=DIRECTION('ref_axis',(0.707106781186543,0.707106781186552,0.));
#12256=DIRECTION('center_axis',(0.,0.,-1.));
#12257=DIRECTION('ref_axis',(0.707106781186543,0.707106781186552,0.));
#12258=DIRECTION('',(0.707106781186577,0.,0.707106781186518));
#12259=DIRECTION('center_axis',(-0.707106781186543,0.,0.707106781186552));
#12260=DIRECTION('ref_axis',(0.707106781186552,0.,0.707106781186543));
#12261=DIRECTION('',(0.707106781186552,0.,0.707106781186543));
#12262=DIRECTION('center_axis',(0.,0.,1.));
#12263=DIRECTION('ref_axis',(0.707106781186545,-0.70710678118655,0.));
#12264=DIRECTION('center_axis',(0.,0.,-1.));
#12265=DIRECTION('ref_axis',(0.707106781186545,-0.70710678118655,0.));
#12266=DIRECTION('',(0.,-0.707106781186555,0.70710678118654));
#12267=DIRECTION('center_axis',(0.,0.707106781186549,0.707106781186546));
#12268=DIRECTION('ref_axis',(1.,0.,0.));
#12269=DIRECTION('',(0.,-0.707106781186546,0.707106781186549));
#12270=DIRECTION('',(-1.,0.,0.));
#12271=DIRECTION('center_axis',(0.,0.,1.));
#12272=DIRECTION('ref_axis',(-0.707106781186552,-0.707106781186543,0.));
#12273=DIRECTION('center_axis',(0.,0.,-1.));
#12274=DIRECTION('ref_axis',(-0.707106781186552,-0.707106781186543,0.));
#12275=DIRECTION('',(-0.70710678118654,0.,0.707106781186555));
#12276=DIRECTION('center_axis',(0.707106781186543,0.,0.707106781186552));
#12277=DIRECTION('ref_axis',(0.707106781186552,0.,-0.707106781186543));
#12278=DIRECTION('',(-0.707106781186552,0.,0.707106781186543));
#12279=DIRECTION('center_axis',(0.,0.,1.));
#12280=DIRECTION('ref_axis',(-0.707106781186543,0.707106781186552,0.));
#12281=DIRECTION('center_axis',(0.,0.,1.));
#12282=DIRECTION('ref_axis',(0.707106781186545,-0.70710678118655,0.));
#12283=DIRECTION('',(0.,0.,1.));
#12284=DIRECTION('center_axis',(-1.,0.,0.));
#12285=DIRECTION('ref_axis',(0.,-1.,0.));
#12286=DIRECTION('',(0.,0.,-1.));
#12287=DIRECTION('center_axis',(0.,0.,1.));
#12288=DIRECTION('ref_axis',(0.707106781186543,0.707106781186552,0.));
#12289=DIRECTION('center_axis',(0.,0.707106781186549,0.707106781186546));
#12290=DIRECTION('ref_axis',(1.,0.,0.));
#12291=DIRECTION('',(-1.,0.,0.));
#12292=DIRECTION('',(0.,-0.707106781186546,0.707106781186549));
#12293=DIRECTION('',(-0.577350269189632,0.577350269189622,-0.577350269189624));
#12294=DIRECTION('center_axis',(0.,0.,1.));
#12295=DIRECTION('ref_axis',(-0.707106781186552,-0.707106781186543,0.));
#12296=DIRECTION('center_axis',(0.,0.,-1.));
#12297=DIRECTION('ref_axis',(-0.707106781186552,-0.707106781186543,0.));
#12298=DIRECTION('',(-0.70710678118654,0.,0.707106781186555));
#12299=DIRECTION('center_axis',(0.707106781186543,0.,0.707106781186552));
#12300=DIRECTION('ref_axis',(0.707106781186552,0.,-0.707106781186543));
#12301=DIRECTION('',(-0.707106781186552,0.,0.707106781186543));
#12302=DIRECTION('',(0.,1.,0.));
#12303=DIRECTION('center_axis',(0.,0.,1.));
#12304=DIRECTION('ref_axis',(-0.707106781186543,0.707106781186552,0.));
#12305=DIRECTION('center_axis',(0.,0.,-1.));
#12306=DIRECTION('ref_axis',(-0.707106781186543,0.707106781186552,0.));
#12307=DIRECTION('',(0.,0.707106781186546,0.707106781186549));
#12308=DIRECTION('center_axis',(0.,-0.707106781186549,0.707106781186546));
#12309=DIRECTION('ref_axis',(1.,0.,0.));
#12310=DIRECTION('',(0.,0.707106781186546,0.707106781186549));
#12311=DIRECTION('center_axis',(0.,0.,1.));
#12312=DIRECTION('ref_axis',(0.707106781186552,0.707106781186543,0.));
#12313=DIRECTION('center_axis',(0.,0.,-1.));
#12314=DIRECTION('ref_axis',(0.707106781186552,0.707106781186543,0.));
#12315=DIRECTION('',(0.707106781186527,0.,0.707106781186568));
#12316=DIRECTION('center_axis',(-0.707106781186543,0.,0.707106781186552));
#12317=DIRECTION('ref_axis',(0.707106781186552,0.,0.707106781186543));
#12318=DIRECTION('',(0.,-1.,0.));
#12319=DIRECTION('center_axis',(0.,0.,-1.));
#12320=DIRECTION('ref_axis',(-0.707106781186543,0.707106781186552,0.));
#12321=DIRECTION('',(0.,0.,-1.));
#12322=DIRECTION('center_axis',(1.,0.,0.));
#12323=DIRECTION('ref_axis',(0.,1.,0.));
#12324=DIRECTION('',(0.,0.,-1.));
#12325=DIRECTION('center_axis',(0.,0.,1.));
#12326=DIRECTION('ref_axis',(-0.707106781186552,-0.707106781186543,0.));
#12327=DIRECTION('',(0.,0.,-1.));
#12328=DIRECTION('center_axis',(0.,1.,0.));
#12329=DIRECTION('ref_axis',(-1.,0.,0.));
#12330=DIRECTION('',(0.,0.,1.));
#12331=DIRECTION('center_axis',(0.,0.707106781186549,0.707106781186546));
#12332=DIRECTION('ref_axis',(1.,0.,0.));
#12333=DIRECTION('',(-1.,0.,0.));
#12334=DIRECTION('',(0.,-0.707106781186546,0.707106781186549));
#12335=DIRECTION('',(-0.577350269189632,0.577350269189622,-0.577350269189624));
#12336=DIRECTION('center_axis',(0.,0.,1.));
#12337=DIRECTION('ref_axis',(-0.707106781186547,-0.707106781186548,0.));
#12338=DIRECTION('',(-0.707106781186547,0.,0.707106781186548));
#12339=DIRECTION('center_axis',(0.707106781186548,0.,0.707106781186548));
#12340=DIRECTION('ref_axis',(0.707106781186548,0.,-0.707106781186548));
#12341=DIRECTION('',(-0.707106781186547,0.,0.707106781186547));
#12342=DIRECTION('center_axis',(0.,0.,1.));
#12343=DIRECTION('ref_axis',(-0.707106781186546,0.707106781186549,0.));
#12344=DIRECTION('',(0.,0.707106781186546,0.707106781186549));
#12345=DIRECTION('center_axis',(0.,-0.707106781186549,0.707106781186546));
#12346=DIRECTION('ref_axis',(1.,0.,0.));
#12347=DIRECTION('',(0.,0.707106781186546,0.707106781186549));
#12348=DIRECTION('center_axis',(0.,0.,1.));
#12349=DIRECTION('ref_axis',(0.707106781186552,0.707106781186543,0.));
#12350=DIRECTION('center_axis',(0.,0.,-1.));
#12351=DIRECTION('ref_axis',(0.707106781186552,0.707106781186543,0.));
#12352=DIRECTION('',(0.707106781186527,0.,0.707106781186568));
#12353=DIRECTION('center_axis',(-0.707106781186543,0.,0.707106781186552));
#12354=DIRECTION('ref_axis',(0.707106781186552,0.,0.707106781186543));
#12355=DIRECTION('',(0.,-1.,0.));
#12356=DIRECTION('center_axis',(0.,1.,0.));
#12357=DIRECTION('ref_axis',(-1.,0.,0.));
#12358=DIRECTION('',(0.,0.,1.));
#12359=DIRECTION('center_axis',(-0.707106781186548,0.,0.707106781186548));
#12360=DIRECTION('ref_axis',(0.707106781186548,0.,0.707106781186548));
#12361=DIRECTION('',(0.707106781186547,0.,0.707106781186547));
#12362=DIRECTION('',(-0.707106781186547,0.,-0.707106781186547));
#12363=DIRECTION('',(0.,-1.,0.));
#12364=DIRECTION('center_axis',(0.,0.,1.));
#12365=DIRECTION('ref_axis',(0.707106781186549,-0.707106781186546,0.));
#12366=DIRECTION('center_axis',(0.,0.,-1.));
#12367=DIRECTION('ref_axis',(0.707106781186549,-0.707106781186546,0.));
#12368=DIRECTION('',(0.,-0.707106781186546,0.707106781186549));
#12369=DIRECTION('center_axis',(0.,0.707106781186549,0.707106781186546));
#12370=DIRECTION('ref_axis',(1.,0.,0.));
#12371=DIRECTION('',(0.,-0.707106781186546,0.707106781186549));
#12372=DIRECTION('center_axis',(0.,0.,1.));
#12373=DIRECTION('ref_axis',(-0.707106781186548,-0.707106781186548,0.));
#12374=DIRECTION('',(-0.70710678118654,0.,0.707106781186555));
#12375=DIRECTION('center_axis',(0.707106781186549,0.,0.707106781186546));
#12376=DIRECTION('ref_axis',(0.707106781186546,0.,-0.707106781186549));
#12377=DIRECTION('',(-0.707106781186546,0.,0.707106781186549));
#12378=DIRECTION('center_axis',(0.,0.,1.));
#12379=DIRECTION('ref_axis',(-0.707106781186548,0.707106781186548,0.));
#12380=DIRECTION('',(0.,0.70710678118654,0.707106781186555));
#12381=DIRECTION('center_axis',(0.,-0.707106781186549,0.707106781186546));
#12382=DIRECTION('ref_axis',(1.,0.,0.));
#12383=DIRECTION('',(0.,0.707106781186546,0.707106781186549));
#12384=DIRECTION('center_axis',(0.,0.,1.));
#12385=DIRECTION('ref_axis',(0.707106781186546,0.707106781186549,0.));
#12386=DIRECTION('center_axis',(0.,0.,-1.));
#12387=DIRECTION('ref_axis',(0.707106781186546,0.707106781186549,0.));
#12388=DIRECTION('center_axis',(0.,0.,1.));
#12389=DIRECTION('ref_axis',(0.707106781186549,-0.707106781186546,0.));
#12390=DIRECTION('',(0.,0.,-1.));
#12391=DIRECTION('center_axis',(-1.,0.,0.));
#12392=DIRECTION('ref_axis',(0.,-1.,0.));
#12393=DIRECTION('',(0.,0.,-1.));
#12394=DIRECTION('center_axis',(-2.19056814855052E-17,-0.707106781186546,
0.707106781186549));
#12395=DIRECTION('ref_axis',(1.,0.,3.09793118498266E-17));
#12396=DIRECTION('',(0.,0.707106781186549,0.707106781186546));
#12397=DIRECTION('',(0.,-0.707106781186549,-0.707106781186546));
#12398=DIRECTION('center_axis',(0.,0.,1.));
#12399=DIRECTION('ref_axis',(0.707106781186545,0.70710678118655,0.));
#12400=DIRECTION('',(0.707106781186565,0.,0.70710678118653));
#12401=DIRECTION('center_axis',(-0.707106781186543,0.,0.707106781186552));
#12402=DIRECTION('ref_axis',(0.707106781186552,0.,0.707106781186543));
#12403=DIRECTION('',(0.707106781186552,0.,0.707106781186543));
#12404=DIRECTION('center_axis',(0.,0.,1.));
#12405=DIRECTION('ref_axis',(0.707106781186552,-0.707106781186543,0.));
#12406=DIRECTION('',(0.,-0.707106781186546,0.707106781186549));
#12407=DIRECTION('center_axis',(0.,0.707106781186549,0.707106781186546));
#12408=DIRECTION('ref_axis',(1.,0.,0.));
#12409=DIRECTION('',(0.,-0.707106781186546,0.707106781186549));
#12410=DIRECTION('center_axis',(0.,0.,1.));
#12411=DIRECTION('ref_axis',(-0.707106781186527,-0.707106781186568,0.));
#12412=DIRECTION('',(-0.707106781186602,0.,0.707106781186493));
#12413=DIRECTION('center_axis',(0.707106781186543,0.,0.707106781186552));
#12414=DIRECTION('ref_axis',(0.707106781186552,0.,-0.707106781186543));
#12415=DIRECTION('',(-0.707106781186552,0.,0.707106781186543));
#12416=DIRECTION('center_axis',(0.,0.,1.));
#12417=DIRECTION('ref_axis',(-0.707106781186543,0.707106781186552,0.));
#12418=DIRECTION('center_axis',(0.,0.,1.));
#12419=DIRECTION('ref_axis',(-0.707106781186552,-0.707106781186543,0.));
#12420=DIRECTION('',(0.,0.707106781186543,-0.707106781186552));
#12421=DIRECTION('',(-0.70710678118654,0.,0.707106781186555));
#12422=DIRECTION('center_axis',(0.,0.707106781186549,0.707106781186546));
#12423=DIRECTION('ref_axis',(1.,0.,0.));
#12424=DIRECTION('',(0.,0.707106781186546,-0.707106781186549));
#12425=DIRECTION('center_axis',(0.,0.,1.));
#12426=DIRECTION('ref_axis',(0.70710678118655,-0.707106781186545,0.));
#12427=DIRECTION('',(-0.707106781186546,0.,-0.707106781186549));
#12428=DIRECTION('center_axis',(-0.707106781186549,0.,0.707106781186546));
#12429=DIRECTION('ref_axis',(0.707106781186546,0.,0.707106781186549));
#12430=DIRECTION('',(-0.707106781186546,0.,-0.707106781186549));
#12431=DIRECTION('center_axis',(0.,0.,1.));
#12432=DIRECTION('ref_axis',(0.707106781186548,0.707106781186548,0.));
#12433=DIRECTION('',(0.,-0.70710678118654,-0.707106781186555));
#12434=DIRECTION('center_axis',(0.,-0.707106781186549,0.707106781186546));
#12435=DIRECTION('ref_axis',(1.,0.,0.));
#12436=DIRECTION('',(0.,-0.707106781186546,-0.707106781186549));
#12437=DIRECTION('center_axis',(0.,0.,1.));
#12438=DIRECTION('ref_axis',(-0.707106781186552,0.707106781186543,0.));
#12439=DIRECTION('',(0.70710678118654,0.,-0.707106781186555));
#12440=DIRECTION('center_axis',(0.707106781186543,0.,0.707106781186552));
#12441=DIRECTION('ref_axis',(0.707106781186552,0.,-0.707106781186543));
#12442=DIRECTION('center_axis',(0.,0.707106781186549,0.707106781186546));
#12443=DIRECTION('ref_axis',(1.,0.,0.));
#12444=DIRECTION('',(0.,-0.707106781186546,0.707106781186549));
#12445=DIRECTION('',(0.,0.707106781186546,-0.707106781186549));
#12446=DIRECTION('center_axis',(0.,0.,1.));
#12447=DIRECTION('ref_axis',(-0.707106781186543,-0.707106781186552,0.));
#12448=DIRECTION('',(-0.707106781186552,0.,0.707106781186543));
#12449=DIRECTION('center_axis',(0.707106781186543,0.,0.707106781186552));
#12450=DIRECTION('ref_axis',(0.707106781186552,0.,-0.707106781186543));
#12451=DIRECTION('',(-0.707106781186552,0.,0.707106781186543));
#12452=DIRECTION('center_axis',(0.,0.,1.));
#12453=DIRECTION('ref_axis',(-0.707106781186543,0.707106781186552,0.));
#12454=DIRECTION('',(0.,0.707106781186552,0.707106781186543));
#12455=DIRECTION('center_axis',(0.,-0.707106781186549,0.707106781186546));
#12456=DIRECTION('ref_axis',(1.,0.,0.));
#12457=DIRECTION('',(0.,0.707106781186546,0.707106781186549));
#12458=DIRECTION('center_axis',(0.,0.,1.));
#12459=DIRECTION('ref_axis',(0.707106781186552,0.707106781186543,0.));
#12460=DIRECTION('',(0.70710678118654,0.,0.707106781186555));
#12461=DIRECTION('center_axis',(-0.707106781186543,0.,0.707106781186552));
#12462=DIRECTION('ref_axis',(0.707106781186552,0.,0.707106781186543));
#12463=DIRECTION('',(0.707106781186552,0.,0.707106781186543));
#12464=DIRECTION('center_axis',(0.,0.,1.));
#12465=DIRECTION('ref_axis',(0.707106781186545,-0.70710678118655,0.));
#12466=DIRECTION('center_axis',(0.,1.,0.));
#12467=DIRECTION('ref_axis',(-1.,0.,0.));
#12468=DIRECTION('',(0.,0.,-1.));
#12469=DIRECTION('center_axis',(0.,0.,1.));
#12470=DIRECTION('ref_axis',(-0.707106781186552,-0.707106781186543,0.));
#12471=DIRECTION('center_axis',(0.,-1.,0.));
#12472=DIRECTION('ref_axis',(1.,0.,0.));
#12473=DIRECTION('',(0.,0.,-1.));
#12474=DIRECTION('center_axis',(0.,0.,1.));
#12475=DIRECTION('ref_axis',(0.707106781186543,0.707106781186552,0.));
#12476=DIRECTION('center_axis',(0.,0.,1.));
#12477=DIRECTION('ref_axis',(0.707106781186546,0.707106781186549,0.));
#12478=DIRECTION('center_axis',(0.,0.,1.));
#12479=DIRECTION('ref_axis',(0.707106781186552,0.707106781186543,0.));
#12480=DIRECTION('',(0.,0.,1.));
#12481=DIRECTION('center_axis',(-1.,0.,0.));
#12482=DIRECTION('ref_axis',(0.,-1.,0.));
#12483=DIRECTION('center_axis',(0.,0.,1.));
#12484=DIRECTION('ref_axis',(0.707106781186552,0.707106781186543,0.));
#12485=DIRECTION('',(0.,0.,-1.));
#12486=DIRECTION('center_axis',(-1.,0.,0.));
#12487=DIRECTION('ref_axis',(0.,-1.,0.));
#12488=DIRECTION('center_axis',(0.,0.,-1.));
#12489=DIRECTION('ref_axis',(-0.707106781186552,-0.707106781186543,0.));
#12490=DIRECTION('',(0.,0.,-1.));
#12491=DIRECTION('',(0.,0.,1.));
#12492=DIRECTION('center_axis',(-1.,0.,0.));
#12493=DIRECTION('ref_axis',(0.,-1.,0.));
#12494=DIRECTION('',(0.,0.,1.));
#12495=DIRECTION('center_axis',(0.,0.,1.));
#12496=DIRECTION('ref_axis',(-0.707106781186543,0.707106781186552,0.));
#12497=DIRECTION('center_axis',(0.,0.,-1.));
#12498=DIRECTION('ref_axis',(-1.,0.,0.));
#12499=DIRECTION('center_axis',(0.,0.,1.));
#12500=DIRECTION('ref_axis',(-1.,0.,0.));
#12501=DIRECTION('',(-0.857167300702112,-1.04972719113862E-16,0.515038074910054));
#12502=DIRECTION('center_axis',(0.,0.,1.));
#12503=DIRECTION('ref_axis',(-1.,0.,0.));
#12504=DIRECTION('',(0.,0.,1.));
#12505=DIRECTION('center_axis',(0.,0.,-1.));
#12506=DIRECTION('ref_axis',(-1.,0.,0.));
#12507=DIRECTION('center_axis',(0.,0.,1.));
#12508=DIRECTION('ref_axis',(-1.,0.,0.));
#12509=DIRECTION('',(-0.857167300702112,-1.04972719113862E-16,0.515038074910054));
#12510=DIRECTION('center_axis',(0.,0.,1.));
#12511=DIRECTION('ref_axis',(-1.,0.,0.));
#12512=DIRECTION('',(0.,0.,1.));
#12513=DIRECTION('center_axis',(0.,0.,-1.));
#12514=DIRECTION('ref_axis',(-1.,0.,0.));
#12515=DIRECTION('center_axis',(0.,0.,1.));
#12516=DIRECTION('ref_axis',(-1.,0.,0.));
#12517=DIRECTION('',(-0.857167300702112,-1.04972719113862E-16,0.515038074910054));
#12518=DIRECTION('center_axis',(0.,0.,1.));
#12519=DIRECTION('ref_axis',(-1.,0.,0.));
#12520=DIRECTION('',(0.,0.,1.));
#12521=DIRECTION('center_axis',(0.,0.,-1.));
#12522=DIRECTION('ref_axis',(-1.,0.,0.));
#12523=DIRECTION('center_axis',(0.,0.,1.));
#12524=DIRECTION('ref_axis',(-1.,0.,0.));
#12525=DIRECTION('',(-0.857167300702112,-1.04972719113862E-16,0.515038074910054));
#12526=DIRECTION('center_axis',(0.,0.,1.));
#12527=DIRECTION('ref_axis',(-1.,0.,0.));
#12528=DIRECTION('',(0.,0.,1.));
#12529=DIRECTION('center_axis',(0.,0.,-1.));
#12530=DIRECTION('ref_axis',(-1.,0.,0.));
#12531=DIRECTION('center_axis',(0.,0.,1.));
#12532=DIRECTION('ref_axis',(-1.,0.,0.));
#12533=DIRECTION('',(-0.857167300702112,-1.04972719113862E-16,0.515038074910054));
#12534=DIRECTION('center_axis',(0.,0.,1.));
#12535=DIRECTION('ref_axis',(-1.,0.,0.));
#12536=DIRECTION('',(0.,0.,1.));
#12537=DIRECTION('center_axis',(0.,0.,-1.));
#12538=DIRECTION('ref_axis',(-1.,0.,0.));
#12539=DIRECTION('center_axis',(0.,0.,1.));
#12540=DIRECTION('ref_axis',(-1.,0.,0.));
#12541=DIRECTION('',(-0.857167300702112,-1.04972719113862E-16,0.515038074910054));
#12542=DIRECTION('center_axis',(0.,0.,1.));
#12543=DIRECTION('ref_axis',(-1.,0.,0.));
#12544=DIRECTION('',(0.,0.,1.));
#12545=DIRECTION('center_axis',(0.,0.,-1.));
#12546=DIRECTION('ref_axis',(-1.,0.,0.));
#12547=DIRECTION('center_axis',(0.,0.,1.));
#12548=DIRECTION('ref_axis',(-1.,0.,0.));
#12549=DIRECTION('',(-0.857167300702112,-1.04972719113862E-16,0.515038074910054));
#12550=DIRECTION('center_axis',(0.,0.,1.));
#12551=DIRECTION('ref_axis',(-1.,0.,0.));
#12552=DIRECTION('',(0.,0.,1.));
#12553=DIRECTION('center_axis',(0.,-1.,0.));
#12554=DIRECTION('ref_axis',(1.,0.,0.));
#12555=CARTESIAN_POINT('',(0.,0.,0.));
#12556=CARTESIAN_POINT('Ctrl Pts',(146.007440318785,-10.8928845214467,7.8));
#12557=CARTESIAN_POINT('Ctrl Pts',(146.007440318785,-10.8928845214467,7.3));
#12558=CARTESIAN_POINT('Ctrl Pts',(146.01723909405,-12.1886933108139,7.8));
#12559=CARTESIAN_POINT('Ctrl Pts',(146.01723909405,-12.1886933108139,7.3));
#12560=CARTESIAN_POINT('Ctrl Pts',(146.051531817311,-13.4845028477228,7.8));
#12561=CARTESIAN_POINT('Ctrl Pts',(146.051531817311,-13.4845028477228,7.3));
#12562=CARTESIAN_POINT('',(146.007440318785,-10.8928845214467,7.8));
#12563=CARTESIAN_POINT('',(146.051531817311,-13.4845028477228,7.8));
#12564=CARTESIAN_POINT('Ctrl Pts',(146.007440318785,-10.8928845214467,7.8));
#12565=CARTESIAN_POINT('Ctrl Pts',(146.01723909405,-12.1886933108139,7.8));
#12566=CARTESIAN_POINT('Ctrl Pts',(146.051531817311,-13.4845028477228,7.8));
#12567=CARTESIAN_POINT('',(146.007440318785,-10.8928845214467,7.3));
#12568=CARTESIAN_POINT('',(146.007440318785,-10.8928845214467,7.8));
#12569=CARTESIAN_POINT('',(146.051531817311,-13.4845028477228,7.3));
#12570=CARTESIAN_POINT('Ctrl Pts',(146.007440318785,-10.8928845214467,7.3));
#12571=CARTESIAN_POINT('Ctrl Pts',(146.01723909405,-12.1886933108139,7.3));
#12572=CARTESIAN_POINT('Ctrl Pts',(146.051531817311,-13.4845028477228,7.3));
#12573=CARTESIAN_POINT('',(146.051531817311,-13.4845028477228,7.8));
#12574=CARTESIAN_POINT('Origin',(147.144029475681,-15.2310276402341,7.8));
#12575=CARTESIAN_POINT('',(147.144029475681,-15.2310276402341,7.8));
#12576=CARTESIAN_POINT('',(140.780080320969,9.05894738400982,7.8));
#12577=CARTESIAN_POINT('',(147.144029475681,-15.2310276402341,7.3));
#12578=CARTESIAN_POINT('',(147.144029475681,-15.2310276402341,7.8));
#12579=CARTESIAN_POINT('',(147.144029475681,-15.2310276402341,7.3));
#12580=CARTESIAN_POINT('Origin',(147.842149603431,-15.2310276402341,7.8));
#12581=CARTESIAN_POINT('',(147.842149603431,-15.2310276402341,7.8));
#12582=CARTESIAN_POINT('',(72.6316167652654,-15.2310276402341,7.8));
#12583=CARTESIAN_POINT('',(147.842149603431,-15.2310276402341,7.3));
#12584=CARTESIAN_POINT('',(147.842149603431,-15.2310276402341,7.8));
#12585=CARTESIAN_POINT('',(147.842149603431,-15.2310276402341,7.3));
#12586=CARTESIAN_POINT('Origin',(148.981187706601,-10.8928848952175,7.8));
#12587=CARTESIAN_POINT('',(148.981187706601,-10.8928848952175,7.8));
#12588=CARTESIAN_POINT('',(145.11928194498,-25.6013467237401,7.8));
#12589=CARTESIAN_POINT('',(148.981187706601,-10.8928848952175,7.3));
#12590=CARTESIAN_POINT('',(148.981187706601,-10.8928848952175,7.8));
#12591=CARTESIAN_POINT('',(148.981187706601,-10.8928848952175,7.3));
#12592=CARTESIAN_POINT('Ctrl Pts',(148.924846991453,-13.4845028477228,7.8));
#12593=CARTESIAN_POINT('Ctrl Pts',(148.924846991453,-13.4845028477228,7.3));
#12594=CARTESIAN_POINT('Ctrl Pts',(148.968939985061,-12.1886940583555,7.8));
#12595=CARTESIAN_POINT('Ctrl Pts',(148.968939985061,-12.1886940583555,7.3));
#12596=CARTESIAN_POINT('Ctrl Pts',(148.981187706601,-10.8928848952175,7.8));
#12597=CARTESIAN_POINT('Ctrl Pts',(148.981187706601,-10.8928848952175,7.3));
#12598=CARTESIAN_POINT('',(148.924846991453,-13.4845028477228,7.8));
#12599=CARTESIAN_POINT('Ctrl Pts',(148.924846991453,-13.4845028477228,7.8));
#12600=CARTESIAN_POINT('Ctrl Pts',(148.968939985061,-12.1886940583555,7.8));
#12601=CARTESIAN_POINT('Ctrl Pts',(148.981187706601,-10.8928848952175,7.8));
#12602=CARTESIAN_POINT('',(148.924846991453,-13.4845028477228,7.3));
#12603=CARTESIAN_POINT('',(148.924846991453,-13.4845028477228,7.8));
#12604=CARTESIAN_POINT('Ctrl Pts',(148.924846991453,-13.4845028477228,7.3));
#12605=CARTESIAN_POINT('Ctrl Pts',(148.968939985061,-12.1886940583555,7.3));
#12606=CARTESIAN_POINT('Ctrl Pts',(148.981187706601,-10.8928848952175,7.3));
#12607=CARTESIAN_POINT('Ctrl Pts',(148.890552773109,-16.0638727049178,7.8));
#12608=CARTESIAN_POINT('Ctrl Pts',(148.890552773109,-16.0638727049178,7.3));
#12609=CARTESIAN_POINT('Ctrl Pts',(148.890552773109,-14.7680639155505,7.8));
#12610=CARTESIAN_POINT('Ctrl Pts',(148.890552773109,-14.7680639155505,7.3));
#12611=CARTESIAN_POINT('Ctrl Pts',(148.924846991453,-13.4845028477228,7.8));
#12612=CARTESIAN_POINT('Ctrl Pts',(148.924846991453,-13.4845028477228,7.3));
#12613=CARTESIAN_POINT('',(148.890552773109,-16.0638727049178,7.8));
#12614=CARTESIAN_POINT('Ctrl Pts',(148.890552773109,-16.0638727049178,7.8));
#12615=CARTESIAN_POINT('Ctrl Pts',(148.890552773109,-14.7680639155505,7.8));
#12616=CARTESIAN_POINT('Ctrl Pts',(148.924846991453,-13.4845028477228,7.8));
#12617=CARTESIAN_POINT('',(148.890552773109,-16.0638727049178,7.3));
#12618=CARTESIAN_POINT('',(148.890552773109,-16.0638727049178,7.8));
#12619=CARTESIAN_POINT('Ctrl Pts',(148.890552773109,-16.0638727049178,7.3));
#12620=CARTESIAN_POINT('Ctrl Pts',(148.890552773109,-14.7680639155505,7.3));
#12621=CARTESIAN_POINT('Ctrl Pts',(148.924846991453,-13.4845028477228,7.3));
#12622=CARTESIAN_POINT('Origin',(148.890552773109,-17.7222145003782,7.8));
#12623=CARTESIAN_POINT('',(148.890552773109,-17.7222145003782,7.8));
#12624=CARTESIAN_POINT('',(148.890552773109,-10.1329287039725,7.8));
#12625=CARTESIAN_POINT('',(148.890552773109,-17.7222145003782,7.3));
#12626=CARTESIAN_POINT('',(148.890552773109,-17.7222145003782,7.8));
#12627=CARTESIAN_POINT('',(148.890552773109,-17.7222145003782,7.3));
#12628=CARTESIAN_POINT('Origin',(149.735645559332,-17.7222145003782,7.8));
#12629=CARTESIAN_POINT('',(149.735645559332,-17.7222145003782,7.8));
#12630=CARTESIAN_POINT('',(73.5783647432162,-17.7222145003782,7.8));
#12631=CARTESIAN_POINT('',(149.735645559332,-17.7222145003782,7.3));
#12632=CARTESIAN_POINT('',(149.735645559332,-17.7222145003782,7.8));
#12633=CARTESIAN_POINT('',(149.735645559332,-17.7222145003782,7.3));
#12634=CARTESIAN_POINT('Origin',(149.735645559332,-9.44030467211182,7.8));
#12635=CARTESIAN_POINT('',(149.735645559332,-9.44030467211182,7.8));
#12636=CARTESIAN_POINT('',(149.735645559332,-5.99197378983931,7.8));
#12637=CARTESIAN_POINT('',(149.735645559332,-9.44030467211182,7.3));
#12638=CARTESIAN_POINT('',(149.735645559332,-9.44030467211182,7.8));
#12639=CARTESIAN_POINT('',(149.735645559332,-9.44030467211182,7.3));
#12640=CARTESIAN_POINT('Origin',(148.655397117585,-9.44030467211182,7.8));
#12641=CARTESIAN_POINT('',(148.655397117585,-9.44030467211182,7.8));
#12642=CARTESIAN_POINT('',(73.0382405223424,-9.44030467211174,7.8));
#12643=CARTESIAN_POINT('',(148.655397117585,-9.44030467211182,7.3));
#12644=CARTESIAN_POINT('',(148.655397117585,-9.44030467211182,7.8));
#12645=CARTESIAN_POINT('',(148.655397117585,-9.44030467211182,7.3));
#12646=CARTESIAN_POINT('Origin',(147.49431251761,-13.8788788832603,7.8));
#12647=CARTESIAN_POINT('',(147.49431251761,-13.8788788832603,7.8));
#12648=CARTESIAN_POINT('',(144.076118834686,-26.9458908219843,7.8));
#12649=CARTESIAN_POINT('',(147.49431251761,-13.8788788832603,7.3));
#12650=CARTESIAN_POINT('',(147.49431251761,-13.8788788832603,7.8));
#12651=CARTESIAN_POINT('',(147.49431251761,-13.8788788832603,7.3));
#12652=CARTESIAN_POINT('Origin',(146.333229412718,-9.44030504588262,7.8));
#12653=CARTESIAN_POINT('',(146.333229412718,-9.44030504588262,7.8));
#12654=CARTESIAN_POINT('',(140.720319562766,12.0166558784484,7.8));
#12655=CARTESIAN_POINT('',(146.333229412718,-9.44030504588262,7.3));
#12656=CARTESIAN_POINT('',(146.333229412718,-9.44030504588262,7.8));
#12657=CARTESIAN_POINT('',(146.333229412718,-9.44030504588262,7.3));
#12658=CARTESIAN_POINT('Origin',(145.250530529613,-9.44030504588262,7.8));
#12659=CARTESIAN_POINT('',(145.250530529613,-9.44030504588262,7.8));
#12660=CARTESIAN_POINT('',(71.3358072283565,-9.44030504588254,7.8));
#12661=CARTESIAN_POINT('',(145.250530529613,-9.44030504588262,7.3));
#12662=CARTESIAN_POINT('',(145.250530529613,-9.44030504588262,7.8));
#12663=CARTESIAN_POINT('',(145.250530529613,-9.44030504588262,7.3));
#12664=CARTESIAN_POINT('Origin',(145.250530529613,-17.7222145003782,7.8));
#12665=CARTESIAN_POINT('',(145.250530529613,-17.7222145003782,7.8));
#12666=CARTESIAN_POINT('',(145.250530529613,-10.1329287039725,7.8));
#12667=CARTESIAN_POINT('',(145.250530529613,-17.7222145003782,7.3));
#12668=CARTESIAN_POINT('',(145.250530529613,-17.7222145003782,7.8));
#12669=CARTESIAN_POINT('',(145.250530529613,-17.7222145003782,7.3));
#12670=CARTESIAN_POINT('Origin',(146.095623315836,-17.7222145003782,7.8));
#12671=CARTESIAN_POINT('',(146.095623315836,-17.7222145003782,7.8));
#12672=CARTESIAN_POINT('',(71.7583536214681,-17.7222145003782,7.8));
#12673=CARTESIAN_POINT('',(146.095623315836,-17.7222145003782,7.3));
#12674=CARTESIAN_POINT('',(146.095623315836,-17.7222145003782,7.8));
#12675=CARTESIAN_POINT('',(146.095623315836,-17.7222145003782,7.3));
#12676=CARTESIAN_POINT('Origin',(146.095623315836,-16.0638727049178,7.8));
#12677=CARTESIAN_POINT('',(146.095623315836,-16.0638727049178,7.8));
#12678=CARTESIAN_POINT('',(146.095623315836,-9.30375780624229,7.8));
#12679=CARTESIAN_POINT('',(146.095623315836,-16.0638727049178,7.3));
#12680=CARTESIAN_POINT('',(146.095623315836,-16.0638727049178,7.8));
#12681=CARTESIAN_POINT('',(146.095623315836,-16.0638727049178,7.3));
#12682=CARTESIAN_POINT('Ctrl Pts',(146.051531817311,-13.4845028477228,7.8));
#12683=CARTESIAN_POINT('Ctrl Pts',(146.051531817311,-13.4845028477228,7.3));
#12684=CARTESIAN_POINT('Ctrl Pts',(146.095623315836,-14.7680639155505,7.8));
#12685=CARTESIAN_POINT('Ctrl Pts',(146.095623315836,-14.7680639155505,7.3));
#12686=CARTESIAN_POINT('Ctrl Pts',(146.095623315836,-16.0638727049178,7.8));
#12687=CARTESIAN_POINT('Ctrl Pts',(146.095623315836,-16.0638727049178,7.3));
#12688=CARTESIAN_POINT('Ctrl Pts',(146.051531817311,-13.4845028477228,7.8));
#12689=CARTESIAN_POINT('Ctrl Pts',(146.095623315836,-14.7680639155505,7.8));
#12690=CARTESIAN_POINT('Ctrl Pts',(146.095623315836,-16.0638727049178,7.8));
#12691=CARTESIAN_POINT('Ctrl Pts',(146.051531817311,-13.4845028477228,7.3));
#12692=CARTESIAN_POINT('Ctrl Pts',(146.095623315836,-14.7680639155505,7.3));
#12693=CARTESIAN_POINT('Ctrl Pts',(146.095623315836,-16.0638727049178,7.3));
#12694=CARTESIAN_POINT('Origin',(147.493088044473,-13.581259586245,7.3));
#12695=CARTESIAN_POINT('Ctrl Pts',(124.238338821094,-16.8428282433528,7.8));
#12696=CARTESIAN_POINT('Ctrl Pts',(124.238338821094,-16.8428282433528,7.3));
#12697=CARTESIAN_POINT('Ctrl Pts',(124.395109694176,-16.945709403301,7.8));
#12698=CARTESIAN_POINT('Ctrl Pts',(124.395109694176,-16.945709403301,7.3));
#12699=CARTESIAN_POINT('Ctrl Pts',(124.576376010337,-16.9898009018264,7.8));
#12700=CARTESIAN_POINT('Ctrl Pts',(124.576376010337,-16.9898009018264,7.3));
#12701=CARTESIAN_POINT('',(124.238338821094,-16.8428282433528,7.8));
#12702=CARTESIAN_POINT('',(124.576376010337,-16.9898009018264,7.8));
#12703=CARTESIAN_POINT('Ctrl Pts',(124.238338821094,-16.8428282433528,7.8));
#12704=CARTESIAN_POINT('Ctrl Pts',(124.395109694176,-16.945709403301,7.8));
#12705=CARTESIAN_POINT('Ctrl Pts',(124.576376010337,-16.9898009018264,7.8));
#12706=CARTESIAN_POINT('',(124.238338821094,-16.8428282433528,7.3));
#12707=CARTESIAN_POINT('',(124.238338821094,-16.8428282433528,7.8));
#12708=CARTESIAN_POINT('',(124.576376010337,-16.9898009018264,7.3));
#12709=CARTESIAN_POINT('Ctrl Pts',(124.238338821094,-16.8428282433528,7.3));
#12710=CARTESIAN_POINT('Ctrl Pts',(124.395109694176,-16.945709403301,7.3));
#12711=CARTESIAN_POINT('Ctrl Pts',(124.576376010337,-16.9898009018264,7.3));
#12712=CARTESIAN_POINT('',(124.576376010337,-16.9898009018264,7.8));
#12713=CARTESIAN_POINT('Ctrl Pts',(123.956641225686,-16.5954241187473,7.8));
#12714=CARTESIAN_POINT('Ctrl Pts',(123.956641225686,-16.5954241187473,7.3));
#12715=CARTESIAN_POINT('Ctrl Pts',(124.079118441081,-16.7423967772209,7.8));
#12716=CARTESIAN_POINT('Ctrl Pts',(124.079118441081,-16.7423967772209,7.3));
#12717=CARTESIAN_POINT('Ctrl Pts',(124.238338821094,-16.8428282433528,7.8));
#12718=CARTESIAN_POINT('Ctrl Pts',(124.238338821094,-16.8428282433528,7.3));
#12719=CARTESIAN_POINT('',(123.956641225686,-16.5954241187473,7.8));
#12720=CARTESIAN_POINT('Ctrl Pts',(123.956641225686,-16.5954241187473,7.8));
#12721=CARTESIAN_POINT('Ctrl Pts',(124.079118441081,-16.7423967772209,7.8));
#12722=CARTESIAN_POINT('Ctrl Pts',(124.238338821094,-16.8428282433528,7.8));
#12723=CARTESIAN_POINT('',(123.956641225686,-16.5954241187473,7.3));
#12724=CARTESIAN_POINT('',(123.956641225686,-16.5954241187473,7.8));
#12725=CARTESIAN_POINT('Ctrl Pts',(123.956641225686,-16.5954241187473,7.3));
#12726=CARTESIAN_POINT('Ctrl Pts',(124.079118441081,-16.7423967772209,7.3));
#12727=CARTESIAN_POINT('Ctrl Pts',(124.238338821094,-16.8428282433528,7.3));
#12728=CARTESIAN_POINT('Ctrl Pts',(123.763127187985,-16.2696350248141,7.8));
#12729=CARTESIAN_POINT('Ctrl Pts',(123.763127187985,-16.2696350248141,7.3));
#12730=CARTESIAN_POINT('Ctrl Pts',(123.8439622249,-16.4386534325504,7.8));
#12731=CARTESIAN_POINT('Ctrl Pts',(123.8439622249,-16.4386534325504,7.3));
#12732=CARTESIAN_POINT('Ctrl Pts',(123.956641225686,-16.5954241187473,7.8));
#12733=CARTESIAN_POINT('Ctrl Pts',(123.956641225686,-16.5954241187473,7.3));
#12734=CARTESIAN_POINT('',(123.763127187985,-16.2696350248141,7.8));
#12735=CARTESIAN_POINT('Ctrl Pts',(123.763127187985,-16.2696350248141,7.8));
#12736=CARTESIAN_POINT('Ctrl Pts',(123.8439622249,-16.4386534325504,7.8));
#12737=CARTESIAN_POINT('Ctrl Pts',(123.956641225686,-16.5954241187473,7.8));
#12738=CARTESIAN_POINT('',(123.763127187985,-16.2696350248141,7.3));
#12739=CARTESIAN_POINT('',(123.763127187985,-16.2696350248141,7.8));
#12740=CARTESIAN_POINT('Ctrl Pts',(123.763127187985,-16.2696350248141,7.3));
#12741=CARTESIAN_POINT('Ctrl Pts',(123.8439622249,-16.4386534325504,7.3));
#12742=CARTESIAN_POINT('Ctrl Pts',(123.956641225686,-16.5954241187473,7.3));
#12743=CARTESIAN_POINT('Ctrl Pts',(123.674943630278,-15.9071027662625,7.8));
#12744=CARTESIAN_POINT('Ctrl Pts',(123.674943630278,-15.9071027662625,7.3));
#12745=CARTESIAN_POINT('Ctrl Pts',(123.696989566427,-16.0883688955383,7.8));
#12746=CARTESIAN_POINT('Ctrl Pts',(123.696989566427,-16.0883688955383,7.3));
#12747=CARTESIAN_POINT('Ctrl Pts',(123.763127187985,-16.2696350248141,7.8));
#12748=CARTESIAN_POINT('Ctrl Pts',(123.763127187985,-16.2696350248141,7.3));
#12749=CARTESIAN_POINT('',(123.674943630278,-15.9071027662625,7.8));
#12750=CARTESIAN_POINT('Ctrl Pts',(123.674943630278,-15.9071027662625,7.8));
#12751=CARTESIAN_POINT('Ctrl Pts',(123.696989566427,-16.0883688955383,7.8));
#12752=CARTESIAN_POINT('Ctrl Pts',(123.763127187985,-16.2696350248141,7.8));
#12753=CARTESIAN_POINT('',(123.674943630278,-15.9071027662625,7.3));
#12754=CARTESIAN_POINT('',(123.674943630278,-15.9071027662625,7.8));
#12755=CARTESIAN_POINT('Ctrl Pts',(123.674943630278,-15.9071027662625,7.3));
#12756=CARTESIAN_POINT('Ctrl Pts',(123.696989566427,-16.0883688955383,7.3));
#12757=CARTESIAN_POINT('Ctrl Pts',(123.763127187985,-16.2696350248141,7.3));
#12758=CARTESIAN_POINT('Ctrl Pts',(123.650448187199,-15.5249737047228,7.8));
#12759=CARTESIAN_POINT('Ctrl Pts',(123.650448187199,-15.5249737047228,7.3));
#12760=CARTESIAN_POINT('Ctrl Pts',(123.650448187199,-15.7160378617219,7.8));
#12761=CARTESIAN_POINT('Ctrl Pts',(123.650448187199,-15.7160378617219,7.3));
#12762=CARTESIAN_POINT('Ctrl Pts',(123.674943630278,-15.9071027662625,7.8));
#12763=CARTESIAN_POINT('Ctrl Pts',(123.674943630278,-15.9071027662625,7.3));
#12764=CARTESIAN_POINT('',(123.650448187199,-15.5249737047228,7.8));
#12765=CARTESIAN_POINT('Ctrl Pts',(123.650448187199,-15.5249737047228,7.8));
#12766=CARTESIAN_POINT('Ctrl Pts',(123.650448187199,-15.7160378617219,7.8));
#12767=CARTESIAN_POINT('Ctrl Pts',(123.674943630278,-15.9071027662625,7.8));
#12768=CARTESIAN_POINT('',(123.650448187199,-15.5249737047228,7.3));
#12769=CARTESIAN_POINT('',(123.650448187199,-15.5249737047228,7.8));
#12770=CARTESIAN_POINT('Ctrl Pts',(123.650448187199,-15.5249737047228,7.3));
#12771=CARTESIAN_POINT('Ctrl Pts',(123.650448187199,-15.7160378617219,7.3));
#12772=CARTESIAN_POINT('Ctrl Pts',(123.674943630278,-15.9071027662625,7.3));
#12773=CARTESIAN_POINT('Origin',(123.650448187199,-11.6375469628503,7.8));
#12774=CARTESIAN_POINT('',(123.650448187199,-11.6375469628503,7.8));
#12775=CARTESIAN_POINT('',(123.650448187199,-7.09059493520858,7.8));
#12776=CARTESIAN_POINT('',(123.650448187199,-11.6375469628503,7.3));
#12777=CARTESIAN_POINT('',(123.650448187199,-11.6375469628503,7.8));
#12778=CARTESIAN_POINT('',(123.650448187199,-11.6375469628503,7.3));
#12779=CARTESIAN_POINT('Ctrl Pts',(123.674943630278,-11.2652163028047,7.8));
#12780=CARTESIAN_POINT('Ctrl Pts',(123.674943630278,-11.2652163028047,7.3));
#12781=CARTESIAN_POINT('Ctrl Pts',(123.650448187199,-11.4464824320805,7.8));
#12782=CARTESIAN_POINT('Ctrl Pts',(123.650448187199,-11.4464824320805,7.3));
#12783=CARTESIAN_POINT('Ctrl Pts',(123.650448187199,-11.6375469628503,7.8));
#12784=CARTESIAN_POINT('Ctrl Pts',(123.650448187199,-11.6375469628503,7.3));
#12785=CARTESIAN_POINT('',(123.674943630278,-11.2652163028047,7.8));
#12786=CARTESIAN_POINT('Ctrl Pts',(123.674943630278,-11.2652163028047,7.8));
#12787=CARTESIAN_POINT('Ctrl Pts',(123.650448187199,-11.4464824320805,7.8));
#12788=CARTESIAN_POINT('Ctrl Pts',(123.650448187199,-11.6375469628503,7.8));
#12789=CARTESIAN_POINT('',(123.674943630278,-11.2652163028047,7.3));
#12790=CARTESIAN_POINT('',(123.674943630278,-11.2652163028047,7.8));
#12791=CARTESIAN_POINT('Ctrl Pts',(123.674943630278,-11.2652163028047,7.3));
#12792=CARTESIAN_POINT('Ctrl Pts',(123.650448187199,-11.4464824320805,7.3));
#12793=CARTESIAN_POINT('Ctrl Pts',(123.650448187199,-11.6375469628503,7.3));
#12794=CARTESIAN_POINT('Ctrl Pts',(123.763127187985,-10.9051333642986,7.8));
#12795=CARTESIAN_POINT('Ctrl Pts',(123.763127187985,-10.9051333642986,7.3));
#12796=CARTESIAN_POINT('Ctrl Pts',(123.696989566427,-11.0741517720349,7.8));
#12797=CARTESIAN_POINT('Ctrl Pts',(123.696989566427,-11.0741517720349,7.3));
#12798=CARTESIAN_POINT('Ctrl Pts',(123.674943630278,-11.2652163028047,7.8));
#12799=CARTESIAN_POINT('Ctrl Pts',(123.674943630278,-11.2652163028047,7.3));
#12800=CARTESIAN_POINT('',(123.763127187985,-10.9051333642986,7.8));
#12801=CARTESIAN_POINT('Ctrl Pts',(123.763127187985,-10.9051333642986,7.8));
#12802=CARTESIAN_POINT('Ctrl Pts',(123.696989566427,-11.0741517720349,7.8));
#12803=CARTESIAN_POINT('Ctrl Pts',(123.674943630278,-11.2652163028047,7.8));
#12804=CARTESIAN_POINT('',(123.763127187985,-10.9051333642986,7.3));
#12805=CARTESIAN_POINT('',(123.763127187985,-10.9051333642986,7.8));
#12806=CARTESIAN_POINT('Ctrl Pts',(123.763127187985,-10.9051333642986,7.3));
#12807=CARTESIAN_POINT('Ctrl Pts',(123.696989566427,-11.0741517720349,7.3));
#12808=CARTESIAN_POINT('Ctrl Pts',(123.674943630278,-11.2652163028047,7.3));
#12809=CARTESIAN_POINT('Ctrl Pts',(123.956641225686,-10.5793438965946,7.8));
#12810=CARTESIAN_POINT('Ctrl Pts',(123.956641225686,-10.5793438965946,7.3));
#12811=CARTESIAN_POINT('Ctrl Pts',(123.8439622249,-10.723866861252,7.8));
#12812=CARTESIAN_POINT('Ctrl Pts',(123.8439622249,-10.723866861252,7.3));
#12813=CARTESIAN_POINT('Ctrl Pts',(123.763127187985,-10.9051333642986,7.8));
#12814=CARTESIAN_POINT('Ctrl Pts',(123.763127187985,-10.9051333642986,7.3));
#12815=CARTESIAN_POINT('',(123.956641225686,-10.5793438965946,7.8));
#12816=CARTESIAN_POINT('Ctrl Pts',(123.956641225686,-10.5793438965946,7.8));
#12817=CARTESIAN_POINT('Ctrl Pts',(123.8439622249,-10.723866861252,7.8));
#12818=CARTESIAN_POINT('Ctrl Pts',(123.763127187985,-10.9051333642986,7.8));
#12819=CARTESIAN_POINT('',(123.956641225686,-10.5793438965946,7.3));
#12820=CARTESIAN_POINT('',(123.956641225686,-10.5793438965946,7.8));
#12821=CARTESIAN_POINT('Ctrl Pts',(123.956641225686,-10.5793438965946,7.3));
#12822=CARTESIAN_POINT('Ctrl Pts',(123.8439622249,-10.723866861252,7.3));
#12823=CARTESIAN_POINT('Ctrl Pts',(123.763127187985,-10.9051333642986,7.3));
#12824=CARTESIAN_POINT('Ctrl Pts',(124.238338821094,-10.3196920504496,7.8));
#12825=CARTESIAN_POINT('Ctrl Pts',(124.238338821094,-10.3196920504496,7.3));
#12826=CARTESIAN_POINT('Ctrl Pts',(124.079118441081,-10.4201235165815,7.8));
#12827=CARTESIAN_POINT('Ctrl Pts',(124.079118441081,-10.4201235165815,7.3));
#12828=CARTESIAN_POINT('Ctrl Pts',(123.956641225686,-10.5793438965946,7.8));
#12829=CARTESIAN_POINT('Ctrl Pts',(123.956641225686,-10.5793438965946,7.3));
#12830=CARTESIAN_POINT('',(124.238338821094,-10.3196920504496,7.8));
#12831=CARTESIAN_POINT('Ctrl Pts',(124.238338821094,-10.3196920504496,7.8));
#12832=CARTESIAN_POINT('Ctrl Pts',(124.079118441081,-10.4201235165815,7.8));
#12833=CARTESIAN_POINT('Ctrl Pts',(123.956641225686,-10.5793438965946,7.8));
#12834=CARTESIAN_POINT('',(124.238338821094,-10.3196920504496,7.3));
#12835=CARTESIAN_POINT('',(124.238338821094,-10.3196920504496,7.8));
#12836=CARTESIAN_POINT('Ctrl Pts',(124.238338821094,-10.3196920504496,7.3));
#12837=CARTESIAN_POINT('Ctrl Pts',(124.079118441081,-10.4201235165815,7.3));
#12838=CARTESIAN_POINT('Ctrl Pts',(123.956641225686,-10.5793438965946,7.3));
#12839=CARTESIAN_POINT('Ctrl Pts',(124.576376010337,-10.1849671135155,7.8));
#12840=CARTESIAN_POINT('Ctrl Pts',(124.576376010337,-10.1849671135155,7.3));
#12841=CARTESIAN_POINT('Ctrl Pts',(124.395109694176,-10.2168112642722,7.8));
#12842=CARTESIAN_POINT('Ctrl Pts',(124.395109694176,-10.2168112642722,7.3));
#12843=CARTESIAN_POINT('Ctrl Pts',(124.238338821094,-10.3196920504496,7.8));
#12844=CARTESIAN_POINT('Ctrl Pts',(124.238338821094,-10.3196920504496,7.3));
#12845=CARTESIAN_POINT('',(124.576376010337,-10.1849671135155,7.8));
#12846=CARTESIAN_POINT('Ctrl Pts',(124.576376010337,-10.1849671135155,7.8));
#12847=CARTESIAN_POINT('Ctrl Pts',(124.395109694176,-10.2168112642722,7.8));
#12848=CARTESIAN_POINT('Ctrl Pts',(124.238338821094,-10.3196920504496,7.8));
#12849=CARTESIAN_POINT('',(124.576376010337,-10.1849671135155,7.3));
#12850=CARTESIAN_POINT('',(124.576376010337,-10.1849671135155,7.8));
#12851=CARTESIAN_POINT('Ctrl Pts',(124.576376010337,-10.1849671135155,7.3));
#12852=CARTESIAN_POINT('Ctrl Pts',(124.395109694176,-10.2168112642722,7.3));
#12853=CARTESIAN_POINT('Ctrl Pts',(124.238338821094,-10.3196920504496,7.3));
#12854=CARTESIAN_POINT('Ctrl Pts',(124.958504884992,-10.1384259211738,7.8));
#12855=CARTESIAN_POINT('Ctrl Pts',(124.958504884992,-10.1384259211738,7.3));
#12856=CARTESIAN_POINT('Ctrl Pts',(124.767440354222,-10.1384259211738,7.8));
#12857=CARTESIAN_POINT('Ctrl Pts',(124.767440354222,-10.1384259211738,7.3));
#12858=CARTESIAN_POINT('Ctrl Pts',(124.576376010337,-10.1849671135155,7.8));
#12859=CARTESIAN_POINT('Ctrl Pts',(124.576376010337,-10.1849671135155,7.3));
#12860=CARTESIAN_POINT('',(124.958504884992,-10.1384259211738,7.8));
#12861=CARTESIAN_POINT('Ctrl Pts',(124.958504884992,-10.1384259211738,7.8));
#12862=CARTESIAN_POINT('Ctrl Pts',(124.767440354222,-10.1384259211738,7.8));
#12863=CARTESIAN_POINT('Ctrl Pts',(124.576376010337,-10.1849671135155,7.8));
#12864=CARTESIAN_POINT('',(124.958504884992,-10.1384259211738,7.3));
#12865=CARTESIAN_POINT('',(124.958504884992,-10.1384259211738,7.8));
#12866=CARTESIAN_POINT('Ctrl Pts',(124.958504884992,-10.1384259211738,7.3));
#12867=CARTESIAN_POINT('Ctrl Pts',(124.767440354222,-10.1384259211738,7.3));
#12868=CARTESIAN_POINT('Ctrl Pts',(124.576376010337,-10.1849671135155,7.3));
#12869=CARTESIAN_POINT('Ctrl Pts',(125.330835545037,-10.1849671135155,7.8));
#12870=CARTESIAN_POINT('Ctrl Pts',(125.330835545037,-10.1849671135155,7.3));
#12871=CARTESIAN_POINT('Ctrl Pts',(125.149569415761,-10.1384259211738,7.8));
#12872=CARTESIAN_POINT('Ctrl Pts',(125.149569415761,-10.1384259211738,7.3));
#12873=CARTESIAN_POINT('Ctrl Pts',(124.958504884992,-10.1384259211738,7.8));
#12874=CARTESIAN_POINT('Ctrl Pts',(124.958504884992,-10.1384259211738,7.3));
#12875=CARTESIAN_POINT('',(125.330835545037,-10.1849671135155,7.8));
#12876=CARTESIAN_POINT('Ctrl Pts',(125.330835545037,-10.1849671135155,7.8));
#12877=CARTESIAN_POINT('Ctrl Pts',(125.149569415761,-10.1384259211738,7.8));
#12878=CARTESIAN_POINT('Ctrl Pts',(124.958504884992,-10.1384259211738,7.8));
#12879=CARTESIAN_POINT('',(125.330835545037,-10.1849671135155,7.3));
#12880=CARTESIAN_POINT('',(125.330835545037,-10.1849671135155,7.8));
#12881=CARTESIAN_POINT('Ctrl Pts',(125.330835545037,-10.1849671135155,7.3));
#12882=CARTESIAN_POINT('Ctrl Pts',(125.149569415761,-10.1384259211738,7.3));
#12883=CARTESIAN_POINT('Ctrl Pts',(124.958504884992,-10.1384259211738,7.3));
#12884=CARTESIAN_POINT('Ctrl Pts',(125.678670762004,-10.3196920504496,7.8));
#12885=CARTESIAN_POINT('Ctrl Pts',(125.678670762004,-10.3196920504496,7.3));
#12886=CARTESIAN_POINT('Ctrl Pts',(125.521900075807,-10.2168112642722,7.8));
#12887=CARTESIAN_POINT('Ctrl Pts',(125.521900075807,-10.2168112642722,7.3));
#12888=CARTESIAN_POINT('Ctrl Pts',(125.330835545037,-10.1849671135155,7.8));
#12889=CARTESIAN_POINT('Ctrl Pts',(125.330835545037,-10.1849671135155,7.3));
#12890=CARTESIAN_POINT('',(125.678670762004,-10.3196920504496,7.8));
#12891=CARTESIAN_POINT('Ctrl Pts',(125.678670762004,-10.3196920504496,7.8));
#12892=CARTESIAN_POINT('Ctrl Pts',(125.521900075807,-10.2168112642722,7.8));
#12893=CARTESIAN_POINT('Ctrl Pts',(125.330835545037,-10.1849671135155,7.8));
#12894=CARTESIAN_POINT('',(125.678670762004,-10.3196920504496,7.3));
#12895=CARTESIAN_POINT('',(125.678670762004,-10.3196920504496,7.8));
#12896=CARTESIAN_POINT('Ctrl Pts',(125.678670762004,-10.3196920504496,7.3));
#12897=CARTESIAN_POINT('Ctrl Pts',(125.521900075807,-10.2168112642722,7.3));
#12898=CARTESIAN_POINT('Ctrl Pts',(125.330835545037,-10.1849671135155,7.3));
#12899=CARTESIAN_POINT('Ctrl Pts',(125.950570329688,-10.5793438965946,7.8));
#12900=CARTESIAN_POINT('Ctrl Pts',(125.950570329688,-10.5793438965946,7.3));
#12901=CARTESIAN_POINT('Ctrl Pts',(125.837891142017,-10.4201235165815,7.8));
#12902=CARTESIAN_POINT('Ctrl Pts',(125.837891142017,-10.4201235165815,7.3));
#12903=CARTESIAN_POINT('Ctrl Pts',(125.678670762004,-10.3196920504496,7.8));
#12904=CARTESIAN_POINT('Ctrl Pts',(125.678670762004,-10.3196920504496,7.3));
#12905=CARTESIAN_POINT('',(125.950570329688,-10.5793438965946,7.8));
#12906=CARTESIAN_POINT('Ctrl Pts',(125.950570329688,-10.5793438965946,7.8));
#12907=CARTESIAN_POINT('Ctrl Pts',(125.837891142017,-10.4201235165815,7.8));
#12908=CARTESIAN_POINT('Ctrl Pts',(125.678670762004,-10.3196920504496,7.8));
#12909=CARTESIAN_POINT('',(125.950570329688,-10.5793438965946,7.3));
#12910=CARTESIAN_POINT('',(125.950570329688,-10.5793438965946,7.8));
#12911=CARTESIAN_POINT('Ctrl Pts',(125.950570329688,-10.5793438965946,7.3));
#12912=CARTESIAN_POINT('Ctrl Pts',(125.837891142017,-10.4201235165815,7.3));
#12913=CARTESIAN_POINT('Ctrl Pts',(125.678670762004,-10.3196920504496,7.3));
#12914=CARTESIAN_POINT('Ctrl Pts',(126.141634860458,-10.9051333642986,7.8));
#12915=CARTESIAN_POINT('Ctrl Pts',(126.141634860458,-10.9051333642986,7.3));
#12916=CARTESIAN_POINT('Ctrl Pts',(126.073047545083,-10.7238672350228,7.8));
#12917=CARTESIAN_POINT('Ctrl Pts',(126.073047545083,-10.7238672350228,7.3));
#12918=CARTESIAN_POINT('Ctrl Pts',(125.950570329688,-10.5793438965946,7.8));
#12919=CARTESIAN_POINT('Ctrl Pts',(125.950570329688,-10.5793438965946,7.3));
#12920=CARTESIAN_POINT('',(126.141634860458,-10.9051333642986,7.8));
#12921=CARTESIAN_POINT('Ctrl Pts',(126.141634860458,-10.9051333642986,7.8));
#12922=CARTESIAN_POINT('Ctrl Pts',(126.073047545083,-10.7238672350228,7.8));
#12923=CARTESIAN_POINT('Ctrl Pts',(125.950570329688,-10.5793438965946,7.8));
#12924=CARTESIAN_POINT('',(126.141634860458,-10.9051333642986,7.3));
#12925=CARTESIAN_POINT('',(126.141634860458,-10.9051333642986,7.8));
#12926=CARTESIAN_POINT('Ctrl Pts',(126.141634860458,-10.9051333642986,7.3));
#12927=CARTESIAN_POINT('Ctrl Pts',(126.073047545083,-10.7238672350228,7.3));
#12928=CARTESIAN_POINT('Ctrl Pts',(125.950570329688,-10.5793438965946,7.3));
#12929=CARTESIAN_POINT('Ctrl Pts',(126.24206632659,-11.2652163028047,7.8));
#12930=CARTESIAN_POINT('Ctrl Pts',(126.24206632659,-11.2652163028047,7.3));
#12931=CARTESIAN_POINT('Ctrl Pts',(126.220020577327,-11.0741517720349,7.8));
#12932=CARTESIAN_POINT('Ctrl Pts',(126.220020577327,-11.0741517720349,7.3));
#12933=CARTESIAN_POINT('Ctrl Pts',(126.141634860458,-10.9051333642986,7.8));
#12934=CARTESIAN_POINT('Ctrl Pts',(126.141634860458,-10.9051333642986,7.3));
#12935=CARTESIAN_POINT('',(126.24206632659,-11.2652163028047,7.8));
#12936=CARTESIAN_POINT('Ctrl Pts',(126.24206632659,-11.2652163028047,7.8));
#12937=CARTESIAN_POINT('Ctrl Pts',(126.220020577327,-11.0741517720349,7.8));
#12938=CARTESIAN_POINT('Ctrl Pts',(126.141634860458,-10.9051333642986,7.8));
#12939=CARTESIAN_POINT('',(126.24206632659,-11.2652163028047,7.3));
#12940=CARTESIAN_POINT('',(126.24206632659,-11.2652163028047,7.8));
#12941=CARTESIAN_POINT('Ctrl Pts',(126.24206632659,-11.2652163028047,7.3));
#12942=CARTESIAN_POINT('Ctrl Pts',(126.220020577327,-11.0741517720349,7.3));
#12943=CARTESIAN_POINT('Ctrl Pts',(126.141634860458,-10.9051333642986,7.3));
#12944=CARTESIAN_POINT('Ctrl Pts',(126.266561769669,-11.6375469628503,7.8));
#12945=CARTESIAN_POINT('Ctrl Pts',(126.266561769669,-11.6375469628503,7.3));
#12946=CARTESIAN_POINT('Ctrl Pts',(126.266561769669,-11.4464824320805,7.8));
#12947=CARTESIAN_POINT('Ctrl Pts',(126.266561769669,-11.4464824320805,7.3));
#12948=CARTESIAN_POINT('Ctrl Pts',(126.24206632659,-11.2652163028047,7.8));
#12949=CARTESIAN_POINT('Ctrl Pts',(126.24206632659,-11.2652163028047,7.3));
#12950=CARTESIAN_POINT('',(126.266561769669,-11.6375469628503,7.8));
#12951=CARTESIAN_POINT('Ctrl Pts',(126.266561769669,-11.6375469628503,7.8));
#12952=CARTESIAN_POINT('Ctrl Pts',(126.266561769669,-11.4464824320805,7.8));
#12953=CARTESIAN_POINT('Ctrl Pts',(126.24206632659,-11.2652163028047,7.8));
#12954=CARTESIAN_POINT('',(126.266561769669,-11.6375469628503,7.3));
#12955=CARTESIAN_POINT('',(126.266561769669,-11.6375469628503,7.8));
#12956=CARTESIAN_POINT('Ctrl Pts',(126.266561769669,-11.6375469628503,7.3));
#12957=CARTESIAN_POINT('Ctrl Pts',(126.266561769669,-11.4464824320805,7.3));
#12958=CARTESIAN_POINT('Ctrl Pts',(126.24206632659,-11.2652163028047,7.3));
#12959=CARTESIAN_POINT('Origin',(126.266561769669,-15.5249737047228,7.8));
#12960=CARTESIAN_POINT('',(126.266561769669,-15.5249737047228,7.8));
#12961=CARTESIAN_POINT('',(126.266561769669,-9.03430830614483,7.8));
#12962=CARTESIAN_POINT('',(126.266561769669,-15.5249737047228,7.3));
#12963=CARTESIAN_POINT('',(126.266561769669,-15.5249737047228,7.8));
#12964=CARTESIAN_POINT('',(126.266561769669,-15.5249737047228,7.3));
#12965=CARTESIAN_POINT('Ctrl Pts',(126.24206632659,-15.9071027662625,7.8));
#12966=CARTESIAN_POINT('Ctrl Pts',(126.24206632659,-15.9071027662625,7.3));
#12967=CARTESIAN_POINT('Ctrl Pts',(126.266561769669,-15.7160386092635,7.8));
#12968=CARTESIAN_POINT('Ctrl Pts',(126.266561769669,-15.7160386092635,7.3));
#12969=CARTESIAN_POINT('Ctrl Pts',(126.266561769669,-15.5249737047228,7.8));
#12970=CARTESIAN_POINT('Ctrl Pts',(126.266561769669,-15.5249737047228,7.3));
#12971=CARTESIAN_POINT('',(126.24206632659,-15.9071027662625,7.8));
#12972=CARTESIAN_POINT('Ctrl Pts',(126.24206632659,-15.9071027662625,7.8));
#12973=CARTESIAN_POINT('Ctrl Pts',(126.266561769669,-15.7160386092635,7.8));
#12974=CARTESIAN_POINT('Ctrl Pts',(126.266561769669,-15.5249737047228,7.8));
#12975=CARTESIAN_POINT('',(126.24206632659,-15.9071027662625,7.3));
#12976=CARTESIAN_POINT('',(126.24206632659,-15.9071027662625,7.8));
#12977=CARTESIAN_POINT('Ctrl Pts',(126.24206632659,-15.9071027662625,7.3));
#12978=CARTESIAN_POINT('Ctrl Pts',(126.266561769669,-15.7160386092635,7.3));
#12979=CARTESIAN_POINT('Ctrl Pts',(126.266561769669,-15.5249737047228,7.3));
#12980=CARTESIAN_POINT('Ctrl Pts',(126.141634860458,-16.2696350248141,7.8));
#12981=CARTESIAN_POINT('Ctrl Pts',(126.141634860458,-16.2696350248141,7.3));
#12982=CARTESIAN_POINT('Ctrl Pts',(126.220020203557,-16.0883688955383,7.8));
#12983=CARTESIAN_POINT('Ctrl Pts',(126.220020203557,-16.0883688955383,7.3));
#12984=CARTESIAN_POINT('Ctrl Pts',(126.24206632659,-15.9071027662625,7.8));
#12985=CARTESIAN_POINT('Ctrl Pts',(126.24206632659,-15.9071027662625,7.3));
#12986=CARTESIAN_POINT('',(126.141634860458,-16.2696350248141,7.8));
#12987=CARTESIAN_POINT('Ctrl Pts',(126.141634860458,-16.2696350248141,7.8));
#12988=CARTESIAN_POINT('Ctrl Pts',(126.220020203557,-16.0883688955383,7.8));
#12989=CARTESIAN_POINT('Ctrl Pts',(126.24206632659,-15.9071027662625,7.8));
#12990=CARTESIAN_POINT('',(126.141634860458,-16.2696350248141,7.3));
#12991=CARTESIAN_POINT('',(126.141634860458,-16.2696350248141,7.8));
#12992=CARTESIAN_POINT('Ctrl Pts',(126.141634860458,-16.2696350248141,7.3));
#12993=CARTESIAN_POINT('Ctrl Pts',(126.220020203557,-16.0883688955383,7.3));
#12994=CARTESIAN_POINT('Ctrl Pts',(126.24206632659,-15.9071027662625,7.3));
#12995=CARTESIAN_POINT('Ctrl Pts',(125.950570329688,-16.5954241187473,7.8));
#12996=CARTESIAN_POINT('Ctrl Pts',(125.950570329688,-16.5954241187473,7.3));
#12997=CARTESIAN_POINT('Ctrl Pts',(126.073047545083,-16.4386534325504,7.8));
#12998=CARTESIAN_POINT('Ctrl Pts',(126.073047545083,-16.4386534325504,7.3));
#12999=CARTESIAN_POINT('Ctrl Pts',(126.141634860458,-16.2696350248141,7.8));
#13000=CARTESIAN_POINT('Ctrl Pts',(126.141634860458,-16.2696350248141,7.3));
#13001=CARTESIAN_POINT('',(125.950570329688,-16.5954241187473,7.8));
#13002=CARTESIAN_POINT('Ctrl Pts',(125.950570329688,-16.5954241187473,7.8));
#13003=CARTESIAN_POINT('Ctrl Pts',(126.073047545083,-16.4386534325504,7.8));
#13004=CARTESIAN_POINT('Ctrl Pts',(126.141634860458,-16.2696350248141,7.8));
#13005=CARTESIAN_POINT('',(125.950570329688,-16.5954241187473,7.3));
#13006=CARTESIAN_POINT('',(125.950570329688,-16.5954241187473,7.8));
#13007=CARTESIAN_POINT('Ctrl Pts',(125.950570329688,-16.5954241187473,7.3));
#13008=CARTESIAN_POINT('Ctrl Pts',(126.073047545083,-16.4386534325504,7.3));
#13009=CARTESIAN_POINT('Ctrl Pts',(126.141634860458,-16.2696350248141,7.3));
#13010=CARTESIAN_POINT('Ctrl Pts',(125.678670762004,-16.8428282433528,7.8));
#13011=CARTESIAN_POINT('Ctrl Pts',(125.678670762004,-16.8428282433528,7.3));
#13012=CARTESIAN_POINT('Ctrl Pts',(125.837891142017,-16.7423967772209,7.8));
#13013=CARTESIAN_POINT('Ctrl Pts',(125.837891142017,-16.7423967772209,7.3));
#13014=CARTESIAN_POINT('Ctrl Pts',(125.950570329688,-16.5954241187473,7.8));
#13015=CARTESIAN_POINT('Ctrl Pts',(125.950570329688,-16.5954241187473,7.3));
#13016=CARTESIAN_POINT('',(125.678670762004,-16.8428282433528,7.8));
#13017=CARTESIAN_POINT('Ctrl Pts',(125.678670762004,-16.8428282433528,7.8));
#13018=CARTESIAN_POINT('Ctrl Pts',(125.837891142017,-16.7423967772209,7.8));
#13019=CARTESIAN_POINT('Ctrl Pts',(125.950570329688,-16.5954241187473,7.8));
#13020=CARTESIAN_POINT('',(125.678670762004,-16.8428282433528,7.3));
#13021=CARTESIAN_POINT('',(125.678670762004,-16.8428282433528,7.8));
#13022=CARTESIAN_POINT('Ctrl Pts',(125.678670762004,-16.8428282433528,7.3));
#13023=CARTESIAN_POINT('Ctrl Pts',(125.837891142017,-16.7423967772209,7.3));
#13024=CARTESIAN_POINT('Ctrl Pts',(125.950570329688,-16.5954241187473,7.3));
#13025=CARTESIAN_POINT('Ctrl Pts',(125.330835545037,-16.9898009018264,7.8));
#13026=CARTESIAN_POINT('Ctrl Pts',(125.330835545037,-16.9898009018264,7.3));
#13027=CARTESIAN_POINT('Ctrl Pts',(125.521900075807,-16.945709403301,7.8));
#13028=CARTESIAN_POINT('Ctrl Pts',(125.521900075807,-16.945709403301,7.3));
#13029=CARTESIAN_POINT('Ctrl Pts',(125.678670762004,-16.8428282433528,7.8));
#13030=CARTESIAN_POINT('Ctrl Pts',(125.678670762004,-16.8428282433528,7.3));
#13031=CARTESIAN_POINT('',(125.330835545037,-16.9898009018264,7.8));
#13032=CARTESIAN_POINT('Ctrl Pts',(125.330835545037,-16.9898009018264,7.8));
#13033=CARTESIAN_POINT('Ctrl Pts',(125.521900075807,-16.945709403301,7.8));
#13034=CARTESIAN_POINT('Ctrl Pts',(125.678670762004,-16.8428282433528,7.8));
#13035=CARTESIAN_POINT('',(125.330835545037,-16.9898009018264,7.3));
#13036=CARTESIAN_POINT('',(125.330835545037,-16.9898009018264,7.8));
#13037=CARTESIAN_POINT('Ctrl Pts',(125.330835545037,-16.9898009018264,7.3));
#13038=CARTESIAN_POINT('Ctrl Pts',(125.521900075807,-16.945709403301,7.3));
#13039=CARTESIAN_POINT('Ctrl Pts',(125.678670762004,-16.8428282433528,7.3));
#13040=CARTESIAN_POINT('Ctrl Pts',(124.958504884992,-17.0240943726286,7.8));
#13041=CARTESIAN_POINT('Ctrl Pts',(124.958504884992,-17.0240943726286,7.3));
#13042=CARTESIAN_POINT('Ctrl Pts',(125.149569415761,-17.0240943726286,7.8));
#13043=CARTESIAN_POINT('Ctrl Pts',(125.149569415761,-17.0240943726286,7.3));
#13044=CARTESIAN_POINT('Ctrl Pts',(125.330835545037,-16.9898009018264,7.8));
#13045=CARTESIAN_POINT('Ctrl Pts',(125.330835545037,-16.9898009018264,7.3));
#13046=CARTESIAN_POINT('',(124.958504884992,-17.0240943726286,7.8));
#13047=CARTESIAN_POINT('Ctrl Pts',(124.958504884992,-17.0240943726286,7.8));
#13048=CARTESIAN_POINT('Ctrl Pts',(125.149569415761,-17.0240943726286,7.8));
#13049=CARTESIAN_POINT('Ctrl Pts',(125.330835545037,-16.9898009018264,7.8));
#13050=CARTESIAN_POINT('',(124.958504884992,-17.0240943726286,7.3));
#13051=CARTESIAN_POINT('',(124.958504884992,-17.0240943726286,7.8));
#13052=CARTESIAN_POINT('Ctrl Pts',(124.958504884992,-17.0240943726286,7.3));
#13053=CARTESIAN_POINT('Ctrl Pts',(125.149569415761,-17.0240943726286,7.3));
#13054=CARTESIAN_POINT('Ctrl Pts',(125.330835545037,-16.9898009018264,7.3));
#13055=CARTESIAN_POINT('Ctrl Pts',(124.576376010337,-16.9898009018264,7.8));
#13056=CARTESIAN_POINT('Ctrl Pts',(124.576376010337,-16.9898009018264,7.3));
#13057=CARTESIAN_POINT('Ctrl Pts',(124.767440541107,-17.0240943726286,7.8));
#13058=CARTESIAN_POINT('Ctrl Pts',(124.767440541107,-17.0240943726286,7.3));
#13059=CARTESIAN_POINT('Ctrl Pts',(124.958504884992,-17.0240943726286,7.8));
#13060=CARTESIAN_POINT('Ctrl Pts',(124.958504884992,-17.0240943726286,7.3));
#13061=CARTESIAN_POINT('Ctrl Pts',(124.576376010337,-16.9898009018264,7.8));
#13062=CARTESIAN_POINT('Ctrl Pts',(124.767440541107,-17.0240943726286,7.8));
#13063=CARTESIAN_POINT('Ctrl Pts',(124.958504884992,-17.0240943726286,7.8));
#13064=CARTESIAN_POINT('Ctrl Pts',(124.576376010337,-16.9898009018264,7.3));
#13065=CARTESIAN_POINT('Ctrl Pts',(124.767440541107,-17.0240943726286,7.3));
#13066=CARTESIAN_POINT('Ctrl Pts',(124.958504884992,-17.0240943726286,7.3));
#13067=CARTESIAN_POINT('Ctrl Pts',(126.580103142063,-17.1931135279065,7.8));
#13068=CARTESIAN_POINT('Ctrl Pts',(126.580103142063,-17.1931135279065,7.3));
#13069=CARTESIAN_POINT('Ctrl Pts',(126.37924058357,-17.4184719032493,7.8));
#13070=CARTESIAN_POINT('Ctrl Pts',(126.37924058357,-17.4184719032493,7.3));
#13071=CARTESIAN_POINT('Ctrl Pts',(126.119588737425,-17.5654445617229,7.8));
#13072=CARTESIAN_POINT('Ctrl Pts',(126.119588737425,-17.5654445617229,7.3));
#13073=CARTESIAN_POINT('',(126.580103142063,-17.1931135279065,7.8));
#13074=CARTESIAN_POINT('',(126.119588737425,-17.5654445617229,7.8));
#13075=CARTESIAN_POINT('Ctrl Pts',(126.580103142063,-17.1931135279065,7.8));
#13076=CARTESIAN_POINT('Ctrl Pts',(126.37924058357,-17.4184719032493,7.8));
#13077=CARTESIAN_POINT('Ctrl Pts',(126.119588737425,-17.5654445617229,7.8));
#13078=CARTESIAN_POINT('',(126.580103142063,-17.1931135279065,7.3));
#13079=CARTESIAN_POINT('',(126.580103142063,-17.1931135279065,7.8));
#13080=CARTESIAN_POINT('',(126.119588737425,-17.5654445617229,7.3));
#13081=CARTESIAN_POINT('Ctrl Pts',(126.580103142063,-17.1931135279065,7.3));
#13082=CARTESIAN_POINT('Ctrl Pts',(126.37924058357,-17.4184719032493,7.3));
#13083=CARTESIAN_POINT('Ctrl Pts',(126.119588737425,-17.5654445617229,7.3));
#13084=CARTESIAN_POINT('',(126.119588737425,-17.5654445617229,7.8));
#13085=CARTESIAN_POINT('Ctrl Pts',(126.918140331306,-16.6958563324208,7.8));
#13086=CARTESIAN_POINT('Ctrl Pts',(126.918140331306,-16.6958563324208,7.3));
#13087=CARTESIAN_POINT('Ctrl Pts',(126.795663115912,-16.9677559001053,7.8));
#13088=CARTESIAN_POINT('Ctrl Pts',(126.795663115912,-16.9677559001053,7.3));
#13089=CARTESIAN_POINT('Ctrl Pts',(126.580103142063,-17.1931135279065,7.8));
#13090=CARTESIAN_POINT('Ctrl Pts',(126.580103142063,-17.1931135279065,7.3));
#13091=CARTESIAN_POINT('',(126.918140331306,-16.6958563324208,7.8));
#13092=CARTESIAN_POINT('Ctrl Pts',(126.918140331306,-16.6958563324208,7.8));
#13093=CARTESIAN_POINT('Ctrl Pts',(126.795663115912,-16.9677559001053,7.8));
#13094=CARTESIAN_POINT('Ctrl Pts',(126.580103142063,-17.1931135279065,7.8));
#13095=CARTESIAN_POINT('',(126.918140331306,-16.6958563324208,7.3));
#13096=CARTESIAN_POINT('',(126.918140331306,-16.6958563324208,7.8));
#13097=CARTESIAN_POINT('Ctrl Pts',(126.918140331306,-16.6958563324208,7.3));
#13098=CARTESIAN_POINT('Ctrl Pts',(126.795663115912,-16.9677559001053,7.3));
#13099=CARTESIAN_POINT('Ctrl Pts',(126.580103142063,-17.1931135279065,7.3));
#13100=CARTESIAN_POINT('Ctrl Pts',(127.087158739043,-16.1324611416053,7.8));
#13101=CARTESIAN_POINT('Ctrl Pts',(127.087158739043,-16.1324611416053,7.3));
#13102=CARTESIAN_POINT('Ctrl Pts',(127.043066866746,-16.4264064585525,7.8));
#13103=CARTESIAN_POINT('Ctrl Pts',(127.043066866746,-16.4264064585525,7.3));
#13104=CARTESIAN_POINT('Ctrl Pts',(126.918140331306,-16.6958563324208,7.8));
#13105=CARTESIAN_POINT('Ctrl Pts',(126.918140331306,-16.6958563324208,7.3));
#13106=CARTESIAN_POINT('',(127.087158739043,-16.1324611416053,7.8));
#13107=CARTESIAN_POINT('Ctrl Pts',(127.087158739043,-16.1324611416053,7.8));
#13108=CARTESIAN_POINT('Ctrl Pts',(127.043066866746,-16.4264064585525,7.8));
#13109=CARTESIAN_POINT('Ctrl Pts',(126.918140331306,-16.6958563324208,7.8));
#13110=CARTESIAN_POINT('',(127.087158739043,-16.1324611416053,7.3));
#13111=CARTESIAN_POINT('',(127.087158739043,-16.1324611416053,7.8));
#13112=CARTESIAN_POINT('Ctrl Pts',(127.087158739043,-16.1324611416053,7.3));
#13113=CARTESIAN_POINT('Ctrl Pts',(127.043066866746,-16.4264064585525,7.3));
#13114=CARTESIAN_POINT('Ctrl Pts',(126.918140331306,-16.6958563324208,7.3));
#13115=CARTESIAN_POINT('Ctrl Pts',(127.143498332878,-15.5249744522644,7.8));
#13116=CARTESIAN_POINT('Ctrl Pts',(127.143498332878,-15.5249744522644,7.3));
#13117=CARTESIAN_POINT('Ctrl Pts',(127.143498332878,-15.8287177969349,7.8));
#13118=CARTESIAN_POINT('Ctrl Pts',(127.143498332878,-15.8287177969349,7.3));
#13119=CARTESIAN_POINT('Ctrl Pts',(127.087158739043,-16.1324611416053,7.8));
#13120=CARTESIAN_POINT('Ctrl Pts',(127.087158739043,-16.1324611416053,7.3));
#13121=CARTESIAN_POINT('',(127.143498332878,-15.5249744522644,7.8));
#13122=CARTESIAN_POINT('Ctrl Pts',(127.143498332878,-15.5249744522644,7.8));
#13123=CARTESIAN_POINT('Ctrl Pts',(127.143498332878,-15.8287177969349,7.8));
#13124=CARTESIAN_POINT('Ctrl Pts',(127.087158739043,-16.1324611416053,7.8));
#13125=CARTESIAN_POINT('',(127.143498332878,-15.5249744522644,7.3));
#13126=CARTESIAN_POINT('',(127.143498332878,-15.5249744522644,7.8));
#13127=CARTESIAN_POINT('Ctrl Pts',(127.143498332878,-15.5249744522644,7.3));
#13128=CARTESIAN_POINT('Ctrl Pts',(127.143498332878,-15.8287177969349,7.3));
#13129=CARTESIAN_POINT('Ctrl Pts',(127.087158739043,-16.1324611416053,7.3));
#13130=CARTESIAN_POINT('Origin',(127.143498332878,-11.6375477103919,7.8));
#13131=CARTESIAN_POINT('',(127.143498332878,-11.6375477103919,7.8));
#13132=CARTESIAN_POINT('',(127.143498332878,-7.09059530897938,7.8));
#13133=CARTESIAN_POINT('',(127.143498332878,-11.6375477103919,7.3));
#13134=CARTESIAN_POINT('',(127.143498332878,-11.6375477103919,7.8));
#13135=CARTESIAN_POINT('',(127.143498332878,-11.6375477103919,7.3));
#13136=CARTESIAN_POINT('Ctrl Pts',(127.087158739043,-11.0398590487743,7.8));
#13137=CARTESIAN_POINT('Ctrl Pts',(127.087158739043,-11.0398590487743,7.3));
#13138=CARTESIAN_POINT('Ctrl Pts',(127.143498332878,-11.3338043657215,7.8));
#13139=CARTESIAN_POINT('Ctrl Pts',(127.143498332878,-11.3338043657215,7.3));
#13140=CARTESIAN_POINT('Ctrl Pts',(127.143498332878,-11.6375477103919,7.8));
#13141=CARTESIAN_POINT('Ctrl Pts',(127.143498332878,-11.6375477103919,7.3));
#13142=CARTESIAN_POINT('',(127.087158739043,-11.0398590487743,7.8));
#13143=CARTESIAN_POINT('Ctrl Pts',(127.087158739043,-11.0398590487743,7.8));
#13144=CARTESIAN_POINT('Ctrl Pts',(127.143498332878,-11.3338043657215,7.8));
#13145=CARTESIAN_POINT('Ctrl Pts',(127.143498332878,-11.6375477103919,7.8));
#13146=CARTESIAN_POINT('',(127.087158739043,-11.0398590487743,7.3));
#13147=CARTESIAN_POINT('',(127.087158739043,-11.0398590487743,7.8));
#13148=CARTESIAN_POINT('Ctrl Pts',(127.087158739043,-11.0398590487743,7.3));
#13149=CARTESIAN_POINT('Ctrl Pts',(127.143498332878,-11.3338043657215,7.3));
#13150=CARTESIAN_POINT('Ctrl Pts',(127.143498332878,-11.6375477103919,7.3));
#13151=CARTESIAN_POINT('Ctrl Pts',(126.918140331306,-10.4666658302356,7.8));
#13152=CARTESIAN_POINT('Ctrl Pts',(126.918140331306,-10.4666658302356,7.3));
#13153=CARTESIAN_POINT('Ctrl Pts',(127.043067240517,-10.7361157041039,7.8));
#13154=CARTESIAN_POINT('Ctrl Pts',(127.043067240517,-10.7361157041039,7.3));
#13155=CARTESIAN_POINT('Ctrl Pts',(127.087158739043,-11.0398590487743,7.8));
#13156=CARTESIAN_POINT('Ctrl Pts',(127.087158739043,-11.0398590487743,7.3));
#13157=CARTESIAN_POINT('',(126.918140331306,-10.4666658302356,7.8));
#13158=CARTESIAN_POINT('Ctrl Pts',(126.918140331306,-10.4666658302356,7.8));
#13159=CARTESIAN_POINT('Ctrl Pts',(127.043067240517,-10.7361157041039,7.8));
#13160=CARTESIAN_POINT('Ctrl Pts',(127.087158739043,-11.0398590487743,7.8));
#13161=CARTESIAN_POINT('',(126.918140331306,-10.4666658302356,7.3));
#13162=CARTESIAN_POINT('',(126.918140331306,-10.4666658302356,7.8));
#13163=CARTESIAN_POINT('Ctrl Pts',(126.918140331306,-10.4666658302356,7.3));
#13164=CARTESIAN_POINT('Ctrl Pts',(127.043067240517,-10.7361157041039,7.3));
#13165=CARTESIAN_POINT('Ctrl Pts',(127.087158739043,-11.0398590487743,7.3));
#13166=CARTESIAN_POINT('Ctrl Pts',(126.580103142063,-9.96940826097909,7.8));
#13167=CARTESIAN_POINT('Ctrl Pts',(126.580103142063,-9.96940826097909,7.3));
#13168=CARTESIAN_POINT('Ctrl Pts',(126.795663115912,-10.1947662625511,7.8));
#13169=CARTESIAN_POINT('Ctrl Pts',(126.795663115912,-10.1947662625511,7.3));
#13170=CARTESIAN_POINT('Ctrl Pts',(126.918140331306,-10.4666658302356,7.8));
#13171=CARTESIAN_POINT('Ctrl Pts',(126.918140331306,-10.4666658302356,7.3));
#13172=CARTESIAN_POINT('',(126.580103142063,-9.96940826097909,7.8));
#13173=CARTESIAN_POINT('Ctrl Pts',(126.580103142063,-9.96940826097909,7.8));
#13174=CARTESIAN_POINT('Ctrl Pts',(126.795663115912,-10.1947662625511,7.8));
#13175=CARTESIAN_POINT('Ctrl Pts',(126.918140331306,-10.4666658302356,7.8));
#13176=CARTESIAN_POINT('',(126.580103142063,-9.96940826097909,7.3));
#13177=CARTESIAN_POINT('',(126.580103142063,-9.96940826097909,7.8));
#13178=CARTESIAN_POINT('Ctrl Pts',(126.580103142063,-9.96940826097909,7.3));
#13179=CARTESIAN_POINT('Ctrl Pts',(126.795663115912,-10.1947662625511,7.3));
#13180=CARTESIAN_POINT('Ctrl Pts',(126.918140331306,-10.4666658302356,7.3));
#13181=CARTESIAN_POINT('Ctrl Pts',(126.119588737425,-9.60932532247293,7.8));
#13182=CARTESIAN_POINT('Ctrl Pts',(126.119588737425,-9.60932532247293,7.3));
#13183=CARTESIAN_POINT('Ctrl Pts',(126.37924058357,-9.74405025940707,7.8));
#13184=CARTESIAN_POINT('Ctrl Pts',(126.37924058357,-9.74405025940707,7.3));
#13185=CARTESIAN_POINT('Ctrl Pts',(126.580103142063,-9.96940826097909,7.8));
#13186=CARTESIAN_POINT('Ctrl Pts',(126.580103142063,-9.96940826097909,7.3));
#13187=CARTESIAN_POINT('',(126.119588737425,-9.60932532247293,7.8));
#13188=CARTESIAN_POINT('Ctrl Pts',(126.119588737425,-9.60932532247293,7.8));
#13189=CARTESIAN_POINT('Ctrl Pts',(126.37924058357,-9.74405025940707,7.8));
#13190=CARTESIAN_POINT('Ctrl Pts',(126.580103142063,-9.96940826097909,7.8));
#13191=CARTESIAN_POINT('',(126.119588737425,-9.60932532247293,7.3));
#13192=CARTESIAN_POINT('',(126.119588737425,-9.60932532247293,7.8));
#13193=CARTESIAN_POINT('Ctrl Pts',(126.119588737425,-9.60932532247293,7.3));
#13194=CARTESIAN_POINT('Ctrl Pts',(126.37924058357,-9.74405025940707,7.3));
#13195=CARTESIAN_POINT('Ctrl Pts',(126.580103142063,-9.96940826097909,7.3));
#13196=CARTESIAN_POINT('Ctrl Pts',(125.556193546609,-9.40601307016363,7.8));
#13197=CARTESIAN_POINT('Ctrl Pts',(125.556193546609,-9.40601307016363,7.3));
#13198=CARTESIAN_POINT('Ctrl Pts',(125.85993689128,-9.46235266399934,7.8));
#13199=CARTESIAN_POINT('Ctrl Pts',(125.85993689128,-9.46235266399934,7.3));
#13200=CARTESIAN_POINT('Ctrl Pts',(126.119588737425,-9.60932532247293,7.8));
#13201=CARTESIAN_POINT('Ctrl Pts',(126.119588737425,-9.60932532247293,7.3));
#13202=CARTESIAN_POINT('',(125.556193546609,-9.40601307016363,7.8));
#13203=CARTESIAN_POINT('Ctrl Pts',(125.556193546609,-9.40601307016363,7.8));
#13204=CARTESIAN_POINT('Ctrl Pts',(125.85993689128,-9.46235266399934,7.8));
#13205=CARTESIAN_POINT('Ctrl Pts',(126.119588737425,-9.60932532247293,7.8));
#13206=CARTESIAN_POINT('',(125.556193546609,-9.40601307016363,7.3));
#13207=CARTESIAN_POINT('',(125.556193546609,-9.40601307016363,7.8));
#13208=CARTESIAN_POINT('Ctrl Pts',(125.556193546609,-9.40601307016363,7.3));
#13209=CARTESIAN_POINT('Ctrl Pts',(125.85993689128,-9.46235266399934,7.3));
#13210=CARTESIAN_POINT('Ctrl Pts',(126.119588737425,-9.60932532247293,7.3));
#13211=CARTESIAN_POINT('Ctrl Pts',(124.958504884992,-9.34967347632793,7.8));
#13212=CARTESIAN_POINT('Ctrl Pts',(124.958504884992,-9.34967347632793,7.3));
#13213=CARTESIAN_POINT('Ctrl Pts',(125.262248229662,-9.34967347632793,7.8));
#13214=CARTESIAN_POINT('Ctrl Pts',(125.262248229662,-9.34967347632793,7.3));
#13215=CARTESIAN_POINT('Ctrl Pts',(125.556193546609,-9.40601307016363,7.8));
#13216=CARTESIAN_POINT('Ctrl Pts',(125.556193546609,-9.40601307016363,7.3));
#13217=CARTESIAN_POINT('',(124.958504884992,-9.34967347632793,7.8));
#13218=CARTESIAN_POINT('Ctrl Pts',(124.958504884992,-9.34967347632793,7.8));
#13219=CARTESIAN_POINT('Ctrl Pts',(125.262248229662,-9.34967347632793,7.8));
#13220=CARTESIAN_POINT('Ctrl Pts',(125.556193546609,-9.40601307016363,7.8));
#13221=CARTESIAN_POINT('',(124.958504884992,-9.34967347632793,7.3));
#13222=CARTESIAN_POINT('',(124.958504884992,-9.34967347632793,7.8));
#13223=CARTESIAN_POINT('Ctrl Pts',(124.958504884992,-9.34967347632793,7.3));
#13224=CARTESIAN_POINT('Ctrl Pts',(125.262248229662,-9.34967347632793,7.3));
#13225=CARTESIAN_POINT('Ctrl Pts',(125.556193546609,-9.40601307016363,7.3));
#13226=CARTESIAN_POINT('Ctrl Pts',(124.35101782188,-9.40601307016363,7.8));
#13227=CARTESIAN_POINT('Ctrl Pts',(124.35101782188,-9.40601307016363,7.3));
#13228=CARTESIAN_POINT('Ctrl Pts',(124.654761353436,-9.34967347632793,7.8));
#13229=CARTESIAN_POINT('Ctrl Pts',(124.654761353436,-9.34967347632793,7.3));
#13230=CARTESIAN_POINT('Ctrl Pts',(124.958504884992,-9.34967347632793,7.8));
#13231=CARTESIAN_POINT('Ctrl Pts',(124.958504884992,-9.34967347632793,7.3));
#13232=CARTESIAN_POINT('',(124.35101782188,-9.40601307016363,7.8));
#13233=CARTESIAN_POINT('Ctrl Pts',(124.35101782188,-9.40601307016363,7.8));
#13234=CARTESIAN_POINT('Ctrl Pts',(124.654761353436,-9.34967347632793,7.8));
#13235=CARTESIAN_POINT('Ctrl Pts',(124.958504884992,-9.34967347632793,7.8));
#13236=CARTESIAN_POINT('',(124.35101782188,-9.40601307016363,7.3));
#13237=CARTESIAN_POINT('',(124.35101782188,-9.40601307016363,7.8));
#13238=CARTESIAN_POINT('Ctrl Pts',(124.35101782188,-9.40601307016363,7.3));
#13239=CARTESIAN_POINT('Ctrl Pts',(124.654761353436,-9.34967347632793,7.3));
#13240=CARTESIAN_POINT('Ctrl Pts',(124.958504884992,-9.34967347632793,7.3));
#13241=CARTESIAN_POINT('Ctrl Pts',(123.797420845673,-9.60932532247293,7.8));
#13242=CARTESIAN_POINT('Ctrl Pts',(123.797420845673,-9.60932532247293,7.3));
#13243=CARTESIAN_POINT('Ctrl Pts',(124.057072504933,-9.46235266399934,7.8));
#13244=CARTESIAN_POINT('Ctrl Pts',(124.057072504933,-9.46235266399934,7.3));
#13245=CARTESIAN_POINT('Ctrl Pts',(124.35101782188,-9.40601307016363,7.8));
#13246=CARTESIAN_POINT('Ctrl Pts',(124.35101782188,-9.40601307016363,7.3));
#13247=CARTESIAN_POINT('',(123.797420845673,-9.60932532247293,7.8));
#13248=CARTESIAN_POINT('Ctrl Pts',(123.797420845673,-9.60932532247293,7.8));
#13249=CARTESIAN_POINT('Ctrl Pts',(124.057072504933,-9.46235266399934,7.8));
#13250=CARTESIAN_POINT('Ctrl Pts',(124.35101782188,-9.40601307016363,7.8));
#13251=CARTESIAN_POINT('',(123.797420845673,-9.60932532247293,7.3));
#13252=CARTESIAN_POINT('',(123.797420845673,-9.60932532247293,7.8));
#13253=CARTESIAN_POINT('Ctrl Pts',(123.797420845673,-9.60932532247293,7.3));
#13254=CARTESIAN_POINT('Ctrl Pts',(124.057072504933,-9.46235266399934,7.3));
#13255=CARTESIAN_POINT('Ctrl Pts',(124.35101782188,-9.40601307016363,7.3));
#13256=CARTESIAN_POINT('Ctrl Pts',(123.324658812938,-9.96940826097909,7.8));
#13257=CARTESIAN_POINT('Ctrl Pts',(123.324658812938,-9.96940826097909,7.3));
#13258=CARTESIAN_POINT('Ctrl Pts',(123.537769186413,-9.74405025940707,7.8));
#13259=CARTESIAN_POINT('Ctrl Pts',(123.537769186413,-9.74405025940707,7.3));
#13260=CARTESIAN_POINT('Ctrl Pts',(123.797420845673,-9.60932532247293,7.8));
#13261=CARTESIAN_POINT('Ctrl Pts',(123.797420845673,-9.60932532247293,7.3));
#13262=CARTESIAN_POINT('',(123.324658812938,-9.96940826097909,7.8));
#13263=CARTESIAN_POINT('Ctrl Pts',(123.324658812938,-9.96940826097909,7.8));
#13264=CARTESIAN_POINT('Ctrl Pts',(123.537769186413,-9.74405025940707,7.8));
#13265=CARTESIAN_POINT('Ctrl Pts',(123.797420845673,-9.60932532247293,7.8));
#13266=CARTESIAN_POINT('',(123.324658812938,-9.96940826097909,7.3));
#13267=CARTESIAN_POINT('',(123.324658812938,-9.96940826097909,7.8));
#13268=CARTESIAN_POINT('Ctrl Pts',(123.324658812938,-9.96940826097909,7.3));
#13269=CARTESIAN_POINT('Ctrl Pts',(123.537769186413,-9.74405025940707,7.3));
#13270=CARTESIAN_POINT('Ctrl Pts',(123.797420845673,-9.60932532247293,7.3));
#13271=CARTESIAN_POINT('Ctrl Pts',(122.998869438677,-10.4666658302356,7.8));
#13272=CARTESIAN_POINT('Ctrl Pts',(122.998869438677,-10.4666658302356,7.3));
#13273=CARTESIAN_POINT('Ctrl Pts',(123.121346654072,-10.1947662625511,7.8));
#13274=CARTESIAN_POINT('Ctrl Pts',(123.121346654072,-10.1947662625511,7.3));
#13275=CARTESIAN_POINT('Ctrl Pts',(123.324658812938,-9.96940826097909,7.8));
#13276=CARTESIAN_POINT('Ctrl Pts',(123.324658812938,-9.96940826097909,7.3));
#13277=CARTESIAN_POINT('',(122.998869438677,-10.4666658302356,7.8));
#13278=CARTESIAN_POINT('Ctrl Pts',(122.998869438677,-10.4666658302356,7.8));
#13279=CARTESIAN_POINT('Ctrl Pts',(123.121346654072,-10.1947662625511,7.8));
#13280=CARTESIAN_POINT('Ctrl Pts',(123.324658812938,-9.96940826097909,7.8));
#13281=CARTESIAN_POINT('',(122.998869438677,-10.4666658302356,7.3));
#13282=CARTESIAN_POINT('',(122.998869438677,-10.4666658302356,7.8));
#13283=CARTESIAN_POINT('Ctrl Pts',(122.998869438677,-10.4666658302356,7.3));
#13284=CARTESIAN_POINT('Ctrl Pts',(123.121346654072,-10.1947662625511,7.3));
#13285=CARTESIAN_POINT('Ctrl Pts',(123.324658812938,-9.96940826097909,7.3));
#13286=CARTESIAN_POINT('Ctrl Pts',(122.817603122516,-11.0398590487743,7.8));
#13287=CARTESIAN_POINT('Ctrl Pts',(122.817603122516,-11.0398590487743,7.3));
#13288=CARTESIAN_POINT('Ctrl Pts',(122.873942622909,-10.7361157041039,7.8));
#13289=CARTESIAN_POINT('Ctrl Pts',(122.873942622909,-10.7361157041039,7.3));
#13290=CARTESIAN_POINT('Ctrl Pts',(122.998869438677,-10.4666658302356,7.8));
#13291=CARTESIAN_POINT('Ctrl Pts',(122.998869438677,-10.4666658302356,7.3));
#13292=CARTESIAN_POINT('',(122.817603122516,-11.0398590487743,7.8));
#13293=CARTESIAN_POINT('Ctrl Pts',(122.817603122516,-11.0398590487743,7.8));
#13294=CARTESIAN_POINT('Ctrl Pts',(122.873942622909,-10.7361157041039,7.8));
#13295=CARTESIAN_POINT('Ctrl Pts',(122.998869438677,-10.4666658302356,7.8));
#13296=CARTESIAN_POINT('',(122.817603122516,-11.0398590487743,7.3));
#13297=CARTESIAN_POINT('',(122.817603122516,-11.0398590487743,7.8));
#13298=CARTESIAN_POINT('Ctrl Pts',(122.817603122516,-11.0398590487743,7.3));
#13299=CARTESIAN_POINT('Ctrl Pts',(122.873942622909,-10.7361157041039,7.3));
#13300=CARTESIAN_POINT('Ctrl Pts',(122.998869438677,-10.4666658302356,7.3));
#13301=CARTESIAN_POINT('Ctrl Pts',(122.773511343662,-11.6375477103919,7.8));
#13302=CARTESIAN_POINT('Ctrl Pts',(122.773511343662,-11.6375477103919,7.3));
#13303=CARTESIAN_POINT('Ctrl Pts',(122.773511343662,-11.3338043657215,7.8));
#13304=CARTESIAN_POINT('Ctrl Pts',(122.773511343662,-11.3338043657215,7.3));
#13305=CARTESIAN_POINT('Ctrl Pts',(122.817603122516,-11.0398590487743,7.8));
#13306=CARTESIAN_POINT('Ctrl Pts',(122.817603122516,-11.0398590487743,7.3));
#13307=CARTESIAN_POINT('',(122.773511343662,-11.6375477103919,7.8));
#13308=CARTESIAN_POINT('Ctrl Pts',(122.773511343662,-11.6375477103919,7.8));
#13309=CARTESIAN_POINT('Ctrl Pts',(122.773511343662,-11.3338043657215,7.8));
#13310=CARTESIAN_POINT('Ctrl Pts',(122.817603122516,-11.0398590487743,7.8));
#13311=CARTESIAN_POINT('',(122.773511343662,-11.6375477103919,7.3));
#13312=CARTESIAN_POINT('',(122.773511343662,-11.6375477103919,7.8));
#13313=CARTESIAN_POINT('Ctrl Pts',(122.773511343662,-11.6375477103919,7.3));
#13314=CARTESIAN_POINT('Ctrl Pts',(122.773511343662,-11.3338043657215,7.3));
#13315=CARTESIAN_POINT('Ctrl Pts',(122.817603122516,-11.0398590487743,7.3));
#13316=CARTESIAN_POINT('Origin',(122.773511343662,-15.5249744522644,7.8));
#13317=CARTESIAN_POINT('',(122.773511343662,-15.5249744522644,7.8));
#13318=CARTESIAN_POINT('',(122.773511343662,-9.03430867991563,7.8));
#13319=CARTESIAN_POINT('',(122.773511343662,-15.5249744522644,7.3));
#13320=CARTESIAN_POINT('',(122.773511343662,-15.5249744522644,7.8));
#13321=CARTESIAN_POINT('',(122.773511343662,-15.5249744522644,7.3));
#13322=CARTESIAN_POINT('Ctrl Pts',(122.817603122516,-16.1324611416053,7.8));
#13323=CARTESIAN_POINT('Ctrl Pts',(122.817603122516,-16.1324611416053,7.3));
#13324=CARTESIAN_POINT('Ctrl Pts',(122.773511343662,-15.8287177969349,7.8));
#13325=CARTESIAN_POINT('Ctrl Pts',(122.773511343662,-15.8287177969349,7.3));
#13326=CARTESIAN_POINT('Ctrl Pts',(122.773511343662,-15.5249744522644,7.8));
#13327=CARTESIAN_POINT('Ctrl Pts',(122.773511343662,-15.5249744522644,7.3));
#13328=CARTESIAN_POINT('',(122.817603122516,-16.1324611416053,7.8));
#13329=CARTESIAN_POINT('Ctrl Pts',(122.817603122516,-16.1324611416053,7.8));
#13330=CARTESIAN_POINT('Ctrl Pts',(122.773511343662,-15.8287177969349,7.8));
#13331=CARTESIAN_POINT('Ctrl Pts',(122.773511343662,-15.5249744522644,7.8));
#13332=CARTESIAN_POINT('',(122.817603122516,-16.1324611416053,7.3));
#13333=CARTESIAN_POINT('',(122.817603122516,-16.1324611416053,7.8));
#13334=CARTESIAN_POINT('Ctrl Pts',(122.817603122516,-16.1324611416053,7.3));
#13335=CARTESIAN_POINT('Ctrl Pts',(122.773511343662,-15.8287177969349,7.3));
#13336=CARTESIAN_POINT('Ctrl Pts',(122.773511343662,-15.5249744522644,7.3));
#13337=CARTESIAN_POINT('Ctrl Pts',(122.998869438677,-16.6958563324208,7.8));
#13338=CARTESIAN_POINT('Ctrl Pts',(122.998869438677,-16.6958563324208,7.3));
#13339=CARTESIAN_POINT('Ctrl Pts',(122.873942716351,-16.4264064585525,7.8));
#13340=CARTESIAN_POINT('Ctrl Pts',(122.873942716351,-16.4264064585525,7.3));
#13341=CARTESIAN_POINT('Ctrl Pts',(122.817603122516,-16.1324611416053,7.8));
#13342=CARTESIAN_POINT('Ctrl Pts',(122.817603122516,-16.1324611416053,7.3));
#13343=CARTESIAN_POINT('',(122.998869438677,-16.6958563324208,7.8));
#13344=CARTESIAN_POINT('Ctrl Pts',(122.998869438677,-16.6958563324208,7.8));
#13345=CARTESIAN_POINT('Ctrl Pts',(122.873942716351,-16.4264064585525,7.8));
#13346=CARTESIAN_POINT('Ctrl Pts',(122.817603122516,-16.1324611416053,7.8));
#13347=CARTESIAN_POINT('',(122.998869438677,-16.6958563324208,7.3));
#13348=CARTESIAN_POINT('',(122.998869438677,-16.6958563324208,7.8));
#13349=CARTESIAN_POINT('Ctrl Pts',(122.998869438677,-16.6958563324208,7.3));
#13350=CARTESIAN_POINT('Ctrl Pts',(122.873942716351,-16.4264064585525,7.3));
#13351=CARTESIAN_POINT('Ctrl Pts',(122.817603122516,-16.1324611416053,7.3));
#13352=CARTESIAN_POINT('Ctrl Pts',(123.324658812938,-17.1931135279065,7.8));
#13353=CARTESIAN_POINT('Ctrl Pts',(123.324658812938,-17.1931135279065,7.3));
#13354=CARTESIAN_POINT('Ctrl Pts',(123.121346654072,-16.9677551525637,7.8));
#13355=CARTESIAN_POINT('Ctrl Pts',(123.121346654072,-16.9677551525637,7.3));
#13356=CARTESIAN_POINT('Ctrl Pts',(122.998869438677,-16.6958563324208,7.8));
#13357=CARTESIAN_POINT('Ctrl Pts',(122.998869438677,-16.6958563324208,7.3));
#13358=CARTESIAN_POINT('',(123.324658812938,-17.1931135279065,7.8));
#13359=CARTESIAN_POINT('Ctrl Pts',(123.324658812938,-17.1931135279065,7.8));
#13360=CARTESIAN_POINT('Ctrl Pts',(123.121346654072,-16.9677551525637,7.8));
#13361=CARTESIAN_POINT('Ctrl Pts',(122.998869438677,-16.6958563324208,7.8));
#13362=CARTESIAN_POINT('',(123.324658812938,-17.1931135279065,7.3));
#13363=CARTESIAN_POINT('',(123.324658812938,-17.1931135279065,7.8));
#13364=CARTESIAN_POINT('Ctrl Pts',(123.324658812938,-17.1931135279065,7.3));
#13365=CARTESIAN_POINT('Ctrl Pts',(123.121346654072,-16.9677551525637,7.3));
#13366=CARTESIAN_POINT('Ctrl Pts',(122.998869438677,-16.6958563324208,7.3));
#13367=CARTESIAN_POINT('Ctrl Pts',(123.797420845673,-17.5654445617229,7.8));
#13368=CARTESIAN_POINT('Ctrl Pts',(123.797420845673,-17.5654445617229,7.3));
#13369=CARTESIAN_POINT('Ctrl Pts',(123.537769186413,-17.4184719032493,7.8));
#13370=CARTESIAN_POINT('Ctrl Pts',(123.537769186413,-17.4184719032493,7.3));
#13371=CARTESIAN_POINT('Ctrl Pts',(123.324658812938,-17.1931135279065,7.8));
#13372=CARTESIAN_POINT('Ctrl Pts',(123.324658812938,-17.1931135279065,7.3));
#13373=CARTESIAN_POINT('',(123.797420845673,-17.5654445617229,7.8));
#13374=CARTESIAN_POINT('Ctrl Pts',(123.797420845673,-17.5654445617229,7.8));
#13375=CARTESIAN_POINT('Ctrl Pts',(123.537769186413,-17.4184719032493,7.8));
#13376=CARTESIAN_POINT('Ctrl Pts',(123.324658812938,-17.1931135279065,7.8));
#13377=CARTESIAN_POINT('',(123.797420845673,-17.5654445617229,7.3));
#13378=CARTESIAN_POINT('',(123.797420845673,-17.5654445617229,7.8));
#13379=CARTESIAN_POINT('Ctrl Pts',(123.797420845673,-17.5654445617229,7.3));
#13380=CARTESIAN_POINT('Ctrl Pts',(123.537769186413,-17.4184719032493,7.3));
#13381=CARTESIAN_POINT('Ctrl Pts',(123.324658812938,-17.1931135279065,7.3));
#13382=CARTESIAN_POINT('Ctrl Pts',(124.35101782188,-17.756508718722,7.8));
#13383=CARTESIAN_POINT('Ctrl Pts',(124.35101782188,-17.756508718722,7.3));
#13384=CARTESIAN_POINT('Ctrl Pts',(124.057072504933,-17.7001694986571,7.8));
#13385=CARTESIAN_POINT('Ctrl Pts',(124.057072504933,-17.7001694986571,7.3));
#13386=CARTESIAN_POINT('Ctrl Pts',(123.797420845673,-17.5654445617229,7.8));
#13387=CARTESIAN_POINT('Ctrl Pts',(123.797420845673,-17.5654445617229,7.3));
#13388=CARTESIAN_POINT('',(124.35101782188,-17.756508718722,7.8));
#13389=CARTESIAN_POINT('Ctrl Pts',(124.35101782188,-17.756508718722,7.8));
#13390=CARTESIAN_POINT('Ctrl Pts',(124.057072504933,-17.7001694986571,7.8));
#13391=CARTESIAN_POINT('Ctrl Pts',(123.797420845673,-17.5654445617229,7.8));
#13392=CARTESIAN_POINT('',(124.35101782188,-17.756508718722,7.3));
#13393=CARTESIAN_POINT('',(124.35101782188,-17.756508718722,7.8));
#13394=CARTESIAN_POINT('Ctrl Pts',(124.35101782188,-17.756508718722,7.3));
#13395=CARTESIAN_POINT('Ctrl Pts',(124.057072504933,-17.7001694986571,7.3));
#13396=CARTESIAN_POINT('Ctrl Pts',(123.797420845673,-17.5654445617229,7.3));
#13397=CARTESIAN_POINT('Ctrl Pts',(124.958504884992,-17.8128479387869,7.8));
#13398=CARTESIAN_POINT('Ctrl Pts',(124.958504884992,-17.8128479387869,7.3));
#13399=CARTESIAN_POINT('Ctrl Pts',(124.654761353436,-17.8128479387869,7.8));
#13400=CARTESIAN_POINT('Ctrl Pts',(124.654761353436,-17.8128479387869,7.3));
#13401=CARTESIAN_POINT('Ctrl Pts',(124.35101782188,-17.756508718722,7.8));
#13402=CARTESIAN_POINT('Ctrl Pts',(124.35101782188,-17.756508718722,7.3));
#13403=CARTESIAN_POINT('',(124.958504884992,-17.8128479387869,7.8));
#13404=CARTESIAN_POINT('Ctrl Pts',(124.958504884992,-17.8128479387869,7.8));
#13405=CARTESIAN_POINT('Ctrl Pts',(124.654761353436,-17.8128479387869,7.8));
#13406=CARTESIAN_POINT('Ctrl Pts',(124.35101782188,-17.756508718722,7.8));
#13407=CARTESIAN_POINT('',(124.958504884992,-17.8128479387869,7.3));
#13408=CARTESIAN_POINT('',(124.958504884992,-17.8128479387869,7.8));
#13409=CARTESIAN_POINT('Ctrl Pts',(124.958504884992,-17.8128479387869,7.3));
#13410=CARTESIAN_POINT('Ctrl Pts',(124.654761353436,-17.8128479387869,7.3));
#13411=CARTESIAN_POINT('Ctrl Pts',(124.35101782188,-17.756508718722,7.3));
#13412=CARTESIAN_POINT('Ctrl Pts',(125.556193546609,-17.756508718722,7.8));
#13413=CARTESIAN_POINT('Ctrl Pts',(125.556193546609,-17.756508718722,7.3));
#13414=CARTESIAN_POINT('Ctrl Pts',(125.262248229662,-17.8128479387869,7.8));
#13415=CARTESIAN_POINT('Ctrl Pts',(125.262248229662,-17.8128479387869,7.3));
#13416=CARTESIAN_POINT('Ctrl Pts',(124.958504884992,-17.8128479387869,7.8));
#13417=CARTESIAN_POINT('Ctrl Pts',(124.958504884992,-17.8128479387869,7.3));
#13418=CARTESIAN_POINT('',(125.556193546609,-17.756508718722,7.8));
#13419=CARTESIAN_POINT('Ctrl Pts',(125.556193546609,-17.756508718722,7.8));
#13420=CARTESIAN_POINT('Ctrl Pts',(125.262248229662,-17.8128479387869,7.8));
#13421=CARTESIAN_POINT('Ctrl Pts',(124.958504884992,-17.8128479387869,7.8));
#13422=CARTESIAN_POINT('',(125.556193546609,-17.756508718722,7.3));
#13423=CARTESIAN_POINT('',(125.556193546609,-17.756508718722,7.8));
#13424=CARTESIAN_POINT('Ctrl Pts',(125.556193546609,-17.756508718722,7.3));
#13425=CARTESIAN_POINT('Ctrl Pts',(125.262248229662,-17.8128479387869,7.3));
#13426=CARTESIAN_POINT('Ctrl Pts',(124.958504884992,-17.8128479387869,7.3));
#13427=CARTESIAN_POINT('Ctrl Pts',(126.119588737425,-17.5654445617229,7.8));
#13428=CARTESIAN_POINT('Ctrl Pts',(126.119588737425,-17.5654445617229,7.3));
#13429=CARTESIAN_POINT('Ctrl Pts',(125.85993689128,-17.7001694986571,7.8));
#13430=CARTESIAN_POINT('Ctrl Pts',(125.85993689128,-17.7001694986571,7.3));
#13431=CARTESIAN_POINT('Ctrl Pts',(125.556193546609,-17.756508718722,7.8));
#13432=CARTESIAN_POINT('Ctrl Pts',(125.556193546609,-17.756508718722,7.3));
#13433=CARTESIAN_POINT('Ctrl Pts',(126.119588737425,-17.5654445617229,7.8));
#13434=CARTESIAN_POINT('Ctrl Pts',(125.85993689128,-17.7001694986571,7.8));
#13435=CARTESIAN_POINT('Ctrl Pts',(125.556193546609,-17.756508718722,7.8));
#13436=CARTESIAN_POINT('Ctrl Pts',(126.119588737425,-17.5654445617229,7.3));
#13437=CARTESIAN_POINT('Ctrl Pts',(125.85993689128,-17.7001694986571,7.3));
#13438=CARTESIAN_POINT('Ctrl Pts',(125.556193546609,-17.756508718722,7.3));
#13439=CARTESIAN_POINT('Origin',(124.95850483827,-13.5812607075574,7.3));
#13440=CARTESIAN_POINT('Origin',(142.298829638601,-10.2290578644993,7.8));
#13441=CARTESIAN_POINT('',(142.298829638601,-10.2290578644993,7.8));
#13442=CARTESIAN_POINT('',(142.298829638601,-16.9334609342199,7.8));
#13443=CARTESIAN_POINT('',(142.298829638601,-6.38635038603305,7.8));
#13444=CARTESIAN_POINT('',(142.298829638601,-10.2290578644993,7.3));
#13445=CARTESIAN_POINT('',(142.298829638601,-10.2290578644993,7.8));
#13446=CARTESIAN_POINT('',(142.298829638601,-16.9334609342199,7.3));
#13447=CARTESIAN_POINT('',(142.298829638601,-10.2290578644993,7.3));
#13448=CARTESIAN_POINT('',(142.298829638601,-16.9334609342199,7.8));
#13449=CARTESIAN_POINT('Origin',(143.832243777309,-10.2290578644993,7.8));
#13450=CARTESIAN_POINT('',(143.832243777309,-10.2290578644993,7.8));
#13451=CARTESIAN_POINT('',(70.6266638522048,-10.2290578644993,7.8));
#13452=CARTESIAN_POINT('',(143.832243777309,-10.2290578644993,7.3));
#13453=CARTESIAN_POINT('',(143.832243777309,-10.2290578644993,7.8));
#13454=CARTESIAN_POINT('',(143.832243777309,-10.2290578644993,7.3));
#13455=CARTESIAN_POINT('Origin',(143.832243777309,-9.44030467211182,7.8));
#13456=CARTESIAN_POINT('',(143.832243777309,-9.44030467211182,7.8));
#13457=CARTESIAN_POINT('',(143.832243777309,-5.99197378983931,7.8));
#13458=CARTESIAN_POINT('',(143.832243777309,-9.44030467211182,7.3));
#13459=CARTESIAN_POINT('',(143.832243777309,-9.44030467211182,7.8));
#13460=CARTESIAN_POINT('',(143.832243777309,-9.44030467211182,7.3));
#13461=CARTESIAN_POINT('Origin',(139.888477441601,-9.44030467211182,7.8));
#13462=CARTESIAN_POINT('',(139.888477441601,-9.44030467211182,7.8));
#13463=CARTESIAN_POINT('',(68.6547806843507,-9.44030467211182,7.8));
#13464=CARTESIAN_POINT('',(139.888477441601,-9.44030467211182,7.3));
#13465=CARTESIAN_POINT('',(139.888477441601,-9.44030467211182,7.8));
#13466=CARTESIAN_POINT('',(139.888477441601,-9.44030467211182,7.3));
#13467=CARTESIAN_POINT('Origin',(139.888477441601,-10.2290578644993,7.8));
#13468=CARTESIAN_POINT('',(139.888477441601,-10.2290578644993,7.8));
#13469=CARTESIAN_POINT('',(139.888477441601,-6.38635038603305,7.8));
#13470=CARTESIAN_POINT('',(139.888477441601,-10.2290578644993,7.3));
#13471=CARTESIAN_POINT('',(139.888477441601,-10.2290578644993,7.8));
#13472=CARTESIAN_POINT('',(139.888477441601,-10.2290578644993,7.3));
#13473=CARTESIAN_POINT('Origin',(141.419442634035,-10.2290578644993,7.8));
#13474=CARTESIAN_POINT('',(141.419442634035,-10.2290578644993,7.8));
#13475=CARTESIAN_POINT('',(69.4202632805674,-10.2290578644993,7.8));
#13476=CARTESIAN_POINT('',(141.419442634035,-10.2290578644993,7.3));
#13477=CARTESIAN_POINT('',(141.419442634035,-10.2290578644993,7.8));
#13478=CARTESIAN_POINT('',(141.419442634035,-10.2290578644993,7.3));
#13479=CARTESIAN_POINT('Origin',(141.419442634035,-16.9334609342199,7.8));
#13480=CARTESIAN_POINT('',(141.419442634035,-16.9334609342199,7.8));
#13481=CARTESIAN_POINT('',(141.419442634035,-9.73855192089335,7.8));
#13482=CARTESIAN_POINT('',(141.419442634035,-16.9334609342199,7.3));
#13483=CARTESIAN_POINT('',(141.419442634035,-16.9334609342199,7.8));
#13484=CARTESIAN_POINT('',(141.419442634035,-16.9334609342199,7.3));
#13485=CARTESIAN_POINT('Origin',(139.888477441601,-16.9334609342199,7.8));
#13486=CARTESIAN_POINT('',(139.888477441601,-16.9334609342199,7.8));
#13487=CARTESIAN_POINT('',(68.6547806843507,-16.9334609342199,7.8));
#13488=CARTESIAN_POINT('',(139.888477441601,-16.9334609342199,7.3));
#13489=CARTESIAN_POINT('',(139.888477441601,-16.9334609342199,7.8));
#13490=CARTESIAN_POINT('',(139.888477441601,-16.9334609342199,7.3));
#13491=CARTESIAN_POINT('Origin',(139.888477441601,-17.7222145003782,7.8));
#13492=CARTESIAN_POINT('',(139.888477441601,-17.7222145003782,7.8));
#13493=CARTESIAN_POINT('',(139.888477441601,-10.1329287039725,7.8));
#13494=CARTESIAN_POINT('',(139.888477441601,-17.7222145003782,7.3));
#13495=CARTESIAN_POINT('',(139.888477441601,-17.7222145003782,7.8));
#13496=CARTESIAN_POINT('',(139.888477441601,-17.7222145003782,7.3));
#13497=CARTESIAN_POINT('Origin',(143.832243777309,-17.7222145003782,7.8));
#13498=CARTESIAN_POINT('',(143.832243777309,-17.7222145003782,7.8));
#13499=CARTESIAN_POINT('',(70.6266638522048,-17.7222145003782,7.8));
#13500=CARTESIAN_POINT('',(143.832243777309,-17.7222145003782,7.3));
#13501=CARTESIAN_POINT('',(143.832243777309,-17.7222145003782,7.8));
#13502=CARTESIAN_POINT('',(143.832243777309,-17.7222145003782,7.3));
#13503=CARTESIAN_POINT('Origin',(143.832243777309,-16.9334609342199,7.8));
#13504=CARTESIAN_POINT('',(143.832243777309,-16.9334609342199,7.8));
#13505=CARTESIAN_POINT('',(143.832243777309,-9.73855192089335,7.8));
#13506=CARTESIAN_POINT('',(143.832243777309,-16.9334609342199,7.3));
#13507=CARTESIAN_POINT('',(143.832243777309,-16.9334609342199,7.8));
#13508=CARTESIAN_POINT('',(143.832243777309,-16.9334609342199,7.3));
#13509=CARTESIAN_POINT('Origin',(142.298829638601,-16.9334609342199,7.8));
#13510=CARTESIAN_POINT('',(69.8599567828508,-16.9334609342199,7.8));
#13511=CARTESIAN_POINT('',(142.298829638601,-16.9334609342199,7.3));
#13512=CARTESIAN_POINT('Origin',(141.860360609455,-13.581259586245,7.3));
#13513=CARTESIAN_POINT('Ctrl Pts',(154.705765577748,-17.1710670311022,7.8));
#13514=CARTESIAN_POINT('Ctrl Pts',(154.705765577748,-17.1710670311022,7.3));
#13515=CARTESIAN_POINT('Ctrl Pts',(154.514699925666,-17.396425406445,7.8));
#13516=CARTESIAN_POINT('Ctrl Pts',(154.514699925666,-17.396425406445,7.3));
#13517=CARTESIAN_POINT('Ctrl Pts',(154.255048827063,-17.5433980649186,7.8));
#13518=CARTESIAN_POINT('Ctrl Pts',(154.255048827063,-17.5433980649186,7.3));
#13519=CARTESIAN_POINT('',(154.705765577748,-17.1710670311022,7.8));
#13520=CARTESIAN_POINT('',(154.255048827063,-17.5433980649186,7.8));
#13521=CARTESIAN_POINT('Ctrl Pts',(154.705765577748,-17.1710670311022,7.8));
#13522=CARTESIAN_POINT('Ctrl Pts',(154.514699925666,-17.396425406445,7.8));
#13523=CARTESIAN_POINT('Ctrl Pts',(154.255048827063,-17.5433980649186,7.8));
#13524=CARTESIAN_POINT('',(154.705765577748,-17.1710670311022,7.3));
#13525=CARTESIAN_POINT('',(154.705765577748,-17.1710670311022,7.8));
#13526=CARTESIAN_POINT('',(154.255048827063,-17.5433980649186,7.3));
#13527=CARTESIAN_POINT('Ctrl Pts',(154.705765577748,-17.1710670311022,7.3));
#13528=CARTESIAN_POINT('Ctrl Pts',(154.514699925666,-17.396425406445,7.3));
#13529=CARTESIAN_POINT('Ctrl Pts',(154.255048827063,-17.5433980649186,7.3));
#13530=CARTESIAN_POINT('',(154.255048827063,-17.5433980649186,7.8));
#13531=CARTESIAN_POINT('Ctrl Pts',(155.00950966996,-16.6762587818911,7.8));
#13532=CARTESIAN_POINT('Ctrl Pts',(155.00950966996,-16.6762587818911,7.3));
#13533=CARTESIAN_POINT('Ctrl Pts',(154.89683122983,-16.9457086557594,7.8));
#13534=CARTESIAN_POINT('Ctrl Pts',(154.89683122983,-16.9457086557594,7.3));
#13535=CARTESIAN_POINT('Ctrl Pts',(154.705765577748,-17.1710670311022,7.8));
#13536=CARTESIAN_POINT('Ctrl Pts',(154.705765577748,-17.1710670311022,7.3));
#13537=CARTESIAN_POINT('',(155.00950966996,-16.6762587818911,7.8));
#13538=CARTESIAN_POINT('Ctrl Pts',(155.00950966996,-16.6762587818911,7.8));
#13539=CARTESIAN_POINT('Ctrl Pts',(154.89683122983,-16.9457086557594,7.8));
#13540=CARTESIAN_POINT('Ctrl Pts',(154.705765577748,-17.1710670311022,7.8));
#13541=CARTESIAN_POINT('',(155.00950966996,-16.6762587818911,7.3));
#13542=CARTESIAN_POINT('',(155.00950966996,-16.6762587818911,7.8));
#13543=CARTESIAN_POINT('Ctrl Pts',(155.00950966996,-16.6762587818911,7.3));
#13544=CARTESIAN_POINT('Ctrl Pts',(154.89683122983,-16.9457086557594,7.3));
#13545=CARTESIAN_POINT('Ctrl Pts',(154.705765577748,-17.1710670311022,7.3));
#13546=CARTESIAN_POINT('Ctrl Pts',(155.178528825238,-16.1128635910756,7.8));
#13547=CARTESIAN_POINT('Ctrl Pts',(155.178528825238,-16.1128635910756,7.3));
#13548=CARTESIAN_POINT('Ctrl Pts',(155.13443583163,-16.4043592142066,7.8));
#13549=CARTESIAN_POINT('Ctrl Pts',(155.13443583163,-16.4043592142066,7.3));
#13550=CARTESIAN_POINT('Ctrl Pts',(155.00950966996,-16.6762587818911,7.8));
#13551=CARTESIAN_POINT('Ctrl Pts',(155.00950966996,-16.6762587818911,7.3));
#13552=CARTESIAN_POINT('',(155.178528825238,-16.1128635910756,7.8));
#13553=CARTESIAN_POINT('Ctrl Pts',(155.178528825238,-16.1128635910756,7.8));
#13554=CARTESIAN_POINT('Ctrl Pts',(155.13443583163,-16.4043592142066,7.8));
#13555=CARTESIAN_POINT('Ctrl Pts',(155.00950966996,-16.6762587818911,7.8));
#13556=CARTESIAN_POINT('',(155.178528825238,-16.1128635910756,7.3));
#13557=CARTESIAN_POINT('',(155.178528825238,-16.1128635910756,7.8));
#13558=CARTESIAN_POINT('Ctrl Pts',(155.178528825238,-16.1128635910756,7.3));
#13559=CARTESIAN_POINT('Ctrl Pts',(155.13443583163,-16.4043592142066,7.3));
#13560=CARTESIAN_POINT('Ctrl Pts',(155.00950966996,-16.6762587818911,7.3));
#13561=CARTESIAN_POINT('Ctrl Pts',(155.222621818847,-15.5249729571812,7.8));
#13562=CARTESIAN_POINT('Ctrl Pts',(155.222621818847,-15.5249729571812,7.3));
#13563=CARTESIAN_POINT('Ctrl Pts',(155.222621818847,-15.8189182741284,7.8));
#13564=CARTESIAN_POINT('Ctrl Pts',(155.222621818847,-15.8189182741284,7.3));
#13565=CARTESIAN_POINT('Ctrl Pts',(155.178528825238,-16.1128635910756,7.8));
#13566=CARTESIAN_POINT('Ctrl Pts',(155.178528825238,-16.1128635910756,7.3));
#13567=CARTESIAN_POINT('',(155.222621818847,-15.5249729571812,7.8));
#13568=CARTESIAN_POINT('Ctrl Pts',(155.222621818847,-15.5249729571812,7.8));
#13569=CARTESIAN_POINT('Ctrl Pts',(155.222621818847,-15.8189182741284,7.8));
#13570=CARTESIAN_POINT('Ctrl Pts',(155.178528825238,-16.1128635910756,7.8));
#13571=CARTESIAN_POINT('',(155.222621818847,-15.5249729571812,7.3));
#13572=CARTESIAN_POINT('',(155.222621818847,-15.5249729571812,7.8));
#13573=CARTESIAN_POINT('Ctrl Pts',(155.222621818847,-15.5249729571812,7.3));
#13574=CARTESIAN_POINT('Ctrl Pts',(155.222621818847,-15.8189182741284,7.3));
#13575=CARTESIAN_POINT('Ctrl Pts',(155.178528825238,-16.1128635910756,7.3));
#13576=CARTESIAN_POINT('Origin',(155.222621818847,-9.44030504588262,7.8));
#13577=CARTESIAN_POINT('',(155.222621818847,-9.44030504588262,7.8));
#13578=CARTESIAN_POINT('',(155.222621818847,-5.99197397672471,7.8));
#13579=CARTESIAN_POINT('',(155.222621818847,-9.44030504588262,7.3));
#13580=CARTESIAN_POINT('',(155.222621818847,-9.44030504588262,7.8));
#13581=CARTESIAN_POINT('',(155.222621818847,-9.44030504588262,7.3));
#13582=CARTESIAN_POINT('Origin',(154.345683760554,-9.44030504588262,7.8));
#13583=CARTESIAN_POINT('',(154.345683760554,-9.44030504588262,7.8));
#13584=CARTESIAN_POINT('',(75.8833838438273,-9.44030504588242,7.8));
#13585=CARTESIAN_POINT('',(154.345683760554,-9.44030504588262,7.3));
#13586=CARTESIAN_POINT('',(154.345683760554,-9.44030504588262,7.8));
#13587=CARTESIAN_POINT('',(154.345683760554,-9.44030504588262,7.3));
#13588=CARTESIAN_POINT('Origin',(154.345683760554,-15.5249729571812,7.8));
#13589=CARTESIAN_POINT('',(154.345683760554,-15.5249729571812,7.8));
#13590=CARTESIAN_POINT('',(154.345683760554,-9.03430793237403,7.8));
#13591=CARTESIAN_POINT('',(154.345683760554,-15.5249729571812,7.3));
#13592=CARTESIAN_POINT('',(154.345683760554,-15.5249729571812,7.8));
#13593=CARTESIAN_POINT('',(154.345683760554,-15.5249729571812,7.3));
#13594=CARTESIAN_POINT('Ctrl Pts',(154.321188317476,-15.8973039909977,7.8));
#13595=CARTESIAN_POINT('Ctrl Pts',(154.321188317476,-15.8973039909977,7.3));
#13596=CARTESIAN_POINT('Ctrl Pts',(154.345683760554,-15.7062398339986,7.8));
#13597=CARTESIAN_POINT('Ctrl Pts',(154.345683760554,-15.7062398339986,7.3));
#13598=CARTESIAN_POINT('Ctrl Pts',(154.345683760554,-15.5249729571812,7.8));
#13599=CARTESIAN_POINT('Ctrl Pts',(154.345683760554,-15.5249729571812,7.3));
#13600=CARTESIAN_POINT('',(154.321188317476,-15.8973039909977,7.8));
#13601=CARTESIAN_POINT('Ctrl Pts',(154.321188317476,-15.8973039909977,7.8));
#13602=CARTESIAN_POINT('Ctrl Pts',(154.345683760554,-15.7062398339986,7.8));
#13603=CARTESIAN_POINT('Ctrl Pts',(154.345683760554,-15.5249729571812,7.8));
#13604=CARTESIAN_POINT('',(154.321188317476,-15.8973039909977,7.3));
#13605=CARTESIAN_POINT('',(154.321188317476,-15.8973039909977,7.8));
#13606=CARTESIAN_POINT('Ctrl Pts',(154.321188317476,-15.8973039909977,7.3));
#13607=CARTESIAN_POINT('Ctrl Pts',(154.345683760554,-15.7062398339986,7.3));
#13608=CARTESIAN_POINT('Ctrl Pts',(154.345683760554,-15.5249729571812,7.3));
#13609=CARTESIAN_POINT('Ctrl Pts',(154.233005320425,-16.2475885280098,7.8));
#13610=CARTESIAN_POINT('Ctrl Pts',(154.233005320425,-16.2475885280098,7.3));
#13611=CARTESIAN_POINT('Ctrl Pts',(154.299141820671,-16.0785701202735,7.8));
#13612=CARTESIAN_POINT('Ctrl Pts',(154.299141820671,-16.0785701202735,7.3));
#13613=CARTESIAN_POINT('Ctrl Pts',(154.321188317476,-15.8973039909977,7.8));
#13614=CARTESIAN_POINT('Ctrl Pts',(154.321188317476,-15.8973039909977,7.3));
#13615=CARTESIAN_POINT('',(154.233005320425,-16.2475885280098,7.8));
#13616=CARTESIAN_POINT('Ctrl Pts',(154.233005320425,-16.2475885280098,7.8));
#13617=CARTESIAN_POINT('Ctrl Pts',(154.299141820671,-16.0785701202735,7.8));
#13618=CARTESIAN_POINT('Ctrl Pts',(154.321188317476,-15.8973039909977,7.8));
#13619=CARTESIAN_POINT('',(154.233005320425,-16.2475885280098,7.3));
#13620=CARTESIAN_POINT('',(154.233005320425,-16.2475885280098,7.8));
#13621=CARTESIAN_POINT('Ctrl Pts',(154.233005320425,-16.2475885280098,7.3));
#13622=CARTESIAN_POINT('Ctrl Pts',(154.299141820671,-16.0785701202735,7.3));
#13623=CARTESIAN_POINT('Ctrl Pts',(154.321188317476,-15.8973039909977,7.3));
#13624=CARTESIAN_POINT('Ctrl Pts',(154.073784940412,-16.5733776219429,7.8));
#13625=CARTESIAN_POINT('Ctrl Pts',(154.073784940412,-16.5733776219429,7.3));
#13626=CARTESIAN_POINT('Ctrl Pts',(154.176664605277,-16.4166069357461,7.8));
#13627=CARTESIAN_POINT('Ctrl Pts',(154.176664605277,-16.4166069357461,7.3));
#13628=CARTESIAN_POINT('Ctrl Pts',(154.233005320425,-16.2475885280098,7.8));
#13629=CARTESIAN_POINT('Ctrl Pts',(154.233005320425,-16.2475885280098,7.3));
#13630=CARTESIAN_POINT('',(154.073784940412,-16.5733776219429,7.8));
#13631=CARTESIAN_POINT('Ctrl Pts',(154.073784940412,-16.5733776219429,7.8));
#13632=CARTESIAN_POINT('Ctrl Pts',(154.176664605277,-16.4166069357461,7.8));
#13633=CARTESIAN_POINT('Ctrl Pts',(154.233005320425,-16.2475885280098,7.8));
#13634=CARTESIAN_POINT('',(154.073784940412,-16.5733776219429,7.3));
#13635=CARTESIAN_POINT('',(154.073784940412,-16.5733776219429,7.8));
#13636=CARTESIAN_POINT('Ctrl Pts',(154.073784940412,-16.5733776219429,7.3));
#13637=CARTESIAN_POINT('Ctrl Pts',(154.176664605277,-16.4166069357461,7.3));
#13638=CARTESIAN_POINT('Ctrl Pts',(154.233005320425,-16.2475885280098,7.3));
#13639=CARTESIAN_POINT('Ctrl Pts',(153.814133841808,-16.8330294680879,7.8));
#13640=CARTESIAN_POINT('Ctrl Pts',(153.814133841808,-16.8330294680879,7.3));
#13641=CARTESIAN_POINT('Ctrl Pts',(153.973354221821,-16.7203502804165,7.8));
#13642=CARTESIAN_POINT('Ctrl Pts',(153.973354221821,-16.7203502804165,7.3));
#13643=CARTESIAN_POINT('Ctrl Pts',(154.073784940412,-16.5733776219429,7.8));
#13644=CARTESIAN_POINT('Ctrl Pts',(154.073784940412,-16.5733776219429,7.3));
#13645=CARTESIAN_POINT('',(153.814133841808,-16.8330294680879,7.8));
#13646=CARTESIAN_POINT('Ctrl Pts',(153.814133841808,-16.8330294680879,7.8));
#13647=CARTESIAN_POINT('Ctrl Pts',(153.973354221821,-16.7203502804165,7.8));
#13648=CARTESIAN_POINT('Ctrl Pts',(154.073784940412,-16.5733776219429,7.8));
#13649=CARTESIAN_POINT('',(153.814133841808,-16.8330294680879,7.3));
#13650=CARTESIAN_POINT('',(153.814133841808,-16.8330294680879,7.8));
#13651=CARTESIAN_POINT('Ctrl Pts',(153.814133841808,-16.8330294680879,7.3));
#13652=CARTESIAN_POINT('Ctrl Pts',(153.973354221821,-16.7203502804165,7.3));
#13653=CARTESIAN_POINT('Ctrl Pts',(154.073784940412,-16.5733776219429,7.3));
#13654=CARTESIAN_POINT('Ctrl Pts',(153.488343252792,-16.9800021265615,7.8));
#13655=CARTESIAN_POINT('Ctrl Pts',(153.488343252792,-16.9800021265615,7.3));
#13656=CARTESIAN_POINT('Ctrl Pts',(153.669610129609,-16.9334609342199,7.8));
#13657=CARTESIAN_POINT('Ctrl Pts',(153.669610129609,-16.9334609342199,7.3));
#13658=CARTESIAN_POINT('Ctrl Pts',(153.814133841808,-16.8330294680879,7.8));
#13659=CARTESIAN_POINT('Ctrl Pts',(153.814133841808,-16.8330294680879,7.3));
#13660=CARTESIAN_POINT('',(153.488343252792,-16.9800021265615,7.8));
#13661=CARTESIAN_POINT('Ctrl Pts',(153.488343252792,-16.9800021265615,7.8));
#13662=CARTESIAN_POINT('Ctrl Pts',(153.669610129609,-16.9334609342199,7.8));
#13663=CARTESIAN_POINT('Ctrl Pts',(153.814133841808,-16.8330294680879,7.8));
#13664=CARTESIAN_POINT('',(153.488343252792,-16.9800021265615,7.3));
#13665=CARTESIAN_POINT('',(153.488343252792,-16.9800021265615,7.8));
#13666=CARTESIAN_POINT('Ctrl Pts',(153.488343252792,-16.9800021265615,7.3));
#13667=CARTESIAN_POINT('Ctrl Pts',(153.669610129609,-16.9334609342199,7.3));
#13668=CARTESIAN_POINT('Ctrl Pts',(153.814133841808,-16.8330294680879,7.3));
#13669=CARTESIAN_POINT('Ctrl Pts',(153.128261435598,-17.024093625087,7.8));
#13670=CARTESIAN_POINT('Ctrl Pts',(153.128261435598,-17.024093625087,7.3));
#13671=CARTESIAN_POINT('Ctrl Pts',(153.307079366141,-17.024093625087,7.8));
#13672=CARTESIAN_POINT('Ctrl Pts',(153.307079366141,-17.024093625087,7.3));
#13673=CARTESIAN_POINT('Ctrl Pts',(153.488343252792,-16.9800021265615,7.8));
#13674=CARTESIAN_POINT('Ctrl Pts',(153.488343252792,-16.9800021265615,7.3));
#13675=CARTESIAN_POINT('',(153.128261435598,-17.024093625087,7.8));
#13676=CARTESIAN_POINT('Ctrl Pts',(153.128261435598,-17.024093625087,7.8));
#13677=CARTESIAN_POINT('Ctrl Pts',(153.307079366141,-17.024093625087,7.8));
#13678=CARTESIAN_POINT('Ctrl Pts',(153.488343252792,-16.9800021265615,7.8));
#13679=CARTESIAN_POINT('',(153.128261435598,-17.024093625087,7.3));
#13680=CARTESIAN_POINT('',(153.128261435598,-17.024093625087,7.8));
#13681=CARTESIAN_POINT('Ctrl Pts',(153.128261435598,-17.024093625087,7.3));
#13682=CARTESIAN_POINT('Ctrl Pts',(153.307079366141,-17.024093625087,7.3));
#13683=CARTESIAN_POINT('Ctrl Pts',(153.488343252792,-16.9800021265615,7.3));
#13684=CARTESIAN_POINT('Ctrl Pts',(152.768179618404,-16.9800021265615,7.8));
#13685=CARTESIAN_POINT('Ctrl Pts',(152.768179618404,-16.9800021265615,7.3));
#13686=CARTESIAN_POINT('Ctrl Pts',(152.946997548947,-17.024093625087,7.8));
#13687=CARTESIAN_POINT('Ctrl Pts',(152.946997548947,-17.024093625087,7.3));
#13688=CARTESIAN_POINT('Ctrl Pts',(153.128261435598,-17.024093625087,7.8));
#13689=CARTESIAN_POINT('Ctrl Pts',(153.128261435598,-17.024093625087,7.3));
#13690=CARTESIAN_POINT('',(152.768179618404,-16.9800021265615,7.8));
#13691=CARTESIAN_POINT('Ctrl Pts',(152.768179618404,-16.9800021265615,7.8));
#13692=CARTESIAN_POINT('Ctrl Pts',(152.946997548947,-17.024093625087,7.8));
#13693=CARTESIAN_POINT('Ctrl Pts',(153.128261435598,-17.024093625087,7.8));
#13694=CARTESIAN_POINT('',(152.768179618404,-16.9800021265615,7.3));
#13695=CARTESIAN_POINT('',(152.768179618404,-16.9800021265615,7.8));
#13696=CARTESIAN_POINT('Ctrl Pts',(152.768179618404,-16.9800021265615,7.3));
#13697=CARTESIAN_POINT('Ctrl Pts',(152.946997548947,-17.024093625087,7.3));
#13698=CARTESIAN_POINT('Ctrl Pts',(153.128261435598,-17.024093625087,7.3));
#13699=CARTESIAN_POINT('Ctrl Pts',(152.430141307848,-16.8330294680879,7.8));
#13700=CARTESIAN_POINT('Ctrl Pts',(152.430141307848,-16.8330294680879,7.3));
#13701=CARTESIAN_POINT('Ctrl Pts',(152.586912741587,-16.9334609342199,7.8));
#13702=CARTESIAN_POINT('Ctrl Pts',(152.586912741587,-16.9334609342199,7.3));
#13703=CARTESIAN_POINT('Ctrl Pts',(152.768179618404,-16.9800021265615,7.8));
#13704=CARTESIAN_POINT('Ctrl Pts',(152.768179618404,-16.9800021265615,7.3));
#13705=CARTESIAN_POINT('',(152.430141307848,-16.8330294680879,7.8));
#13706=CARTESIAN_POINT('Ctrl Pts',(152.430141307848,-16.8330294680879,7.8));
#13707=CARTESIAN_POINT('Ctrl Pts',(152.586912741587,-16.9334609342199,7.8));
#13708=CARTESIAN_POINT('Ctrl Pts',(152.768179618404,-16.9800021265615,7.8));
#13709=CARTESIAN_POINT('',(152.430141307848,-16.8330294680879,7.3));
#13710=CARTESIAN_POINT('',(152.430141307848,-16.8330294680879,7.8));
#13711=CARTESIAN_POINT('Ctrl Pts',(152.430141307848,-16.8330294680879,7.3));
#13712=CARTESIAN_POINT('Ctrl Pts',(152.586912741587,-16.9334609342199,7.3));
#13713=CARTESIAN_POINT('Ctrl Pts',(152.768179618404,-16.9800021265615,7.3));
#13714=CARTESIAN_POINT('Ctrl Pts',(152.18028898451,-16.5733776219429,7.8));
#13715=CARTESIAN_POINT('Ctrl Pts',(152.18028898451,-16.5733776219429,7.3));
#13716=CARTESIAN_POINT('Ctrl Pts',(152.283168649375,-16.7203502804165,7.8));
#13717=CARTESIAN_POINT('Ctrl Pts',(152.283168649375,-16.7203502804165,7.3));
#13718=CARTESIAN_POINT('Ctrl Pts',(152.430141307848,-16.8330294680879,7.8));
#13719=CARTESIAN_POINT('Ctrl Pts',(152.430141307848,-16.8330294680879,7.3));
#13720=CARTESIAN_POINT('',(152.18028898451,-16.5733776219429,7.8));
#13721=CARTESIAN_POINT('Ctrl Pts',(152.18028898451,-16.5733776219429,7.8));
#13722=CARTESIAN_POINT('Ctrl Pts',(152.283168649375,-16.7203502804165,7.8));
#13723=CARTESIAN_POINT('Ctrl Pts',(152.430141307848,-16.8330294680879,7.8));
#13724=CARTESIAN_POINT('',(152.18028898451,-16.5733776219429,7.3));
#13725=CARTESIAN_POINT('',(152.18028898451,-16.5733776219429,7.8));
#13726=CARTESIAN_POINT('Ctrl Pts',(152.18028898451,-16.5733776219429,7.3));
#13727=CARTESIAN_POINT('Ctrl Pts',(152.283168649375,-16.7203502804165,7.3));
#13728=CARTESIAN_POINT('Ctrl Pts',(152.430141307848,-16.8330294680879,7.3));
#13729=CARTESIAN_POINT('Ctrl Pts',(152.011269829232,-16.2475885280098,7.8));
#13730=CARTESIAN_POINT('Ctrl Pts',(152.011269829232,-16.2475885280098,7.3));
#13731=CARTESIAN_POINT('Ctrl Pts',(152.07985826592,-16.4166069357461,7.8));
#13732=CARTESIAN_POINT('Ctrl Pts',(152.07985826592,-16.4166069357461,7.3));
#13733=CARTESIAN_POINT('Ctrl Pts',(152.18028898451,-16.5733776219429,7.8));
#13734=CARTESIAN_POINT('Ctrl Pts',(152.18028898451,-16.5733776219429,7.3));
#13735=CARTESIAN_POINT('',(152.011269829232,-16.2475885280098,7.8));
#13736=CARTESIAN_POINT('Ctrl Pts',(152.011269829232,-16.2475885280098,7.8));
#13737=CARTESIAN_POINT('Ctrl Pts',(152.07985826592,-16.4166069357461,7.8));
#13738=CARTESIAN_POINT('Ctrl Pts',(152.18028898451,-16.5733776219429,7.8));
#13739=CARTESIAN_POINT('',(152.011269829232,-16.2475885280098,7.3));
#13740=CARTESIAN_POINT('',(152.011269829232,-16.2475885280098,7.8));
#13741=CARTESIAN_POINT('Ctrl Pts',(152.011269829232,-16.2475885280098,7.3));
#13742=CARTESIAN_POINT('Ctrl Pts',(152.07985826592,-16.4166069357461,7.3));
#13743=CARTESIAN_POINT('Ctrl Pts',(152.18028898451,-16.5733776219429,7.3));
#13744=CARTESIAN_POINT('Ctrl Pts',(151.932885607446,-15.8973039909977,7.8));
#13745=CARTESIAN_POINT('Ctrl Pts',(151.932885607446,-15.8973039909977,7.3));
#13746=CARTESIAN_POINT('Ctrl Pts',(151.95493210425,-16.0785701202735,7.8));
#13747=CARTESIAN_POINT('Ctrl Pts',(151.95493210425,-16.0785701202735,7.3));
#13748=CARTESIAN_POINT('Ctrl Pts',(152.011269829232,-16.2475885280098,7.8));
#13749=CARTESIAN_POINT('Ctrl Pts',(152.011269829232,-16.2475885280098,7.3));
#13750=CARTESIAN_POINT('',(151.932885607446,-15.8973039909977,7.8));
#13751=CARTESIAN_POINT('Ctrl Pts',(151.932885607446,-15.8973039909977,7.8));
#13752=CARTESIAN_POINT('Ctrl Pts',(151.95493210425,-16.0785701202735,7.8));
#13753=CARTESIAN_POINT('Ctrl Pts',(152.011269829232,-16.2475885280098,7.8));
#13754=CARTESIAN_POINT('',(151.932885607446,-15.8973039909977,7.3));
#13755=CARTESIAN_POINT('',(151.932885607446,-15.8973039909977,7.8));
#13756=CARTESIAN_POINT('Ctrl Pts',(151.932885607446,-15.8973039909977,7.3));
#13757=CARTESIAN_POINT('Ctrl Pts',(151.95493210425,-16.0785701202735,7.3));
#13758=CARTESIAN_POINT('Ctrl Pts',(152.011269829232,-16.2475885280098,7.3));
#13759=CARTESIAN_POINT('Ctrl Pts',(151.910839110642,-15.5249729571812,7.8));
#13760=CARTESIAN_POINT('Ctrl Pts',(151.910839110642,-15.5249729571812,7.3));
#13761=CARTESIAN_POINT('Ctrl Pts',(151.910839110642,-15.706239086457,7.8));
#13762=CARTESIAN_POINT('Ctrl Pts',(151.910839110642,-15.706239086457,7.3));
#13763=CARTESIAN_POINT('Ctrl Pts',(151.932885607446,-15.8973039909977,7.8));
#13764=CARTESIAN_POINT('Ctrl Pts',(151.932885607446,-15.8973039909977,7.3));
#13765=CARTESIAN_POINT('',(151.910839110642,-15.5249729571812,7.8));
#13766=CARTESIAN_POINT('Ctrl Pts',(151.910839110642,-15.5249729571812,7.8));
#13767=CARTESIAN_POINT('Ctrl Pts',(151.910839110642,-15.706239086457,7.8));
#13768=CARTESIAN_POINT('Ctrl Pts',(151.932885607446,-15.8973039909977,7.8));
#13769=CARTESIAN_POINT('',(151.910839110642,-15.5249729571812,7.3));
#13770=CARTESIAN_POINT('',(151.910839110642,-15.5249729571812,7.8));
#13771=CARTESIAN_POINT('Ctrl Pts',(151.910839110642,-15.5249729571812,7.3));
#13772=CARTESIAN_POINT('Ctrl Pts',(151.910839110642,-15.706239086457,7.3));
#13773=CARTESIAN_POINT('Ctrl Pts',(151.932885607446,-15.8973039909977,7.3));
#13774=CARTESIAN_POINT('Origin',(151.910839110642,-9.44030504588262,7.8));
#13775=CARTESIAN_POINT('',(151.910839110642,-9.44030504588262,7.8));
#13776=CARTESIAN_POINT('',(151.910839110642,-5.99197397672471,7.8));
#13777=CARTESIAN_POINT('',(151.910839110642,-9.44030504588262,7.3));
#13778=CARTESIAN_POINT('',(151.910839110642,-9.44030504588262,7.8));
#13779=CARTESIAN_POINT('',(151.910839110642,-9.44030504588262,7.3));
#13780=CARTESIAN_POINT('Origin',(151.031452106075,-9.44030504588262,7.8));
#13781=CARTESIAN_POINT('',(151.031452106075,-9.44030504588262,7.8));
#13782=CARTESIAN_POINT('',(74.2262680165874,-9.44030504588252,7.8));
#13783=CARTESIAN_POINT('',(151.031452106075,-9.44030504588262,7.3));
#13784=CARTESIAN_POINT('',(151.031452106075,-9.44030504588262,7.8));
#13785=CARTESIAN_POINT('',(151.031452106075,-9.44030504588262,7.3));
#13786=CARTESIAN_POINT('Origin',(151.031452106075,-15.5249729571812,7.8));
#13787=CARTESIAN_POINT('',(151.031452106075,-15.5249729571812,7.8));
#13788=CARTESIAN_POINT('',(151.031452106075,-9.03430793237403,7.8));
#13789=CARTESIAN_POINT('',(151.031452106075,-15.5249729571812,7.3));
#13790=CARTESIAN_POINT('',(151.031452106075,-15.5249729571812,7.8));
#13791=CARTESIAN_POINT('',(151.031452106075,-15.5249729571812,7.3));
#13792=CARTESIAN_POINT('Ctrl Pts',(151.077994045958,-16.1128635910756,7.8));
#13793=CARTESIAN_POINT('Ctrl Pts',(151.077994045958,-16.1128635910756,7.3));
#13794=CARTESIAN_POINT('Ctrl Pts',(151.031452106075,-15.8189182741284,7.8));
#13795=CARTESIAN_POINT('Ctrl Pts',(151.031452106075,-15.8189182741284,7.3));
#13796=CARTESIAN_POINT('Ctrl Pts',(151.031452106075,-15.5249729571812,7.8));
#13797=CARTESIAN_POINT('Ctrl Pts',(151.031452106075,-15.5249729571812,7.3));
#13798=CARTESIAN_POINT('',(151.077994045958,-16.1128635910756,7.8));
#13799=CARTESIAN_POINT('Ctrl Pts',(151.077994045958,-16.1128635910756,7.8));
#13800=CARTESIAN_POINT('Ctrl Pts',(151.031452106075,-15.8189182741284,7.8));
#13801=CARTESIAN_POINT('Ctrl Pts',(151.031452106075,-15.5249729571812,7.8));
#13802=CARTESIAN_POINT('',(151.077994045958,-16.1128635910756,7.3));
#13803=CARTESIAN_POINT('',(151.077994045958,-16.1128635910756,7.8));
#13804=CARTESIAN_POINT('Ctrl Pts',(151.077994045958,-16.1128635910756,7.3));
#13805=CARTESIAN_POINT('Ctrl Pts',(151.031452106075,-15.8189182741284,7.3));
#13806=CARTESIAN_POINT('Ctrl Pts',(151.031452106075,-15.5249729571812,7.3));
#13807=CARTESIAN_POINT('Ctrl Pts',(151.234765479696,-16.6762587818911,7.8));
#13808=CARTESIAN_POINT('Ctrl Pts',(151.234765479696,-16.6762587818911,7.3));
#13809=CARTESIAN_POINT('Ctrl Pts',(151.122087039567,-16.4043592142066,7.8));
#13810=CARTESIAN_POINT('Ctrl Pts',(151.122087039567,-16.4043592142066,7.3));
#13811=CARTESIAN_POINT('Ctrl Pts',(151.077994045958,-16.1128635910756,7.8));
#13812=CARTESIAN_POINT('Ctrl Pts',(151.077994045958,-16.1128635910756,7.3));
#13813=CARTESIAN_POINT('',(151.234765479696,-16.6762587818911,7.8));
#13814=CARTESIAN_POINT('Ctrl Pts',(151.234765479696,-16.6762587818911,7.8));
#13815=CARTESIAN_POINT('Ctrl Pts',(151.122087039567,-16.4043592142066,7.8));
#13816=CARTESIAN_POINT('Ctrl Pts',(151.077994045958,-16.1128635910756,7.8));
#13817=CARTESIAN_POINT('',(151.234765479696,-16.6762587818911,7.3));
#13818=CARTESIAN_POINT('',(151.234765479696,-16.6762587818911,7.8));
#13819=CARTESIAN_POINT('Ctrl Pts',(151.234765479696,-16.6762587818911,7.3));
#13820=CARTESIAN_POINT('Ctrl Pts',(151.122087039567,-16.4043592142066,7.3));
#13821=CARTESIAN_POINT('Ctrl Pts',(151.077994045958,-16.1128635910756,7.3));
#13822=CARTESIAN_POINT('Ctrl Pts',(151.550757293448,-17.1710670311022,7.8));
#13823=CARTESIAN_POINT('Ctrl Pts',(151.550757293448,-17.1710670311022,7.3));
#13824=CARTESIAN_POINT('Ctrl Pts',(151.359691641366,-16.9457086557594,7.8));
#13825=CARTESIAN_POINT('Ctrl Pts',(151.359691641366,-16.9457086557594,7.3));
#13826=CARTESIAN_POINT('Ctrl Pts',(151.234765479696,-16.6762587818911,7.8));
#13827=CARTESIAN_POINT('Ctrl Pts',(151.234765479696,-16.6762587818911,7.3));
#13828=CARTESIAN_POINT('',(151.550757293448,-17.1710670311022,7.8));
#13829=CARTESIAN_POINT('Ctrl Pts',(151.550757293448,-17.1710670311022,7.8));
#13830=CARTESIAN_POINT('Ctrl Pts',(151.359691641366,-16.9457086557594,7.8));
#13831=CARTESIAN_POINT('Ctrl Pts',(151.234765479696,-16.6762587818911,7.8));
#13832=CARTESIAN_POINT('',(151.550757293448,-17.1710670311022,7.3));
#13833=CARTESIAN_POINT('',(151.550757293448,-17.1710670311022,7.8));
#13834=CARTESIAN_POINT('Ctrl Pts',(151.550757293448,-17.1710670311022,7.3));
#13835=CARTESIAN_POINT('Ctrl Pts',(151.359691641366,-16.9457086557594,7.3));
#13836=CARTESIAN_POINT('Ctrl Pts',(151.234765479696,-16.6762587818911,7.3));
#13837=CARTESIAN_POINT('Ctrl Pts',(151.989226322594,-17.5433980649186,7.8));
#13838=CARTESIAN_POINT('Ctrl Pts',(151.989226322594,-17.5433980649186,7.3));
#13839=CARTESIAN_POINT('Ctrl Pts',(151.74182294553,-17.396425406445,7.8));
#13840=CARTESIAN_POINT('Ctrl Pts',(151.74182294553,-17.396425406445,7.3));
#13841=CARTESIAN_POINT('Ctrl Pts',(151.550757293448,-17.1710670311022,7.8));
#13842=CARTESIAN_POINT('Ctrl Pts',(151.550757293448,-17.1710670311022,7.3));
#13843=CARTESIAN_POINT('',(151.989226322594,-17.5433980649186,7.8));
#13844=CARTESIAN_POINT('Ctrl Pts',(151.989226322594,-17.5433980649186,7.8));
#13845=CARTESIAN_POINT('Ctrl Pts',(151.74182294553,-17.396425406445,7.8));
#13846=CARTESIAN_POINT('Ctrl Pts',(151.550757293448,-17.1710670311022,7.8));
#13847=CARTESIAN_POINT('',(151.989226322594,-17.5433980649186,7.3));
#13848=CARTESIAN_POINT('',(151.989226322594,-17.5433980649186,7.8));
#13849=CARTESIAN_POINT('Ctrl Pts',(151.989226322594,-17.5433980649186,7.3));
#13850=CARTESIAN_POINT('Ctrl Pts',(151.74182294553,-17.396425406445,7.3));
#13851=CARTESIAN_POINT('Ctrl Pts',(151.550757293448,-17.1710670311022,7.3));
#13852=CARTESIAN_POINT('Ctrl Pts',(152.542822738145,-17.756508718722,7.8));
#13853=CARTESIAN_POINT('Ctrl Pts',(152.542822738145,-17.756508718722,7.3));
#13854=CARTESIAN_POINT('Ctrl Pts',(152.248877421198,-17.6903707233922,7.8));
#13855=CARTESIAN_POINT('Ctrl Pts',(152.248877421198,-17.6903707233922,7.3));
#13856=CARTESIAN_POINT('Ctrl Pts',(151.989226322594,-17.5433980649186,7.8));
#13857=CARTESIAN_POINT('Ctrl Pts',(151.989226322594,-17.5433980649186,7.3));
#13858=CARTESIAN_POINT('',(152.542822738145,-17.756508718722,7.8));
#13859=CARTESIAN_POINT('Ctrl Pts',(152.542822738145,-17.756508718722,7.8));
#13860=CARTESIAN_POINT('Ctrl Pts',(152.248877421198,-17.6903707233922,7.8));
#13861=CARTESIAN_POINT('Ctrl Pts',(151.989226322594,-17.5433980649186,7.8));
#13862=CARTESIAN_POINT('',(152.542822738145,-17.756508718722,7.3));
#13863=CARTESIAN_POINT('',(152.542822738145,-17.756508718722,7.8));
#13864=CARTESIAN_POINT('Ctrl Pts',(152.542822738145,-17.756508718722,7.3));
#13865=CARTESIAN_POINT('Ctrl Pts',(152.248877421198,-17.6903707233922,7.3));
#13866=CARTESIAN_POINT('Ctrl Pts',(151.989226322594,-17.5433980649186,7.3));
#13867=CARTESIAN_POINT('Ctrl Pts',(153.128264425764,-17.8128479387869,7.8));
#13868=CARTESIAN_POINT('Ctrl Pts',(153.128264425764,-17.8128479387869,7.3));
#13869=CARTESIAN_POINT('Ctrl Pts',(152.834319108817,-17.8128479387869,7.8));
#13870=CARTESIAN_POINT('Ctrl Pts',(152.834319108817,-17.8128479387869,7.3));
#13871=CARTESIAN_POINT('Ctrl Pts',(152.542822738145,-17.756508718722,7.8));
#13872=CARTESIAN_POINT('Ctrl Pts',(152.542822738145,-17.756508718722,7.3));
#13873=CARTESIAN_POINT('',(153.128264425764,-17.8128479387809,7.8));
#13874=CARTESIAN_POINT('Ctrl Pts',(153.128264425764,-17.8128479387869,7.8));
#13875=CARTESIAN_POINT('Ctrl Pts',(152.834319108817,-17.8128479387869,7.8));
#13876=CARTESIAN_POINT('Ctrl Pts',(152.542822738145,-17.756508718722,7.8));
#13877=CARTESIAN_POINT('',(153.128264425764,-17.8128479387809,7.3));
#13878=CARTESIAN_POINT('',(153.128264425764,-17.8128479387809,7.8));
#13879=CARTESIAN_POINT('Ctrl Pts',(153.128264425764,-17.8128479387869,7.3));
#13880=CARTESIAN_POINT('Ctrl Pts',(152.834319108817,-17.8128479387869,7.3));
#13881=CARTESIAN_POINT('Ctrl Pts',(152.542822738145,-17.756508718722,7.3));
#13882=CARTESIAN_POINT('Ctrl Pts',(153.713700133051,-17.756508718722,7.8));
#13883=CARTESIAN_POINT('Ctrl Pts',(153.713700133051,-17.756508718722,7.3));
#13884=CARTESIAN_POINT('Ctrl Pts',(153.419754816104,-17.8128479387869,7.8));
#13885=CARTESIAN_POINT('Ctrl Pts',(153.419754816104,-17.8128479387869,7.3));
#13886=CARTESIAN_POINT('Ctrl Pts',(153.128258445432,-17.8128479387869,7.8));
#13887=CARTESIAN_POINT('Ctrl Pts',(153.128258445432,-17.8128479387869,7.3));
#13888=CARTESIAN_POINT('',(153.713700133051,-17.756508718722,7.8));
#13889=CARTESIAN_POINT('Ctrl Pts',(153.713700133051,-17.756508718722,7.8));
#13890=CARTESIAN_POINT('Ctrl Pts',(153.419757831392,-17.8128473608598,7.8));
#13891=CARTESIAN_POINT('Ctrl Pts',(153.128264425765,-17.8128479387809,7.8));
#13892=CARTESIAN_POINT('',(153.713700133051,-17.756508718722,7.3));
#13893=CARTESIAN_POINT('',(153.713700133051,-17.756508718722,7.8));
#13894=CARTESIAN_POINT('Ctrl Pts',(153.713700133051,-17.756508718722,7.3));
#13895=CARTESIAN_POINT('Ctrl Pts',(153.419757831392,-17.8128473608598,7.3));
#13896=CARTESIAN_POINT('Ctrl Pts',(153.128264425765,-17.8128479387809,7.3));
#13897=CARTESIAN_POINT('Ctrl Pts',(154.255048827063,-17.5433980649186,7.8));
#13898=CARTESIAN_POINT('Ctrl Pts',(154.255048827063,-17.5433980649186,7.3));
#13899=CARTESIAN_POINT('Ctrl Pts',(154.007645449999,-17.6903707233922,7.8));
#13900=CARTESIAN_POINT('Ctrl Pts',(154.007645449999,-17.6903707233922,7.3));
#13901=CARTESIAN_POINT('Ctrl Pts',(153.713700133051,-17.756508718722,7.8));
#13902=CARTESIAN_POINT('Ctrl Pts',(153.713700133051,-17.756508718722,7.3));
#13903=CARTESIAN_POINT('Ctrl Pts',(154.255048827063,-17.5433980649186,7.8));
#13904=CARTESIAN_POINT('Ctrl Pts',(154.007645449999,-17.6903707233922,7.8));
#13905=CARTESIAN_POINT('Ctrl Pts',(153.713700133051,-17.756508718722,7.8));
#13906=CARTESIAN_POINT('Ctrl Pts',(154.255048827063,-17.5433980649186,7.3));
#13907=CARTESIAN_POINT('Ctrl Pts',(154.007645449999,-17.6903707233922,7.3));
#13908=CARTESIAN_POINT('Ctrl Pts',(153.713700133051,-17.756508718722,7.3));
#13909=CARTESIAN_POINT('Origin',(153.127036962461,-13.6265764923347,7.3));
#13910=CARTESIAN_POINT('Ctrl Pts',(131.055421265371,-10.285399327189,7.8));
#13911=CARTESIAN_POINT('Ctrl Pts',(131.055421265371,-10.285399327189,7.3));
#13912=CARTESIAN_POINT('Ctrl Pts',(130.861907414556,-10.2290597333533,7.8));
#13913=CARTESIAN_POINT('Ctrl Pts',(130.861907414556,-10.2290597333533,7.3));
#13914=CARTESIAN_POINT('Ctrl Pts',(130.661044482292,-10.2290597333533,7.8));
#13915=CARTESIAN_POINT('Ctrl Pts',(130.661044482292,-10.2290597333533,7.3));
#13916=CARTESIAN_POINT('',(131.055421265371,-10.285399327189,7.8));
#13917=CARTESIAN_POINT('',(130.661044482292,-10.2290597333533,7.8));
#13918=CARTESIAN_POINT('Ctrl Pts',(131.055421265371,-10.285399327189,7.8));
#13919=CARTESIAN_POINT('Ctrl Pts',(130.861907414556,-10.2290597333533,7.8));
#13920=CARTESIAN_POINT('Ctrl Pts',(130.661044482292,-10.2290597333533,7.8));
#13921=CARTESIAN_POINT('',(131.055421265371,-10.285399327189,7.3));
#13922=CARTESIAN_POINT('',(131.055421265371,-10.285399327189,7.8));
#13923=CARTESIAN_POINT('',(130.661044482292,-10.2290597333533,7.3));
#13924=CARTESIAN_POINT('Ctrl Pts',(131.055421265371,-10.285399327189,7.3));
#13925=CARTESIAN_POINT('Ctrl Pts',(130.861907414556,-10.2290597333533,7.3));
#13926=CARTESIAN_POINT('Ctrl Pts',(130.661044482292,-10.2290597333533,7.3));
#13927=CARTESIAN_POINT('',(130.661044482292,-10.2290597333533,7.8));
#13928=CARTESIAN_POINT('Ctrl Pts',(131.403256856109,-10.4421700133859,7.8));
#13929=CARTESIAN_POINT('Ctrl Pts',(131.403256856109,-10.4421700133859,7.3));
#13930=CARTESIAN_POINT('Ctrl Pts',(131.246486169912,-10.3294908257144,7.8));
#13931=CARTESIAN_POINT('Ctrl Pts',(131.246486169912,-10.3294908257144,7.3));
#13932=CARTESIAN_POINT('Ctrl Pts',(131.055421265371,-10.285399327189,7.8));
#13933=CARTESIAN_POINT('Ctrl Pts',(131.055421265371,-10.285399327189,7.3));
#13934=CARTESIAN_POINT('',(131.403256856109,-10.4421700133859,7.8));
#13935=CARTESIAN_POINT('Ctrl Pts',(131.403256856109,-10.4421700133859,7.8));
#13936=CARTESIAN_POINT('Ctrl Pts',(131.246486169912,-10.3294908257144,7.8));
#13937=CARTESIAN_POINT('Ctrl Pts',(131.055421265371,-10.285399327189,7.8));
#13938=CARTESIAN_POINT('',(131.403256856109,-10.4421700133859,7.3));
#13939=CARTESIAN_POINT('',(131.403256856109,-10.4421700133859,7.8));
#13940=CARTESIAN_POINT('Ctrl Pts',(131.403256856109,-10.4421700133859,7.3));
#13941=CARTESIAN_POINT('Ctrl Pts',(131.246486169912,-10.3294908257144,7.3));
#13942=CARTESIAN_POINT('Ctrl Pts',(131.055421265371,-10.285399327189,7.3));
#13943=CARTESIAN_POINT('Ctrl Pts',(131.684954451516,-10.7238676087936,7.8));
#13944=CARTESIAN_POINT('Ctrl Pts',(131.684954451516,-10.7238676087936,7.3));
#13945=CARTESIAN_POINT('Ctrl Pts',(131.572275263845,-10.5548492010573,7.8));
#13946=CARTESIAN_POINT('Ctrl Pts',(131.572275263845,-10.5548492010573,7.3));
#13947=CARTESIAN_POINT('Ctrl Pts',(131.403256856109,-10.4421700133859,7.8));
#13948=CARTESIAN_POINT('Ctrl Pts',(131.403256856109,-10.4421700133859,7.3));
#13949=CARTESIAN_POINT('',(131.684954451516,-10.7238676087936,7.8));
#13950=CARTESIAN_POINT('Ctrl Pts',(131.684954451516,-10.7238676087936,7.8));
#13951=CARTESIAN_POINT('Ctrl Pts',(131.572275263845,-10.5548492010573,7.8));
#13952=CARTESIAN_POINT('Ctrl Pts',(131.403256856109,-10.4421700133859,7.8));
#13953=CARTESIAN_POINT('',(131.684954451516,-10.7238676087936,7.3));
#13954=CARTESIAN_POINT('',(131.684954451516,-10.7238676087936,7.8));
#13955=CARTESIAN_POINT('Ctrl Pts',(131.684954451516,-10.7238676087936,7.3));
#13956=CARTESIAN_POINT('Ctrl Pts',(131.572275263845,-10.5548492010573,7.3));
#13957=CARTESIAN_POINT('Ctrl Pts',(131.403256856109,-10.4421700133859,7.3));
#13958=CARTESIAN_POINT('Ctrl Pts',(131.876018608515,-11.0839505472997,7.8));
#13959=CARTESIAN_POINT('Ctrl Pts',(131.876018608515,-11.0839505472997,7.3));
#13960=CARTESIAN_POINT('Ctrl Pts',(131.809880613186,-10.8928860165299,7.8));
#13961=CARTESIAN_POINT('Ctrl Pts',(131.809880613186,-10.8928860165299,7.3));
#13962=CARTESIAN_POINT('Ctrl Pts',(131.684954451516,-10.7238676087936,7.8));
#13963=CARTESIAN_POINT('Ctrl Pts',(131.684954451516,-10.7238676087936,7.3));
#13964=CARTESIAN_POINT('',(131.876018608515,-11.0839505472997,7.8));
#13965=CARTESIAN_POINT('Ctrl Pts',(131.876018608515,-11.0839505472997,7.8));
#13966=CARTESIAN_POINT('Ctrl Pts',(131.809880613186,-10.8928860165299,7.8));
#13967=CARTESIAN_POINT('Ctrl Pts',(131.684954451516,-10.7238676087936,7.8));
#13968=CARTESIAN_POINT('',(131.876018608515,-11.0839505472997,7.3));
#13969=CARTESIAN_POINT('',(131.876018608515,-11.0839505472997,7.8));
#13970=CARTESIAN_POINT('Ctrl Pts',(131.876018608515,-11.0839505472997,7.3));
#13971=CARTESIAN_POINT('Ctrl Pts',(131.809880613186,-10.8928860165299,7.3));
#13972=CARTESIAN_POINT('Ctrl Pts',(131.684954451516,-10.7238676087936,7.3));
#13973=CARTESIAN_POINT('Ctrl Pts',(131.966652046924,-11.4685289288848,7.8));
#13974=CARTESIAN_POINT('Ctrl Pts',(131.966652046924,-11.4685289288848,7.3));
#13975=CARTESIAN_POINT('Ctrl Pts',(131.944606297661,-11.2652166765755,7.8));
#13976=CARTESIAN_POINT('Ctrl Pts',(131.944606297661,-11.2652166765755,7.3));
#13977=CARTESIAN_POINT('Ctrl Pts',(131.876018608515,-11.0839505472997,7.8));
#13978=CARTESIAN_POINT('Ctrl Pts',(131.876018608515,-11.0839505472997,7.3));
#13979=CARTESIAN_POINT('',(131.966652046924,-11.4685289288848,7.8));
#13980=CARTESIAN_POINT('Ctrl Pts',(131.966652046924,-11.4685289288848,7.8));
#13981=CARTESIAN_POINT('Ctrl Pts',(131.944606297661,-11.2652166765755,7.8));
#13982=CARTESIAN_POINT('Ctrl Pts',(131.876018608515,-11.0839505472997,7.8));
#13983=CARTESIAN_POINT('',(131.966652046924,-11.4685289288848,7.3));
#13984=CARTESIAN_POINT('',(131.966652046924,-11.4685289288848,7.8));
#13985=CARTESIAN_POINT('Ctrl Pts',(131.966652046924,-11.4685289288848,7.3));
#13986=CARTESIAN_POINT('Ctrl Pts',(131.944606297661,-11.2652166765755,7.3));
#13987=CARTESIAN_POINT('Ctrl Pts',(131.876018608515,-11.0839505472997,7.3));
#13988=CARTESIAN_POINT('Ctrl Pts',(131.988697796187,-11.862905711964,7.8));
#13989=CARTESIAN_POINT('Ctrl Pts',(131.988697796187,-11.862905711964,7.3));
#13990=CARTESIAN_POINT('Ctrl Pts',(131.988697796187,-11.6693918611487,7.8));
#13991=CARTESIAN_POINT('Ctrl Pts',(131.988697796187,-11.6693918611487,7.3));
#13992=CARTESIAN_POINT('Ctrl Pts',(131.966652046924,-11.4685289288848,7.8));
#13993=CARTESIAN_POINT('Ctrl Pts',(131.966652046924,-11.4685289288848,7.3));
#13994=CARTESIAN_POINT('',(131.988697796187,-11.862905711964,7.8));
#13995=CARTESIAN_POINT('Ctrl Pts',(131.988697796187,-11.862905711964,7.8));
#13996=CARTESIAN_POINT('Ctrl Pts',(131.988697796187,-11.6693918611487,7.8));
#13997=CARTESIAN_POINT('Ctrl Pts',(131.966652046924,-11.4685289288848,7.8));
#13998=CARTESIAN_POINT('',(131.988697796187,-11.862905711964,7.3));
#13999=CARTESIAN_POINT('',(131.988697796187,-11.862905711964,7.8));
#14000=CARTESIAN_POINT('Ctrl Pts',(131.988697796187,-11.862905711964,7.3));
#14001=CARTESIAN_POINT('Ctrl Pts',(131.988697796187,-11.6693918611487,7.3));
#14002=CARTESIAN_POINT('Ctrl Pts',(131.966652046924,-11.4685289288848,7.3));
#14003=CARTESIAN_POINT('Ctrl Pts',(131.966652046924,-12.2670805227664,7.8));
#14004=CARTESIAN_POINT('Ctrl Pts',(131.966652046924,-12.2670805227664,7.3));
#14005=CARTESIAN_POINT('Ctrl Pts',(131.988697796187,-12.0637682704571,7.8));
#14006=CARTESIAN_POINT('Ctrl Pts',(131.988697796187,-12.0637682704571,7.3));
#14007=CARTESIAN_POINT('Ctrl Pts',(131.988697796187,-11.862905711964,7.8));
#14008=CARTESIAN_POINT('Ctrl Pts',(131.988697796187,-11.862905711964,7.3));
#14009=CARTESIAN_POINT('',(131.966652046924,-12.2670805227664,7.8));
#14010=CARTESIAN_POINT('Ctrl Pts',(131.966652046924,-12.2670805227664,7.8));
#14011=CARTESIAN_POINT('Ctrl Pts',(131.988697796187,-12.0637682704571,7.8));
#14012=CARTESIAN_POINT('Ctrl Pts',(131.988697796187,-11.862905711964,7.8));
#14013=CARTESIAN_POINT('',(131.966652046924,-12.2670805227664,7.3));
#14014=CARTESIAN_POINT('',(131.966652046924,-12.2670805227664,7.8));
#14015=CARTESIAN_POINT('Ctrl Pts',(131.966652046924,-12.2670805227664,7.3));
#14016=CARTESIAN_POINT('Ctrl Pts',(131.988697796187,-12.0637682704571,7.3));
#14017=CARTESIAN_POINT('Ctrl Pts',(131.988697796187,-11.862905711964,7.3));
#14018=CARTESIAN_POINT('Ctrl Pts',(131.876018608515,-12.6614573058455,7.8));
#14019=CARTESIAN_POINT('Ctrl Pts',(131.876018608515,-12.6614573058455,7.3));
#14020=CARTESIAN_POINT('Ctrl Pts',(131.94460555012,-12.4703931488465,7.8));
#14021=CARTESIAN_POINT('Ctrl Pts',(131.94460555012,-12.4703931488465,7.3));
#14022=CARTESIAN_POINT('Ctrl Pts',(131.966652046924,-12.2670805227664,7.8));
#14023=CARTESIAN_POINT('Ctrl Pts',(131.966652046924,-12.2670805227664,7.3));
#14024=CARTESIAN_POINT('',(131.876018608515,-12.6614573058455,7.8));
#14025=CARTESIAN_POINT('Ctrl Pts',(131.876018608515,-12.6614573058455,7.8));
#14026=CARTESIAN_POINT('Ctrl Pts',(131.94460555012,-12.4703931488465,7.8));
#14027=CARTESIAN_POINT('Ctrl Pts',(131.966652046924,-12.2670805227664,7.8));
#14028=CARTESIAN_POINT('',(131.876018608515,-12.6614573058455,7.3));
#14029=CARTESIAN_POINT('',(131.876018608515,-12.6614573058455,7.8));
#14030=CARTESIAN_POINT('Ctrl Pts',(131.876018608515,-12.6614573058455,7.3));
#14031=CARTESIAN_POINT('Ctrl Pts',(131.94460555012,-12.4703931488465,7.3));
#14032=CARTESIAN_POINT('Ctrl Pts',(131.966652046924,-12.2670805227664,7.3));
#14033=CARTESIAN_POINT('Ctrl Pts',(131.684954451516,-13.0117418428576,7.8));
#14034=CARTESIAN_POINT('Ctrl Pts',(131.684954451516,-13.0117418428576,7.3));
#14035=CARTESIAN_POINT('Ctrl Pts',(131.809881360727,-12.8427234351213,7.8));
#14036=CARTESIAN_POINT('Ctrl Pts',(131.809881360727,-12.8427234351213,7.3));
#14037=CARTESIAN_POINT('Ctrl Pts',(131.876018608515,-12.6614573058455,7.8));
#14038=CARTESIAN_POINT('Ctrl Pts',(131.876018608515,-12.6614573058455,7.3));
#14039=CARTESIAN_POINT('',(131.684954451516,-13.0117418428576,7.8));
#14040=CARTESIAN_POINT('Ctrl Pts',(131.684954451516,-13.0117418428576,7.8));
#14041=CARTESIAN_POINT('Ctrl Pts',(131.809881360727,-12.8427234351213,7.8));
#14042=CARTESIAN_POINT('Ctrl Pts',(131.876018608515,-12.6614573058455,7.8));
#14043=CARTESIAN_POINT('',(131.684954451516,-13.0117418428576,7.3));
#14044=CARTESIAN_POINT('',(131.684954451516,-13.0117418428576,7.8));
#14045=CARTESIAN_POINT('Ctrl Pts',(131.684954451516,-13.0117418428576,7.3));
#14046=CARTESIAN_POINT('Ctrl Pts',(131.809881360727,-12.8427234351213,7.3));
#14047=CARTESIAN_POINT('Ctrl Pts',(131.876018608515,-12.6614573058455,7.3));
#14048=CARTESIAN_POINT('Ctrl Pts',(131.403256856109,-13.2934394382653,7.8));
#14049=CARTESIAN_POINT('Ctrl Pts',(131.403256856109,-13.2934394382653,7.3));
#14050=CARTESIAN_POINT('Ctrl Pts',(131.572275263845,-13.1807602505939,7.8));
#14051=CARTESIAN_POINT('Ctrl Pts',(131.572275263845,-13.1807602505939,7.3));
#14052=CARTESIAN_POINT('Ctrl Pts',(131.684954451516,-13.0117418428576,7.8));
#14053=CARTESIAN_POINT('Ctrl Pts',(131.684954451516,-13.0117418428576,7.3));
#14054=CARTESIAN_POINT('',(131.403256856109,-13.2934394382653,7.8));
#14055=CARTESIAN_POINT('Ctrl Pts',(131.403256856109,-13.2934394382653,7.8));
#14056=CARTESIAN_POINT('Ctrl Pts',(131.572275263845,-13.1807602505939,7.8));
#14057=CARTESIAN_POINT('Ctrl Pts',(131.684954451516,-13.0117418428576,7.8));
#14058=CARTESIAN_POINT('',(131.403256856109,-13.2934394382653,7.3));
#14059=CARTESIAN_POINT('',(131.403256856109,-13.2934394382653,7.8));
#14060=CARTESIAN_POINT('Ctrl Pts',(131.403256856109,-13.2934394382653,7.3));
#14061=CARTESIAN_POINT('Ctrl Pts',(131.572275263845,-13.1807602505939,7.3));
#14062=CARTESIAN_POINT('Ctrl Pts',(131.684954451516,-13.0117418428576,7.3));
#14063=CARTESIAN_POINT('Ctrl Pts',(131.055421265371,-13.4624578460016,7.8));
#14064=CARTESIAN_POINT('Ctrl Pts',(131.055421265371,-13.4624578460016,7.3));
#14065=CARTESIAN_POINT('Ctrl Pts',(131.24648542237,-13.4061186259367,7.8));
#14066=CARTESIAN_POINT('Ctrl Pts',(131.24648542237,-13.4061186259367,7.3));
#14067=CARTESIAN_POINT('Ctrl Pts',(131.403256856109,-13.2934394382653,7.8));
#14068=CARTESIAN_POINT('Ctrl Pts',(131.403256856109,-13.2934394382653,7.3));
#14069=CARTESIAN_POINT('',(131.055421265371,-13.4624578460016,7.8));
#14070=CARTESIAN_POINT('Ctrl Pts',(131.055421265371,-13.4624578460016,7.8));
#14071=CARTESIAN_POINT('Ctrl Pts',(131.24648542237,-13.4061186259367,7.8));
#14072=CARTESIAN_POINT('Ctrl Pts',(131.403256856109,-13.2934394382653,7.8));
#14073=CARTESIAN_POINT('',(131.055421265371,-13.4624578460016,7.3));
#14074=CARTESIAN_POINT('',(131.055421265371,-13.4624578460016,7.8));
#14075=CARTESIAN_POINT('Ctrl Pts',(131.055421265371,-13.4624578460016,7.3));
#14076=CARTESIAN_POINT('Ctrl Pts',(131.24648542237,-13.4061186259367,7.3));
#14077=CARTESIAN_POINT('Ctrl Pts',(131.403256856109,-13.2934394382653,7.3));
#14078=CARTESIAN_POINT('Ctrl Pts',(130.661044482292,-13.5065493445271,7.8));
#14079=CARTESIAN_POINT('Ctrl Pts',(130.661044482292,-13.5065493445271,7.3));
#14080=CARTESIAN_POINT('Ctrl Pts',(130.861907414556,-13.5065493445271,7.8));
#14081=CARTESIAN_POINT('Ctrl Pts',(130.861907414556,-13.5065493445271,7.3));
#14082=CARTESIAN_POINT('Ctrl Pts',(131.055421265371,-13.4624578460016,7.8));
#14083=CARTESIAN_POINT('Ctrl Pts',(131.055421265371,-13.4624578460016,7.3));
#14084=CARTESIAN_POINT('',(130.661044482292,-13.5065493445271,7.8));
#14085=CARTESIAN_POINT('Ctrl Pts',(130.661044482292,-13.5065493445271,7.8));
#14086=CARTESIAN_POINT('Ctrl Pts',(130.861907414556,-13.5065493445271,7.8));
#14087=CARTESIAN_POINT('Ctrl Pts',(131.055421265371,-13.4624578460016,7.8));
#14088=CARTESIAN_POINT('',(130.661044482292,-13.5065493445271,7.3));
#14089=CARTESIAN_POINT('',(130.661044482292,-13.5065493445271,7.8));
#14090=CARTESIAN_POINT('Ctrl Pts',(130.661044482292,-13.5065493445271,7.3));
#14091=CARTESIAN_POINT('Ctrl Pts',(130.861907414556,-13.5065493445271,7.3));
#14092=CARTESIAN_POINT('Ctrl Pts',(131.055421265371,-13.4624578460016,7.3));
#14093=CARTESIAN_POINT('Origin',(129.556299849924,-13.5065493445271,7.8));
#14094=CARTESIAN_POINT('',(129.556299849924,-13.5065493445271,7.8));
#14095=CARTESIAN_POINT('',(63.4886918885121,-13.5065493445271,7.8));
#14096=CARTESIAN_POINT('',(129.556299849924,-13.5065493445271,7.3));
#14097=CARTESIAN_POINT('',(129.556299849924,-13.5065493445271,7.8));
#14098=CARTESIAN_POINT('',(129.556299849924,-13.5065493445271,7.3));
#14099=CARTESIAN_POINT('Origin',(129.556299849924,-10.2290586120409,7.8));
#14100=CARTESIAN_POINT('',(129.556299849924,-10.2290586120409,7.8));
#14101=CARTESIAN_POINT('',(129.556299849924,-6.38635075980385,7.8));
#14102=CARTESIAN_POINT('',(129.556299849924,-10.2290586120409,7.3));
#14103=CARTESIAN_POINT('',(129.556299849924,-10.2290586120409,7.8));
#14104=CARTESIAN_POINT('',(129.556299849924,-10.2290586120409,7.3));
#14105=CARTESIAN_POINT('Origin',(130.661044482292,-10.2290597333533,7.8));
#14106=CARTESIAN_POINT('',(64.0410603044276,-10.2289921142747,7.8));
#14107=CARTESIAN_POINT('',(130.661044482292,-10.2290597333533,7.3));
#14108=CARTESIAN_POINT('Ctrl Pts',(131.268531171633,-14.2414126368951,7.8));
#14109=CARTESIAN_POINT('Ctrl Pts',(131.268531171633,-14.2414126368951,7.3));
#14110=CARTESIAN_POINT('Ctrl Pts',(130.964787826963,-14.29775185696,7.8));
#14111=CARTESIAN_POINT('Ctrl Pts',(130.964787826963,-14.29775185696,7.3));
#14112=CARTESIAN_POINT('Ctrl Pts',(130.661044482292,-14.29775185696,7.8));
#14113=CARTESIAN_POINT('Ctrl Pts',(130.661044482292,-14.29775185696,7.3));
#14114=CARTESIAN_POINT('',(131.268531171633,-14.2414126368951,7.8));
#14115=CARTESIAN_POINT('',(130.661044482292,-14.29775185696,7.8));
#14116=CARTESIAN_POINT('Ctrl Pts',(131.268531171633,-14.2414126368951,7.8));
#14117=CARTESIAN_POINT('Ctrl Pts',(130.964787826963,-14.29775185696,7.8));
#14118=CARTESIAN_POINT('Ctrl Pts',(130.661044482292,-14.29775185696,7.8));
#14119=CARTESIAN_POINT('',(131.268531171633,-14.2414126368951,7.3));
#14120=CARTESIAN_POINT('',(131.268531171633,-14.2414126368951,7.8));
#14121=CARTESIAN_POINT('',(130.661044482292,-14.29775185696,7.3));
#14122=CARTESIAN_POINT('Ctrl Pts',(131.268531171633,-14.2414126368951,7.3));
#14123=CARTESIAN_POINT('Ctrl Pts',(130.964787826963,-14.29775185696,7.3));
#14124=CARTESIAN_POINT('Ctrl Pts',(130.661044482292,-14.29775185696,7.3));
#14125=CARTESIAN_POINT('',(130.661044482292,-14.29775185696,7.8));
#14126=CARTESIAN_POINT('Ctrl Pts',(131.853972111711,-14.0160542615523,7.8));
#14127=CARTESIAN_POINT('Ctrl Pts',(131.853972111711,-14.0160542615523,7.3));
#14128=CARTESIAN_POINT('Ctrl Pts',(131.584522237843,-14.1728249477491,7.8));
#14129=CARTESIAN_POINT('Ctrl Pts',(131.584522237843,-14.1728249477491,7.3));
#14130=CARTESIAN_POINT('Ctrl Pts',(131.268531171633,-14.2414126368951,7.8));
#14131=CARTESIAN_POINT('Ctrl Pts',(131.268531171633,-14.2414126368951,7.3));
#14132=CARTESIAN_POINT('',(131.853972111711,-14.0160542615523,7.8));
#14133=CARTESIAN_POINT('Ctrl Pts',(131.853972111711,-14.0160542615523,7.8));
#14134=CARTESIAN_POINT('Ctrl Pts',(131.584522237843,-14.1728249477491,7.8));
#14135=CARTESIAN_POINT('Ctrl Pts',(131.268531171633,-14.2414126368951,7.8));
#14136=CARTESIAN_POINT('',(131.853972111711,-14.0160542615523,7.3));
#14137=CARTESIAN_POINT('',(131.853972111711,-14.0160542615523,7.8));
#14138=CARTESIAN_POINT('Ctrl Pts',(131.853972111711,-14.0160542615523,7.3));
#14139=CARTESIAN_POINT('Ctrl Pts',(131.584522237843,-14.1728249477491,7.3));
#14140=CARTESIAN_POINT('Ctrl Pts',(131.268531171633,-14.2414126368951,7.3));
#14141=CARTESIAN_POINT('Ctrl Pts',(132.326733864118,-13.6216774784731,7.8));
#14142=CARTESIAN_POINT('Ctrl Pts',(132.326733864118,-13.6216774784731,7.3));
#14143=CARTESIAN_POINT('Ctrl Pts',(132.125870931854,-13.8568338815392,7.8));
#14144=CARTESIAN_POINT('Ctrl Pts',(132.125870931854,-13.8568338815392,7.3));
#14145=CARTESIAN_POINT('Ctrl Pts',(131.853972111711,-14.0160542615523,7.8));
#14146=CARTESIAN_POINT('Ctrl Pts',(131.853972111711,-14.0160542615523,7.3));
#14147=CARTESIAN_POINT('',(132.326733864118,-13.6216774784731,7.8));
#14148=CARTESIAN_POINT('Ctrl Pts',(132.326733864118,-13.6216774784731,7.8));
#14149=CARTESIAN_POINT('Ctrl Pts',(132.125870931854,-13.8568338815392,7.8));
#14150=CARTESIAN_POINT('Ctrl Pts',(131.853972111711,-14.0160542615523,7.8));
#14151=CARTESIAN_POINT('',(132.326733864118,-13.6216774784731,7.3));
#14152=CARTESIAN_POINT('',(132.326733864118,-13.6216774784731,7.8));
#14153=CARTESIAN_POINT('Ctrl Pts',(132.326733864118,-13.6216774784731,7.3));
#14154=CARTESIAN_POINT('Ctrl Pts',(132.125870931854,-13.8568338815392,7.3));
#14155=CARTESIAN_POINT('Ctrl Pts',(131.853972111711,-14.0160542615523,7.3));
#14156=CARTESIAN_POINT('Ctrl Pts',(132.654972651867,-13.0901260646436,7.8));
#14157=CARTESIAN_POINT('Ctrl Pts',(132.654972651867,-13.0901260646436,7.3));
#14158=CARTESIAN_POINT('Ctrl Pts',(132.530045742656,-13.3718236600514,7.8));
#14159=CARTESIAN_POINT('Ctrl Pts',(132.530045742656,-13.3718236600514,7.3));
#14160=CARTESIAN_POINT('Ctrl Pts',(132.326733864118,-13.6216774784731,7.8));
#14161=CARTESIAN_POINT('Ctrl Pts',(132.326733864118,-13.6216774784731,7.3));
#14162=CARTESIAN_POINT('',(132.654972651867,-13.0901260646436,7.8));
#14163=CARTESIAN_POINT('Ctrl Pts',(132.654972651867,-13.0901260646436,7.8));
#14164=CARTESIAN_POINT('Ctrl Pts',(132.530045742656,-13.3718236600514,7.8));
#14165=CARTESIAN_POINT('Ctrl Pts',(132.326733864118,-13.6216774784731,7.8));
#14166=CARTESIAN_POINT('',(132.654972651867,-13.0901260646436,7.3));
#14167=CARTESIAN_POINT('',(132.654972651867,-13.0901260646436,7.8));
#14168=CARTESIAN_POINT('Ctrl Pts',(132.654972651867,-13.0901260646436,7.3));
#14169=CARTESIAN_POINT('Ctrl Pts',(132.530045742656,-13.3718236600514,7.3));
#14170=CARTESIAN_POINT('Ctrl Pts',(132.326733864118,-13.6216774784731,7.3));
#14171=CARTESIAN_POINT('Ctrl Pts',(132.823991059604,-12.4948870968422,7.8));
#14172=CARTESIAN_POINT('Ctrl Pts',(132.823991059604,-12.4948870968422,7.3));
#14173=CARTESIAN_POINT('Ctrl Pts',(132.777449867262,-12.7986304415126,7.8));
#14174=CARTESIAN_POINT('Ctrl Pts',(132.777449867262,-12.7986304415126,7.3));
#14175=CARTESIAN_POINT('Ctrl Pts',(132.654972651867,-13.0901260646436,7.8));
#14176=CARTESIAN_POINT('Ctrl Pts',(132.654972651867,-13.0901260646436,7.3));
#14177=CARTESIAN_POINT('',(132.823991059604,-12.4948870968422,7.8));
#14178=CARTESIAN_POINT('Ctrl Pts',(132.823991059604,-12.4948870968422,7.8));
#14179=CARTESIAN_POINT('Ctrl Pts',(132.777449867262,-12.7986304415126,7.8));
#14180=CARTESIAN_POINT('Ctrl Pts',(132.654972651867,-13.0901260646436,7.8));
#14181=CARTESIAN_POINT('',(132.823991059604,-12.4948870968422,7.3));
#14182=CARTESIAN_POINT('',(132.823991059604,-12.4948870968422,7.8));
#14183=CARTESIAN_POINT('Ctrl Pts',(132.823991059604,-12.4948870968422,7.3));
#14184=CARTESIAN_POINT('Ctrl Pts',(132.777449867262,-12.7986304415126,7.3));
#14185=CARTESIAN_POINT('Ctrl Pts',(132.654972651867,-13.0901260646436,7.3));
#14186=CARTESIAN_POINT('Ctrl Pts',(132.868082558129,-11.8629045906516,7.8));
#14187=CARTESIAN_POINT('Ctrl Pts',(132.868082558129,-11.8629045906516,7.3));
#14188=CARTESIAN_POINT('Ctrl Pts',(132.868082558129,-12.1788956568615,7.8));
#14189=CARTESIAN_POINT('Ctrl Pts',(132.868082558129,-12.1788956568615,7.3));
#14190=CARTESIAN_POINT('Ctrl Pts',(132.823991059604,-12.4948870968422,7.8));
#14191=CARTESIAN_POINT('Ctrl Pts',(132.823991059604,-12.4948870968422,7.3));
#14192=CARTESIAN_POINT('',(132.868082558129,-11.8629045906516,7.8));
#14193=CARTESIAN_POINT('Ctrl Pts',(132.868082558129,-11.8629045906516,7.8));
#14194=CARTESIAN_POINT('Ctrl Pts',(132.868082558129,-12.1788956568615,7.8));
#14195=CARTESIAN_POINT('Ctrl Pts',(132.823991059604,-12.4948870968422,7.8));
#14196=CARTESIAN_POINT('',(132.868082558129,-11.8629045906516,7.3));
#14197=CARTESIAN_POINT('',(132.868082558129,-11.8629045906516,7.8));
#14198=CARTESIAN_POINT('Ctrl Pts',(132.868082558129,-11.8629045906516,7.3));
#14199=CARTESIAN_POINT('Ctrl Pts',(132.868082558129,-12.1788956568615,7.3));
#14200=CARTESIAN_POINT('Ctrl Pts',(132.823991059604,-12.4948870968422,7.3));
#14201=CARTESIAN_POINT('Ctrl Pts',(132.823991059604,-11.2554175275399,7.8));
#14202=CARTESIAN_POINT('Ctrl Pts',(132.823991059604,-11.2554175275399,7.3));
#14203=CARTESIAN_POINT('Ctrl Pts',(132.868082558129,-11.5591608722103,7.8));
#14204=CARTESIAN_POINT('Ctrl Pts',(132.868082558129,-11.5591608722103,7.3));
#14205=CARTESIAN_POINT('Ctrl Pts',(132.868082558129,-11.8629045906516,7.8));
#14206=CARTESIAN_POINT('Ctrl Pts',(132.868082558129,-11.8629045906516,7.3));
#14207=CARTESIAN_POINT('',(132.823991059604,-11.2554175275399,7.8));
#14208=CARTESIAN_POINT('Ctrl Pts',(132.823991059604,-11.2554175275399,7.8));
#14209=CARTESIAN_POINT('Ctrl Pts',(132.868082558129,-11.5591608722103,7.8));
#14210=CARTESIAN_POINT('Ctrl Pts',(132.868082558129,-11.8629045906516,7.8));
#14211=CARTESIAN_POINT('',(132.823991059604,-11.2554175275399,7.3));
#14212=CARTESIAN_POINT('',(132.823991059604,-11.2554175275399,7.8));
#14213=CARTESIAN_POINT('Ctrl Pts',(132.823991059604,-11.2554175275399,7.3));
#14214=CARTESIAN_POINT('Ctrl Pts',(132.868082558129,-11.5591608722103,7.3));
#14215=CARTESIAN_POINT('Ctrl Pts',(132.868082558129,-11.8629045906516,7.3));
#14216=CARTESIAN_POINT('Ctrl Pts',(132.654972651867,-10.6577288659222,7.8));
#14217=CARTESIAN_POINT('Ctrl Pts',(132.654972651867,-10.6577288659222,7.3));
#14218=CARTESIAN_POINT('Ctrl Pts',(132.777449867262,-10.93942646133,7.8));
#14219=CARTESIAN_POINT('Ctrl Pts',(132.777449867262,-10.93942646133,7.3));
#14220=CARTESIAN_POINT('Ctrl Pts',(132.823991059604,-11.2554175275399,7.8));
#14221=CARTESIAN_POINT('Ctrl Pts',(132.823991059604,-11.2554175275399,7.3));
#14222=CARTESIAN_POINT('',(132.654972651867,-10.6577288659222,7.8));
#14223=CARTESIAN_POINT('Ctrl Pts',(132.654972651867,-10.6577288659222,7.8));
#14224=CARTESIAN_POINT('Ctrl Pts',(132.777449867262,-10.93942646133,7.8));
#14225=CARTESIAN_POINT('Ctrl Pts',(132.823991059604,-11.2554175275399,7.8));
#14226=CARTESIAN_POINT('',(132.654972651867,-10.6577288659222,7.3));
#14227=CARTESIAN_POINT('',(132.654972651867,-10.6577288659222,7.8));
#14228=CARTESIAN_POINT('Ctrl Pts',(132.654972651867,-10.6577288659222,7.3));
#14229=CARTESIAN_POINT('Ctrl Pts',(132.777449867262,-10.93942646133,7.3));
#14230=CARTESIAN_POINT('Ctrl Pts',(132.823991059604,-11.2554175275399,7.3));
#14231=CARTESIAN_POINT('Ctrl Pts',(132.326733864118,-10.128627145909,7.8));
#14232=CARTESIAN_POINT('Ctrl Pts',(132.326733864118,-10.128627145909,7.3));
#14233=CARTESIAN_POINT('Ctrl Pts',(132.530045742656,-10.363783548975,7.8));
#14234=CARTESIAN_POINT('Ctrl Pts',(132.530045742656,-10.363783548975,7.3));
#14235=CARTESIAN_POINT('Ctrl Pts',(132.654972651867,-10.6577288659222,7.8));
#14236=CARTESIAN_POINT('Ctrl Pts',(132.654972651867,-10.6577288659222,7.3));
#14237=CARTESIAN_POINT('',(132.326733864118,-10.128627145909,7.8));
#14238=CARTESIAN_POINT('Ctrl Pts',(132.326733864118,-10.128627145909,7.8));
#14239=CARTESIAN_POINT('Ctrl Pts',(132.530045742656,-10.363783548975,7.8));
#14240=CARTESIAN_POINT('Ctrl Pts',(132.654972651867,-10.6577288659222,7.8));
#14241=CARTESIAN_POINT('',(132.326733864118,-10.128627145909,7.3));
#14242=CARTESIAN_POINT('',(132.326733864118,-10.128627145909,7.8));
#14243=CARTESIAN_POINT('Ctrl Pts',(132.326733864118,-10.128627145909,7.3));
#14244=CARTESIAN_POINT('Ctrl Pts',(132.530045742656,-10.363783548975,7.3));
#14245=CARTESIAN_POINT('Ctrl Pts',(132.654972651867,-10.6577288659222,7.3));
#14246=CARTESIAN_POINT('Ctrl Pts',(131.853972111711,-9.72200264129035,7.8));
#14247=CARTESIAN_POINT('Ctrl Pts',(131.853972111711,-9.72200264129035,7.3));
#14248=CARTESIAN_POINT('Ctrl Pts',(132.125871679396,-9.8787733274872,7.8));
#14249=CARTESIAN_POINT('Ctrl Pts',(132.125871679396,-9.8787733274872,7.3));
#14250=CARTESIAN_POINT('Ctrl Pts',(132.326733864118,-10.128627145909,7.8));
#14251=CARTESIAN_POINT('Ctrl Pts',(132.326733864118,-10.128627145909,7.3));
#14252=CARTESIAN_POINT('',(131.853972111711,-9.72200264129035,7.8));
#14253=CARTESIAN_POINT('Ctrl Pts',(131.853972111711,-9.72200264129035,7.8));
#14254=CARTESIAN_POINT('Ctrl Pts',(132.125871679396,-9.8787733274872,7.8));
#14255=CARTESIAN_POINT('Ctrl Pts',(132.326733864118,-10.128627145909,7.8));
#14256=CARTESIAN_POINT('',(131.853972111711,-9.72200264129035,7.3));
#14257=CARTESIAN_POINT('',(131.853972111711,-9.72200264129035,7.8));
#14258=CARTESIAN_POINT('Ctrl Pts',(131.853972111711,-9.72200264129035,7.3));
#14259=CARTESIAN_POINT('Ctrl Pts',(132.125871679396,-9.8787733274872,7.3));
#14260=CARTESIAN_POINT('Ctrl Pts',(132.326733864118,-10.128627145909,7.3));
#14261=CARTESIAN_POINT('Ctrl Pts',(131.268531171633,-9.50889236125779,7.8));
#14262=CARTESIAN_POINT('Ctrl Pts',(131.268531171633,-9.50889236125779,7.3));
#14263=CARTESIAN_POINT('Ctrl Pts',(131.584522237843,-9.5652319550935,7.8));
#14264=CARTESIAN_POINT('Ctrl Pts',(131.584522237843,-9.5652319550935,7.3));
#14265=CARTESIAN_POINT('Ctrl Pts',(131.853972111711,-9.72200264129035,7.8));
#14266=CARTESIAN_POINT('Ctrl Pts',(131.853972111711,-9.72200264129035,7.3));
#14267=CARTESIAN_POINT('',(131.268531171633,-9.50889236125779,7.8));
#14268=CARTESIAN_POINT('Ctrl Pts',(131.268531171633,-9.50889236125779,7.8));
#14269=CARTESIAN_POINT('Ctrl Pts',(131.584522237843,-9.5652319550935,7.8));
#14270=CARTESIAN_POINT('Ctrl Pts',(131.853972111711,-9.72200264129035,7.8));
#14271=CARTESIAN_POINT('',(131.268531171633,-9.50889236125779,7.3));
#14272=CARTESIAN_POINT('',(131.268531171633,-9.50889236125779,7.8));
#14273=CARTESIAN_POINT('Ctrl Pts',(131.268531171633,-9.50889236125779,7.3));
#14274=CARTESIAN_POINT('Ctrl Pts',(131.584522237843,-9.5652319550935,7.3));
#14275=CARTESIAN_POINT('Ctrl Pts',(131.853972111711,-9.72200264129035,7.3));
#14276=CARTESIAN_POINT('Ctrl Pts',(130.661044482292,-9.44030504588262,7.8));
#14277=CARTESIAN_POINT('Ctrl Pts',(130.661044482292,-9.44030504588262,7.3));
#14278=CARTESIAN_POINT('Ctrl Pts',(130.964787826963,-9.44030504588262,7.8));
#14279=CARTESIAN_POINT('Ctrl Pts',(130.964787826963,-9.44030504588262,7.3));
#14280=CARTESIAN_POINT('Ctrl Pts',(131.268531171633,-9.50889236125779,7.8));
#14281=CARTESIAN_POINT('Ctrl Pts',(131.268531171633,-9.50889236125779,7.3));
#14282=CARTESIAN_POINT('',(130.661044482292,-9.44030504588262,7.8));
#14283=CARTESIAN_POINT('Ctrl Pts',(130.661044482292,-9.44030504588262,7.8));
#14284=CARTESIAN_POINT('Ctrl Pts',(130.964787826963,-9.44030504588262,7.8));
#14285=CARTESIAN_POINT('Ctrl Pts',(131.268531171633,-9.50889236125779,7.8));
#14286=CARTESIAN_POINT('',(130.661044482292,-9.44030504588262,7.3));
#14287=CARTESIAN_POINT('',(130.661044482292,-9.44030504588262,7.8));
#14288=CARTESIAN_POINT('Ctrl Pts',(130.661044482292,-9.44030504588262,7.3));
#14289=CARTESIAN_POINT('Ctrl Pts',(130.964787826963,-9.44030504588262,7.3));
#14290=CARTESIAN_POINT('Ctrl Pts',(131.268531171633,-9.50889236125779,7.3));
#14291=CARTESIAN_POINT('Origin',(128.676913592899,-9.44030504588262,7.8));
#14292=CARTESIAN_POINT('',(128.676913592899,-9.44030504588262,7.8));
#14293=CARTESIAN_POINT('',(63.0489987599994,-9.44030504588266,7.8));
#14294=CARTESIAN_POINT('',(128.676913592899,-9.44030504588262,7.3));
#14295=CARTESIAN_POINT('',(128.676913592899,-9.44030504588262,7.8));
#14296=CARTESIAN_POINT('',(128.676913592899,-9.44030504588262,7.3));
#14297=CARTESIAN_POINT('Origin',(128.676913592899,-17.7222145003782,7.8));
#14298=CARTESIAN_POINT('',(128.676913592899,-17.7222145003782,7.8));
#14299=CARTESIAN_POINT('',(128.676913592899,-10.1329287039725,7.8));
#14300=CARTESIAN_POINT('',(128.676913592899,-17.7222145003782,7.3));
#14301=CARTESIAN_POINT('',(128.676913592899,-17.7222145003782,7.8));
#14302=CARTESIAN_POINT('',(128.676913592899,-17.7222145003782,7.3));
#14303=CARTESIAN_POINT('Origin',(129.556299849924,-17.7222145003782,7.8));
#14304=CARTESIAN_POINT('',(129.556299849924,-17.7222145003782,7.8));
#14305=CARTESIAN_POINT('',(63.4886918885121,-17.7222145003782,7.8));
#14306=CARTESIAN_POINT('',(129.556299849924,-17.7222145003782,7.3));
#14307=CARTESIAN_POINT('',(129.556299849924,-17.7222145003782,7.8));
#14308=CARTESIAN_POINT('',(129.556299849924,-17.7222145003782,7.3));
#14309=CARTESIAN_POINT('Origin',(129.556299849924,-14.29775185696,7.8));
#14310=CARTESIAN_POINT('',(129.556299849924,-14.29775185696,7.8));
#14311=CARTESIAN_POINT('',(129.556299849924,-8.4206973822634,7.8));
#14312=CARTESIAN_POINT('',(129.556299849924,-14.29775185696,7.3));
#14313=CARTESIAN_POINT('',(129.556299849924,-14.29775185696,7.8));
#14314=CARTESIAN_POINT('',(129.556299849924,-14.29775185696,7.3));
#14315=CARTESIAN_POINT('Origin',(130.661044482292,-14.29775185696,7.8));
#14316=CARTESIAN_POINT('',(64.0410642046961,-14.29775185696,7.8));
#14317=CARTESIAN_POINT('',(130.661044482292,-14.29775185696,7.3));
#14318=CARTESIAN_POINT('Origin',(130.772498075514,-13.5812597731304,7.3));
#14319=CARTESIAN_POINT('Origin',(138.389357521237,-9.44030541965342,7.8));
#14320=CARTESIAN_POINT('',(138.389357521237,-9.44030541965342,7.8));
#14321=CARTESIAN_POINT('',(138.389357521237,-10.2290586120409,7.8));
#14322=CARTESIAN_POINT('',(138.389357521237,-5.99197416361011,7.8));
#14323=CARTESIAN_POINT('',(138.389357521237,-9.44030541965342,7.3));
#14324=CARTESIAN_POINT('',(138.389357521237,-9.44030541965342,7.8));
#14325=CARTESIAN_POINT('',(138.389357521237,-10.2290586120409,7.3));
#14326=CARTESIAN_POINT('',(138.389357521237,-9.44030541965342,7.3));
#14327=CARTESIAN_POINT('',(138.389357521237,-10.2290586120409,7.8));
#14328=CARTESIAN_POINT('Origin',(134.063461376448,-9.44030541965342,7.8));
#14329=CARTESIAN_POINT('',(134.063461376448,-9.44030541965342,7.8));
#14330=CARTESIAN_POINT('',(65.7422726517739,-9.44030541965344,7.8));
#14331=CARTESIAN_POINT('',(134.063461376448,-9.44030541965342,7.3));
#14332=CARTESIAN_POINT('',(134.063461376448,-9.44030541965342,7.8));
#14333=CARTESIAN_POINT('',(134.063461376448,-9.44030541965342,7.3));
#14334=CARTESIAN_POINT('Origin',(134.063461376448,-10.2290586120409,7.8));
#14335=CARTESIAN_POINT('',(134.063461376448,-10.2290586120409,7.8));
#14336=CARTESIAN_POINT('',(134.063461376447,-6.38635075980232,7.8));
#14337=CARTESIAN_POINT('',(134.063461376448,-10.2290586120409,7.3));
#14338=CARTESIAN_POINT('',(134.063461376448,-10.2290586120409,7.8));
#14339=CARTESIAN_POINT('',(134.063461376448,-10.2290586120409,7.3));
#14340=CARTESIAN_POINT('Origin',(135.78549072588,-10.2290586120409,7.8));
#14341=CARTESIAN_POINT('',(135.78549072588,-10.2290586120409,7.8));
#14342=CARTESIAN_POINT('',(66.6032873264901,-10.229058612041,7.8));
#14343=CARTESIAN_POINT('',(135.78549072588,-10.2290586120409,7.3));
#14344=CARTESIAN_POINT('',(135.78549072588,-10.2290586120409,7.8));
#14345=CARTESIAN_POINT('',(135.78549072588,-10.2290586120409,7.3));
#14346=CARTESIAN_POINT('Origin',(135.78549072588,-17.7222145003782,7.8));
#14347=CARTESIAN_POINT('',(135.78549072588,-17.7222145003782,7.8));
#14348=CARTESIAN_POINT('',(135.78549072588,-10.1329287039725,7.8));
#14349=CARTESIAN_POINT('',(135.78549072588,-17.7222145003782,7.3));
#14350=CARTESIAN_POINT('',(135.78549072588,-17.7222145003782,7.8));
#14351=CARTESIAN_POINT('',(135.78549072588,-17.7222145003782,7.3));
#14352=CARTESIAN_POINT('Origin',(136.664877730447,-17.7222145003782,7.8));
#14353=CARTESIAN_POINT('',(136.664877730447,-17.7222145003782,7.8));
#14354=CARTESIAN_POINT('',(67.0429808287736,-17.7222145003782,7.8));
#14355=CARTESIAN_POINT('',(136.664877730447,-17.7222145003782,7.3));
#14356=CARTESIAN_POINT('',(136.664877730447,-17.7222145003782,7.8));
#14357=CARTESIAN_POINT('',(136.664877730447,-17.7222145003782,7.3));
#14358=CARTESIAN_POINT('Origin',(136.664877730447,-10.2290586120409,7.8));
#14359=CARTESIAN_POINT('',(136.664877730447,-10.2290586120409,7.8));
#14360=CARTESIAN_POINT('',(136.664877730447,-6.38635075980385,7.8));
#14361=CARTESIAN_POINT('',(136.664877730447,-10.2290586120409,7.3));
#14362=CARTESIAN_POINT('',(136.664877730447,-10.2290586120409,7.8));
#14363=CARTESIAN_POINT('',(136.664877730447,-10.2290586120409,7.3));
#14364=CARTESIAN_POINT('Origin',(138.389357521237,-10.2290586120409,7.8));
#14365=CARTESIAN_POINT('',(67.9052207241686,-10.2290586120409,7.8));
#14366=CARTESIAN_POINT('',(138.389357521237,-10.2290586120409,7.3));
#14367=CARTESIAN_POINT('Origin',(136.226409448842,-13.5812599600158,7.3));
#14368=CARTESIAN_POINT('Ctrl Pts',(160.32747275453,-17.2714992447757,7.8));
#14369=CARTESIAN_POINT('Ctrl Pts',(160.32747275453,-17.2714992447757,7.3));
#14370=CARTESIAN_POINT('Ctrl Pts',(160.124159380908,-17.465013095591,7.8));
#14371=CARTESIAN_POINT('Ctrl Pts',(160.124159380908,-17.465013095591,7.3));
#14372=CARTESIAN_POINT('Ctrl Pts',(159.866957228579,-17.5874903109856,7.8));
#14373=CARTESIAN_POINT('Ctrl Pts',(159.866957228579,-17.5874903109856,7.3));
#14374=CARTESIAN_POINT('',(160.32747275453,-17.2714992447757,7.8));
#14375=CARTESIAN_POINT('',(159.866957228579,-17.5874903109856,7.8));
#14376=CARTESIAN_POINT('Ctrl Pts',(160.32747275453,-17.2714992447757,7.8));
#14377=CARTESIAN_POINT('Ctrl Pts',(160.124159380908,-17.465013095591,7.8));
#14378=CARTESIAN_POINT('Ctrl Pts',(159.866957228579,-17.5874903109856,7.8));
#14379=CARTESIAN_POINT('',(160.32747275453,-17.2714992447757,7.3));
#14380=CARTESIAN_POINT('',(160.32747275453,-17.2714992447757,7.8));
#14381=CARTESIAN_POINT('',(159.866957228579,-17.5874903109856,7.3));
#14382=CARTESIAN_POINT('Ctrl Pts',(160.32747275453,-17.2714992447757,7.3));
#14383=CARTESIAN_POINT('Ctrl Pts',(160.124159380908,-17.465013095591,7.3));
#14384=CARTESIAN_POINT('Ctrl Pts',(159.866957228579,-17.5874903109856,7.3));
#14385=CARTESIAN_POINT('',(159.866957228579,-17.5874903109856,7.8));
#14386=CARTESIAN_POINT('Ctrl Pts',(160.677758786625,-16.8207832416317,7.8));
#14387=CARTESIAN_POINT('Ctrl Pts',(160.677758786625,-16.8207832416317,7.3));
#14388=CARTESIAN_POINT('Ctrl Pts',(160.543033849691,-17.0706370600534,7.8));
#14389=CARTESIAN_POINT('Ctrl Pts',(160.543033849691,-17.0706370600534,7.3));
#14390=CARTESIAN_POINT('Ctrl Pts',(160.32747275453,-17.2714992447757,7.8));
#14391=CARTESIAN_POINT('Ctrl Pts',(160.32747275453,-17.2714992447757,7.3));
#14392=CARTESIAN_POINT('',(160.677758786625,-16.8207832416317,7.8));
#14393=CARTESIAN_POINT('Ctrl Pts',(160.677758786625,-16.8207832416317,7.8));
#14394=CARTESIAN_POINT('Ctrl Pts',(160.543033849691,-17.0706370600534,7.8));
#14395=CARTESIAN_POINT('Ctrl Pts',(160.32747275453,-17.2714992447757,7.8));
#14396=CARTESIAN_POINT('',(160.677758786625,-16.8207832416317,7.3));
#14397=CARTESIAN_POINT('',(160.677758786625,-16.8207832416317,7.8));
#14398=CARTESIAN_POINT('Ctrl Pts',(160.677758786625,-16.8207832416317,7.3));
#14399=CARTESIAN_POINT('Ctrl Pts',(160.543033849691,-17.0706370600534,7.3));
#14400=CARTESIAN_POINT('Ctrl Pts',(160.32747275453,-17.2714992447757,7.3));
#14401=CARTESIAN_POINT('Ctrl Pts',(160.881072160247,-16.2818834938951,7.8));
#14402=CARTESIAN_POINT('Ctrl Pts',(160.881072160247,-16.2818834938951,7.3));
#14403=CARTESIAN_POINT('Ctrl Pts',(160.812483723559,-16.5635810893029,7.8));
#14404=CARTESIAN_POINT('Ctrl Pts',(160.812483723559,-16.5635810893029,7.3));
#14405=CARTESIAN_POINT('Ctrl Pts',(160.677758786625,-16.8207832416317,7.8));
#14406=CARTESIAN_POINT('Ctrl Pts',(160.677758786625,-16.8207832416317,7.3));
#14407=CARTESIAN_POINT('',(160.881072160247,-16.2818834938951,7.8));
#14408=CARTESIAN_POINT('Ctrl Pts',(160.881072160247,-16.2818834938951,7.8));
#14409=CARTESIAN_POINT('Ctrl Pts',(160.812483723559,-16.5635810893029,7.8));
#14410=CARTESIAN_POINT('Ctrl Pts',(160.677758786625,-16.8207832416317,7.8));
#14411=CARTESIAN_POINT('',(160.881072160247,-16.2818834938951,7.3));
#14412=CARTESIAN_POINT('',(160.881072160247,-16.2818834938951,7.8));
#14413=CARTESIAN_POINT('Ctrl Pts',(160.881072160247,-16.2818834938951,7.3));
#14414=CARTESIAN_POINT('Ctrl Pts',(160.812483723559,-16.5635810893029,7.3));
#14415=CARTESIAN_POINT('Ctrl Pts',(160.677758786625,-16.8207832416317,7.3));
#14416=CARTESIAN_POINT('Ctrl Pts',(160.947208660493,-15.7184883030797,7.8));
#14417=CARTESIAN_POINT('Ctrl Pts',(160.947208660493,-15.7184883030797,7.3));
#14418=CARTESIAN_POINT('Ctrl Pts',(160.947208660493,-16.0001858984874,7.8));
#14419=CARTESIAN_POINT('Ctrl Pts',(160.947208660493,-16.0001858984874,7.3));
#14420=CARTESIAN_POINT('Ctrl Pts',(160.881072160247,-16.2818834938951,7.8));
#14421=CARTESIAN_POINT('Ctrl Pts',(160.881072160247,-16.2818834938951,7.3));
#14422=CARTESIAN_POINT('',(160.947208660493,-15.7184883030797,7.8));
#14423=CARTESIAN_POINT('Ctrl Pts',(160.947208660493,-15.7184883030797,7.8));
#14424=CARTESIAN_POINT('Ctrl Pts',(160.947208660493,-16.0001858984874,7.8));
#14425=CARTESIAN_POINT('Ctrl Pts',(160.881072160247,-16.2818834938951,7.8));
#14426=CARTESIAN_POINT('',(160.947208660493,-15.7184883030797,7.3));
#14427=CARTESIAN_POINT('',(160.947208660493,-15.7184883030797,7.8));
#14428=CARTESIAN_POINT('Ctrl Pts',(160.947208660493,-15.7184883030797,7.3));
#14429=CARTESIAN_POINT('Ctrl Pts',(160.947208660493,-16.0001858984874,7.3));
#14430=CARTESIAN_POINT('Ctrl Pts',(160.881072160247,-16.2818834938951,7.3));
#14431=CARTESIAN_POINT('Ctrl Pts',(160.868824438707,-15.1428453907248,7.8));
#14432=CARTESIAN_POINT('Ctrl Pts',(160.868824438707,-15.1428453907248,7.3));
#14433=CARTESIAN_POINT('Ctrl Pts',(160.947208660493,-15.4245429861325,7.8));
#14434=CARTESIAN_POINT('Ctrl Pts',(160.947208660493,-15.4245429861325,7.3));
#14435=CARTESIAN_POINT('Ctrl Pts',(160.947208660493,-15.7184883030797,7.8));
#14436=CARTESIAN_POINT('Ctrl Pts',(160.947208660493,-15.7184883030797,7.3));
#14437=CARTESIAN_POINT('',(160.868824438707,-15.1428453907248,7.8));
#14438=CARTESIAN_POINT('Ctrl Pts',(160.868824438707,-15.1428453907248,7.8));
#14439=CARTESIAN_POINT('Ctrl Pts',(160.947208660493,-15.4245429861325,7.8));
#14440=CARTESIAN_POINT('Ctrl Pts',(160.947208660493,-15.7184883030797,7.8));
#14441=CARTESIAN_POINT('',(160.868824438707,-15.1428453907248,7.3));
#14442=CARTESIAN_POINT('',(160.868824438707,-15.1428453907248,7.8));
#14443=CARTESIAN_POINT('Ctrl Pts',(160.868824438707,-15.1428453907248,7.3));
#14444=CARTESIAN_POINT('Ctrl Pts',(160.947208660493,-15.4245429861325,7.3));
#14445=CARTESIAN_POINT('Ctrl Pts',(160.947208660493,-15.7184883030797,7.3));
#14446=CARTESIAN_POINT('Ctrl Pts',(160.665511065086,-14.601495949172,7.8));
#14447=CARTESIAN_POINT('Ctrl Pts',(160.665511065086,-14.601495949172,7.3));
#14448=CARTESIAN_POINT('Ctrl Pts',(160.80023600202,-14.861147795317,7.8));
#14449=CARTESIAN_POINT('Ctrl Pts',(160.80023600202,-14.861147795317,7.3));
#14450=CARTESIAN_POINT('Ctrl Pts',(160.868824438707,-15.1428453907248,7.8));
#14451=CARTESIAN_POINT('Ctrl Pts',(160.868824438707,-15.1428453907248,7.3));
#14452=CARTESIAN_POINT('',(160.665511065086,-14.601495949172,7.8));
#14453=CARTESIAN_POINT('Ctrl Pts',(160.665511065086,-14.601495949172,7.8));
#14454=CARTESIAN_POINT('Ctrl Pts',(160.80023600202,-14.861147795317,7.8));
#14455=CARTESIAN_POINT('Ctrl Pts',(160.868824438707,-15.1428453907248,7.8));
#14456=CARTESIAN_POINT('',(160.665511065086,-14.601495949172,7.3));
#14457=CARTESIAN_POINT('',(160.665511065086,-14.601495949172,7.8));
#14458=CARTESIAN_POINT('Ctrl Pts',(160.665511065086,-14.601495949172,7.3));
#14459=CARTESIAN_POINT('Ctrl Pts',(160.80023600202,-14.861147795317,7.3));
#14460=CARTESIAN_POINT('Ctrl Pts',(160.868824438707,-15.1428453907248,7.3));
#14461=CARTESIAN_POINT('Ctrl Pts',(160.339720476069,-14.1287341967653,7.8));
#14462=CARTESIAN_POINT('Ctrl Pts',(160.339720476069,-14.1287341967653,7.3));
#14463=CARTESIAN_POINT('Ctrl Pts',(160.530786128151,-14.3418448505686,7.8));
#14464=CARTESIAN_POINT('Ctrl Pts',(160.530786128151,-14.3418448505686,7.3));
#14465=CARTESIAN_POINT('Ctrl Pts',(160.665511065086,-14.601495949172,7.8));
#14466=CARTESIAN_POINT('Ctrl Pts',(160.665511065086,-14.601495949172,7.3));
#14467=CARTESIAN_POINT('',(160.339720476069,-14.1287341967653,7.8));
#14468=CARTESIAN_POINT('Ctrl Pts',(160.339720476069,-14.1287341967653,7.8));
#14469=CARTESIAN_POINT('Ctrl Pts',(160.530786128151,-14.3418448505686,7.8));
#14470=CARTESIAN_POINT('Ctrl Pts',(160.665511065086,-14.601495949172,7.8));
#14471=CARTESIAN_POINT('',(160.339720476069,-14.1287341967653,7.3));
#14472=CARTESIAN_POINT('',(160.339720476069,-14.1287341967653,7.8));
#14473=CARTESIAN_POINT('Ctrl Pts',(160.339720476069,-14.1287341967653,7.3));
#14474=CARTESIAN_POINT('Ctrl Pts',(160.530786128151,-14.3418448505686,7.3));
#14475=CARTESIAN_POINT('Ctrl Pts',(160.665511065086,-14.601495949172,7.3));
#14476=CARTESIAN_POINT('Ctrl Pts',(159.911050222188,-13.7343574136861,7.8));
#14477=CARTESIAN_POINT('Ctrl Pts',(159.911050222188,-13.7343574136861,7.3));
#14478=CARTESIAN_POINT('Ctrl Pts',(160.148654823987,-13.9156235429619,7.8));
#14479=CARTESIAN_POINT('Ctrl Pts',(160.148654823987,-13.9156235429619,7.3));
#14480=CARTESIAN_POINT('Ctrl Pts',(160.339720476069,-14.1287341967653,7.8));
#14481=CARTESIAN_POINT('Ctrl Pts',(160.339720476069,-14.1287341967653,7.3));
#14482=CARTESIAN_POINT('',(159.911050222188,-13.7343574136861,7.8));
#14483=CARTESIAN_POINT('Ctrl Pts',(159.911050222188,-13.7343574136861,7.8));
#14484=CARTESIAN_POINT('Ctrl Pts',(160.148654823987,-13.9156235429619,7.8));
#14485=CARTESIAN_POINT('Ctrl Pts',(160.339720476069,-14.1287341967653,7.8));
#14486=CARTESIAN_POINT('',(159.911050222188,-13.7343574136861,7.3));
#14487=CARTESIAN_POINT('',(159.911050222188,-13.7343574136861,7.8));
#14488=CARTESIAN_POINT('Ctrl Pts',(159.911050222188,-13.7343574136861,7.3));
#14489=CARTESIAN_POINT('Ctrl Pts',(160.148654823987,-13.9156235429619,7.3));
#14490=CARTESIAN_POINT('Ctrl Pts',(160.339720476069,-14.1287341967653,7.3));
#14491=CARTESIAN_POINT('Ctrl Pts',(159.426039253158,-13.408568319753,7.8));
#14492=CARTESIAN_POINT('Ctrl Pts',(159.426039253158,-13.408568319753,7.3));
#14493=CARTESIAN_POINT('Ctrl Pts',(159.685690351762,-13.5530912844103,7.8));
#14494=CARTESIAN_POINT('Ctrl Pts',(159.685690351762,-13.5530912844103,7.3));
#14495=CARTESIAN_POINT('Ctrl Pts',(159.911050222188,-13.7343574136861,7.8));
#14496=CARTESIAN_POINT('Ctrl Pts',(159.911050222188,-13.7343574136861,7.3));
#14497=CARTESIAN_POINT('',(159.426039253158,-13.408568319753,7.8));
#14498=CARTESIAN_POINT('Ctrl Pts',(159.426039253158,-13.408568319753,7.8));
#14499=CARTESIAN_POINT('Ctrl Pts',(159.685690351762,-13.5530912844103,7.8));
#14500=CARTESIAN_POINT('Ctrl Pts',(159.911050222188,-13.7343574136861,7.8));
#14501=CARTESIAN_POINT('',(159.426039253158,-13.408568319753,7.3));
#14502=CARTESIAN_POINT('',(159.426039253158,-13.408568319753,7.8));
#14503=CARTESIAN_POINT('Ctrl Pts',(159.426039253158,-13.408568319753,7.3));
#14504=CARTESIAN_POINT('Ctrl Pts',(159.685690351762,-13.5530912844103,7.3));
#14505=CARTESIAN_POINT('Ctrl Pts',(159.911050222188,-13.7343574136861,7.3));
#14506=CARTESIAN_POINT('Ctrl Pts',(158.918984777491,-13.1366687520685,7.8));
#14507=CARTESIAN_POINT('Ctrl Pts',(158.918984777491,-13.1366687520685,7.3));
#14508=CARTESIAN_POINT('Ctrl Pts',(159.178635876095,-13.2615956612794,7.8));
#14509=CARTESIAN_POINT('Ctrl Pts',(159.178635876095,-13.2615956612794,7.3));
#14510=CARTESIAN_POINT('Ctrl Pts',(159.426039253158,-13.408568319753,7.8));
#14511=CARTESIAN_POINT('Ctrl Pts',(159.426039253158,-13.408568319753,7.3));
#14512=CARTESIAN_POINT('',(158.918984777491,-13.1366687520685,7.8));
#14513=CARTESIAN_POINT('Ctrl Pts',(158.918984777491,-13.1366687520685,7.8));
#14514=CARTESIAN_POINT('Ctrl Pts',(159.178635876095,-13.2615956612794,7.8));
#14515=CARTESIAN_POINT('Ctrl Pts',(159.426039253158,-13.408568319753,7.8));
#14516=CARTESIAN_POINT('',(158.918984777491,-13.1366687520685,7.3));
#14517=CARTESIAN_POINT('',(158.918984777491,-13.1366687520685,7.8));
#14518=CARTESIAN_POINT('Ctrl Pts',(158.918984777491,-13.1366687520685,7.3));
#14519=CARTESIAN_POINT('Ctrl Pts',(159.178635876095,-13.2615956612794,7.3));
#14520=CARTESIAN_POINT('Ctrl Pts',(159.426039253158,-13.408568319753,7.3));
#14521=CARTESIAN_POINT('Ctrl Pts',(158.411930301824,-12.8549711566607,7.8));
#14522=CARTESIAN_POINT('Ctrl Pts',(158.411930301824,-12.8549711566607,7.3));
#14523=CARTESIAN_POINT('Ctrl Pts',(158.659333678888,-13.0019438151343,7.8));
#14524=CARTESIAN_POINT('Ctrl Pts',(158.659333678888,-13.0019438151343,7.3));
#14525=CARTESIAN_POINT('Ctrl Pts',(158.918984777491,-13.1366687520685,7.8));
#14526=CARTESIAN_POINT('Ctrl Pts',(158.918984777491,-13.1366687520685,7.3));
#14527=CARTESIAN_POINT('',(158.411930301824,-12.8549711566607,7.8));
#14528=CARTESIAN_POINT('Ctrl Pts',(158.411930301824,-12.8549711566607,7.8));
#14529=CARTESIAN_POINT('Ctrl Pts',(158.659333678888,-13.0019438151343,7.8));
#14530=CARTESIAN_POINT('Ctrl Pts',(158.918984777491,-13.1366687520685,7.8));
#14531=CARTESIAN_POINT('',(158.411930301824,-12.8549711566607,7.3));
#14532=CARTESIAN_POINT('',(158.411930301824,-12.8549711566607,7.8));
#14533=CARTESIAN_POINT('Ctrl Pts',(158.411930301824,-12.8549711566607,7.3));
#14534=CARTESIAN_POINT('Ctrl Pts',(158.659333678888,-13.0019438151343,7.3));
#14535=CARTESIAN_POINT('Ctrl Pts',(158.918984777491,-13.1366687520685,7.3));
#14536=CARTESIAN_POINT('Ctrl Pts',(157.961213551138,-12.4948878443838,7.8));
#14537=CARTESIAN_POINT('Ctrl Pts',(157.961213551138,-12.4948878443838,7.3));
#14538=CARTESIAN_POINT('Ctrl Pts',(158.16452692476,-12.7079984981872,7.8));
#14539=CARTESIAN_POINT('Ctrl Pts',(158.16452692476,-12.7079984981872,7.3));
#14540=CARTESIAN_POINT('Ctrl Pts',(158.411930301824,-12.8549711566607,7.8));
#14541=CARTESIAN_POINT('Ctrl Pts',(158.411930301824,-12.8549711566607,7.3));
#14542=CARTESIAN_POINT('',(157.961213551138,-12.4948878443838,7.8));
#14543=CARTESIAN_POINT('Ctrl Pts',(157.961213551138,-12.4948878443838,7.8));
#14544=CARTESIAN_POINT('Ctrl Pts',(158.16452692476,-12.7079984981872,7.8));
#14545=CARTESIAN_POINT('Ctrl Pts',(158.411930301824,-12.8549711566607,7.8));
#14546=CARTESIAN_POINT('',(157.961213551138,-12.4948878443838,7.3));
#14547=CARTESIAN_POINT('',(157.961213551138,-12.4948878443838,7.8));
#14548=CARTESIAN_POINT('Ctrl Pts',(157.961213551138,-12.4948878443838,7.3));
#14549=CARTESIAN_POINT('Ctrl Pts',(158.16452692476,-12.7079984981872,7.3));
#14550=CARTESIAN_POINT('Ctrl Pts',(158.411930301824,-12.8549711566607,7.3));
#14551=CARTESIAN_POINT('Ctrl Pts',(157.645221737387,-12.0098779966668,7.8));
#14552=CARTESIAN_POINT('Ctrl Pts',(157.645221737387,-12.0098779966668,7.3));
#14553=CARTESIAN_POINT('Ctrl Pts',(157.757900177516,-12.2817771905804,7.8));
#14554=CARTESIAN_POINT('Ctrl Pts',(157.757900177516,-12.2817771905804,7.3));
#14555=CARTESIAN_POINT('Ctrl Pts',(157.961213551138,-12.4948878443838,7.8));
#14556=CARTESIAN_POINT('Ctrl Pts',(157.961213551138,-12.4948878443838,7.3));
#14557=CARTESIAN_POINT('',(157.645221737387,-12.0098779966668,7.8));
#14558=CARTESIAN_POINT('Ctrl Pts',(157.645221737387,-12.0098779966668,7.8));
#14559=CARTESIAN_POINT('Ctrl Pts',(157.757900177516,-12.2817771905804,7.8));
#14560=CARTESIAN_POINT('Ctrl Pts',(157.961213551138,-12.4948878443838,7.8));
#14561=CARTESIAN_POINT('',(157.645221737387,-12.0098779966668,7.3));
#14562=CARTESIAN_POINT('',(157.645221737387,-12.0098779966668,7.8));
#14563=CARTESIAN_POINT('Ctrl Pts',(157.645221737387,-12.0098779966668,7.3));
#14564=CARTESIAN_POINT('Ctrl Pts',(157.757900177516,-12.2817771905804,7.3));
#14565=CARTESIAN_POINT('Ctrl Pts',(157.961213551138,-12.4948878443838,7.3));
#14566=CARTESIAN_POINT('Ctrl Pts',(157.532543297257,-11.4464828058513,7.8));
#14567=CARTESIAN_POINT('Ctrl Pts',(157.532543297257,-11.4464828058513,7.3));
#14568=CARTESIAN_POINT('Ctrl Pts',(157.532543297257,-11.7404281227985,7.8));
#14569=CARTESIAN_POINT('Ctrl Pts',(157.532543297257,-11.7404281227985,7.3));
#14570=CARTESIAN_POINT('Ctrl Pts',(157.645221737387,-12.0098779966668,7.8));
#14571=CARTESIAN_POINT('Ctrl Pts',(157.645221737387,-12.0098779966668,7.3));
#14572=CARTESIAN_POINT('',(157.532543297257,-11.4464828058513,7.8));
#14573=CARTESIAN_POINT('Ctrl Pts',(157.532543297257,-11.4464828058513,7.8));
#14574=CARTESIAN_POINT('Ctrl Pts',(157.532543297257,-11.7404281227985,7.8));
#14575=CARTESIAN_POINT('Ctrl Pts',(157.645221737387,-12.0098779966668,7.8));
#14576=CARTESIAN_POINT('',(157.532543297257,-11.4464828058513,7.3));
#14577=CARTESIAN_POINT('',(157.532543297257,-11.4464828058513,7.8));
#14578=CARTESIAN_POINT('Ctrl Pts',(157.532543297257,-11.4464828058513,7.3));
#14579=CARTESIAN_POINT('Ctrl Pts',(157.532543297257,-11.7404281227985,7.3));
#14580=CARTESIAN_POINT('Ctrl Pts',(157.645221737387,-12.0098779966668,7.3));
#14581=CARTESIAN_POINT('Ctrl Pts',(157.613379455484,-10.9394272088716,7.8));
#14582=CARTESIAN_POINT('Ctrl Pts',(157.613379455484,-10.9394272088716,7.3));
#14583=CARTESIAN_POINT('Ctrl Pts',(157.532543297257,-11.1868313334771,7.8));
#14584=CARTESIAN_POINT('Ctrl Pts',(157.532543297257,-11.1868313334771,7.3));
#14585=CARTESIAN_POINT('Ctrl Pts',(157.532543297257,-11.4464828058513,7.8));
#14586=CARTESIAN_POINT('Ctrl Pts',(157.532543297257,-11.4464828058513,7.3));
#14587=CARTESIAN_POINT('',(157.613379455484,-10.9394272088716,7.8));
#14588=CARTESIAN_POINT('Ctrl Pts',(157.613379455484,-10.9394272088716,7.8));
#14589=CARTESIAN_POINT('Ctrl Pts',(157.532543297257,-11.1868313334771,7.8));
#14590=CARTESIAN_POINT('Ctrl Pts',(157.532543297257,-11.4464828058513,7.8));
#14591=CARTESIAN_POINT('',(157.613379455484,-10.9394272088716,7.3));
#14592=CARTESIAN_POINT('',(157.613379455484,-10.9394272088716,7.8));
#14593=CARTESIAN_POINT('Ctrl Pts',(157.613379455484,-10.9394272088716,7.3));
#14594=CARTESIAN_POINT('Ctrl Pts',(157.532543297257,-11.1868313334771,7.3));
#14595=CARTESIAN_POINT('Ctrl Pts',(157.532543297257,-11.4464828058513,7.3));
#14596=CARTESIAN_POINT('Ctrl Pts',(157.860782832548,-10.5107569549902,7.8));
#14597=CARTESIAN_POINT('Ctrl Pts',(157.860782832548,-10.5107569549902,7.3));
#14598=CARTESIAN_POINT('Ctrl Pts',(157.69176367727,-10.692023084266,7.8));
#14599=CARTESIAN_POINT('Ctrl Pts',(157.69176367727,-10.692023084266,7.3));
#14600=CARTESIAN_POINT('Ctrl Pts',(157.613379455484,-10.9394272088716,7.8));
#14601=CARTESIAN_POINT('Ctrl Pts',(157.613379455484,-10.9394272088716,7.3));
#14602=CARTESIAN_POINT('',(157.860782832548,-10.5107569549902,7.8));
#14603=CARTESIAN_POINT('Ctrl Pts',(157.860782832548,-10.5107569549902,7.8));
#14604=CARTESIAN_POINT('Ctrl Pts',(157.69176367727,-10.692023084266,7.8));
#14605=CARTESIAN_POINT('Ctrl Pts',(157.613379455484,-10.9394272088716,7.8));
#14606=CARTESIAN_POINT('',(157.860782832548,-10.5107569549902,7.3));
#14607=CARTESIAN_POINT('',(157.860782832548,-10.5107569549902,7.8));
#14608=CARTESIAN_POINT('Ctrl Pts',(157.860782832548,-10.5107569549902,7.3));
#14609=CARTESIAN_POINT('Ctrl Pts',(157.69176367727,-10.692023084266,7.3));
#14610=CARTESIAN_POINT('Ctrl Pts',(157.613379455484,-10.9394272088716,7.3));
#14611=CARTESIAN_POINT('Ctrl Pts',(158.27720536489,-10.2290593595825,7.8));
#14612=CARTESIAN_POINT('Ctrl Pts',(158.27720536489,-10.2290593595825,7.3));
#14613=CARTESIAN_POINT('Ctrl Pts',(158.029801987826,-10.3196924242204,7.8));
#14614=CARTESIAN_POINT('Ctrl Pts',(158.029801987826,-10.3196924242204,7.3));
#14615=CARTESIAN_POINT('Ctrl Pts',(157.860782832548,-10.5107569549902,7.8));
#14616=CARTESIAN_POINT('Ctrl Pts',(157.860782832548,-10.5107569549902,7.3));
#14617=CARTESIAN_POINT('',(158.27720536489,-10.2290593595825,7.8));
#14618=CARTESIAN_POINT('Ctrl Pts',(158.27720536489,-10.2290593595825,7.8));
#14619=CARTESIAN_POINT('Ctrl Pts',(158.029801987826,-10.3196924242204,7.8));
#14620=CARTESIAN_POINT('Ctrl Pts',(157.860782832548,-10.5107569549902,7.8));
#14621=CARTESIAN_POINT('',(158.27720536489,-10.2290593595825,7.3));
#14622=CARTESIAN_POINT('',(158.27720536489,-10.2290593595825,7.8));
#14623=CARTESIAN_POINT('Ctrl Pts',(158.27720536489,-10.2290593595825,7.3));
#14624=CARTESIAN_POINT('Ctrl Pts',(158.029801987826,-10.3196924242204,7.3));
#14625=CARTESIAN_POINT('Ctrl Pts',(157.860782832548,-10.5107569549902,7.3));
#14626=CARTESIAN_POINT('Ctrl Pts',(158.772012119018,-10.14087561499,7.8));
#14627=CARTESIAN_POINT('Ctrl Pts',(158.772012119018,-10.14087561499,7.3));
#14628=CARTESIAN_POINT('Ctrl Pts',(158.524608741954,-10.14087561499,7.8));
#14629=CARTESIAN_POINT('Ctrl Pts',(158.524608741954,-10.14087561499,7.3));
#14630=CARTESIAN_POINT('Ctrl Pts',(158.27720536489,-10.2290593595825,7.8));
#14631=CARTESIAN_POINT('Ctrl Pts',(158.27720536489,-10.2290593595825,7.3));
#14632=CARTESIAN_POINT('',(158.772012119018,-10.14087561499,7.8));
#14633=CARTESIAN_POINT('Ctrl Pts',(158.772012119018,-10.14087561499,7.8));
#14634=CARTESIAN_POINT('Ctrl Pts',(158.524608741954,-10.14087561499,7.8));
#14635=CARTESIAN_POINT('Ctrl Pts',(158.27720536489,-10.2290593595825,7.8));
#14636=CARTESIAN_POINT('',(158.772012119018,-10.14087561499,7.3));
#14637=CARTESIAN_POINT('',(158.772012119018,-10.14087561499,7.8));
#14638=CARTESIAN_POINT('Ctrl Pts',(158.772012119018,-10.14087561499,7.3));
#14639=CARTESIAN_POINT('Ctrl Pts',(158.524608741954,-10.14087561499,7.3));
#14640=CARTESIAN_POINT('Ctrl Pts',(158.27720536489,-10.2290593595825,7.3));
#14641=CARTESIAN_POINT('Ctrl Pts',(159.257023088047,-10.2290593595825,7.8));
#14642=CARTESIAN_POINT('Ctrl Pts',(159.257023088047,-10.2290593595825,7.3));
#14643=CARTESIAN_POINT('Ctrl Pts',(159.021867432522,-10.14087561499,7.8));
#14644=CARTESIAN_POINT('Ctrl Pts',(159.021867432522,-10.14087561499,7.3));
#14645=CARTESIAN_POINT('Ctrl Pts',(158.772012119018,-10.14087561499,7.8));
#14646=CARTESIAN_POINT('Ctrl Pts',(158.772012119018,-10.14087561499,7.3));
#14647=CARTESIAN_POINT('',(159.257023088047,-10.2290593595825,7.8));
#14648=CARTESIAN_POINT('Ctrl Pts',(159.257023088047,-10.2290593595825,7.8));
#14649=CARTESIAN_POINT('Ctrl Pts',(159.021867432522,-10.14087561499,7.8));
#14650=CARTESIAN_POINT('Ctrl Pts',(158.772012119018,-10.14087561499,7.8));
#14651=CARTESIAN_POINT('',(159.257023088047,-10.2290593595825,7.3));
#14652=CARTESIAN_POINT('',(159.257023088047,-10.2290593595825,7.8));
#14653=CARTESIAN_POINT('Ctrl Pts',(159.257023088047,-10.2290593595825,7.3));
#14654=CARTESIAN_POINT('Ctrl Pts',(159.021867432522,-10.14087561499,7.3));
#14655=CARTESIAN_POINT('Ctrl Pts',(158.772012119018,-10.14087561499,7.3));
#14656=CARTESIAN_POINT('Ctrl Pts',(159.673445620389,-10.500958927267,7.8));
#14657=CARTESIAN_POINT('Ctrl Pts',(159.673445620389,-10.500958927267,7.3));
#14658=CARTESIAN_POINT('Ctrl Pts',(159.504426465111,-10.3098943964971,7.8));
#14659=CARTESIAN_POINT('Ctrl Pts',(159.504426465111,-10.3098943964971,7.3));
#14660=CARTESIAN_POINT('Ctrl Pts',(159.257023088047,-10.2290593595825,7.8));
#14661=CARTESIAN_POINT('Ctrl Pts',(159.257023088047,-10.2290593595825,7.3));
#14662=CARTESIAN_POINT('',(159.673445620389,-10.500958927267,7.8));
#14663=CARTESIAN_POINT('Ctrl Pts',(159.673445620389,-10.500958927267,7.8));
#14664=CARTESIAN_POINT('Ctrl Pts',(159.504426465111,-10.3098943964971,7.8));
#14665=CARTESIAN_POINT('Ctrl Pts',(159.257023088047,-10.2290593595825,7.8));
#14666=CARTESIAN_POINT('',(159.673445620389,-10.500958927267,7.3));
#14667=CARTESIAN_POINT('',(159.673445620389,-10.500958927267,7.8));
#14668=CARTESIAN_POINT('Ctrl Pts',(159.673445620389,-10.500958927267,7.3));
#14669=CARTESIAN_POINT('Ctrl Pts',(159.504426465111,-10.3098943964971,7.3));
#14670=CARTESIAN_POINT('Ctrl Pts',(159.257023088047,-10.2290593595825,7.3));
#14671=CARTESIAN_POINT('Ctrl Pts',(159.923297943727,-10.9296291811483,7.8));
#14672=CARTESIAN_POINT('Ctrl Pts',(159.923297943727,-10.9296291811483,7.3));
#14673=CARTESIAN_POINT('Ctrl Pts',(159.8424617855,-10.6797757364973,7.8));
#14674=CARTESIAN_POINT('Ctrl Pts',(159.8424617855,-10.6797757364973,7.3));
#14675=CARTESIAN_POINT('Ctrl Pts',(159.673445620389,-10.500958927267,7.8));
#14676=CARTESIAN_POINT('Ctrl Pts',(159.673445620389,-10.500958927267,7.3));
#14677=CARTESIAN_POINT('',(159.923297943727,-10.9296291811483,7.8));
#14678=CARTESIAN_POINT('Ctrl Pts',(159.923297943727,-10.9296291811483,7.8));
#14679=CARTESIAN_POINT('Ctrl Pts',(159.8424617855,-10.6797757364973,7.8));
#14680=CARTESIAN_POINT('Ctrl Pts',(159.673445620389,-10.500958927267,7.8));
#14681=CARTESIAN_POINT('',(159.923297943727,-10.9296291811483,7.3));
#14682=CARTESIAN_POINT('',(159.923297943727,-10.9296291811483,7.8));
#14683=CARTESIAN_POINT('Ctrl Pts',(159.923297943727,-10.9296291811483,7.3));
#14684=CARTESIAN_POINT('Ctrl Pts',(159.8424617855,-10.6797757364973,7.3));
#14685=CARTESIAN_POINT('Ctrl Pts',(159.673445620389,-10.500958927267,7.3));
#14686=CARTESIAN_POINT('Ctrl Pts',(160.001682165513,-11.4121893350491,7.8));
#14687=CARTESIAN_POINT('Ctrl Pts',(160.001682165513,-11.4121893350491,7.3));
#14688=CARTESIAN_POINT('Ctrl Pts',(160.001682165513,-11.1647852104436,7.8));
#14689=CARTESIAN_POINT('Ctrl Pts',(160.001682165513,-11.1647852104436,7.3));
#14690=CARTESIAN_POINT('Ctrl Pts',(159.923297943727,-10.9296291811483,7.8));
#14691=CARTESIAN_POINT('Ctrl Pts',(159.923297943727,-10.9296291811483,7.3));
#14692=CARTESIAN_POINT('',(160.001682165513,-11.4121893350491,7.8));
#14693=CARTESIAN_POINT('Ctrl Pts',(160.001682165513,-11.4121893350491,7.8));
#14694=CARTESIAN_POINT('Ctrl Pts',(160.001682165513,-11.1647852104436,7.8));
#14695=CARTESIAN_POINT('Ctrl Pts',(159.923297943727,-10.9296291811483,7.8));
#14696=CARTESIAN_POINT('',(160.001682165513,-11.4121893350491,7.3));
#14697=CARTESIAN_POINT('',(160.001682165513,-11.4121893350491,7.8));
#14698=CARTESIAN_POINT('Ctrl Pts',(160.001682165513,-11.4121893350491,7.3));
#14699=CARTESIAN_POINT('Ctrl Pts',(160.001682165513,-11.1647852104436,7.3));
#14700=CARTESIAN_POINT('Ctrl Pts',(159.923297943727,-10.9296291811483,7.3));
#14701=CARTESIAN_POINT('Origin',(160.001682165513,-11.4685289288848,7.8));
#14702=CARTESIAN_POINT('',(160.001682165513,-11.4685289288848,7.8));
#14703=CARTESIAN_POINT('',(160.001682165513,-7.00608591822582,7.8));
#14704=CARTESIAN_POINT('',(160.001682165513,-11.4685289288848,7.3));
#14705=CARTESIAN_POINT('',(160.001682165513,-11.4685289288848,7.8));
#14706=CARTESIAN_POINT('',(160.001682165513,-11.4685289288848,7.3));
#14707=CARTESIAN_POINT('Origin',(160.88106917008,-11.4685289288848,7.8));
#14708=CARTESIAN_POINT('',(160.88106917008,-11.4685289288848,7.8));
#14709=CARTESIAN_POINT('',(79.1510765485903,-11.4685289288846,7.8));
#14710=CARTESIAN_POINT('',(160.88106917008,-11.4685289288848,7.3));
#14711=CARTESIAN_POINT('',(160.88106917008,-11.4685289288848,7.8));
#14712=CARTESIAN_POINT('',(160.88106917008,-11.4685289288848,7.3));
#14713=CARTESIAN_POINT('Origin',(160.88106917008,-11.3901435857864,7.8));
#14714=CARTESIAN_POINT('',(160.88106917008,-11.3901435857864,7.8));
#14715=CARTESIAN_POINT('',(160.88106917008,-6.9668932466766,7.8));
#14716=CARTESIAN_POINT('',(160.88106917008,-11.3901435857864,7.3));
#14717=CARTESIAN_POINT('',(160.88106917008,-11.3901435857864,7.8));
#14718=CARTESIAN_POINT('',(160.88106917008,-11.3901435857864,7.3));
#14719=CARTESIAN_POINT('Ctrl Pts',(160.812480733393,-10.8389961165104,7.8));
#14720=CARTESIAN_POINT('Ctrl Pts',(160.812480733393,-10.8389961165104,7.3));
#14721=CARTESIAN_POINT('Ctrl Pts',(160.88106917008,-11.1084459903787,7.8));
#14722=CARTESIAN_POINT('Ctrl Pts',(160.88106917008,-11.1084459903787,7.3));
#14723=CARTESIAN_POINT('Ctrl Pts',(160.88106917008,-11.3901435857864,7.8));
#14724=CARTESIAN_POINT('Ctrl Pts',(160.88106917008,-11.3901435857864,7.3));
#14725=CARTESIAN_POINT('',(160.812480733393,-10.8389961165104,7.8));
#14726=CARTESIAN_POINT('Ctrl Pts',(160.812480733393,-10.8389961165104,7.8));
#14727=CARTESIAN_POINT('Ctrl Pts',(160.88106917008,-11.1084459903787,7.8));
#14728=CARTESIAN_POINT('Ctrl Pts',(160.88106917008,-11.3901435857864,7.8));
#14729=CARTESIAN_POINT('',(160.812480733393,-10.8389961165104,7.3));
#14730=CARTESIAN_POINT('',(160.812480733393,-10.8389961165104,7.8));
#14731=CARTESIAN_POINT('Ctrl Pts',(160.812480733393,-10.8389961165104,7.3));
#14732=CARTESIAN_POINT('Ctrl Pts',(160.88106917008,-11.1084459903787,7.3));
#14733=CARTESIAN_POINT('Ctrl Pts',(160.88106917008,-11.3901435857864,7.3));
#14734=CARTESIAN_POINT('Ctrl Pts',(160.621415081311,-10.3319405195307,7.8));
#14735=CARTESIAN_POINT('Ctrl Pts',(160.621415081311,-10.3319405195307,7.3));
#14736=CARTESIAN_POINT('Ctrl Pts',(160.756140018245,-10.5670969225967,7.8));
#14737=CARTESIAN_POINT('Ctrl Pts',(160.756140018245,-10.5670969225967,7.3));
#14738=CARTESIAN_POINT('Ctrl Pts',(160.812480733393,-10.8389961165104,7.8));
#14739=CARTESIAN_POINT('Ctrl Pts',(160.812480733393,-10.8389961165104,7.3));
#14740=CARTESIAN_POINT('',(160.621415081311,-10.3319405195307,7.8));
#14741=CARTESIAN_POINT('Ctrl Pts',(160.621415081311,-10.3319405195307,7.8));
#14742=CARTESIAN_POINT('Ctrl Pts',(160.756140018245,-10.5670969225967,7.8));
#14743=CARTESIAN_POINT('Ctrl Pts',(160.812480733393,-10.8389961165104,7.8));
#14744=CARTESIAN_POINT('',(160.621415081311,-10.3319405195307,7.3));
#14745=CARTESIAN_POINT('',(160.621415081311,-10.3319405195307,7.8));
#14746=CARTESIAN_POINT('Ctrl Pts',(160.621415081311,-10.3319405195307,7.3));
#14747=CARTESIAN_POINT('Ctrl Pts',(160.756140018245,-10.5670969225967,7.3));
#14748=CARTESIAN_POINT('Ctrl Pts',(160.812480733393,-10.8389961165104,7.3));
#14749=CARTESIAN_POINT('Ctrl Pts',(160.29317554602,-9.89102254410986,7.8));
#14750=CARTESIAN_POINT('Ctrl Pts',(160.29317554602,-9.89102254410986,7.3));
#14751=CARTESIAN_POINT('Ctrl Pts',(160.496488919641,-10.0845363949251,7.8));
#14752=CARTESIAN_POINT('Ctrl Pts',(160.496488919641,-10.0845363949251,7.3));
#14753=CARTESIAN_POINT('Ctrl Pts',(160.621415081311,-10.3319405195307,7.8));
#14754=CARTESIAN_POINT('Ctrl Pts',(160.621415081311,-10.3319405195307,7.3));
#14755=CARTESIAN_POINT('',(160.29317554602,-9.89102254410986,7.8));
#14756=CARTESIAN_POINT('Ctrl Pts',(160.29317554602,-9.89102254410986,7.8));
#14757=CARTESIAN_POINT('Ctrl Pts',(160.496488919641,-10.0845363949251,7.8));
#14758=CARTESIAN_POINT('Ctrl Pts',(160.621415081311,-10.3319405195307,7.8));
#14759=CARTESIAN_POINT('',(160.29317554602,-9.89102254410986,7.3));
#14760=CARTESIAN_POINT('',(160.29317554602,-9.89102254410986,7.8));
#14761=CARTESIAN_POINT('Ctrl Pts',(160.29317554602,-9.89102254410986,7.3));
#14762=CARTESIAN_POINT('Ctrl Pts',(160.496488919641,-10.0845363949251,7.3));
#14763=CARTESIAN_POINT('Ctrl Pts',(160.621415081311,-10.3319405195307,7.3));
#14764=CARTESIAN_POINT('Ctrl Pts',(159.842458795334,-9.56523307640589,7.8));
#14765=CARTESIAN_POINT('Ctrl Pts',(159.842458795334,-9.56523307640589,7.3));
#14766=CARTESIAN_POINT('Ctrl Pts',(160.092311118672,-9.69015998561677,7.8));
#14767=CARTESIAN_POINT('Ctrl Pts',(160.092311118672,-9.69015998561677,7.3));
#14768=CARTESIAN_POINT('Ctrl Pts',(160.29317554602,-9.89102254410986,7.8));
#14769=CARTESIAN_POINT('Ctrl Pts',(160.29317554602,-9.89102254410986,7.3));
#14770=CARTESIAN_POINT('',(159.842458795334,-9.56523307640589,7.8));
#14771=CARTESIAN_POINT('Ctrl Pts',(159.842458795334,-9.56523307640589,7.8));
#14772=CARTESIAN_POINT('Ctrl Pts',(160.092311118672,-9.69015998561677,7.8));
#14773=CARTESIAN_POINT('Ctrl Pts',(160.29317554602,-9.89102254410986,7.8));
#14774=CARTESIAN_POINT('',(159.842458795334,-9.56523307640589,7.3));
#14775=CARTESIAN_POINT('',(159.842458795334,-9.56523307640589,7.8));
#14776=CARTESIAN_POINT('Ctrl Pts',(159.842458795334,-9.56523307640589,7.3));
#14777=CARTESIAN_POINT('Ctrl Pts',(160.092311118672,-9.69015998561677,7.3));
#14778=CARTESIAN_POINT('Ctrl Pts',(160.29317554602,-9.89102254410986,7.3));
#14779=CARTESIAN_POINT('Ctrl Pts',(159.325605544402,-9.39621466866958,7.8));
#14780=CARTESIAN_POINT('Ctrl Pts',(159.325605544402,-9.39621466866958,7.3));
#14781=CARTESIAN_POINT('Ctrl Pts',(159.59505541827,-9.44030654096581,7.8));
#14782=CARTESIAN_POINT('Ctrl Pts',(159.59505541827,-9.44030654096581,7.3));
#14783=CARTESIAN_POINT('Ctrl Pts',(159.842458795334,-9.56523307640589,7.8));
#14784=CARTESIAN_POINT('Ctrl Pts',(159.842458795334,-9.56523307640589,7.3));
#14785=CARTESIAN_POINT('',(159.325605544402,-9.39621466866958,7.8));
#14786=CARTESIAN_POINT('Ctrl Pts',(159.325605544402,-9.39621466866958,7.8));
#14787=CARTESIAN_POINT('Ctrl Pts',(159.59505541827,-9.44030654096581,7.8));
#14788=CARTESIAN_POINT('Ctrl Pts',(159.842458795334,-9.56523307640589,7.8));
#14789=CARTESIAN_POINT('',(159.325605544402,-9.39621466866958,7.3));
#14790=CARTESIAN_POINT('',(159.325605544402,-9.39621466866958,7.8));
#14791=CARTESIAN_POINT('Ctrl Pts',(159.325605544402,-9.39621466866958,7.3));
#14792=CARTESIAN_POINT('Ctrl Pts',(159.59505541827,-9.44030654096581,7.3));
#14793=CARTESIAN_POINT('Ctrl Pts',(159.842458795334,-9.56523307640589,7.3));
#14794=CARTESIAN_POINT('Ctrl Pts',(158.772009128851,-9.35212279637333,7.8));
#14795=CARTESIAN_POINT('Ctrl Pts',(158.772009128851,-9.35212279637333,7.3));
#14796=CARTESIAN_POINT('Ctrl Pts',(159.053706724259,-9.35212279637333,7.8));
#14797=CARTESIAN_POINT('Ctrl Pts',(159.053706724259,-9.35212279637333,7.3));
#14798=CARTESIAN_POINT('Ctrl Pts',(159.325605544402,-9.39621466866958,7.8));
#14799=CARTESIAN_POINT('Ctrl Pts',(159.325605544402,-9.39621466866958,7.3));
#14800=CARTESIAN_POINT('',(158.772009128851,-9.35212279637333,7.8));
#14801=CARTESIAN_POINT('Ctrl Pts',(158.772009128851,-9.35212279637333,7.8));
#14802=CARTESIAN_POINT('Ctrl Pts',(159.053706724259,-9.35212279637333,7.8));
#14803=CARTESIAN_POINT('Ctrl Pts',(159.325605544402,-9.39621466866958,7.8));
#14804=CARTESIAN_POINT('',(158.772009128851,-9.35212279637333,7.3));
#14805=CARTESIAN_POINT('',(158.772009128851,-9.35212279637333,7.8));
#14806=CARTESIAN_POINT('Ctrl Pts',(158.772009128851,-9.35212279637333,7.3));
#14807=CARTESIAN_POINT('Ctrl Pts',(159.053706724259,-9.35212279637333,7.3));
#14808=CARTESIAN_POINT('Ctrl Pts',(159.325605544402,-9.39621466866958,7.3));
#14809=CARTESIAN_POINT('Ctrl Pts',(158.208613938036,-9.40846239020904,7.8));
#14810=CARTESIAN_POINT('Ctrl Pts',(158.208613938036,-9.40846239020904,7.3));
#14811=CARTESIAN_POINT('Ctrl Pts',(158.490311533443,-9.35212279637333,7.8));
#14812=CARTESIAN_POINT('Ctrl Pts',(158.490311533443,-9.35212279637333,7.3));
#14813=CARTESIAN_POINT('Ctrl Pts',(158.772009128851,-9.35212279637333,7.8));
#14814=CARTESIAN_POINT('Ctrl Pts',(158.772009128851,-9.35212279637333,7.3));
#14815=CARTESIAN_POINT('',(158.208613938036,-9.40846239020904,7.8));
#14816=CARTESIAN_POINT('Ctrl Pts',(158.208613938036,-9.40846239020904,7.8));
#14817=CARTESIAN_POINT('Ctrl Pts',(158.490311533443,-9.35212279637333,7.8));
#14818=CARTESIAN_POINT('Ctrl Pts',(158.772009128851,-9.35212279637333,7.8));
#14819=CARTESIAN_POINT('',(158.208613938036,-9.40846239020904,7.3));
#14820=CARTESIAN_POINT('',(158.208613938036,-9.40846239020904,7.8));
#14821=CARTESIAN_POINT('Ctrl Pts',(158.208613938036,-9.40846239020904,7.3));
#14822=CARTESIAN_POINT('Ctrl Pts',(158.490311533443,-9.35212279637333,7.3));
#14823=CARTESIAN_POINT('Ctrl Pts',(158.772009128851,-9.35212279637333,7.3));
#14824=CARTESIAN_POINT('Ctrl Pts',(157.691760687103,-9.58727919943941,7.8));
#14825=CARTESIAN_POINT('Ctrl Pts',(157.691760687103,-9.58727919943941,7.3));
#14826=CARTESIAN_POINT('Ctrl Pts',(157.939164064167,-9.45255426250528,7.8));
#14827=CARTESIAN_POINT('Ctrl Pts',(157.939164064167,-9.45255426250528,7.3));
#14828=CARTESIAN_POINT('Ctrl Pts',(158.208613938036,-9.40846239020904,7.8));
#14829=CARTESIAN_POINT('Ctrl Pts',(158.208613938036,-9.40846239020904,7.3));
#14830=CARTESIAN_POINT('',(157.691760687103,-9.58727919943941,7.8));
#14831=CARTESIAN_POINT('Ctrl Pts',(157.691760687103,-9.58727919943941,7.8));
#14832=CARTESIAN_POINT('Ctrl Pts',(157.939164064167,-9.45255426250528,7.8));
#14833=CARTESIAN_POINT('Ctrl Pts',(158.208613938036,-9.40846239020904,7.8));
#14834=CARTESIAN_POINT('',(157.691760687103,-9.58727919943941,7.3));
#14835=CARTESIAN_POINT('',(157.691760687103,-9.58727919943941,7.8));
#14836=CARTESIAN_POINT('Ctrl Pts',(157.691760687103,-9.58727919943941,7.3));
#14837=CARTESIAN_POINT('Ctrl Pts',(157.939164064167,-9.45255426250528,7.3));
#14838=CARTESIAN_POINT('Ctrl Pts',(158.208613938036,-9.40846239020904,7.3));
#14839=CARTESIAN_POINT('Ctrl Pts',(157.241043936418,-9.91551798718879,7.8));
#14840=CARTESIAN_POINT('Ctrl Pts',(157.241043936418,-9.91551798718879,7.3));
#14841=CARTESIAN_POINT('Ctrl Pts',(157.444357310039,-9.71220573487949,7.8));
#14842=CARTESIAN_POINT('Ctrl Pts',(157.444357310039,-9.71220573487949,7.3));
#14843=CARTESIAN_POINT('Ctrl Pts',(157.691760687103,-9.58727919943941,7.8));
#14844=CARTESIAN_POINT('Ctrl Pts',(157.691760687103,-9.58727919943941,7.3));
#14845=CARTESIAN_POINT('',(157.241043936418,-9.91551798718879,7.8));
#14846=CARTESIAN_POINT('Ctrl Pts',(157.241043936418,-9.91551798718879,7.8));
#14847=CARTESIAN_POINT('Ctrl Pts',(157.444357310039,-9.71220573487949,7.8));
#14848=CARTESIAN_POINT('Ctrl Pts',(157.691760687103,-9.58727919943941,7.8));
#14849=CARTESIAN_POINT('',(157.241043936418,-9.91551798718879,7.3));
#14850=CARTESIAN_POINT('',(157.241043936418,-9.91551798718879,7.8));
#14851=CARTESIAN_POINT('Ctrl Pts',(157.241043936418,-9.91551798718879,7.3));
#14852=CARTESIAN_POINT('Ctrl Pts',(157.444357310039,-9.71220573487949,7.3));
#14853=CARTESIAN_POINT('Ctrl Pts',(157.691760687103,-9.58727919943941,7.3));
#14854=CARTESIAN_POINT('Ctrl Pts',(156.912804401127,-10.3662339903328,7.8));
#14855=CARTESIAN_POINT('Ctrl Pts',(156.912804401127,-10.3662339903328,7.3));
#14856=CARTESIAN_POINT('Ctrl Pts',(157.049978284336,-10.1163805456819,7.8));
#14857=CARTESIAN_POINT('Ctrl Pts',(157.049978284336,-10.1163805456819,7.3));
#14858=CARTESIAN_POINT('Ctrl Pts',(157.241043936418,-9.91551798718879,7.8));
#14859=CARTESIAN_POINT('Ctrl Pts',(157.241043936418,-9.91551798718879,7.3));
#14860=CARTESIAN_POINT('',(156.912804401127,-10.3662339903328,7.8));
#14861=CARTESIAN_POINT('Ctrl Pts',(156.912804401127,-10.3662339903328,7.8));
#14862=CARTESIAN_POINT('Ctrl Pts',(157.049978284336,-10.1163805456819,7.8));
#14863=CARTESIAN_POINT('Ctrl Pts',(157.241043936418,-9.91551798718879,7.8));
#14864=CARTESIAN_POINT('',(156.912804401127,-10.3662339903328,7.3));
#14865=CARTESIAN_POINT('',(156.912804401127,-10.3662339903328,7.8));
#14866=CARTESIAN_POINT('Ctrl Pts',(156.912804401127,-10.3662339903328,7.3));
#14867=CARTESIAN_POINT('Ctrl Pts',(157.049978284336,-10.1163805456819,7.3));
#14868=CARTESIAN_POINT('Ctrl Pts',(157.241043936418,-9.91551798718879,7.3));
#14869=CARTESIAN_POINT('Ctrl Pts',(156.721738749045,-10.8953357103461,7.8));
#14870=CARTESIAN_POINT('Ctrl Pts',(156.721738749045,-10.8953357103461,7.3));
#14871=CARTESIAN_POINT('Ctrl Pts',(156.790327185732,-10.6136381149384,7.8));
#14872=CARTESIAN_POINT('Ctrl Pts',(156.790327185732,-10.6136381149384,7.3));
#14873=CARTESIAN_POINT('Ctrl Pts',(156.912804401127,-10.3662339903328,7.8));
#14874=CARTESIAN_POINT('Ctrl Pts',(156.912804401127,-10.3662339903328,7.3));
#14875=CARTESIAN_POINT('',(156.721738749045,-10.8953357103461,7.8));
#14876=CARTESIAN_POINT('Ctrl Pts',(156.721738749045,-10.8953357103461,7.8));
#14877=CARTESIAN_POINT('Ctrl Pts',(156.790327185732,-10.6136381149384,7.8));
#14878=CARTESIAN_POINT('Ctrl Pts',(156.912804401127,-10.3662339903328,7.8));
#14879=CARTESIAN_POINT('',(156.721738749045,-10.8953357103461,7.3));
#14880=CARTESIAN_POINT('',(156.721738749045,-10.8953357103461,7.8));
#14881=CARTESIAN_POINT('Ctrl Pts',(156.721738749045,-10.8953357103461,7.3));
#14882=CARTESIAN_POINT('Ctrl Pts',(156.790327185732,-10.6136381149384,7.3));
#14883=CARTESIAN_POINT('Ctrl Pts',(156.912804401127,-10.3662339903328,7.3));
#14884=CARTESIAN_POINT('Ctrl Pts',(156.665398033896,-11.4464831796221,7.8));
#14885=CARTESIAN_POINT('Ctrl Pts',(156.665398033896,-11.4464831796221,7.3));
#14886=CARTESIAN_POINT('Ctrl Pts',(156.665398033896,-11.1647855842144,7.8));
#14887=CARTESIAN_POINT('Ctrl Pts',(156.665398033896,-11.1647855842144,7.3));
#14888=CARTESIAN_POINT('Ctrl Pts',(156.721738749045,-10.8953357103461,7.8));
#14889=CARTESIAN_POINT('Ctrl Pts',(156.721738749045,-10.8953357103461,7.3));
#14890=CARTESIAN_POINT('',(156.665398033896,-11.4464831796221,7.8));
#14891=CARTESIAN_POINT('Ctrl Pts',(156.665398033896,-11.4464831796221,7.8));
#14892=CARTESIAN_POINT('Ctrl Pts',(156.665398033896,-11.1647855842144,7.8));
#14893=CARTESIAN_POINT('Ctrl Pts',(156.721738749045,-10.8953357103461,7.8));
#14894=CARTESIAN_POINT('',(156.665398033896,-11.4464831796221,7.3));
#14895=CARTESIAN_POINT('',(156.665398033896,-11.4464831796221,7.8));
#14896=CARTESIAN_POINT('Ctrl Pts',(156.665398033896,-11.4464831796221,7.3));
#14897=CARTESIAN_POINT('Ctrl Pts',(156.665398033896,-11.1647855842144,7.3));
#14898=CARTESIAN_POINT('Ctrl Pts',(156.721738749045,-10.8953357103461,7.3));
#14899=CARTESIAN_POINT('Ctrl Pts',(156.733986470584,-12.022126091977,7.8));
#14900=CARTESIAN_POINT('Ctrl Pts',(156.733986470584,-12.022126091977,7.3));
#14901=CARTESIAN_POINT('Ctrl Pts',(156.665398033896,-11.7281807750298,7.8));
#14902=CARTESIAN_POINT('Ctrl Pts',(156.665398033896,-11.7281807750298,7.3));
#14903=CARTESIAN_POINT('Ctrl Pts',(156.665398033896,-11.4464831796221,7.8));
#14904=CARTESIAN_POINT('Ctrl Pts',(156.665398033896,-11.4464831796221,7.3));
#14905=CARTESIAN_POINT('',(156.733986470584,-12.022126091977,7.8));
#14906=CARTESIAN_POINT('Ctrl Pts',(156.733986470584,-12.022126091977,7.8));
#14907=CARTESIAN_POINT('Ctrl Pts',(156.665398033896,-11.7281807750298,7.8));
#14908=CARTESIAN_POINT('Ctrl Pts',(156.665398033896,-11.4464831796221,7.8));
#14909=CARTESIAN_POINT('',(156.733986470584,-12.022126091977,7.3));
#14910=CARTESIAN_POINT('',(156.733986470584,-12.022126091977,7.8));
#14911=CARTESIAN_POINT('Ctrl Pts',(156.733986470584,-12.022126091977,7.3));
#14912=CARTESIAN_POINT('Ctrl Pts',(156.665398033896,-11.7281807750298,7.3));
#14913=CARTESIAN_POINT('Ctrl Pts',(156.665398033896,-11.4464831796221,7.3));
#14914=CARTESIAN_POINT('Ctrl Pts',(156.937299844206,-12.5634755335298,7.8));
#14915=CARTESIAN_POINT('Ctrl Pts',(156.937299844206,-12.5634755335298,7.3));
#14916=CARTESIAN_POINT('Ctrl Pts',(156.800125960997,-12.3038236873848,7.8));
#14917=CARTESIAN_POINT('Ctrl Pts',(156.800125960997,-12.3038236873848,7.3));
#14918=CARTESIAN_POINT('Ctrl Pts',(156.733986470584,-12.022126091977,7.8));
#14919=CARTESIAN_POINT('Ctrl Pts',(156.733986470584,-12.022126091977,7.3));
#14920=CARTESIAN_POINT('',(156.937299844206,-12.5634755335298,7.8));
#14921=CARTESIAN_POINT('Ctrl Pts',(156.937299844206,-12.5634755335298,7.8));
#14922=CARTESIAN_POINT('Ctrl Pts',(156.800125960997,-12.3038236873848,7.8));
#14923=CARTESIAN_POINT('Ctrl Pts',(156.733986470584,-12.022126091977,7.8));
#14924=CARTESIAN_POINT('',(156.937299844206,-12.5634755335298,7.3));
#14925=CARTESIAN_POINT('',(156.937299844206,-12.5634755335298,7.8));
#14926=CARTESIAN_POINT('Ctrl Pts',(156.937299844206,-12.5634755335298,7.3));
#14927=CARTESIAN_POINT('Ctrl Pts',(156.800125960997,-12.3038236873848,7.3));
#14928=CARTESIAN_POINT('Ctrl Pts',(156.733986470584,-12.022126091977,7.3));
#14929=CARTESIAN_POINT('Ctrl Pts',(157.275338154762,-13.0362372859365,7.8));
#14930=CARTESIAN_POINT('Ctrl Pts',(157.275338154762,-13.0362372859365,7.3));
#14931=CARTESIAN_POINT('Ctrl Pts',(157.081823556405,-12.8108789105937,7.8));
#14932=CARTESIAN_POINT('Ctrl Pts',(157.081823556405,-12.8108789105937,7.3));
#14933=CARTESIAN_POINT('Ctrl Pts',(156.937299844206,-12.5634755335298,7.8));
#14934=CARTESIAN_POINT('Ctrl Pts',(156.937299844206,-12.5634755335298,7.3));
#14935=CARTESIAN_POINT('',(157.275338154762,-13.0362372859365,7.8));
#14936=CARTESIAN_POINT('Ctrl Pts',(157.275338154762,-13.0362372859365,7.8));
#14937=CARTESIAN_POINT('Ctrl Pts',(157.081823556405,-12.8108789105937,7.8));
#14938=CARTESIAN_POINT('Ctrl Pts',(156.937299844206,-12.5634755335298,7.8));
#14939=CARTESIAN_POINT('',(157.275338154762,-13.0362372859365,7.3));
#14940=CARTESIAN_POINT('',(157.275338154762,-13.0362372859365,7.8));
#14941=CARTESIAN_POINT('Ctrl Pts',(157.275338154762,-13.0362372859365,7.3));
#14942=CARTESIAN_POINT('Ctrl Pts',(157.081823556405,-12.8108789105937,7.3));
#14943=CARTESIAN_POINT('Ctrl Pts',(156.937299844206,-12.5634755335298,7.3));
#14944=CARTESIAN_POINT('Ctrl Pts',(157.691760687103,-13.4306140690157,7.8));
#14945=CARTESIAN_POINT('Ctrl Pts',(157.691760687103,-13.4306140690157,7.3));
#14946=CARTESIAN_POINT('Ctrl Pts',(157.466403806844,-13.2493479397399,7.8));
#14947=CARTESIAN_POINT('Ctrl Pts',(157.466403806844,-13.2493479397399,7.3));
#14948=CARTESIAN_POINT('Ctrl Pts',(157.275338154762,-13.0362372859365,7.8));
#14949=CARTESIAN_POINT('Ctrl Pts',(157.275338154762,-13.0362372859365,7.3));
#14950=CARTESIAN_POINT('',(157.691760687103,-13.4306140690157,7.8));
#14951=CARTESIAN_POINT('Ctrl Pts',(157.691760687103,-13.4306140690157,7.8));
#14952=CARTESIAN_POINT('Ctrl Pts',(157.466403806844,-13.2493479397399,7.8));
#14953=CARTESIAN_POINT('Ctrl Pts',(157.275338154762,-13.0362372859365,7.8));
#14954=CARTESIAN_POINT('',(157.691760687103,-13.4306140690157,7.3));
#14955=CARTESIAN_POINT('',(157.691760687103,-13.4306140690157,7.8));
#14956=CARTESIAN_POINT('Ctrl Pts',(157.691760687103,-13.4306140690157,7.3));
#14957=CARTESIAN_POINT('Ctrl Pts',(157.466403806844,-13.2493479397399,7.3));
#14958=CARTESIAN_POINT('Ctrl Pts',(157.275338154762,-13.0362372859365,7.3));
#14959=CARTESIAN_POINT('Ctrl Pts',(158.164523934593,-13.7564031629488,7.8));
#14960=CARTESIAN_POINT('Ctrl Pts',(158.164523934593,-13.7564031629488,7.3));
#14961=CARTESIAN_POINT('Ctrl Pts',(157.917120557529,-13.6094305044752,7.8));
#14962=CARTESIAN_POINT('Ctrl Pts',(157.917120557529,-13.6094305044752,7.3));
#14963=CARTESIAN_POINT('Ctrl Pts',(157.691760687103,-13.4306140690157,7.8));
#14964=CARTESIAN_POINT('Ctrl Pts',(157.691760687103,-13.4306140690157,7.3));
#14965=CARTESIAN_POINT('',(158.164523934593,-13.7564031629488,7.8));
#14966=CARTESIAN_POINT('Ctrl Pts',(158.164523934593,-13.7564031629488,7.8));
#14967=CARTESIAN_POINT('Ctrl Pts',(157.917120557529,-13.6094305044752,7.8));
#14968=CARTESIAN_POINT('Ctrl Pts',(157.691760687103,-13.4306140690157,7.8));
#14969=CARTESIAN_POINT('',(158.164523934593,-13.7564031629488,7.3));
#14970=CARTESIAN_POINT('',(158.164523934593,-13.7564031629488,7.8));
#14971=CARTESIAN_POINT('Ctrl Pts',(158.164523934593,-13.7564031629488,7.3));
#14972=CARTESIAN_POINT('Ctrl Pts',(157.917120557529,-13.6094305044752,7.3));
#14973=CARTESIAN_POINT('Ctrl Pts',(157.691760687103,-13.4306140690157,7.3));
#14974=CARTESIAN_POINT('Ctrl Pts',(158.6838261318,-14.0283027306333,7.8));
#14975=CARTESIAN_POINT('Ctrl Pts',(158.6838261318,-14.0283027306333,7.3));
#14976=CARTESIAN_POINT('Ctrl Pts',(158.424175033197,-13.891128099883,7.8));
#14977=CARTESIAN_POINT('Ctrl Pts',(158.424175033197,-13.891128099883,7.3));
#14978=CARTESIAN_POINT('Ctrl Pts',(158.164523934593,-13.7564031629488,7.8));
#14979=CARTESIAN_POINT('Ctrl Pts',(158.164523934593,-13.7564031629488,7.3));
#14980=CARTESIAN_POINT('',(158.6838261318,-14.0283027306333,7.8));
#14981=CARTESIAN_POINT('Ctrl Pts',(158.6838261318,-14.0283027306333,7.8));
#14982=CARTESIAN_POINT('Ctrl Pts',(158.424175033197,-13.891128099883,7.8));
#14983=CARTESIAN_POINT('Ctrl Pts',(158.164523934593,-13.7564031629488,7.8));
#14984=CARTESIAN_POINT('',(158.6838261318,-14.0283027306333,7.3));
#14985=CARTESIAN_POINT('',(158.6838261318,-14.0283027306333,7.8));
#14986=CARTESIAN_POINT('Ctrl Pts',(158.6838261318,-14.0283027306333,7.3));
#14987=CARTESIAN_POINT('Ctrl Pts',(158.424175033197,-13.891128099883,7.3));
#14988=CARTESIAN_POINT('Ctrl Pts',(158.164523934593,-13.7564031629488,7.3));
#14989=CARTESIAN_POINT('Ctrl Pts',(159.190880607468,-14.310000326041,7.8));
#14990=CARTESIAN_POINT('Ctrl Pts',(159.190880607468,-14.310000326041,7.3));
#14991=CARTESIAN_POINT('Ctrl Pts',(158.941028284129,-14.1630276675674,7.8));
#14992=CARTESIAN_POINT('Ctrl Pts',(158.941028284129,-14.1630276675674,7.3));
#14993=CARTESIAN_POINT('Ctrl Pts',(158.6838261318,-14.0283027306333,7.8));
#14994=CARTESIAN_POINT('Ctrl Pts',(158.6838261318,-14.0283027306333,7.3));
#14995=CARTESIAN_POINT('',(159.190880607468,-14.310000326041,7.8));
#14996=CARTESIAN_POINT('Ctrl Pts',(159.190880607468,-14.310000326041,7.8));
#14997=CARTESIAN_POINT('Ctrl Pts',(158.941028284129,-14.1630276675674,7.8));
#14998=CARTESIAN_POINT('Ctrl Pts',(158.6838261318,-14.0283027306333,7.8));
#14999=CARTESIAN_POINT('',(159.190880607468,-14.310000326041,7.3));
#15000=CARTESIAN_POINT('',(159.190880607468,-14.310000326041,7.8));
#15001=CARTESIAN_POINT('Ctrl Pts',(159.190880607468,-14.310000326041,7.3));
#15002=CARTESIAN_POINT('Ctrl Pts',(158.941028284129,-14.1630276675674,7.3));
#15003=CARTESIAN_POINT('Ctrl Pts',(158.6838261318,-14.0283027306333,7.3));
#15004=CARTESIAN_POINT('Ctrl Pts',(159.641597358153,-14.670083638318,7.8));
#15005=CARTESIAN_POINT('Ctrl Pts',(159.641597358153,-14.670083638318,7.3));
#15006=CARTESIAN_POINT('Ctrl Pts',(159.448082759796,-14.45452403824,7.8));
#15007=CARTESIAN_POINT('Ctrl Pts',(159.448082759796,-14.45452403824,7.3));
#15008=CARTESIAN_POINT('Ctrl Pts',(159.190880607468,-14.310000326041,7.8));
#15009=CARTESIAN_POINT('Ctrl Pts',(159.190880607468,-14.310000326041,7.3));
#15010=CARTESIAN_POINT('',(159.641597358153,-14.670083638318,7.8));
#15011=CARTESIAN_POINT('Ctrl Pts',(159.641597358153,-14.670083638318,7.8));
#15012=CARTESIAN_POINT('Ctrl Pts',(159.448082759796,-14.45452403824,7.8));
#15013=CARTESIAN_POINT('Ctrl Pts',(159.190880607468,-14.310000326041,7.8));
#15014=CARTESIAN_POINT('',(159.641597358153,-14.670083638318,7.3));
#15015=CARTESIAN_POINT('',(159.641597358153,-14.670083638318,7.8));
#15016=CARTESIAN_POINT('Ctrl Pts',(159.641597358153,-14.670083638318,7.3));
#15017=CARTESIAN_POINT('Ctrl Pts',(159.448082759796,-14.45452403824,7.3));
#15018=CARTESIAN_POINT('Ctrl Pts',(159.190880607468,-14.310000326041,7.3));
#15019=CARTESIAN_POINT('Ctrl Pts',(159.95514022563,-15.1550931122642,7.8));
#15020=CARTESIAN_POINT('Ctrl Pts',(159.95514022563,-15.1550931122642,7.3));
#15021=CARTESIAN_POINT('Ctrl Pts',(159.8424617855,-14.8733955168565,7.8));
#15022=CARTESIAN_POINT('Ctrl Pts',(159.8424617855,-14.8733955168565,7.3));
#15023=CARTESIAN_POINT('Ctrl Pts',(159.641597358153,-14.670083638318,7.8));
#15024=CARTESIAN_POINT('Ctrl Pts',(159.641597358153,-14.670083638318,7.3));
#15025=CARTESIAN_POINT('',(159.95514022563,-15.1550931122642,7.8));
#15026=CARTESIAN_POINT('Ctrl Pts',(159.95514022563,-15.1550931122642,7.8));
#15027=CARTESIAN_POINT('Ctrl Pts',(159.8424617855,-14.8733955168565,7.8));
#15028=CARTESIAN_POINT('Ctrl Pts',(159.641597358153,-14.670083638318,7.8));
#15029=CARTESIAN_POINT('',(159.95514022563,-15.1550931122642,7.3));
#15030=CARTESIAN_POINT('',(159.95514022563,-15.1550931122642,7.8));
#15031=CARTESIAN_POINT('Ctrl Pts',(159.95514022563,-15.1550931122642,7.3));
#15032=CARTESIAN_POINT('Ctrl Pts',(159.8424617855,-14.8733955168565,7.3));
#15033=CARTESIAN_POINT('Ctrl Pts',(159.641597358153,-14.670083638318,7.3));
#15034=CARTESIAN_POINT('Ctrl Pts',(160.080066387299,-15.7184883030797,7.8));
#15035=CARTESIAN_POINT('Ctrl Pts',(160.080066387299,-15.7184883030797,7.3));
#15036=CARTESIAN_POINT('Ctrl Pts',(160.080066387299,-15.4245429861325,7.8));
#15037=CARTESIAN_POINT('Ctrl Pts',(160.080066387299,-15.4245429861325,7.3));
#15038=CARTESIAN_POINT('Ctrl Pts',(159.95514022563,-15.1550931122642,7.8));
#15039=CARTESIAN_POINT('Ctrl Pts',(159.95514022563,-15.1550931122642,7.3));
#15040=CARTESIAN_POINT('',(160.080066387299,-15.7184883030797,7.8));
#15041=CARTESIAN_POINT('Ctrl Pts',(160.080066387299,-15.7184883030797,7.8));
#15042=CARTESIAN_POINT('Ctrl Pts',(160.080066387299,-15.4245429861325,7.8));
#15043=CARTESIAN_POINT('Ctrl Pts',(159.95514022563,-15.1550931122642,7.8));
#15044=CARTESIAN_POINT('',(160.080066387299,-15.7184883030797,7.3));
#15045=CARTESIAN_POINT('',(160.080066387299,-15.7184883030797,7.8));
#15046=CARTESIAN_POINT('Ctrl Pts',(160.080066387299,-15.7184883030797,7.3));
#15047=CARTESIAN_POINT('Ctrl Pts',(160.080066387299,-15.4245429861325,7.3));
#15048=CARTESIAN_POINT('Ctrl Pts',(159.95514022563,-15.1550931122642,7.3));
#15049=CARTESIAN_POINT('Ctrl Pts',(159.989434443974,-16.2353423015535,7.8));
#15050=CARTESIAN_POINT('Ctrl Pts',(159.989434443974,-16.2353423015535,7.3));
#15051=CARTESIAN_POINT('Ctrl Pts',(160.080066387299,-15.9756904554085,7.8));
#15052=CARTESIAN_POINT('Ctrl Pts',(160.080066387299,-15.9756904554085,7.3));
#15053=CARTESIAN_POINT('Ctrl Pts',(160.080066387299,-15.7184883030797,7.8));
#15054=CARTESIAN_POINT('Ctrl Pts',(160.080066387299,-15.7184883030797,7.3));
#15055=CARTESIAN_POINT('',(159.989434443974,-16.2353423015535,7.8));
#15056=CARTESIAN_POINT('Ctrl Pts',(159.989434443974,-16.2353423015535,7.8));
#15057=CARTESIAN_POINT('Ctrl Pts',(160.080066387299,-15.9756904554085,7.8));
#15058=CARTESIAN_POINT('Ctrl Pts',(160.080066387299,-15.7184883030797,7.8));
#15059=CARTESIAN_POINT('',(159.989434443974,-16.2353423015535,7.3));
#15060=CARTESIAN_POINT('',(159.989434443974,-16.2353423015535,7.8));
#15061=CARTESIAN_POINT('Ctrl Pts',(159.989434443974,-16.2353423015535,7.3));
#15062=CARTESIAN_POINT('Ctrl Pts',(160.080066387299,-15.9756904554085,7.3));
#15063=CARTESIAN_POINT('Ctrl Pts',(160.080066387299,-15.7184883030797,7.3));
#15064=CARTESIAN_POINT('Ctrl Pts',(159.707736848566,-16.6762602769743,7.8));
#15065=CARTESIAN_POINT('Ctrl Pts',(159.707736848566,-16.6762602769743,7.3));
#15066=CARTESIAN_POINT('Ctrl Pts',(159.898802500648,-16.482746426159,7.8));
#15067=CARTESIAN_POINT('Ctrl Pts',(159.898802500648,-16.482746426159,7.3));
#15068=CARTESIAN_POINT('Ctrl Pts',(159.989434443974,-16.2353423015535,7.8));
#15069=CARTESIAN_POINT('Ctrl Pts',(159.989434443974,-16.2353423015535,7.3));
#15070=CARTESIAN_POINT('',(159.707736848566,-16.6762602769743,7.8));
#15071=CARTESIAN_POINT('Ctrl Pts',(159.707736848566,-16.6762602769743,7.8));
#15072=CARTESIAN_POINT('Ctrl Pts',(159.898802500648,-16.482746426159,7.8));
#15073=CARTESIAN_POINT('Ctrl Pts',(159.989434443974,-16.2353423015535,7.8));
#15074=CARTESIAN_POINT('',(159.707736848566,-16.6762602769743,7.3));
#15075=CARTESIAN_POINT('',(159.707736848566,-16.6762602769743,7.8));
#15076=CARTESIAN_POINT('Ctrl Pts',(159.707736848566,-16.6762602769743,7.3));
#15077=CARTESIAN_POINT('Ctrl Pts',(159.898802500648,-16.482746426159,7.3));
#15078=CARTESIAN_POINT('Ctrl Pts',(159.989434443974,-16.2353423015535,7.3));
#15079=CARTESIAN_POINT('Ctrl Pts',(159.26926781942,-16.9457101508426,7.8));
#15080=CARTESIAN_POINT('Ctrl Pts',(159.26926781942,-16.9457101508426,7.3));
#15081=CARTESIAN_POINT('Ctrl Pts',(159.528918918023,-16.8673244339733,7.8));
#15082=CARTESIAN_POINT('Ctrl Pts',(159.528918918023,-16.8673244339733,7.3));
#15083=CARTESIAN_POINT('Ctrl Pts',(159.707736848566,-16.6762602769743,7.8));
#15084=CARTESIAN_POINT('Ctrl Pts',(159.707736848566,-16.6762602769743,7.3));
#15085=CARTESIAN_POINT('',(159.26926781942,-16.9457101508426,7.8));
#15086=CARTESIAN_POINT('Ctrl Pts',(159.26926781942,-16.9457101508426,7.8));
#15087=CARTESIAN_POINT('Ctrl Pts',(159.528918918023,-16.8673244339733,7.8));
#15088=CARTESIAN_POINT('Ctrl Pts',(159.707736848566,-16.6762602769743,7.8));
#15089=CARTESIAN_POINT('',(159.26926781942,-16.9457101508426,7.3));
#15090=CARTESIAN_POINT('',(159.26926781942,-16.9457101508426,7.8));
#15091=CARTESIAN_POINT('Ctrl Pts',(159.26926781942,-16.9457101508426,7.3));
#15092=CARTESIAN_POINT('Ctrl Pts',(159.528918918023,-16.8673244339733,7.3));
#15093=CARTESIAN_POINT('Ctrl Pts',(159.707736848566,-16.6762602769743,7.3));
#15094=CARTESIAN_POINT('Ctrl Pts',(158.749965622213,-17.0240958677118,7.8));
#15095=CARTESIAN_POINT('Ctrl Pts',(158.749965622213,-17.0240958677118,7.3));
#15096=CARTESIAN_POINT('Ctrl Pts',(159.009616720817,-17.0240958677118,7.8));
#15097=CARTESIAN_POINT('Ctrl Pts',(159.009616720817,-17.0240958677118,7.3));
#15098=CARTESIAN_POINT('Ctrl Pts',(159.26926781942,-16.9457101508426,7.8));
#15099=CARTESIAN_POINT('Ctrl Pts',(159.26926781942,-16.9457101508426,7.3));
#15100=CARTESIAN_POINT('',(158.749965622213,-17.0240958677118,7.8));
#15101=CARTESIAN_POINT('Ctrl Pts',(158.749965622213,-17.0240958677118,7.8));
#15102=CARTESIAN_POINT('Ctrl Pts',(159.009616720817,-17.0240958677118,7.8));
#15103=CARTESIAN_POINT('Ctrl Pts',(159.26926781942,-16.9457101508426,7.8));
#15104=CARTESIAN_POINT('',(158.749965622213,-17.0240958677118,7.3));
#15105=CARTESIAN_POINT('',(158.749965622213,-17.0240958677118,7.8));
#15106=CARTESIAN_POINT('Ctrl Pts',(158.749965622213,-17.0240958677118,7.3));
#15107=CARTESIAN_POINT('Ctrl Pts',(159.009616720817,-17.0240958677118,7.3));
#15108=CARTESIAN_POINT('Ctrl Pts',(159.26926781942,-16.9457101508426,7.3));
#15109=CARTESIAN_POINT('Ctrl Pts',(158.233112371281,-16.9457101508426,7.8));
#15110=CARTESIAN_POINT('Ctrl Pts',(158.233112371281,-16.9457101508426,7.3));
#15111=CARTESIAN_POINT('Ctrl Pts',(158.49031452361,-17.0240958677118,7.8));
#15112=CARTESIAN_POINT('Ctrl Pts',(158.49031452361,-17.0240958677118,7.3));
#15113=CARTESIAN_POINT('Ctrl Pts',(158.749965622213,-17.0240958677118,7.8));
#15114=CARTESIAN_POINT('Ctrl Pts',(158.749965622213,-17.0240958677118,7.3));
#15115=CARTESIAN_POINT('',(158.233112371281,-16.9457101508426,7.8));
#15116=CARTESIAN_POINT('Ctrl Pts',(158.233112371281,-16.9457101508426,7.8));
#15117=CARTESIAN_POINT('Ctrl Pts',(158.49031452361,-17.0240958677118,7.8));
#15118=CARTESIAN_POINT('Ctrl Pts',(158.749965622213,-17.0240958677118,7.8));
#15119=CARTESIAN_POINT('',(158.233112371281,-16.9457101508426,7.3));
#15120=CARTESIAN_POINT('',(158.233112371281,-16.9457101508426,7.8));
#15121=CARTESIAN_POINT('Ctrl Pts',(158.233112371281,-16.9457101508426,7.3));
#15122=CARTESIAN_POINT('Ctrl Pts',(158.49031452361,-17.0240958677118,7.3));
#15123=CARTESIAN_POINT('Ctrl Pts',(158.749965622213,-17.0240958677118,7.3));
#15124=CARTESIAN_POINT('Ctrl Pts',(157.79219439586,-16.6860583046975,7.8));
#15125=CARTESIAN_POINT('Ctrl Pts',(157.79219439586,-16.6860583046975,7.3));
#15126=CARTESIAN_POINT('Ctrl Pts',(157.983260047942,-16.8673244339733,7.8));
#15127=CARTESIAN_POINT('Ctrl Pts',(157.983260047942,-16.8673244339733,7.3));
#15128=CARTESIAN_POINT('Ctrl Pts',(158.233112371281,-16.9457101508426,7.8));
#15129=CARTESIAN_POINT('Ctrl Pts',(158.233112371281,-16.9457101508426,7.3));
#15130=CARTESIAN_POINT('',(157.79219439586,-16.6860583046975,7.8));
#15131=CARTESIAN_POINT('Ctrl Pts',(157.79219439586,-16.6860583046975,7.8));
#15132=CARTESIAN_POINT('Ctrl Pts',(157.983260047942,-16.8673244339733,7.8));
#15133=CARTESIAN_POINT('Ctrl Pts',(158.233112371281,-16.9457101508426,7.8));
#15134=CARTESIAN_POINT('',(157.79219439586,-16.6860583046975,7.3));
#15135=CARTESIAN_POINT('',(157.79219439586,-16.6860583046975,7.8));
#15136=CARTESIAN_POINT('Ctrl Pts',(157.79219439586,-16.6860583046975,7.3));
#15137=CARTESIAN_POINT('Ctrl Pts',(157.983260047942,-16.8673244339733,7.3));
#15138=CARTESIAN_POINT('Ctrl Pts',(158.233112371281,-16.9457101508426,7.3));
#15139=CARTESIAN_POINT('Ctrl Pts',(157.522744521992,-16.2573880508162,7.8));
#15140=CARTESIAN_POINT('Ctrl Pts',(157.522744521992,-16.2573880508162,7.3));
#15141=CARTESIAN_POINT('Ctrl Pts',(157.613376465317,-16.507241869238,7.8));
#15142=CARTESIAN_POINT('Ctrl Pts',(157.613376465317,-16.507241869238,7.3));
#15143=CARTESIAN_POINT('Ctrl Pts',(157.79219439586,-16.6860583046975,7.8));
#15144=CARTESIAN_POINT('Ctrl Pts',(157.79219439586,-16.6860583046975,7.3));
#15145=CARTESIAN_POINT('',(157.522744521992,-16.2573880508162,7.8));
#15146=CARTESIAN_POINT('Ctrl Pts',(157.522744521992,-16.2573880508162,7.8));
#15147=CARTESIAN_POINT('Ctrl Pts',(157.613376465317,-16.507241869238,7.8));
#15148=CARTESIAN_POINT('Ctrl Pts',(157.79219439586,-16.6860583046975,7.8));
#15149=CARTESIAN_POINT('',(157.522744521992,-16.2573880508162,7.3));
#15150=CARTESIAN_POINT('',(157.522744521992,-16.2573880508162,7.8));
#15151=CARTESIAN_POINT('Ctrl Pts',(157.522744521992,-16.2573880508162,7.3));
#15152=CARTESIAN_POINT('Ctrl Pts',(157.613376465317,-16.507241869238,7.3));
#15153=CARTESIAN_POINT('Ctrl Pts',(157.79219439586,-16.6860583046975,7.3));
#15154=CARTESIAN_POINT('Ctrl Pts',(157.432112578666,-15.7503320800657,7.8));
#15155=CARTESIAN_POINT('Ctrl Pts',(157.432112578666,-15.7503320800657,7.3));
#15156=CARTESIAN_POINT('Ctrl Pts',(157.432112578666,-16.0099839262107,7.8));
#15157=CARTESIAN_POINT('Ctrl Pts',(157.432112578666,-16.0099839262107,7.3));
#15158=CARTESIAN_POINT('Ctrl Pts',(157.522744521992,-16.2573880508162,7.8));
#15159=CARTESIAN_POINT('Ctrl Pts',(157.522744521992,-16.2573880508162,7.3));
#15160=CARTESIAN_POINT('',(157.432112578666,-15.7503320800657,7.8));
#15161=CARTESIAN_POINT('Ctrl Pts',(157.432112578666,-15.7503320800657,7.8));
#15162=CARTESIAN_POINT('Ctrl Pts',(157.432112578666,-16.0099839262107,7.8));
#15163=CARTESIAN_POINT('Ctrl Pts',(157.522744521992,-16.2573880508162,7.8));
#15164=CARTESIAN_POINT('',(157.432112578666,-15.7503320800657,7.3));
#15165=CARTESIAN_POINT('',(157.432112578666,-15.7503320800657,7.8));
#15166=CARTESIAN_POINT('Ctrl Pts',(157.432112578666,-15.7503320800657,7.3));
#15167=CARTESIAN_POINT('Ctrl Pts',(157.432112578666,-16.0099839262107,7.3));
#15168=CARTESIAN_POINT('Ctrl Pts',(157.522744521992,-16.2573880508162,7.3));
#15169=CARTESIAN_POINT('Origin',(157.432112578666,-15.6939928600008,7.8));
#15170=CARTESIAN_POINT('',(157.432112578666,-15.6939928600008,7.8));
#15171=CARTESIAN_POINT('',(157.432112578666,-9.11881788378378,7.8));
#15172=CARTESIAN_POINT('',(157.432112578666,-15.6939928600008,7.3));
#15173=CARTESIAN_POINT('',(157.432112578666,-15.6939928600008,7.8));
#15174=CARTESIAN_POINT('',(157.432112578666,-15.6939928600008,7.3));
#15175=CARTESIAN_POINT('Origin',(156.552725574099,-15.6939928600008,7.8));
#15176=CARTESIAN_POINT('',(156.552725574099,-15.6939928600008,7.8));
#15177=CARTESIAN_POINT('',(76.9869047505998,-15.6939928600008,7.8));
#15178=CARTESIAN_POINT('',(156.552725574099,-15.6939928600008,7.3));
#15179=CARTESIAN_POINT('',(156.552725574099,-15.6939928600008,7.8));
#15180=CARTESIAN_POINT('',(156.552725574099,-15.6939928600008,7.3));
#15181=CARTESIAN_POINT('Origin',(156.552725574099,-15.7748275231446,7.8));
#15182=CARTESIAN_POINT('',(156.552725574099,-15.7748275231446,7.8));
#15183=CARTESIAN_POINT('',(156.552725574099,-9.1592352153557,7.8));
#15184=CARTESIAN_POINT('',(156.552725574099,-15.7748275231446,7.3));
#15185=CARTESIAN_POINT('',(156.552725574099,-15.7748275231446,7.8));
#15186=CARTESIAN_POINT('',(156.552725574099,-15.7748275231446,7.3));
#15187=CARTESIAN_POINT('Ctrl Pts',(156.621314010787,-16.3382227139601,7.8));
#15188=CARTESIAN_POINT('Ctrl Pts',(156.621314010787,-16.3382227139601,7.3));
#15189=CARTESIAN_POINT('Ctrl Pts',(156.552725574099,-16.0565251185523,7.8));
#15190=CARTESIAN_POINT('Ctrl Pts',(156.552725574099,-16.0565251185523,7.3));
#15191=CARTESIAN_POINT('Ctrl Pts',(156.552725574099,-15.7748275231446,7.8));
#15192=CARTESIAN_POINT('Ctrl Pts',(156.552725574099,-15.7748275231446,7.3));
#15193=CARTESIAN_POINT('',(156.621314010787,-16.3382227139601,7.8));
#15194=CARTESIAN_POINT('Ctrl Pts',(156.621314010787,-16.3382227139601,7.8));
#15195=CARTESIAN_POINT('Ctrl Pts',(156.552725574099,-16.0565251185523,7.8));
#15196=CARTESIAN_POINT('Ctrl Pts',(156.552725574099,-15.7748275231446,7.8));
#15197=CARTESIAN_POINT('',(156.621314010787,-16.3382227139601,7.3));
#15198=CARTESIAN_POINT('',(156.621314010787,-16.3382227139601,7.8));
#15199=CARTESIAN_POINT('Ctrl Pts',(156.621314010787,-16.3382227139601,7.3));
#15200=CARTESIAN_POINT('Ctrl Pts',(156.552725574099,-16.0565251185523,7.3));
#15201=CARTESIAN_POINT('Ctrl Pts',(156.552725574099,-15.7748275231446,7.3));
#15202=CARTESIAN_POINT('Ctrl Pts',(156.824627384409,-16.8673244339733,7.8));
#15203=CARTESIAN_POINT('Ctrl Pts',(156.824627384409,-16.8673244339733,7.3));
#15204=CARTESIAN_POINT('Ctrl Pts',(156.6874535012,-16.6199203093678,7.8));
#15205=CARTESIAN_POINT('Ctrl Pts',(156.6874535012,-16.6199203093678,7.3));
#15206=CARTESIAN_POINT('Ctrl Pts',(156.621314010787,-16.3382227139601,7.8));
#15207=CARTESIAN_POINT('Ctrl Pts',(156.621314010787,-16.3382227139601,7.3));
#15208=CARTESIAN_POINT('',(156.824627384409,-16.8673244339733,7.8));
#15209=CARTESIAN_POINT('Ctrl Pts',(156.824627384409,-16.8673244339733,7.8));
#15210=CARTESIAN_POINT('Ctrl Pts',(156.6874535012,-16.6199203093678,7.8));
#15211=CARTESIAN_POINT('Ctrl Pts',(156.621314010787,-16.3382227139601,7.8));
#15212=CARTESIAN_POINT('',(156.824627384409,-16.8673244339733,7.3));
#15213=CARTESIAN_POINT('',(156.824627384409,-16.8673244339733,7.8));
#15214=CARTESIAN_POINT('Ctrl Pts',(156.824627384409,-16.8673244339733,7.3));
#15215=CARTESIAN_POINT('Ctrl Pts',(156.6874535012,-16.6199203093678,7.3));
#15216=CARTESIAN_POINT('Ctrl Pts',(156.621314010787,-16.3382227139601,7.3));
#15217=CARTESIAN_POINT('Ctrl Pts',(157.184709201602,-17.2959946878547,7.8));
#15218=CARTESIAN_POINT('Ctrl Pts',(157.184709201602,-17.2959946878547,7.3));
#15219=CARTESIAN_POINT('Ctrl Pts',(156.969148106441,-17.1024808370394,7.8));
#15220=CARTESIAN_POINT('Ctrl Pts',(156.969148106441,-17.1024808370394,7.3));
#15221=CARTESIAN_POINT('Ctrl Pts',(156.824627384409,-16.8673244339733,7.8));
#15222=CARTESIAN_POINT('Ctrl Pts',(156.824627384409,-16.8673244339733,7.3));
#15223=CARTESIAN_POINT('',(157.184709201602,-17.2959946878547,7.8));
#15224=CARTESIAN_POINT('Ctrl Pts',(157.184709201602,-17.2959946878547,7.8));
#15225=CARTESIAN_POINT('Ctrl Pts',(156.969148106441,-17.1024808370394,7.8));
#15226=CARTESIAN_POINT('Ctrl Pts',(156.824627384409,-16.8673244339733,7.8));
#15227=CARTESIAN_POINT('',(157.184709201602,-17.2959946878547,7.3));
#15228=CARTESIAN_POINT('',(157.184709201602,-17.2959946878547,7.8));
#15229=CARTESIAN_POINT('Ctrl Pts',(157.184709201602,-17.2959946878547,7.3));
#15230=CARTESIAN_POINT('Ctrl Pts',(156.969148106441,-17.1024808370394,7.3));
#15231=CARTESIAN_POINT('Ctrl Pts',(156.824627384409,-16.8673244339733,7.3));
#15232=CARTESIAN_POINT('Ctrl Pts',(157.645224727553,-17.6095360602484,7.8));
#15233=CARTESIAN_POINT('Ctrl Pts',(157.645224727553,-17.6095360602484,7.3));
#15234=CARTESIAN_POINT('Ctrl Pts',(157.397821350489,-17.4870588448537,7.8));
#15235=CARTESIAN_POINT('Ctrl Pts',(157.397821350489,-17.4870588448537,7.3));
#15236=CARTESIAN_POINT('Ctrl Pts',(157.184709201602,-17.2959946878547,7.8));
#15237=CARTESIAN_POINT('Ctrl Pts',(157.184709201602,-17.2959946878547,7.3));
#15238=CARTESIAN_POINT('',(157.645224727553,-17.6095360602484,7.8));
#15239=CARTESIAN_POINT('Ctrl Pts',(157.645224727553,-17.6095360602484,7.8));
#15240=CARTESIAN_POINT('Ctrl Pts',(157.397821350489,-17.4870588448537,7.8));
#15241=CARTESIAN_POINT('Ctrl Pts',(157.184709201602,-17.2959946878547,7.8));
#15242=CARTESIAN_POINT('',(157.645224727553,-17.6095360602484,7.3));
#15243=CARTESIAN_POINT('',(157.645224727553,-17.6095360602484,7.8));
#15244=CARTESIAN_POINT('Ctrl Pts',(157.645224727553,-17.6095360602484,7.3));
#15245=CARTESIAN_POINT('Ctrl Pts',(157.397821350489,-17.4870588448537,7.3));
#15246=CARTESIAN_POINT('Ctrl Pts',(157.184709201602,-17.2959946878547,7.3));
#15247=CARTESIAN_POINT('Ctrl Pts',(158.186573421564,-17.7687564402614,7.8));
#15248=CARTESIAN_POINT('Ctrl Pts',(158.186573421564,-17.7687564402614,7.3));
#15249=CARTESIAN_POINT('Ctrl Pts',(157.904875826156,-17.7222152479198,7.8));
#15250=CARTESIAN_POINT('Ctrl Pts',(157.904875826156,-17.7222152479198,7.3));
#15251=CARTESIAN_POINT('Ctrl Pts',(157.645224727553,-17.6095360602484,7.8));
#15252=CARTESIAN_POINT('Ctrl Pts',(157.645224727553,-17.6095360602484,7.3));
#15253=CARTESIAN_POINT('',(158.186573421564,-17.7687564402614,7.8));
#15254=CARTESIAN_POINT('Ctrl Pts',(158.186573421564,-17.7687564402614,7.8));
#15255=CARTESIAN_POINT('Ctrl Pts',(157.904875826156,-17.7222152479198,7.8));
#15256=CARTESIAN_POINT('Ctrl Pts',(157.645224727553,-17.6095360602484,7.8));
#15257=CARTESIAN_POINT('',(158.186573421564,-17.7687564402614,7.3));
#15258=CARTESIAN_POINT('',(158.186573421564,-17.7687564402614,7.8));
#15259=CARTESIAN_POINT('Ctrl Pts',(158.186573421564,-17.7687564402614,7.3));
#15260=CARTESIAN_POINT('Ctrl Pts',(157.904875826156,-17.7222152479198,7.3));
#15261=CARTESIAN_POINT('Ctrl Pts',(157.645224727553,-17.6095360602484,7.3));
#15262=CARTESIAN_POINT('Ctrl Pts',(158.74996861238,-17.8128479387869,7.8));
#15263=CARTESIAN_POINT('Ctrl Pts',(158.74996861238,-17.8128479387869,7.3));
#15264=CARTESIAN_POINT('Ctrl Pts',(158.468271016972,-17.8128479387869,7.8));
#15265=CARTESIAN_POINT('Ctrl Pts',(158.468271016972,-17.8128479387869,7.3));
#15266=CARTESIAN_POINT('Ctrl Pts',(158.186573421564,-17.7687564402614,7.8));
#15267=CARTESIAN_POINT('Ctrl Pts',(158.186573421564,-17.7687564402614,7.3));
#15268=CARTESIAN_POINT('',(158.74996861238,-17.8128479387856,7.8));
#15269=CARTESIAN_POINT('Ctrl Pts',(158.74996861238,-17.8128479387869,7.8));
#15270=CARTESIAN_POINT('Ctrl Pts',(158.468271016972,-17.8128479387869,7.8));
#15271=CARTESIAN_POINT('Ctrl Pts',(158.186573421564,-17.7687564402614,7.8));
#15272=CARTESIAN_POINT('',(158.74996861238,-17.8128479387856,7.3));
#15273=CARTESIAN_POINT('',(158.74996861238,-17.8128479387856,7.8));
#15274=CARTESIAN_POINT('Ctrl Pts',(158.74996861238,-17.8128479387869,7.3));
#15275=CARTESIAN_POINT('Ctrl Pts',(158.468271016972,-17.8128479387869,7.3));
#15276=CARTESIAN_POINT('Ctrl Pts',(158.186573421564,-17.7687564402614,7.3));
#15277=CARTESIAN_POINT('Ctrl Pts',(159.313360813029,-17.7687564402614,7.8));
#15278=CARTESIAN_POINT('Ctrl Pts',(159.313360813029,-17.7687564402614,7.3));
#15279=CARTESIAN_POINT('Ctrl Pts',(159.031663217621,-17.8128479387869,7.8));
#15280=CARTESIAN_POINT('Ctrl Pts',(159.031663217621,-17.8128479387869,7.3));
#15281=CARTESIAN_POINT('Ctrl Pts',(158.749965622213,-17.8128479387869,7.8));
#15282=CARTESIAN_POINT('Ctrl Pts',(158.749965622213,-17.8128479387869,7.3));
#15283=CARTESIAN_POINT('',(159.313360813029,-17.7687564402614,7.8));
#15284=CARTESIAN_POINT('Ctrl Pts',(159.313360813029,-17.7687564402614,7.8));
#15285=CARTESIAN_POINT('Ctrl Pts',(159.031664712704,-17.8128477047754,7.8));
#15286=CARTESIAN_POINT('Ctrl Pts',(158.74996861238,-17.8128479387856,7.8));
#15287=CARTESIAN_POINT('',(159.313360813029,-17.7687564402614,7.3));
#15288=CARTESIAN_POINT('',(159.313360813029,-17.7687564402614,7.8));
#15289=CARTESIAN_POINT('Ctrl Pts',(159.313360813029,-17.7687564402614,7.3));
#15290=CARTESIAN_POINT('Ctrl Pts',(159.031664712704,-17.8128477047754,7.3));
#15291=CARTESIAN_POINT('Ctrl Pts',(158.74996861238,-17.8128479387856,7.3));
#15292=CARTESIAN_POINT('Ctrl Pts',(159.866957228579,-17.5874903109856,7.8));
#15293=CARTESIAN_POINT('Ctrl Pts',(159.866957228579,-17.5874903109856,7.3));
#15294=CARTESIAN_POINT('Ctrl Pts',(159.607306129976,-17.7124172201965,7.8));
#15295=CARTESIAN_POINT('Ctrl Pts',(159.607306129976,-17.7124172201965,7.3));
#15296=CARTESIAN_POINT('Ctrl Pts',(159.313360813029,-17.7687564402614,7.8));
#15297=CARTESIAN_POINT('Ctrl Pts',(159.313360813029,-17.7687564402614,7.3));
#15298=CARTESIAN_POINT('Ctrl Pts',(159.866957228579,-17.5874903109856,7.8));
#15299=CARTESIAN_POINT('Ctrl Pts',(159.607306129976,-17.7124172201965,7.8));
#15300=CARTESIAN_POINT('Ctrl Pts',(159.313360813029,-17.7687564402614,7.8));
#15301=CARTESIAN_POINT('Ctrl Pts',(159.866957228579,-17.5874903109856,7.3));
#15302=CARTESIAN_POINT('Ctrl Pts',(159.607306129976,-17.7124172201965,7.3));
#15303=CARTESIAN_POINT('Ctrl Pts',(159.313360813029,-17.7687564402614,7.3));
#15304=CARTESIAN_POINT('Origin',(158.749967117296,-13.5824853675801,7.3));
#15305=CARTESIAN_POINT('Origin',(-2.57891607289981,-2.54364290756681,7.8));
#15306=CARTESIAN_POINT('Origin',(-2.57891607289981,-2.54364290756681,7.8));
#15307=CARTESIAN_POINT('Origin',(108.2310839271,66.2126070924332,-2.77));
#15308=CARTESIAN_POINT('',(106.8510839271,65.9626070924332,-2.77000000000001));
#15309=CARTESIAN_POINT('',(106.3510839271,66.4626070924332,-2.77000000000001));
#15310=CARTESIAN_POINT('',(106.8510839271,65.9626070924332,-2.77000000000001));
#15311=CARTESIAN_POINT('',(108.2310839271,66.4626070924332,-0.890000000000022));
#15312=CARTESIAN_POINT('Origin',(108.2310839271,66.4626070924332,-2.77));
#15313=CARTESIAN_POINT('',(108.2310839271,65.9626070924332,-1.39000000000001));
#15314=CARTESIAN_POINT('',(108.2310839271,66.4626070924332,-0.890000000000022));
#15315=CARTESIAN_POINT('Origin',(108.2310839271,65.9626070924332,-2.77));
#15316=CARTESIAN_POINT('Origin',(144.7692089271,66.2126070924332,-1.13999999999996));
#15317=CARTESIAN_POINT('',(115.2110839271,66.4626070924332,-0.889999999999997));
#15318=CARTESIAN_POINT('',(144.7692089271,66.4626070924332,-0.889999999999962));
#15319=CARTESIAN_POINT('',(115.2110839271,65.9626070924332,-1.39));
#15320=CARTESIAN_POINT('',(115.2110839271,66.4626070924332,-0.889999999999997));
#15321=CARTESIAN_POINT('',(144.7692089271,65.9626070924332,-1.38999999999996));
#15322=CARTESIAN_POINT('Origin',(106.6010839271,66.2126070924332,-1.3849999999995));
#15323=CARTESIAN_POINT('',(106.8510839271,65.9626070924332,-3.5));
#15324=CARTESIAN_POINT('',(106.3510839271,66.4626070924332,-3.5));
#15325=CARTESIAN_POINT('',(96.4951464270997,76.3185445924335,-3.5));
#15326=CARTESIAN_POINT('',(106.3510839271,66.4626070924332,-1.3849999999995));
#15327=CARTESIAN_POINT('',(106.8510839271,65.9626070924332,-1.38499999999951));
#15328=CARTESIAN_POINT('Origin',(115.2110839271,66.2126070924332,-2.77));
#15329=CARTESIAN_POINT('',(117.0910839271,66.4626070924332,-2.76999999999999));
#15330=CARTESIAN_POINT('Origin',(115.2110839271,66.4626070924332,-2.77));
#15331=CARTESIAN_POINT('',(116.5910839271,65.9626070924332,-2.76999999999999));
#15332=CARTESIAN_POINT('',(117.0910839271,66.4626070924332,-2.76999999999999));
#15333=CARTESIAN_POINT('Origin',(115.2110839271,65.9626070924332,-2.77));
#15334=CARTESIAN_POINT('Origin',(116.8410839271,66.2126070924332,-1.98499999999957));
#15335=CARTESIAN_POINT('',(117.0910839271,66.4626070924332,-3.5));
#15336=CARTESIAN_POINT('',(116.5910839271,65.9626070924332,-3.5));
#15337=CARTESIAN_POINT('',(69.7970214270997,19.1685445924335,-3.5));
#15338=CARTESIAN_POINT('',(116.5910839271,65.9626070924332,-1.98499999999957));
#15339=CARTESIAN_POINT('',(117.0910839271,66.4626070924332,-1.98499999999958));
#15340=CARTESIAN_POINT('Origin',(116.5910839271,66.4626070924332,-3.96999999999999));
#15341=CARTESIAN_POINT('',(116.5910839271,57.4626070924332,-3.5));
#15342=CARTESIAN_POINT('',(116.5910839271,31.9594820924332,-3.5));
#15343=CARTESIAN_POINT('',(116.5910839271,57.4626070924332,-2.76999999999999));
#15344=CARTESIAN_POINT('',(116.5910839271,57.4626070924332,-1.98500000000217));
#15345=CARTESIAN_POINT('',(116.5910839271,66.4626070924332,-2.76999999999999));
#15346=CARTESIAN_POINT('Origin',(174.3273339271,66.4626070924332,0.));
#15347=CARTESIAN_POINT('',(-176.4851660729,66.4626070924332,-3.5));
#15348=CARTESIAN_POINT('',(-179.4851660729,66.4626070924332,-3.5));
#15349=CARTESIAN_POINT('',(-176.4851660729,66.4626070924332,6.8));
#15350=CARTESIAN_POINT('',(-176.4851660729,66.4626070924332,0.));
#15351=CARTESIAN_POINT('',(171.3273339271,66.4626070924332,6.8));
#15352=CARTESIAN_POINT('',(85.8742089271002,66.4626070924332,6.8));
#15353=CARTESIAN_POINT('',(171.3273339271,66.4626070924332,-3.5));
#15354=CARTESIAN_POINT('',(171.3273339271,66.4626070924332,0.));
#15355=CARTESIAN_POINT('',(-179.4851660729,66.4626070924332,-3.5));
#15356=CARTESIAN_POINT('Origin',(-2.57891607289981,-2.54364290756681,-3.5));
#15357=CARTESIAN_POINT('',(174.3273339271,63.4626070924332,-3.5));
#15358=CARTESIAN_POINT('Origin',(171.3273339271,63.4626070924332,-3.5));
#15359=CARTESIAN_POINT('',(174.3273339271,-68.5498929075668,-3.5));
#15360=CARTESIAN_POINT('',(174.3273339271,66.4626070924332,-3.5));
#15361=CARTESIAN_POINT('',(171.3273339271,-71.5498929075668,-3.5));
#15362=CARTESIAN_POINT('Origin',(171.3273339271,-68.5498929075668,-3.5));
#15363=CARTESIAN_POINT('',(-176.4851660729,-71.5498929075668,-3.5));
#15364=CARTESIAN_POINT('',(174.3273339271,-71.5498929075668,-3.5));
#15365=CARTESIAN_POINT('',(-179.4851660729,-68.5498929075668,-3.5));
#15366=CARTESIAN_POINT('Origin',(-176.4851660729,-68.5498929075668,-3.5));
#15367=CARTESIAN_POINT('',(-179.4851660729,63.4626070924332,-3.5));
#15368=CARTESIAN_POINT('',(-179.4851660729,-71.5498929075668,-3.5));
#15369=CARTESIAN_POINT('Origin',(-176.4851660729,63.4626070924332,-3.5));
#15370=CARTESIAN_POINT('',(106.8510839271,57.4626070924332,-3.5));
#15371=CARTESIAN_POINT('',(106.8510839271,31.9594820924332,-3.5));
#15372=CARTESIAN_POINT('',(39.7591881765926,57.4626070924332,-3.5));
#15373=CARTESIAN_POINT('',(-174.68047158374,57.4626070924332,-3.5));
#15374=CARTESIAN_POINT('',(37.6378678330329,58.3412867488735,-3.5));
#15375=CARTESIAN_POINT('Origin',(39.7591881765926,60.4626070924332,-3.5));
#15376=CARTESIAN_POINT('',(34.0237805365069,61.9553740453996,-3.5));
#15377=CARTESIAN_POINT('',(43.1585207941767,52.8206337877297,-3.5));
#15378=CARTESIAN_POINT('',(32.2560135835406,62.6876070924332,-3.5));
#15379=CARTESIAN_POINT('Origin',(32.2560135835405,60.1876070924331,-3.5));
#15380=CARTESIAN_POINT('',(29.5928585052145,62.6876070924332,-3.5));
#15381=CARTESIAN_POINT('',(14.8385487553204,62.6876070924332,-3.5));
#15382=CARTESIAN_POINT('',(29.1066486739688,62.7476070924332,-3.5));
#15383=CARTESIAN_POINT('Origin',(29.5928585052145,64.6876070924332,-3.5));
#15384=CARTESIAN_POINT('',(27.6480191802316,62.7476070924332,-3.5));
#15385=CARTESIAN_POINT('Origin',(28.3773339271002,59.8376070924332,-3.5));
#15386=CARTESIAN_POINT('',(27.1618093489859,62.6876070924332,-3.5));
#15387=CARTESIAN_POINT('Origin',(27.1618093489859,64.6876070924332,-3.5));
#15388=CARTESIAN_POINT('',(24.4986542706598,62.6876070924332,-3.5));
#15389=CARTESIAN_POINT('',(14.8385487553204,62.6876070924332,-3.5));
#15390=CARTESIAN_POINT('',(22.7308873176935,61.9553740453996,-3.5));
#15391=CARTESIAN_POINT('Origin',(24.4986542706598,60.1876070924333,-3.5));
#15392=CARTESIAN_POINT('',(19.1168000211674,58.3412867488735,-3.5));
#15393=CARTESIAN_POINT('',(21.1459382794463,60.3704250071524,-3.5));
#15394=CARTESIAN_POINT('',(16.9954796776078,57.4626070924332,-3.5));
#15395=CARTESIAN_POINT('Origin',(16.9954796776078,60.4626070924332,-3.5));
#15396=CARTESIAN_POINT('',(-45.9658118234074,57.4626070924332,-3.5));
#15397=CARTESIAN_POINT('',(-174.68047158374,57.4626070924332,-3.5));
#15398=CARTESIAN_POINT('',(-48.0871321669671,58.3412867488735,-3.5));
#15399=CARTESIAN_POINT('Origin',(-45.9658118234074,60.4626070924332,-3.5));
#15400=CARTESIAN_POINT('',(-51.701219463493,61.9553740453995,-3.5));
#15401=CARTESIAN_POINT('',(-21.1352292058234,31.3893837877297,-3.5));
#15402=CARTESIAN_POINT('',(-53.4689864164594,62.6876070924332,-3.5));
#15403=CARTESIAN_POINT('Origin',(-53.4689864164594,60.1876070924333,-3.5));
#15404=CARTESIAN_POINT('',(-56.1321414947856,62.6876070924332,-3.5));
#15405=CARTESIAN_POINT('',(-28.0239512446796,62.6876070924332,-3.5));
#15406=CARTESIAN_POINT('',(-56.6183513260313,62.7476070924332,-3.5));
#15407=CARTESIAN_POINT('Origin',(-56.1321414947856,64.6876070924332,-3.5));
#15408=CARTESIAN_POINT('',(-58.0769808197684,62.7476070924332,-3.5));
#15409=CARTESIAN_POINT('Origin',(-57.3476660728998,59.8376070924332,-3.5));
#15410=CARTESIAN_POINT('',(-58.5631906510141,62.6876070924332,-3.5));
#15411=CARTESIAN_POINT('Origin',(-58.5631906510141,64.6876070924332,-3.5));
#15412=CARTESIAN_POINT('',(-61.2263457293402,62.6876070924332,-3.5));
#15413=CARTESIAN_POINT('',(-28.0239512446796,62.6876070924332,-3.5));
#15414=CARTESIAN_POINT('',(-62.9941126823065,61.9553740453996,-3.5));
#15415=CARTESIAN_POINT('Origin',(-61.2263457293402,60.1876070924333,-3.5));
#15416=CARTESIAN_POINT('',(-66.6081999788325,58.3412867488735,-3.5));
#15417=CARTESIAN_POINT('',(-65.2279961587897,59.7214905689164,-3.5));
#15418=CARTESIAN_POINT('',(-68.7295203223922,57.4626070924332,-3.5));
#15419=CARTESIAN_POINT('Origin',(-68.7295203223922,60.4626070924332,-3.5));
#15420=CARTESIAN_POINT('',(-131.690811823407,57.4626070924332,-3.5));
#15421=CARTESIAN_POINT('',(-174.68047158374,57.4626070924332,-3.5));
#15422=CARTESIAN_POINT('',(-133.812132166967,58.3412867488735,-3.5));
#15423=CARTESIAN_POINT('Origin',(-131.690811823407,60.4626070924332,-3.5));
#15424=CARTESIAN_POINT('',(-137.426219463493,61.9553740453996,-3.5));
#15425=CARTESIAN_POINT('',(-85.4289792058233,9.95813378772984,-3.5));
#15426=CARTESIAN_POINT('',(-139.193986416459,62.6876070924332,-3.5));
#15427=CARTESIAN_POINT('Origin',(-139.193986416459,60.1876070924332,-3.5));
#15428=CARTESIAN_POINT('',(-141.857141494786,62.6876070924332,-3.5));
#15429=CARTESIAN_POINT('',(-70.8864512446796,62.6876070924332,-3.5));
#15430=CARTESIAN_POINT('',(-142.343351326031,62.7476070924332,-3.5));
#15431=CARTESIAN_POINT('Origin',(-141.857141494786,64.6876070924332,-3.5));
#15432=CARTESIAN_POINT('',(-143.801980819768,62.7476070924332,-3.5));
#15433=CARTESIAN_POINT('Origin',(-143.0726660729,59.8376070924332,-3.5));
#15434=CARTESIAN_POINT('',(-144.288190651014,62.6876070924332,-3.5));
#15435=CARTESIAN_POINT('Origin',(-144.288190651014,64.6876070924332,-3.5));
#15436=CARTESIAN_POINT('',(-146.95134572934,62.6876070924332,-3.5));
#15437=CARTESIAN_POINT('',(-70.8864512446796,62.6876070924332,-3.5));
#15438=CARTESIAN_POINT('',(-148.719112682307,61.9553740453996,-3.5));
#15439=CARTESIAN_POINT('Origin',(-146.95134572934,60.1876070924332,-3.5));
#15440=CARTESIAN_POINT('',(-152.333199978833,58.3412867488735,-3.5));
#15441=CARTESIAN_POINT('',(-149.984894998631,60.6895917290753,-3.5));
#15442=CARTESIAN_POINT('',(-154.454520322392,57.4626070924332,-3.5));
#15443=CARTESIAN_POINT('Origin',(-154.454520322392,60.4626070924332,-3.5));
#15444=CARTESIAN_POINT('',(-175.3851660729,57.4626070924332,-3.5));
#15445=CARTESIAN_POINT('',(-176.8851660729,57.4626070924332,-3.5));
#15446=CARTESIAN_POINT('',(-176.883946562632,56.0230805874355,-3.5));
#15447=CARTESIAN_POINT('Origin',(-175.3851660729,55.9626070924332,-3.5));
#15448=CARTESIAN_POINT('',(-177.567279895965,54.2350093999778,-3.5));
#15449=CARTESIAN_POINT('Origin',(-179.881507542097,56.1440275774401,-3.5));
#15450=CARTESIAN_POINT('',(-177.9101660729,53.2805003112466,-3.5));
#15451=CARTESIAN_POINT('Origin',(-176.4101660729,53.2805003112466,-3.5));
#15452=CARTESIAN_POINT('',(-177.9101660729,-62.0748929075668,-3.5));
#15453=CARTESIAN_POINT('',(-177.9101660729,-31.2057145169735,-3.5));
#15454=CARTESIAN_POINT('',(-175.9101660729,-64.0748929075668,-3.5));
#15455=CARTESIAN_POINT('Origin',(-175.9101660729,-62.0748929075668,-3.5));
#15456=CARTESIAN_POINT('',(-136.28148641646,-64.0748929075668,-3.5));
#15457=CARTESIAN_POINT('',(-88.1409876823066,-64.0748929075668,-3.5));
#15458=CARTESIAN_POINT('',(-135.927933025866,-64.2213395169736,-3.5));
#15459=CARTESIAN_POINT('Origin',(-136.28148641646,-64.5748929075667,-3.5));
#15460=CARTESIAN_POINT('',(-134.431612682307,-65.7176598605331,-3.5));
#15461=CARTESIAN_POINT('',(-118.010102939974,-82.1391696028647,-3.5));
#15462=CARTESIAN_POINT('',(-132.66384572934,-66.4498929075668,-3.5));
#15463=CARTESIAN_POINT('Origin',(-132.66384572934,-63.9498929075667,-3.5));
#15464=CARTESIAN_POINT('',(-132.255036387479,-66.4498929075668,-3.5));
#15465=CARTESIAN_POINT('',(-67.62138090112,-66.4498929075668,-3.5));
#15466=CARTESIAN_POINT('',(-130.867088261648,-67.0098929075668,-3.5));
#15467=CARTESIAN_POINT('Origin',(-132.255036387479,-68.4498929075668,-3.5));
#15468=CARTESIAN_POINT('',(-126.703243884152,-67.0098929075668,-3.5));
#15469=CARTESIAN_POINT('Origin',(-128.7851660729,-64.8498929075668,-3.5));
#15470=CARTESIAN_POINT('',(-125.31529575832,-66.4498929075668,-3.5));
#15471=CARTESIAN_POINT('Origin',(-125.31529575832,-68.4498929075668,-3.5));
#15472=CARTESIAN_POINT('',(-124.906486416459,-66.4498929075668,-3.5));
#15473=CARTESIAN_POINT('',(-67.62138090112,-66.4498929075668,-3.5));
#15474=CARTESIAN_POINT('',(-123.138719463493,-65.7176598605332,-3.5));
#15475=CARTESIAN_POINT('Origin',(-124.90648641646,-63.9498929075667,-3.5));
#15476=CARTESIAN_POINT('',(-121.642399119933,-64.2213395169735,-3.5));
#15477=CARTESIAN_POINT('',(-77.2052643776,-19.7842047746449,-3.5));
#15478=CARTESIAN_POINT('',(-121.28884572934,-64.0748929075667,-3.5));
#15479=CARTESIAN_POINT('Origin',(-121.28884572934,-64.5748929075667,-3.5));
#15480=CARTESIAN_POINT('',(30.4060135835405,-64.0748929075668,-3.5));
#15481=CARTESIAN_POINT('',(-61.93388090112,-64.0748929075667,-3.5));
#15482=CARTESIAN_POINT('',(30.7595669741338,-64.2213395169736,-3.5));
#15483=CARTESIAN_POINT('Origin',(30.4060135835405,-64.5748929075668,-3.5));
#15484=CARTESIAN_POINT('',(32.2558873176935,-65.7176598605331,-3.5));
#15485=CARTESIAN_POINT('',(7.0055220600233,-40.4672946028642,-3.5));
#15486=CARTESIAN_POINT('',(34.0236542706599,-66.4498929075668,-3.5));
#15487=CARTESIAN_POINT('Origin',(34.0236542706599,-63.9498929075667,-3.5));
#15488=CARTESIAN_POINT('',(34.4324636125207,-66.4498929075668,-3.5));
#15489=CARTESIAN_POINT('',(15.7223690988801,-66.4498929075668,-3.5));
#15490=CARTESIAN_POINT('',(35.8204117383525,-67.0098929075668,-3.5));
#15491=CARTESIAN_POINT('Origin',(34.4324636125207,-68.4498929075668,-3.5));
#15492=CARTESIAN_POINT('',(39.9842561158479,-67.0098929075668,-3.5));
#15493=CARTESIAN_POINT('Origin',(37.9023339271002,-64.8498929075668,-3.5));
#15494=CARTESIAN_POINT('',(41.3722042416797,-66.4498929075668,-3.5));
#15495=CARTESIAN_POINT('Origin',(41.3722042416797,-68.4498929075668,-3.5));
#15496=CARTESIAN_POINT('',(41.7810135835405,-66.4498929075668,-3.5));
#15497=CARTESIAN_POINT('',(15.7223690988801,-66.4498929075668,-3.5));
#15498=CARTESIAN_POINT('',(43.5487805365069,-65.7176598605332,-3.5));
#15499=CARTESIAN_POINT('Origin',(41.7810135835405,-63.9498929075667,-3.5));
#15500=CARTESIAN_POINT('',(45.0451008800666,-64.2213395169736,-3.5));
#15501=CARTESIAN_POINT('',(47.810360622396,-61.4560797746444,-3.5));
#15502=CARTESIAN_POINT('',(45.3986542706599,-64.0748929075668,-3.5));
#15503=CARTESIAN_POINT('Origin',(45.39865427066,-64.574892907567,-3.5));
#15504=CARTESIAN_POINT('',(125.656013583541,-64.0748929075668,-3.5));
#15505=CARTESIAN_POINT('',(21.4098690988801,-64.0748929075668,-3.5));
#15506=CARTESIAN_POINT('',(126.009566974134,-64.2213395169736,-3.5));
#15507=CARTESIAN_POINT('Origin',(125.656013583541,-64.5748929075666,-3.5));
#15508=CARTESIAN_POINT('',(127.505887317693,-65.7176598605331,-3.5));
#15509=CARTESIAN_POINT('',(78.4430220600218,-16.6547946028644,-3.5));
#15510=CARTESIAN_POINT('',(129.27365427066,-66.4498929075668,-3.5));
#15511=CARTESIAN_POINT('Origin',(129.27365427066,-63.9498929075667,-3.5));
#15512=CARTESIAN_POINT('',(129.682463612521,-66.4498929075668,-3.5));
#15513=CARTESIAN_POINT('',(63.34736909888,-66.4498929075668,-3.5));
#15514=CARTESIAN_POINT('',(131.070411738353,-67.0098929075668,-3.5));
#15515=CARTESIAN_POINT('Origin',(129.682463612521,-68.4498929075668,-3.5));
#15516=CARTESIAN_POINT('',(135.234256115848,-67.0098929075668,-3.5));
#15517=CARTESIAN_POINT('Origin',(133.1523339271,-64.8498929075668,-3.5));
#15518=CARTESIAN_POINT('',(136.62220424168,-66.4498929075668,-3.5));
#15519=CARTESIAN_POINT('Origin',(136.62220424168,-68.4498929075668,-3.5));
#15520=CARTESIAN_POINT('',(137.031013583541,-66.4498929075668,-3.5));
#15521=CARTESIAN_POINT('',(63.34736909888,-66.4498929075668,-3.5));
#15522=CARTESIAN_POINT('',(138.798780536507,-65.7176598605332,-3.5));
#15523=CARTESIAN_POINT('Origin',(137.031013583541,-63.9498929075669,-3.5));
#15524=CARTESIAN_POINT('',(140.295100880067,-64.2213395169735,-3.5));
#15525=CARTESIAN_POINT('',(119.247860622394,-85.2685797746447,-3.5));
#15526=CARTESIAN_POINT('',(140.64865427066,-64.0748929075668,-3.5));
#15527=CARTESIAN_POINT('Origin',(140.64865427066,-64.5748929075666,-3.5));
#15528=CARTESIAN_POINT('',(170.7523339271,-64.0748929075668,-3.5));
#15529=CARTESIAN_POINT('',(82.9831555365069,-64.0748929075668,-3.5));
#15530=CARTESIAN_POINT('',(172.7523339271,-62.0748929075668,-3.5));
#15531=CARTESIAN_POINT('Origin',(170.7523339271,-62.0748929075668,-3.5));
#15532=CARTESIAN_POINT('',(172.7523339271,53.2805003112463,-3.5));
#15533=CARTESIAN_POINT('',(172.7523339271,-31.2057145169735,-3.5));
#15534=CARTESIAN_POINT('',(172.409447750166,54.2350093999777,-3.5));
#15535=CARTESIAN_POINT('Origin',(171.2523339271,53.2805003112468,-3.5));
#15536=CARTESIAN_POINT('',(171.726114416833,56.0230805874355,-3.5));
#15537=CARTESIAN_POINT('Origin',(174.723675396297,56.14402757744,-3.5));
#15538=CARTESIAN_POINT('',(170.2273339271,57.4626070924332,-3.5));
#15539=CARTESIAN_POINT('Origin',(170.2273339271,55.9626070924332,-3.5));
#15540=CARTESIAN_POINT('',(163.584188176593,57.4626070924332,-3.5));
#15541=CARTESIAN_POINT('',(-176.8851660729,57.4626070924332,-3.5));
#15542=CARTESIAN_POINT('',(161.462867833033,58.3412867488735,-3.5));
#15543=CARTESIAN_POINT('Origin',(163.584188176593,60.4626070924332,-3.5));
#15544=CARTESIAN_POINT('',(157.848780536507,61.9553740453995,-3.5));
#15545=CARTESIAN_POINT('',(136.027270794176,83.7768837877302,-3.5));
#15546=CARTESIAN_POINT('',(156.081013583541,62.6876070924332,-3.5));
#15547=CARTESIAN_POINT('Origin',(156.081013583541,60.1876070924334,-3.5));
#15548=CARTESIAN_POINT('',(153.417858505215,62.6876070924332,-3.5));
#15549=CARTESIAN_POINT('',(76.7510487553203,62.6876070924332,-3.5));
#15550=CARTESIAN_POINT('',(152.931648673969,62.7476070924332,-3.5));
#15551=CARTESIAN_POINT('Origin',(153.417858505215,64.6876070924332,-3.5));
#15552=CARTESIAN_POINT('',(151.473019180231,62.7476070924332,-3.5));
#15553=CARTESIAN_POINT('Origin',(152.2023339271,59.8376070924333,-3.5));
#15554=CARTESIAN_POINT('',(150.986809348986,62.6876070924332,-3.5));
#15555=CARTESIAN_POINT('Origin',(150.986809348986,64.6876070924332,-3.5));
#15556=CARTESIAN_POINT('',(148.32365427066,62.6876070924332,-3.5));
#15557=CARTESIAN_POINT('',(76.7510487553203,62.6876070924332,-3.5));
#15558=CARTESIAN_POINT('',(146.555887317693,61.9553740453996,-3.5));
#15559=CARTESIAN_POINT('Origin',(148.32365427066,60.1876070924335,-3.5));
#15560=CARTESIAN_POINT('',(142.941800021167,58.3412867488735,-3.5));
#15561=CARTESIAN_POINT('',(145.469753066136,60.8692397938423,-3.5));
#15562=CARTESIAN_POINT('',(140.820479677608,57.4626070924332,-3.5));
#15563=CARTESIAN_POINT('Origin',(140.820479677608,60.4626070924332,-3.5));
#15564=CARTESIAN_POINT('',(-174.68047158374,57.4626070924332,-3.5));
#15565=CARTESIAN_POINT('',(56.1541672604336,61.9626070924331,-3.50000000000001));
#15566=CARTESIAN_POINT('Origin',(54.8896672604336,61.9626070924331,-3.50000000000001));
#15567=CARTESIAN_POINT('',(-73.7829994062331,-66.790166585236,-3.49999999999999));
#15568=CARTESIAN_POINT('Origin',(-75.0474994062331,-66.790166585236,-3.49999999999999));
#15569=CARTESIAN_POINT('',(171.0918339271,61.9626070924332,-3.50000000000001));
#15570=CARTESIAN_POINT('Origin',(169.8273339271,61.9626070924332,-3.50000000000001));
#15571=CARTESIAN_POINT('',(-173.7206660729,-66.7901665852361,-3.49999999999999));
#15572=CARTESIAN_POINT('Origin',(-174.9851660729,-66.7901665852361,-3.49999999999999));
#15573=CARTESIAN_POINT('',(-73.7829994062331,61.9626070924332,-3.50000000000001));
#15574=CARTESIAN_POINT('Origin',(-75.0474994062331,61.9626070924332,-3.50000000000001));
#15575=CARTESIAN_POINT('',(56.1541672604336,-66.790166585236,-3.49999999999999));
#15576=CARTESIAN_POINT('Origin',(54.8896672604336,-66.790166585236,-3.49999999999999));
#15577=CARTESIAN_POINT('',(171.0918339271,-66.7901665852361,-3.49999999999999));
#15578=CARTESIAN_POINT('Origin',(169.8273339271,-66.7901665852361,-3.49999999999999));
#15579=CARTESIAN_POINT('',(-173.7206660729,61.9626070924332,-3.50000000000001));
#15580=CARTESIAN_POINT('Origin',(-174.9851660729,61.9626070924332,-3.50000000000001));
#15581=CARTESIAN_POINT('Origin',(106.8510839271,66.4626070924332,-2.77000000000001));
#15582=CARTESIAN_POINT('',(106.8510839271,57.4626070924332,-2.77000000000001));
#15583=CARTESIAN_POINT('',(106.8510839271,66.4626070924332,-2.77000000000001));
#15584=CARTESIAN_POINT('',(106.8510839271,57.4626070924332,-1.3850000000021));
#15585=CARTESIAN_POINT('Origin',(108.2310839271,66.4626070924332,-2.77));
#15586=CARTESIAN_POINT('',(108.2310839271,57.4626070924332,-1.39000000000001));
#15587=CARTESIAN_POINT('',(108.2310839271,66.4626070924332,-1.39000000000001));
#15588=CARTESIAN_POINT('Origin',(108.2310839271,57.4626070924332,-2.77));
#15589=CARTESIAN_POINT('Origin',(115.2110839271,66.4626070924332,-1.39));
#15590=CARTESIAN_POINT('',(115.2110839271,57.4626070924332,-1.39));
#15591=CARTESIAN_POINT('',(115.2110839271,66.4626070924332,-1.39));
#15592=CARTESIAN_POINT('',(-30.8370410728998,57.4626070924332,-1.39000000000017));
#15593=CARTESIAN_POINT('Origin',(115.2110839271,66.4626070924332,-2.77));
#15594=CARTESIAN_POINT('Origin',(115.2110839271,57.4626070924332,-2.77));
#15595=CARTESIAN_POINT('Origin',(-174.9851660729,61.9626070924332,-42.2));
#15596=CARTESIAN_POINT('',(-173.7206660729,61.9626070924332,4.30000000000001));
#15597=CARTESIAN_POINT('',(-173.7206660729,61.9626070924332,-42.2));
#15598=CARTESIAN_POINT('Origin',(-174.9851660729,61.9626070924332,4.30000000000001));
#15599=CARTESIAN_POINT('Origin',(-174.9851660729,61.9626070924332,4.30000000000001));
#15600=CARTESIAN_POINT('Origin',(169.8273339271,-66.7901665852361,-42.2));
#15601=CARTESIAN_POINT('',(171.0918339271,-66.7901665852361,4.30000000000004));
#15602=CARTESIAN_POINT('',(171.0918339271,-66.7901665852361,-42.2));
#15603=CARTESIAN_POINT('Origin',(169.8273339271,-66.7901665852361,4.30000000000004));
#15604=CARTESIAN_POINT('Origin',(169.8273339271,-66.7901665852361,4.30000000000004));
#15605=CARTESIAN_POINT('Origin',(54.8896672604336,-66.790166585236,-42.2));
#15606=CARTESIAN_POINT('',(56.1541672604336,-66.790166585236,4.30000000000004));
#15607=CARTESIAN_POINT('',(56.1541672604336,-66.790166585236,-42.2));
#15608=CARTESIAN_POINT('Origin',(54.8896672604336,-66.790166585236,4.30000000000004));
#15609=CARTESIAN_POINT('Origin',(54.8896672604336,-66.790166585236,4.30000000000004));
#15610=CARTESIAN_POINT('Origin',(-75.0474994062331,61.9626070924331,-42.2));
#15611=CARTESIAN_POINT('',(-73.7829994062331,61.9626070924332,4.30000000000001));
#15612=CARTESIAN_POINT('',(-73.7829994062331,61.9626070924331,-42.2));
#15613=CARTESIAN_POINT('Origin',(-75.0474994062331,61.9626070924332,4.30000000000001));
#15614=CARTESIAN_POINT('Origin',(-75.0474994062331,61.9626070924332,4.30000000000001));
#15615=CARTESIAN_POINT('Origin',(-174.9851660729,-66.7901665852361,-42.2));
#15616=CARTESIAN_POINT('',(-173.7206660729,-66.7901665852361,4.30000000000004));
#15617=CARTESIAN_POINT('',(-173.7206660729,-66.7901665852361,-42.2));
#15618=CARTESIAN_POINT('Origin',(-174.9851660729,-66.7901665852361,4.30000000000004));
#15619=CARTESIAN_POINT('Origin',(-174.9851660729,-66.7901665852361,4.30000000000004));
#15620=CARTESIAN_POINT('Origin',(169.8273339271,61.9626070924332,-42.2));
#15621=CARTESIAN_POINT('',(171.0918339271,61.9626070924332,4.30000000000001));
#15622=CARTESIAN_POINT('',(171.0918339271,61.9626070924332,-42.2));
#15623=CARTESIAN_POINT('Origin',(169.8273339271,61.9626070924332,4.30000000000001));
#15624=CARTESIAN_POINT('Origin',(169.8273339271,61.9626070924332,4.30000000000001));
#15625=CARTESIAN_POINT('Origin',(-75.0474994062331,-66.790166585236,-42.2));
#15626=CARTESIAN_POINT('',(-73.7829994062331,-66.790166585236,4.30000000000004));
#15627=CARTESIAN_POINT('',(-73.7829994062331,-66.790166585236,-42.2));
#15628=CARTESIAN_POINT('Origin',(-75.0474994062331,-66.790166585236,4.30000000000004));
#15629=CARTESIAN_POINT('Origin',(-75.0474994062331,-66.790166585236,4.30000000000004));
#15630=CARTESIAN_POINT('Origin',(54.8896672604336,61.9626070924331,-42.2));
#15631=CARTESIAN_POINT('',(56.1541672604336,61.9626070924331,4.30000000000001));
#15632=CARTESIAN_POINT('',(56.1541672604336,61.9626070924331,-42.2));
#15633=CARTESIAN_POINT('Origin',(54.8896672604336,61.9626070924331,4.30000000000001));
#15634=CARTESIAN_POINT('Origin',(54.8896672604336,61.9626070924331,4.30000000000001));
#15635=CARTESIAN_POINT('Origin',(-125.31529575832,-68.4498929075668,0.8));
#15636=CARTESIAN_POINT('',(-126.703243884152,-67.0098929075668,0.8));
#15637=CARTESIAN_POINT('',(-126.703243884152,-67.0098929075668,0.8));
#15638=CARTESIAN_POINT('',(-125.31529575832,-66.4498929075668,0.8));
#15639=CARTESIAN_POINT('Origin',(-125.31529575832,-68.4498929075668,0.8));
#15640=CARTESIAN_POINT('',(-125.31529575832,-66.4498929075668,0.8));
#15641=CARTESIAN_POINT('Origin',(-128.7851660729,-64.8498929075668,0.8));
#15642=CARTESIAN_POINT('',(-130.867088261648,-67.0098929075668,0.8));
#15643=CARTESIAN_POINT('',(-130.867088261648,-67.0098929075668,0.8));
#15644=CARTESIAN_POINT('Origin',(-128.7851660729,-64.8498929075668,0.8));
#15645=CARTESIAN_POINT('Origin',(-132.255036387479,-68.4498929075668,0.8));
#15646=CARTESIAN_POINT('',(-132.255036387479,-66.4498929075668,0.8));
#15647=CARTESIAN_POINT('',(-132.255036387479,-66.4498929075668,0.8));
#15648=CARTESIAN_POINT('Origin',(-132.255036387479,-68.4498929075668,0.8));
#15649=CARTESIAN_POINT('Origin',(-132.66384572934,-66.4498929075668,-3.5));
#15650=CARTESIAN_POINT('',(-132.66384572934,-66.4498929075668,0.8));
#15651=CARTESIAN_POINT('',(-132.66384572934,-66.4498929075668,-3.5));
#15652=CARTESIAN_POINT('',(-132.66384572934,-66.4498929075668,0.8));
#15653=CARTESIAN_POINT('Origin',(136.62220424168,-68.4498929075668,0.8));
#15654=CARTESIAN_POINT('',(135.234256115848,-67.0098929075668,0.8));
#15655=CARTESIAN_POINT('',(135.234256115848,-67.0098929075668,0.8));
#15656=CARTESIAN_POINT('',(136.62220424168,-66.4498929075668,0.8));
#15657=CARTESIAN_POINT('Origin',(136.62220424168,-68.4498929075668,0.8));
#15658=CARTESIAN_POINT('',(136.62220424168,-66.4498929075668,0.8));
#15659=CARTESIAN_POINT('Origin',(133.1523339271,-64.8498929075668,0.8));
#15660=CARTESIAN_POINT('',(131.070411738353,-67.0098929075668,0.8));
#15661=CARTESIAN_POINT('',(131.070411738353,-67.0098929075668,0.8));
#15662=CARTESIAN_POINT('Origin',(133.1523339271,-64.8498929075668,0.8));
#15663=CARTESIAN_POINT('Origin',(129.682463612521,-68.4498929075668,0.8));
#15664=CARTESIAN_POINT('',(129.682463612521,-66.4498929075668,0.8));
#15665=CARTESIAN_POINT('',(129.682463612521,-66.4498929075668,0.8));
#15666=CARTESIAN_POINT('Origin',(129.682463612521,-68.4498929075668,0.8));
#15667=CARTESIAN_POINT('Origin',(129.27365427066,-66.4498929075668,-3.5));
#15668=CARTESIAN_POINT('',(129.27365427066,-66.4498929075668,0.8));
#15669=CARTESIAN_POINT('',(129.27365427066,-66.4498929075668,-3.5));
#15670=CARTESIAN_POINT('',(-132.66384572934,-66.4498929075668,0.8));
#15671=CARTESIAN_POINT('Origin',(41.3722042416797,-68.4498929075668,0.8));
#15672=CARTESIAN_POINT('',(39.9842561158479,-67.0098929075668,0.8));
#15673=CARTESIAN_POINT('',(39.9842561158479,-67.0098929075668,0.8));
#15674=CARTESIAN_POINT('',(41.3722042416797,-66.4498929075668,0.8));
#15675=CARTESIAN_POINT('Origin',(41.3722042416797,-68.4498929075668,0.8));
#15676=CARTESIAN_POINT('',(41.3722042416797,-66.4498929075668,0.8));
#15677=CARTESIAN_POINT('Origin',(37.9023339271002,-64.8498929075668,0.8));
#15678=CARTESIAN_POINT('',(35.8204117383525,-67.0098929075668,0.8));
#15679=CARTESIAN_POINT('',(35.8204117383525,-67.0098929075668,0.8));
#15680=CARTESIAN_POINT('Origin',(37.9023339271002,-64.8498929075668,0.8));
#15681=CARTESIAN_POINT('Origin',(34.4324636125207,-68.4498929075668,0.8));
#15682=CARTESIAN_POINT('',(34.4324636125207,-66.4498929075668,0.8));
#15683=CARTESIAN_POINT('',(34.4324636125207,-66.4498929075668,0.8));
#15684=CARTESIAN_POINT('Origin',(34.4324636125207,-68.4498929075668,0.8));
#15685=CARTESIAN_POINT('Origin',(34.0236542706599,-66.4498929075668,-3.5));
#15686=CARTESIAN_POINT('',(34.0236542706599,-66.4498929075668,0.8));
#15687=CARTESIAN_POINT('',(34.0236542706599,-66.4498929075668,-3.5));
#15688=CARTESIAN_POINT('',(-132.66384572934,-66.4498929075668,0.8));
#15689=CARTESIAN_POINT('Origin',(153.417858505215,64.6876070924332,0.8));
#15690=CARTESIAN_POINT('',(153.417858505215,62.6876070924332,0.8));
#15691=CARTESIAN_POINT('',(153.417858505215,62.6876070924332,0.8));
#15692=CARTESIAN_POINT('',(152.931648673969,62.7476070924332,0.8));
#15693=CARTESIAN_POINT('Origin',(153.417858505215,64.6876070924332,0.8));
#15694=CARTESIAN_POINT('',(152.931648673969,62.7476070924332,0.8));
#15695=CARTESIAN_POINT('Origin',(152.2023339271,59.8376070924333,0.8));
#15696=CARTESIAN_POINT('',(151.473019180231,62.7476070924332,0.8));
#15697=CARTESIAN_POINT('Origin',(152.2023339271,59.8376070924333,0.8));
#15698=CARTESIAN_POINT('',(151.473019180231,62.7476070924332,0.8));
#15699=CARTESIAN_POINT('Origin',(150.986809348986,64.6876070924332,0.8));
#15700=CARTESIAN_POINT('',(150.986809348986,62.6876070924332,0.8));
#15701=CARTESIAN_POINT('Origin',(150.986809348986,64.6876070924332,0.8));
#15702=CARTESIAN_POINT('',(150.986809348986,62.6876070924332,0.8));
#15703=CARTESIAN_POINT('Origin',(-141.857141494786,64.6876070924332,0.8));
#15704=CARTESIAN_POINT('',(-141.857141494786,62.6876070924332,0.8));
#15705=CARTESIAN_POINT('',(-141.857141494786,62.6876070924332,0.8));
#15706=CARTESIAN_POINT('',(-142.343351326031,62.7476070924332,0.8));
#15707=CARTESIAN_POINT('Origin',(-141.857141494786,64.6876070924332,0.8));
#15708=CARTESIAN_POINT('',(-142.343351326031,62.7476070924332,0.8));
#15709=CARTESIAN_POINT('Origin',(-143.0726660729,59.8376070924332,0.8));
#15710=CARTESIAN_POINT('',(-143.801980819768,62.7476070924332,0.8));
#15711=CARTESIAN_POINT('Origin',(-143.0726660729,59.8376070924332,0.8));
#15712=CARTESIAN_POINT('',(-143.801980819768,62.7476070924332,0.8));
#15713=CARTESIAN_POINT('Origin',(-144.288190651014,64.6876070924332,0.8));
#15714=CARTESIAN_POINT('',(-144.288190651014,62.6876070924332,0.8));
#15715=CARTESIAN_POINT('Origin',(-144.288190651014,64.6876070924332,0.8));
#15716=CARTESIAN_POINT('',(-144.288190651014,62.6876070924332,0.8));
#15717=CARTESIAN_POINT('Origin',(-56.1321414947856,64.6876070924332,0.8));
#15718=CARTESIAN_POINT('',(-56.1321414947856,62.6876070924332,0.8));
#15719=CARTESIAN_POINT('',(-56.1321414947856,62.6876070924332,0.8));
#15720=CARTESIAN_POINT('',(-56.6183513260313,62.7476070924332,0.8));
#15721=CARTESIAN_POINT('Origin',(-56.1321414947856,64.6876070924332,0.8));
#15722=CARTESIAN_POINT('',(-56.6183513260313,62.7476070924332,0.8));
#15723=CARTESIAN_POINT('Origin',(-57.3476660728998,59.8376070924332,0.8));
#15724=CARTESIAN_POINT('',(-58.0769808197684,62.7476070924332,0.8));
#15725=CARTESIAN_POINT('Origin',(-57.3476660728998,59.8376070924332,0.8));
#15726=CARTESIAN_POINT('',(-58.0769808197684,62.7476070924332,0.8));
#15727=CARTESIAN_POINT('Origin',(-58.5631906510141,64.6876070924332,0.8));
#15728=CARTESIAN_POINT('',(-58.563190651014,62.6876070924332,0.8));
#15729=CARTESIAN_POINT('Origin',(-58.5631906510141,64.6876070924332,0.8));
#15730=CARTESIAN_POINT('',(-58.5631906510141,62.6876070924332,0.8));
#15731=CARTESIAN_POINT('Origin',(29.5928585052145,64.6876070924332,0.8));
#15732=CARTESIAN_POINT('',(29.5928585052145,62.6876070924332,0.8));
#15733=CARTESIAN_POINT('',(29.5928585052145,62.6876070924332,0.8));
#15734=CARTESIAN_POINT('',(29.1066486739688,62.7476070924332,0.8));
#15735=CARTESIAN_POINT('Origin',(29.5928585052145,64.6876070924332,0.8));
#15736=CARTESIAN_POINT('',(29.1066486739688,62.7476070924332,0.8));
#15737=CARTESIAN_POINT('Origin',(28.3773339271002,59.8376070924332,0.8));
#15738=CARTESIAN_POINT('',(27.6480191802316,62.7476070924332,0.8));
#15739=CARTESIAN_POINT('Origin',(28.3773339271002,59.8376070924332,0.8));
#15740=CARTESIAN_POINT('',(27.6480191802316,62.7476070924332,0.8));
#15741=CARTESIAN_POINT('Origin',(27.1618093489859,64.6876070924332,0.8));
#15742=CARTESIAN_POINT('',(27.1618093489859,62.6876070924332,0.8));
#15743=CARTESIAN_POINT('Origin',(27.1618093489859,64.6876070924332,0.8));
#15744=CARTESIAN_POINT('',(27.1618093489859,62.6876070924332,0.8));
#15745=CARTESIAN_POINT('Origin',(32.2560135835406,62.6876070924332,-3.5));
#15746=CARTESIAN_POINT('',(24.4986542706598,62.6876070924332,0.8));
#15747=CARTESIAN_POINT('',(156.081013583541,62.6876070924332,0.8));
#15748=CARTESIAN_POINT('',(24.4986542706598,62.6876070924332,-3.5));
#15749=CARTESIAN_POINT('Origin',(-53.4689864164594,62.6876070924332,-3.5));
#15750=CARTESIAN_POINT('',(-53.4689864164594,62.6876070924332,0.8));
#15751=CARTESIAN_POINT('',(-53.4689864164594,62.6876070924332,-3.5));
#15752=CARTESIAN_POINT('',(156.081013583541,62.6876070924332,0.8));
#15753=CARTESIAN_POINT('Origin',(-53.4689864164594,62.6876070924332,-3.5));
#15754=CARTESIAN_POINT('',(-61.2263457293402,62.6876070924332,0.8));
#15755=CARTESIAN_POINT('',(156.081013583541,62.6876070924332,0.8));
#15756=CARTESIAN_POINT('',(-61.2263457293402,62.6876070924332,-3.5));
#15757=CARTESIAN_POINT('Origin',(129.27365427066,-66.4498929075668,-3.5));
#15758=CARTESIAN_POINT('',(137.031013583541,-66.4498929075668,0.8));
#15759=CARTESIAN_POINT('',(-132.66384572934,-66.4498929075668,0.8));
#15760=CARTESIAN_POINT('',(137.031013583541,-66.4498929075668,-3.5));
#15761=CARTESIAN_POINT('Origin',(-139.193986416459,62.6876070924332,-3.5));
#15762=CARTESIAN_POINT('',(-139.193986416459,62.6876070924332,0.8));
#15763=CARTESIAN_POINT('',(-139.193986416459,62.6876070924332,-3.5));
#15764=CARTESIAN_POINT('',(156.081013583541,62.6876070924332,0.8));
#15765=CARTESIAN_POINT('Origin',(-139.193986416459,62.6876070924332,-3.5));
#15766=CARTESIAN_POINT('',(-146.95134572934,62.6876070924332,0.8));
#15767=CARTESIAN_POINT('',(156.081013583541,62.6876070924332,0.8));
#15768=CARTESIAN_POINT('',(-146.95134572934,62.6876070924332,-3.5));
#15769=CARTESIAN_POINT('Origin',(156.081013583541,62.6876070924332,-3.5));
#15770=CARTESIAN_POINT('',(156.081013583541,62.6876070924332,0.8));
#15771=CARTESIAN_POINT('',(156.081013583541,62.6876070924332,-3.5));
#15772=CARTESIAN_POINT('',(156.081013583541,62.6876070924332,0.8));
#15773=CARTESIAN_POINT('Origin',(156.081013583541,62.6876070924332,-3.5));
#15774=CARTESIAN_POINT('',(148.32365427066,62.6876070924332,0.8));
#15775=CARTESIAN_POINT('',(156.081013583541,62.6876070924332,0.8));
#15776=CARTESIAN_POINT('',(148.32365427066,62.6876070924332,-3.5));
#15777=CARTESIAN_POINT('Origin',(34.0236542706599,-66.4498929075668,-3.5));
#15778=CARTESIAN_POINT('',(41.7810135835405,-66.4498929075668,0.8));
#15779=CARTESIAN_POINT('',(-132.66384572934,-66.4498929075668,0.8));
#15780=CARTESIAN_POINT('',(41.7810135835405,-66.4498929075668,-3.5));
#15781=CARTESIAN_POINT('Origin',(-132.66384572934,-66.4498929075668,-3.5));
#15782=CARTESIAN_POINT('',(-124.906486416459,-66.4498929075668,0.8));
#15783=CARTESIAN_POINT('',(-132.66384572934,-66.4498929075668,0.8));
#15784=CARTESIAN_POINT('',(-124.906486416459,-66.4498929075668,-3.5));
#15785=CARTESIAN_POINT('Origin',(32.2560135835406,62.6876070924332,-3.5));
#15786=CARTESIAN_POINT('',(32.2560135835406,62.6876070924332,0.8));
#15787=CARTESIAN_POINT('',(32.2560135835406,62.6876070924332,-3.5));
#15788=CARTESIAN_POINT('',(156.081013583541,62.6876070924332,0.8));
#15789=CARTESIAN_POINT('Origin',(-176.8851660729,53.4366252612065,0.));
#15790=CARTESIAN_POINT('',(-176.8851660729,32.1501070924332,0.8));
#15791=CARTESIAN_POINT('',(-176.8851660729,-61.0498929075668,0.8));
#15792=CARTESIAN_POINT('',(-176.8851660729,25.7777411768199,0.8));
#15793=CARTESIAN_POINT('',(-176.8851660729,32.1501070924332,7.3));
#15794=CARTESIAN_POINT('',(-176.8851660729,32.1501070924332,0.));
#15795=CARTESIAN_POINT('',(-176.8851660729,-61.0498929075668,7.3));
#15796=CARTESIAN_POINT('',(-176.8851660729,-32.5467679075668,7.3));
#15797=CARTESIAN_POINT('',(-176.8851660729,-61.0498929075668,0.));
#15798=CARTESIAN_POINT('Origin',(171.7273339271,-62.5498929075668,0.));
#15799=CARTESIAN_POINT('',(170.2273339271,-62.5498929075668,0.8));
#15800=CARTESIAN_POINT('',(115.1273339271,-62.5498929075668,0.8));
#15801=CARTESIAN_POINT('',(84.5742089271002,-62.5498929075668,0.8));
#15802=CARTESIAN_POINT('',(115.1273339271,-62.5498929075668,7.3));
#15803=CARTESIAN_POINT('',(115.1273339271,-62.5498929075668,0.));
#15804=CARTESIAN_POINT('',(170.2273339271,-62.5498929075668,7.3));
#15805=CARTESIAN_POINT('',(84.5742089271002,-62.5498929075668,7.3));
#15806=CARTESIAN_POINT('',(170.2273339271,-62.5498929075668,0.));
#15807=CARTESIAN_POINT('Origin',(171.7273339271,57.4626070924332,0.));
#15808=CARTESIAN_POINT('',(171.7273339271,32.1501070924332,7.3));
#15809=CARTESIAN_POINT('',(171.7273339271,32.1501070924332,0.8));
#15810=CARTESIAN_POINT('',(171.7273339271,32.1501070924332,0.));
#15811=CARTESIAN_POINT('',(171.7273339271,-3.89989290756677,0.8));
#15812=CARTESIAN_POINT('',(171.7273339271,27.7907320924332,0.8));
#15813=CARTESIAN_POINT('',(171.7273339271,-3.89989290756677,7.3));
#15814=CARTESIAN_POINT('',(171.7273339271,-3.89989290756677,0.));
#15815=CARTESIAN_POINT('',(171.7273339271,15.5532320924332,7.3));
#15816=CARTESIAN_POINT('Origin',(171.7273339271,57.4626070924332,0.));
#15817=CARTESIAN_POINT('',(171.7273339271,38.9626070924332,0.8));
#15818=CARTESIAN_POINT('',(171.7273339271,55.9626070924332,0.8));
#15819=CARTESIAN_POINT('',(171.7273339271,27.7907320924332,0.8));
#15820=CARTESIAN_POINT('',(171.7273339271,38.9626070924332,7.3));
#15821=CARTESIAN_POINT('',(171.7273339271,38.9626070924332,0.));
#15822=CARTESIAN_POINT('',(171.7273339271,55.9626070924332,7.3));
#15823=CARTESIAN_POINT('',(171.7273339271,27.4594820924332,7.3));
#15824=CARTESIAN_POINT('',(171.7273339271,55.9626070924332,0.));
#15825=CARTESIAN_POINT('Origin',(-176.8851660729,57.4626070924332,0.));
#15826=CARTESIAN_POINT('',(-154.454520322392,57.4626070924332,0.8));
#15827=CARTESIAN_POINT('',(-154.454520322392,57.4626070924332,-1.75));
#15828=CARTESIAN_POINT('',(-158.3851660729,57.4626070924332,0.8));
#15829=CARTESIAN_POINT('',(-89.7320410728998,57.4626070924332,0.8));
#15830=CARTESIAN_POINT('',(-158.3851660729,57.4626070924332,7.3));
#15831=CARTESIAN_POINT('',(-158.3851660729,57.4626070924332,0.));
#15832=CARTESIAN_POINT('',(-175.3851660729,57.4626070924332,7.3));
#15833=CARTESIAN_POINT('',(-89.7320410728998,57.4626070924332,7.3));
#15834=CARTESIAN_POINT('',(-175.3851660729,57.4626070924332,0.));
#15835=CARTESIAN_POINT('Origin',(174.723675396297,56.14402757744,0.));
#15836=CARTESIAN_POINT('',(172.409447750166,54.2350093999777,0.8));
#15837=CARTESIAN_POINT('',(172.409447750166,54.2350093999777,0.));
#15838=CARTESIAN_POINT('',(171.726114416833,56.0230805874355,0.8));
#15839=CARTESIAN_POINT('Origin',(174.723675396297,56.14402757744,0.8));
#15840=CARTESIAN_POINT('',(171.726114416833,56.0230805874355,0.));
#15841=CARTESIAN_POINT('Origin',(171.2523339271,53.2805003112468,-3.5));
#15842=CARTESIAN_POINT('',(172.7523339271,53.2805003112463,0.8));
#15843=CARTESIAN_POINT('',(172.7523339271,53.2805003112463,-3.5));
#15844=CARTESIAN_POINT('Origin',(171.2523339271,53.2805003112468,0.8));
#15845=CARTESIAN_POINT('Origin',(-179.881507542097,56.1440275774401,0.));
#15846=CARTESIAN_POINT('',(-176.883946562632,56.0230805874355,0.8));
#15847=CARTESIAN_POINT('',(-177.567279895965,54.2350093999778,0.8));
#15848=CARTESIAN_POINT('Origin',(-179.881507542097,56.1440275774401,0.8));
#15849=CARTESIAN_POINT('',(-177.567279895965,54.2350093999778,0.));
#15850=CARTESIAN_POINT('',(-176.883946562632,56.0230805874355,0.));
#15851=CARTESIAN_POINT('Origin',(-176.8851660729,53.4366252612065,0.));
#15852=CARTESIAN_POINT('',(-176.8851660729,38.9626070924332,7.3));
#15853=CARTESIAN_POINT('',(-176.8851660729,38.9626070924332,0.8));
#15854=CARTESIAN_POINT('',(-176.8851660729,38.9626070924332,0.));
#15855=CARTESIAN_POINT('',(-176.8851660729,55.9626070924332,0.8));
#15856=CARTESIAN_POINT('',(-176.8851660729,25.7777411768199,0.8));
#15857=CARTESIAN_POINT('',(-176.8851660729,55.9626070924332,7.3));
#15858=CARTESIAN_POINT('',(-176.8851660729,55.9626070924332,0.));
#15859=CARTESIAN_POINT('',(-176.8851660729,25.4464911768199,7.3));
#15860=CARTESIAN_POINT('Origin',(-175.3851660729,55.9626070924332,0.));
#15861=CARTESIAN_POINT('Origin',(-175.3851660729,55.9626070924332,0.8));
#15862=CARTESIAN_POINT('Origin',(-175.3851660729,55.9626070924332,7.3));
#15863=CARTESIAN_POINT('Origin',(-131.690811823407,60.4626070924332,-1.75));
#15864=CARTESIAN_POINT('',(-131.690811823407,57.4626070924332,0.8));
#15865=CARTESIAN_POINT('',(-131.690811823407,57.4626070924332,-1.75));
#15866=CARTESIAN_POINT('',(-133.812132166967,58.3412867488735,0.8));
#15867=CARTESIAN_POINT('Origin',(-131.690811823407,60.4626070924332,0.8));
#15868=CARTESIAN_POINT('',(-133.812132166967,58.3412867488735,-1.75));
#15869=CARTESIAN_POINT('Origin',(-176.8851660729,57.4626070924332,0.));
#15870=CARTESIAN_POINT('',(140.820479677608,57.4626070924332,0.8));
#15871=CARTESIAN_POINT('',(140.820479677608,57.4626070924332,-1.75));
#15872=CARTESIAN_POINT('',(163.584188176593,57.4626070924332,0.8));
#15873=CARTESIAN_POINT('',(-16.2744427681965,57.4626070924332,0.8));
#15874=CARTESIAN_POINT('',(163.584188176593,57.4626070924332,-1.75));
#15875=CARTESIAN_POINT('',(170.2273339271,57.4626070924332,7.3));
#15876=CARTESIAN_POINT('',(170.2273339271,57.4626070924332,0.));
#15877=CARTESIAN_POINT('',(115.1273339271,57.4626070924332,7.3));
#15878=CARTESIAN_POINT('',(-89.7320410728998,57.4626070924332,7.3));
#15879=CARTESIAN_POINT('',(115.1273339271,57.4626070924332,0.8));
#15880=CARTESIAN_POINT('',(115.1273339271,57.4626070924332,0.));
#15881=CARTESIAN_POINT('',(108.3148339271,57.4626070924332,0.8));
#15882=CARTESIAN_POINT('',(-89.7320410728998,57.4626070924332,0.8));
#15883=CARTESIAN_POINT('',(108.3148339271,57.4626070924332,7.3));
#15884=CARTESIAN_POINT('',(108.3148339271,57.4626070924332,0.));
#15885=CARTESIAN_POINT('',(91.3148339271002,57.4626070924332,7.3));
#15886=CARTESIAN_POINT('',(-89.7320410728998,57.4626070924332,7.3));
#15887=CARTESIAN_POINT('',(91.3148339271002,57.4626070924332,0.8));
#15888=CARTESIAN_POINT('',(91.3148339271002,57.4626070924332,0.));
#15889=CARTESIAN_POINT('',(84.5023339271002,57.4626070924332,0.8));
#15890=CARTESIAN_POINT('',(-89.7320410728998,57.4626070924332,0.8));
#15891=CARTESIAN_POINT('',(84.5023339271002,57.4626070924332,7.3));
#15892=CARTESIAN_POINT('',(84.5023339271002,57.4626070924332,0.));
#15893=CARTESIAN_POINT('',(10.3523339271002,57.4626070924332,7.3));
#15894=CARTESIAN_POINT('',(-89.7320410728998,57.4626070924332,7.3));
#15895=CARTESIAN_POINT('',(10.3523339271002,57.4626070924332,0.8));
#15896=CARTESIAN_POINT('',(10.3523339271002,57.4626070924332,0.));
#15897=CARTESIAN_POINT('',(3.53983392710019,57.4626070924332,0.8));
#15898=CARTESIAN_POINT('',(-89.7320410728998,57.4626070924332,0.8));
#15899=CARTESIAN_POINT('',(3.53983392710019,57.4626070924332,7.3));
#15900=CARTESIAN_POINT('',(3.53983392710019,57.4626070924332,0.));
#15901=CARTESIAN_POINT('',(-70.6101660728998,57.4626070924332,7.3));
#15902=CARTESIAN_POINT('',(-89.7320410728998,57.4626070924332,7.3));
#15903=CARTESIAN_POINT('',(-70.6101660728998,57.4626070924332,0.8));
#15904=CARTESIAN_POINT('',(-70.6101660728998,57.4626070924332,0.));
#15905=CARTESIAN_POINT('',(-77.4226660728998,57.4626070924332,0.8));
#15906=CARTESIAN_POINT('',(-89.7320410728998,57.4626070924332,0.8));
#15907=CARTESIAN_POINT('',(-77.4226660728998,57.4626070924332,7.3));
#15908=CARTESIAN_POINT('',(-77.4226660728998,57.4626070924332,0.));
#15909=CARTESIAN_POINT('',(-151.5726660729,57.4626070924332,7.3));
#15910=CARTESIAN_POINT('',(-89.7320410728998,57.4626070924332,7.3));
#15911=CARTESIAN_POINT('',(-151.5726660729,57.4626070924332,0.8));
#15912=CARTESIAN_POINT('',(-151.5726660729,57.4626070924332,0.));
#15913=CARTESIAN_POINT('',(-89.7320410728998,57.4626070924332,0.8));
#15914=CARTESIAN_POINT('',(-68.7295203223922,57.4626070924332,0.8));
#15915=CARTESIAN_POINT('',(-68.7295203223922,57.4626070924332,-1.75));
#15916=CARTESIAN_POINT('',(-45.9658118234074,57.4626070924332,0.8));
#15917=CARTESIAN_POINT('',(-89.7320410728998,57.4626070924332,0.8));
#15918=CARTESIAN_POINT('',(-45.9658118234074,57.4626070924332,-1.75));
#15919=CARTESIAN_POINT('',(16.9954796776078,57.4626070924332,0.8));
#15920=CARTESIAN_POINT('',(16.9954796776078,57.4626070924332,-1.75));
#15921=CARTESIAN_POINT('',(39.7591881765926,57.4626070924332,0.8));
#15922=CARTESIAN_POINT('',(-89.7320410728998,57.4626070924332,0.8));
#15923=CARTESIAN_POINT('',(39.7591881765926,57.4626070924332,-1.75));
#15924=CARTESIAN_POINT('Origin',(-154.454520322392,60.4626070924332,-1.75));
#15925=CARTESIAN_POINT('',(-152.333199978833,58.3412867488735,0.8));
#15926=CARTESIAN_POINT('',(-152.333199978833,58.3412867488735,-1.75));
#15927=CARTESIAN_POINT('Origin',(-154.454520322392,60.4626070924332,0.8));
#15928=CARTESIAN_POINT('Origin',(-148.719112682307,61.9553740453996,-3.5));
#15929=CARTESIAN_POINT('',(-148.719112682307,61.9553740453996,0.8));
#15930=CARTESIAN_POINT('',(-148.719112682307,61.9553740453996,-3.5));
#15931=CARTESIAN_POINT('',(-153.040433025866,57.6340537018399,0.8));
#15932=CARTESIAN_POINT('Origin',(-68.7295203223922,60.4626070924332,-1.75));
#15933=CARTESIAN_POINT('',(-66.6081999788325,58.3412867488735,0.8));
#15934=CARTESIAN_POINT('',(-66.6081999788325,58.3412867488735,-1.75));
#15935=CARTESIAN_POINT('Origin',(-68.7295203223922,60.4626070924332,0.8));
#15936=CARTESIAN_POINT('Origin',(-45.9658118234074,60.4626070924332,-1.75));
#15937=CARTESIAN_POINT('',(-48.0871321669671,58.3412867488735,0.800000000000001));
#15938=CARTESIAN_POINT('Origin',(-45.9658118234074,60.4626070924332,0.8));
#15939=CARTESIAN_POINT('',(-48.0871321669671,58.3412867488735,-1.75));
#15940=CARTESIAN_POINT('Origin',(16.9954796776078,60.4626070924332,-1.75));
#15941=CARTESIAN_POINT('',(19.1168000211674,58.3412867488735,0.8));
#15942=CARTESIAN_POINT('',(19.1168000211674,58.3412867488735,-1.75));
#15943=CARTESIAN_POINT('Origin',(16.9954796776078,60.4626070924332,0.8));
#15944=CARTESIAN_POINT('Origin',(39.7591881765926,60.4626070924332,-1.75));
#15945=CARTESIAN_POINT('',(37.6378678330329,58.3412867488735,0.8));
#15946=CARTESIAN_POINT('Origin',(39.7591881765926,60.4626070924332,0.8));
#15947=CARTESIAN_POINT('',(37.6378678330329,58.3412867488735,-1.75));
#15948=CARTESIAN_POINT('Origin',(140.820479677608,60.4626070924332,-1.75));
#15949=CARTESIAN_POINT('',(142.941800021167,58.3412867488735,0.8));
#15950=CARTESIAN_POINT('',(142.941800021167,58.3412867488735,-1.75));
#15951=CARTESIAN_POINT('Origin',(140.820479677608,60.4626070924332,0.8));
#15952=CARTESIAN_POINT('Origin',(163.584188176593,60.4626070924332,-1.75));
#15953=CARTESIAN_POINT('',(161.462867833033,58.3412867488735,0.8));
#15954=CARTESIAN_POINT('Origin',(163.584188176593,60.4626070924332,0.8));
#15955=CARTESIAN_POINT('',(161.462867833033,58.3412867488735,-1.75));
#15956=CARTESIAN_POINT('Origin',(162.170100880067,57.63405370184,-3.5));
#15957=CARTESIAN_POINT('',(157.848780536507,61.9553740453995,0.8));
#15958=CARTESIAN_POINT('',(157.174605751232,62.6295488306748,0.8));
#15959=CARTESIAN_POINT('',(157.848780536507,61.9553740453995,-3.5));
#15960=CARTESIAN_POINT('Origin',(170.7523339271,-62.0748929075668,-3.5));
#15961=CARTESIAN_POINT('',(172.7523339271,-62.0748929075668,0.8));
#15962=CARTESIAN_POINT('',(170.7523339271,-64.0748929075668,0.8));
#15963=CARTESIAN_POINT('Origin',(170.7523339271,-62.0748929075668,0.8));
#15964=CARTESIAN_POINT('',(172.7523339271,-62.0748929075668,-3.5));
#15965=CARTESIAN_POINT('',(170.7523339271,-64.0748929075668,-3.5));
#15966=CARTESIAN_POINT('Origin',(172.7523339271,-59.8677861263802,-3.5));
#15967=CARTESIAN_POINT('',(172.7523339271,53.2805003112463,0.8));
#15968=CARTESIAN_POINT('Origin',(-175.9101660729,-62.0748929075668,-3.5));
#15969=CARTESIAN_POINT('',(-175.9101660729,-64.0748929075668,0.8));
#15970=CARTESIAN_POINT('',(-177.9101660729,-62.0748929075668,0.8));
#15971=CARTESIAN_POINT('Origin',(-175.9101660729,-62.0748929075668,0.8));
#15972=CARTESIAN_POINT('',(-175.9101660729,-64.0748929075668,-3.5));
#15973=CARTESIAN_POINT('',(-177.9101660729,-62.0748929075668,-3.5));
#15974=CARTESIAN_POINT('Origin',(-173.703059291713,-64.0748929075668,-3.5));
#15975=CARTESIAN_POINT('',(-136.28148641646,-64.0748929075668,0.8));
#15976=CARTESIAN_POINT('',(-136.28148641646,-64.0748929075668,0.8));
#15977=CARTESIAN_POINT('',(-136.28148641646,-64.0748929075668,-3.5));
#15978=CARTESIAN_POINT('Origin',(170.2273339271,-61.0498929075668,0.));
#15979=CARTESIAN_POINT('',(171.7273339271,-61.0498929075668,0.8));
#15980=CARTESIAN_POINT('Origin',(170.2273339271,-61.0498929075668,0.8));
#15981=CARTESIAN_POINT('',(171.7273339271,-61.0498929075668,7.3));
#15982=CARTESIAN_POINT('Origin',(170.2273339271,-61.0498929075668,7.3));
#15983=CARTESIAN_POINT('',(171.7273339271,-61.0498929075668,0.));
#15984=CARTESIAN_POINT('Origin',(-2.57891607289981,-2.5436429075668,0.8));
#15985=CARTESIAN_POINT('',(-175.3851660729,37.4626070924332,0.8));
#15986=CARTESIAN_POINT('Origin',(-175.3851660729,38.9626070924332,0.8));
#15987=CARTESIAN_POINT('',(-158.3851660729,37.4626070924332,0.8));
#15988=CARTESIAN_POINT('',(-79.7320410728998,37.4626070924332,0.8));
#15989=CARTESIAN_POINT('',(-156.8851660729,38.9626070924332,0.8));
#15990=CARTESIAN_POINT('Origin',(-158.3851660729,38.9626070924332,0.8));
#15991=CARTESIAN_POINT('',(-156.8851660729,55.9626070924332,0.8));
#15992=CARTESIAN_POINT('',(-156.8851660729,27.4594820924332,0.8));
#15993=CARTESIAN_POINT('Origin',(-158.3851660729,55.9626070924332,0.8));
#15994=CARTESIAN_POINT('Origin',(-146.95134572934,60.1876070924332,0.8));
#15995=CARTESIAN_POINT('',(-137.426219463493,61.9553740453996,0.8));
#15996=CARTESIAN_POINT('Origin',(-139.193986416459,60.1876070924332,0.8));
#15997=CARTESIAN_POINT('',(-85.52138090112,10.0505354830265,0.8));
#15998=CARTESIAN_POINT('',(-153.0726660729,55.9626070924332,0.8));
#15999=CARTESIAN_POINT('Origin',(-151.5726660729,55.9626070924332,0.8));
#16000=CARTESIAN_POINT('',(-153.0726660729,38.9626070924332,0.8));
#16001=CARTESIAN_POINT('',(-153.0726660729,17.4594820924332,0.8));
#16002=CARTESIAN_POINT('',(-151.5726660729,37.4626070924332,0.8));
#16003=CARTESIAN_POINT('Origin',(-151.5726660729,38.9626070924332,0.8));
#16004=CARTESIAN_POINT('',(-77.4226660728998,37.4626070924332,0.8));
#16005=CARTESIAN_POINT('',(-39.2507910728998,37.4626070924332,0.8));
#16006=CARTESIAN_POINT('',(-75.9226660728998,38.9626070924332,0.8));
#16007=CARTESIAN_POINT('Origin',(-77.4226660728998,38.9626070924332,0.8));
#16008=CARTESIAN_POINT('',(-75.9226660728998,55.9626070924332,0.8));
#16009=CARTESIAN_POINT('',(-75.9226660728998,27.4594820924332,0.8));
#16010=CARTESIAN_POINT('Origin',(-77.4226660728998,55.9626070924332,0.8));
#16011=CARTESIAN_POINT('',(-72.1101660728998,55.9626070924332,0.8));
#16012=CARTESIAN_POINT('Origin',(-70.6101660728998,55.9626070924332,0.8));
#16013=CARTESIAN_POINT('',(-72.1101660728998,38.9626070924332,0.8));
#16014=CARTESIAN_POINT('',(-72.1101660728998,17.4594820924332,0.8));
#16015=CARTESIAN_POINT('',(-70.6101660728998,37.4626070924332,0.8));
#16016=CARTESIAN_POINT('Origin',(-70.6101660728998,38.9626070924332,0.8));
#16017=CARTESIAN_POINT('',(3.53983392710018,37.4626070924332,0.8));
#16018=CARTESIAN_POINT('',(1.23045892710019,37.4626070924332,0.8));
#16019=CARTESIAN_POINT('',(5.03983392710018,38.9626070924332,0.8));
#16020=CARTESIAN_POINT('Origin',(3.53983392710018,38.9626070924332,0.8));
#16021=CARTESIAN_POINT('',(5.03983392710018,55.9626070924332,0.8));
#16022=CARTESIAN_POINT('',(5.03983392710018,27.4594820924332,0.8));
#16023=CARTESIAN_POINT('Origin',(3.53983392710019,55.9626070924332,0.8));
#16024=CARTESIAN_POINT('',(8.85233392710018,55.9626070924332,0.8));
#16025=CARTESIAN_POINT('Origin',(10.3523339271002,55.9626070924332,0.8));
#16026=CARTESIAN_POINT('',(8.85233392710018,38.9626070924332,0.8));
#16027=CARTESIAN_POINT('',(8.85233392710018,17.4594820924332,0.8));
#16028=CARTESIAN_POINT('',(10.3523339271002,37.4626070924332,0.8));
#16029=CARTESIAN_POINT('Origin',(10.3523339271002,38.9626070924332,0.8));
#16030=CARTESIAN_POINT('',(86.0023339271002,37.4626070924332,0.8));
#16031=CARTESIAN_POINT('',(41.7117089271002,37.4626070924332,0.8));
#16032=CARTESIAN_POINT('',(86.0023339271002,55.9626070924332,0.8));
#16033=CARTESIAN_POINT('',(86.0023339271002,27.4594820924332,0.8));
#16034=CARTESIAN_POINT('Origin',(84.5023339271002,55.9626070924332,0.8));
#16035=CARTESIAN_POINT('',(89.8148339271002,55.9626070924332,0.8));
#16036=CARTESIAN_POINT('Origin',(91.3148339271002,55.9626070924332,0.8));
#16037=CARTESIAN_POINT('',(89.8148339271002,38.9626070924332,0.8));
#16038=CARTESIAN_POINT('',(89.8148339271002,17.4594820924332,0.8));
#16039=CARTESIAN_POINT('',(91.3148339271002,37.4626070924332,0.8));
#16040=CARTESIAN_POINT('Origin',(91.3148339271002,38.9626070924332,0.8));
#16041=CARTESIAN_POINT('',(109.8148339271,37.4626070924332,0.8));
#16042=CARTESIAN_POINT('',(53.6179589271002,37.4626070924332,0.8));
#16043=CARTESIAN_POINT('',(109.8148339271,55.9626070924332,0.8));
#16044=CARTESIAN_POINT('',(109.8148339271,27.4594820924332,0.8));
#16045=CARTESIAN_POINT('Origin',(108.3148339271,55.9626070924332,0.8));
#16046=CARTESIAN_POINT('',(113.6273339271,55.9626070924332,0.8));
#16047=CARTESIAN_POINT('Origin',(115.1273339271,55.9626070924332,0.8));
#16048=CARTESIAN_POINT('',(113.6273339271,38.9626070924332,0.8));
#16049=CARTESIAN_POINT('',(113.6273339271,17.4594820924332,0.8));
#16050=CARTESIAN_POINT('',(115.1273339271,37.4626070924332,0.8));
#16051=CARTESIAN_POINT('Origin',(115.1273339271,38.9626070924332,0.8));
#16052=CARTESIAN_POINT('',(170.2273339271,37.4626070924332,0.8));
#16053=CARTESIAN_POINT('',(84.5742089271002,37.4626070924332,0.8));
#16054=CARTESIAN_POINT('Origin',(170.2273339271,38.9626070924332,0.8));
#16055=CARTESIAN_POINT('Origin',(170.2273339271,55.9626070924332,0.8));
#16056=CARTESIAN_POINT('',(140.64865427066,-64.0748929075668,0.8));
#16057=CARTESIAN_POINT('',(-177.9101660729,-64.0748929075668,0.8));
#16058=CARTESIAN_POINT('',(140.295100880067,-64.2213395169735,0.8));
#16059=CARTESIAN_POINT('Origin',(140.64865427066,-64.5748929075666,0.8));
#16060=CARTESIAN_POINT('',(138.798780536507,-65.7176598605332,0.8));
#16061=CARTESIAN_POINT('',(140.295100880067,-64.2213395169735,0.8));
#16062=CARTESIAN_POINT('Origin',(137.031013583541,-63.9498929075669,0.8));
#16063=CARTESIAN_POINT('',(127.505887317693,-65.7176598605331,0.8));
#16064=CARTESIAN_POINT('Origin',(129.27365427066,-63.9498929075667,0.8));
#16065=CARTESIAN_POINT('',(126.009566974134,-64.2213395169736,0.8));
#16066=CARTESIAN_POINT('',(127.505887317693,-65.7176598605331,0.8));
#16067=CARTESIAN_POINT('',(125.656013583541,-64.0748929075668,0.8));
#16068=CARTESIAN_POINT('Origin',(125.656013583541,-64.5748929075666,0.8));
#16069=CARTESIAN_POINT('',(45.3986542706599,-64.0748929075668,0.8));
#16070=CARTESIAN_POINT('',(125.656013583541,-64.0748929075668,0.8));
#16071=CARTESIAN_POINT('',(45.0451008800666,-64.2213395169736,0.8));
#16072=CARTESIAN_POINT('Origin',(45.39865427066,-64.574892907567,0.8));
#16073=CARTESIAN_POINT('',(43.5487805365069,-65.7176598605332,0.8));
#16074=CARTESIAN_POINT('',(45.0451008800666,-64.2213395169736,0.8));
#16075=CARTESIAN_POINT('Origin',(41.7810135835405,-63.9498929075667,0.8));
#16076=CARTESIAN_POINT('',(32.2558873176935,-65.7176598605332,0.8));
#16077=CARTESIAN_POINT('Origin',(34.0236542706599,-63.9498929075667,0.8));
#16078=CARTESIAN_POINT('',(30.7595669741338,-64.2213395169736,0.8));
#16079=CARTESIAN_POINT('',(32.2558873176935,-65.7176598605331,0.8));
#16080=CARTESIAN_POINT('',(30.4060135835405,-64.0748929075668,0.8));
#16081=CARTESIAN_POINT('Origin',(30.4060135835405,-64.5748929075668,0.8));
#16082=CARTESIAN_POINT('',(-121.28884572934,-64.0748929075667,0.8));
#16083=CARTESIAN_POINT('',(30.4060135835405,-64.0748929075668,0.8));
#16084=CARTESIAN_POINT('',(-121.642399119933,-64.2213395169735,0.8));
#16085=CARTESIAN_POINT('Origin',(-121.28884572934,-64.5748929075667,0.8));
#16086=CARTESIAN_POINT('',(-123.138719463493,-65.7176598605332,0.8));
#16087=CARTESIAN_POINT('',(-121.642399119933,-64.2213395169735,0.8));
#16088=CARTESIAN_POINT('Origin',(-124.90648641646,-63.9498929075667,0.8));
#16089=CARTESIAN_POINT('',(-134.431612682307,-65.7176598605331,0.8));
#16090=CARTESIAN_POINT('Origin',(-132.66384572934,-63.9498929075667,0.8));
#16091=CARTESIAN_POINT('',(-135.927933025866,-64.2213395169736,0.8));
#16092=CARTESIAN_POINT('',(-134.431612682307,-65.7176598605331,0.8));
#16093=CARTESIAN_POINT('Origin',(-136.28148641646,-64.5748929075667,0.8));
#16094=CARTESIAN_POINT('',(-177.9101660729,53.2805003112466,0.8));
#16095=CARTESIAN_POINT('',(-177.9101660729,-54.8238572106229,0.8));
#16096=CARTESIAN_POINT('Origin',(-176.4101660729,53.2805003112466,0.8));
#16097=CARTESIAN_POINT('',(-142.0349160729,59.8376070924332,0.8));
#16098=CARTESIAN_POINT('Origin',(-143.0726660729,59.8376070924332,0.8));
#16099=CARTESIAN_POINT('',(-175.3851660729,-62.5498929075668,0.8));
#16100=CARTESIAN_POINT('Origin',(-175.3851660729,-61.0498929075668,0.8));
#16101=CARTESIAN_POINT('',(108.3153339271,-62.5498929075668,0.8));
#16102=CARTESIAN_POINT('',(84.5742089271002,-62.5498929075668,0.8));
#16103=CARTESIAN_POINT('',(109.8153339271,-61.0498929075668,0.8));
#16104=CARTESIAN_POINT('Origin',(108.3153339271,-61.0498929075668,0.8));
#16105=CARTESIAN_POINT('',(109.8153339271,32.1501070924332,0.8));
#16106=CARTESIAN_POINT('',(109.8153339271,15.5532320924332,0.8));
#16107=CARTESIAN_POINT('',(108.3153339271,33.6501070924332,0.8));
#16108=CARTESIAN_POINT('Origin',(108.3153339271,32.1501070924332,0.8));
#16109=CARTESIAN_POINT('',(-175.3851660729,33.6501070924332,0.8));
#16110=CARTESIAN_POINT('',(-89.7320410728998,33.6501070924332,0.8));
#16111=CARTESIAN_POINT('Origin',(-175.3851660729,32.1501070924332,0.8));
#16112=CARTESIAN_POINT('',(171.7273339271,-44.0498929075668,0.8));
#16113=CARTESIAN_POINT('',(171.7273339271,27.7907320924332,0.8));
#16114=CARTESIAN_POINT('',(170.2273339271,-42.5498929075668,0.8));
#16115=CARTESIAN_POINT('Origin',(170.2273339271,-44.0498929075668,0.8));
#16116=CARTESIAN_POINT('',(154.1773339271,-42.5498929075668,0.8));
#16117=CARTESIAN_POINT('',(75.0492089271002,-42.5498929075668,0.8));
#16118=CARTESIAN_POINT('',(152.6773339271,-41.0498929075668,0.8));
#16119=CARTESIAN_POINT('Origin',(154.1773339271,-41.0498929075668,0.8));
#16120=CARTESIAN_POINT('',(152.6773339271,-24.9998929075668,0.8));
#16121=CARTESIAN_POINT('',(152.6773339271,-13.0217679075668,0.8));
#16122=CARTESIAN_POINT('',(151.1773339271,-23.4998929075668,0.8));
#16123=CARTESIAN_POINT('Origin',(151.1773339271,-24.9998929075668,0.8));
#16124=CARTESIAN_POINT('',(134.1773339271,-23.4998929075668,0.8));
#16125=CARTESIAN_POINT('',(65.0492089271002,-23.4998929075668,0.8));
#16126=CARTESIAN_POINT('',(132.6773339271,-24.9998929075668,0.8));
#16127=CARTESIAN_POINT('Origin',(134.1773339271,-24.9998929075668,0.8));
#16128=CARTESIAN_POINT('',(132.6773339271,-41.0498929075668,0.8));
#16129=CARTESIAN_POINT('',(132.6773339271,-22.5467679075668,0.8));
#16130=CARTESIAN_POINT('',(131.1773339271,-42.5498929075668,0.8));
#16131=CARTESIAN_POINT('Origin',(131.1773339271,-41.0498929075668,0.8));
#16132=CARTESIAN_POINT('',(115.1273339271,-42.5498929075668,0.8));
#16133=CARTESIAN_POINT('',(55.5242089271002,-42.5498929075668,0.8));
#16134=CARTESIAN_POINT('',(113.6273339271,-44.0498929075668,0.8));
#16135=CARTESIAN_POINT('Origin',(115.1273339271,-44.0498929075668,0.8));
#16136=CARTESIAN_POINT('',(113.6273339271,-61.0498929075668,0.8));
#16137=CARTESIAN_POINT('',(113.6273339271,-32.5467679075668,0.8));
#16138=CARTESIAN_POINT('Origin',(115.1273339271,-61.0498929075668,0.8));
#16139=CARTESIAN_POINT('',(134.1900839271,-64.8498929075668,0.8));
#16140=CARTESIAN_POINT('Origin',(133.1523339271,-64.8498929075668,0.8));
#16141=CARTESIAN_POINT('',(-127.7474160729,-64.8498929075668,0.8));
#16142=CARTESIAN_POINT('Origin',(-128.7851660729,-64.8498929075668,0.8));
#16143=CARTESIAN_POINT('',(38.9400839271002,-64.8498929075668,0.8));
#16144=CARTESIAN_POINT('Origin',(37.9023339271002,-64.8498929075668,0.8));
#16145=CARTESIAN_POINT('',(170.2273339271,33.6501070924332,0.8));
#16146=CARTESIAN_POINT('Origin',(170.2273339271,32.1501070924332,0.8));
#16147=CARTESIAN_POINT('',(115.1273339271,33.6501070924332,0.8));
#16148=CARTESIAN_POINT('',(55.5242089271002,33.6501070924332,0.8));
#16149=CARTESIAN_POINT('',(113.6273339271,32.1501070924332,0.8));
#16150=CARTESIAN_POINT('Origin',(115.1273339271,32.1501070924332,0.8));
#16151=CARTESIAN_POINT('',(113.6273339271,-3.89989290756677,0.8));
#16152=CARTESIAN_POINT('',(113.6273339271,-3.97176790756678,0.8));
#16153=CARTESIAN_POINT('',(115.1273339271,-5.39989290756677,0.8));
#16154=CARTESIAN_POINT('Origin',(115.1273339271,-3.89989290756677,0.8));
#16155=CARTESIAN_POINT('',(170.2273339271,-5.39989290756677,0.8));
#16156=CARTESIAN_POINT('',(84.5742089271002,-5.39989290756677,0.8));
#16157=CARTESIAN_POINT('Origin',(170.2273339271,-3.89989290756677,0.8));
#16158=CARTESIAN_POINT('Origin',(144.336280536507,60.0751070924332,0.8));
#16159=CARTESIAN_POINT('',(146.555887317693,61.9553740453996,0.8));
#16160=CARTESIAN_POINT('',(143.284535407672,58.6840221353782,0.8));
#16161=CARTESIAN_POINT('Origin',(148.32365427066,60.1876070924335,0.8));
#16162=CARTESIAN_POINT('Origin',(156.081013583541,60.1876070924334,0.8));
#16163=CARTESIAN_POINT('',(153.2400839271,59.8376070924333,0.8));
#16164=CARTESIAN_POINT('Origin',(152.2023339271,59.8376070924333,0.8));
#16165=CARTESIAN_POINT('Origin',(-2.57891607289988,-1.8811429075668,0.8));
#16166=CARTESIAN_POINT('',(34.0237805365069,61.9553740453996,0.8));
#16167=CARTESIAN_POINT('',(43.0661190988801,52.9130354830264,0.8));
#16168=CARTESIAN_POINT('',(22.7308873176935,61.9553740453996,0.8));
#16169=CARTESIAN_POINT('',(18.4095669741338,57.6340537018399,0.8));
#16170=CARTESIAN_POINT('Origin',(24.4986542706598,60.1876070924333,0.8));
#16171=CARTESIAN_POINT('Origin',(32.2560135835405,60.1876070924331,0.8));
#16172=CARTESIAN_POINT('',(29.4150839271002,59.8376070924332,0.8));
#16173=CARTESIAN_POINT('Origin',(28.3773339271002,59.8376070924332,0.8));
#16174=CARTESIAN_POINT('Origin',(146.555887317693,61.9553740453996,-3.5));
#16175=CARTESIAN_POINT('',(146.555887317693,61.9553740453996,-3.5));
#16176=CARTESIAN_POINT('Origin',(22.7308873176935,61.9553740453996,-3.5));
#16177=CARTESIAN_POINT('',(22.7308873176935,61.9553740453996,-3.5));
#16178=CARTESIAN_POINT('Origin',(-2.57891607289988,-1.8811429075668,0.8));
#16179=CARTESIAN_POINT('',(-62.9941126823066,61.9553740453996,0.8));
#16180=CARTESIAN_POINT('',(-67.3154330258661,57.6340537018399,0.8));
#16181=CARTESIAN_POINT('Origin',(-61.2263457293402,60.1876070924333,0.8));
#16182=CARTESIAN_POINT('',(-51.701219463493,61.9553740453995,0.8));
#16183=CARTESIAN_POINT('Origin',(-53.4689864164594,60.1876070924333,0.8));
#16184=CARTESIAN_POINT('',(-21.2276309011201,31.4817854830263,0.800000000000001));
#16185=CARTESIAN_POINT('',(-56.3099160728998,59.8376070924332,0.8));
#16186=CARTESIAN_POINT('Origin',(-57.3476660728998,59.8376070924332,0.8));
#16187=CARTESIAN_POINT('Origin',(38.3451008800665,57.6340537018399,-3.5));
#16188=CARTESIAN_POINT('',(34.0237805365069,61.9553740453996,-3.5));
#16189=CARTESIAN_POINT('Origin',(-47.3798991199335,57.6340537018399,-3.5));
#16190=CARTESIAN_POINT('',(-51.701219463493,61.9553740453995,-3.5));
#16191=CARTESIAN_POINT('Origin',(-62.9941126823065,61.9553740453996,-3.5));
#16192=CARTESIAN_POINT('',(-62.9941126823065,61.9553740453996,-3.5));
#16193=CARTESIAN_POINT('Origin',(-133.104899119933,57.6340537018399,-3.5));
#16194=CARTESIAN_POINT('',(-137.426219463493,61.9553740453996,-3.5));
#16195=CARTESIAN_POINT('Origin',(113.6273339271,37.4626070924332,0.));
#16196=CARTESIAN_POINT('',(113.6273339271,55.9626070924332,7.3));
#16197=CARTESIAN_POINT('',(113.6273339271,55.9626070924332,0.));
#16198=CARTESIAN_POINT('',(113.6273339271,38.9626070924332,7.3));
#16199=CARTESIAN_POINT('',(113.6273339271,17.4594820924332,7.3));
#16200=CARTESIAN_POINT('',(113.6273339271,38.9626070924332,0.));
#16201=CARTESIAN_POINT('Origin',(115.1273339271,55.9626070924332,0.));
#16202=CARTESIAN_POINT('Origin',(115.1273339271,55.9626070924332,7.3));
#16203=CARTESIAN_POINT('Origin',(-70.6101660728998,38.9626070924332,0.));
#16204=CARTESIAN_POINT('',(-72.1101660728998,38.9626070924332,7.3));
#16205=CARTESIAN_POINT('',(-72.1101660728998,38.9626070924332,0.));
#16206=CARTESIAN_POINT('',(-70.6101660728998,37.4626070924332,7.3));
#16207=CARTESIAN_POINT('Origin',(-70.6101660728998,38.9626070924332,7.3));
#16208=CARTESIAN_POINT('',(-70.6101660728998,37.4626070924332,0.));
#16209=CARTESIAN_POINT('Origin',(-72.1101660728998,37.4626070924332,0.));
#16210=CARTESIAN_POINT('',(-72.1101660728998,55.9626070924332,7.3));
#16211=CARTESIAN_POINT('',(-72.1101660728998,55.9626070924332,0.));
#16212=CARTESIAN_POINT('',(-72.1101660728998,17.4594820924332,7.3));
#16213=CARTESIAN_POINT('Origin',(-70.6101660728998,55.9626070924332,0.));
#16214=CARTESIAN_POINT('Origin',(-70.6101660728998,55.9626070924332,7.3));
#16215=CARTESIAN_POINT('Origin',(-77.4226660728998,55.9626070924332,0.));
#16216=CARTESIAN_POINT('',(-75.9226660728998,55.9626070924332,7.3));
#16217=CARTESIAN_POINT('',(-75.9226660728998,55.9626070924332,0.));
#16218=CARTESIAN_POINT('Origin',(-77.4226660728998,55.9626070924332,7.3));
#16219=CARTESIAN_POINT('Origin',(-75.9226660728998,57.4626070924332,0.));
#16220=CARTESIAN_POINT('',(-75.9226660728998,38.9626070924332,7.3));
#16221=CARTESIAN_POINT('',(-75.9226660728998,38.9626070924332,0.));
#16222=CARTESIAN_POINT('',(-75.9226660728998,27.4594820924332,7.3));
#16223=CARTESIAN_POINT('Origin',(-77.4226660728998,38.9626070924332,0.));
#16224=CARTESIAN_POINT('',(-77.4226660728998,37.4626070924332,7.3));
#16225=CARTESIAN_POINT('',(-77.4226660728998,37.4626070924332,0.));
#16226=CARTESIAN_POINT('Origin',(-77.4226660728998,38.9626070924332,7.3));
#16227=CARTESIAN_POINT('Origin',(-75.9226660728998,37.4626070924332,0.));
#16228=CARTESIAN_POINT('',(-151.5726660729,37.4626070924332,7.3));
#16229=CARTESIAN_POINT('',(-151.5726660729,37.4626070924332,0.));
#16230=CARTESIAN_POINT('',(-39.2507910728998,37.4626070924332,7.3));
#16231=CARTESIAN_POINT('Origin',(-151.5726660729,38.9626070924332,0.));
#16232=CARTESIAN_POINT('',(-153.0726660729,38.9626070924332,7.3));
#16233=CARTESIAN_POINT('',(-153.0726660729,38.9626070924332,0.));
#16234=CARTESIAN_POINT('Origin',(-151.5726660729,38.9626070924332,7.3));
#16235=CARTESIAN_POINT('Origin',(-153.0726660729,37.4626070924332,0.));
#16236=CARTESIAN_POINT('',(-153.0726660729,55.9626070924332,7.3));
#16237=CARTESIAN_POINT('',(-153.0726660729,55.9626070924332,0.));
#16238=CARTESIAN_POINT('',(-153.0726660729,17.4594820924332,7.3));
#16239=CARTESIAN_POINT('Origin',(-151.5726660729,55.9626070924332,0.));
#16240=CARTESIAN_POINT('Origin',(-151.5726660729,55.9626070924332,7.3));
#16241=CARTESIAN_POINT('Origin',(-158.3851660729,55.9626070924332,0.));
#16242=CARTESIAN_POINT('',(-156.8851660729,55.9626070924332,7.3));
#16243=CARTESIAN_POINT('',(-156.8851660729,55.9626070924332,0.));
#16244=CARTESIAN_POINT('Origin',(-158.3851660729,55.9626070924332,7.3));
#16245=CARTESIAN_POINT('Origin',(-156.8851660729,57.4626070924332,0.));
#16246=CARTESIAN_POINT('',(-156.8851660729,38.9626070924332,7.3));
#16247=CARTESIAN_POINT('',(-156.8851660729,38.9626070924332,0.));
#16248=CARTESIAN_POINT('',(-156.8851660729,27.4594820924332,7.3));
#16249=CARTESIAN_POINT('Origin',(-158.3851660729,38.9626070924332,0.));
#16250=CARTESIAN_POINT('',(-158.3851660729,37.4626070924332,7.3));
#16251=CARTESIAN_POINT('',(-158.3851660729,37.4626070924332,0.));
#16252=CARTESIAN_POINT('Origin',(-158.3851660729,38.9626070924332,7.3));
#16253=CARTESIAN_POINT('Origin',(-156.8851660729,37.4626070924332,0.));
#16254=CARTESIAN_POINT('',(-175.3851660729,37.4626070924332,7.3));
#16255=CARTESIAN_POINT('',(-175.3851660729,37.4626070924332,0.));
#16256=CARTESIAN_POINT('',(-79.7320410728998,37.4626070924332,7.3));
#16257=CARTESIAN_POINT('Origin',(-175.3851660729,38.9626070924332,0.));
#16258=CARTESIAN_POINT('Origin',(-175.3851660729,38.9626070924332,7.3));
#16259=CARTESIAN_POINT('Origin',(-175.3851660729,32.1501070924332,0.));
#16260=CARTESIAN_POINT('',(-175.3851660729,33.6501070924332,7.3));
#16261=CARTESIAN_POINT('',(-175.3851660729,33.6501070924332,0.));
#16262=CARTESIAN_POINT('Origin',(-175.3851660729,32.1501070924332,7.3));
#16263=CARTESIAN_POINT('Origin',(-176.8851660729,33.6501070924332,0.));
#16264=CARTESIAN_POINT('',(108.3153339271,33.6501070924332,7.3));
#16265=CARTESIAN_POINT('',(108.3153339271,33.6501070924332,0.));
#16266=CARTESIAN_POINT('',(-89.7320410728998,33.6501070924332,7.3));
#16267=CARTESIAN_POINT('Origin',(108.3153339271,32.1501070924332,0.));
#16268=CARTESIAN_POINT('',(109.8153339271,32.1501070924332,7.3));
#16269=CARTESIAN_POINT('',(109.8153339271,32.1501070924332,0.));
#16270=CARTESIAN_POINT('Origin',(108.3153339271,32.1501070924332,7.3));
#16271=CARTESIAN_POINT('Origin',(109.8153339271,33.6501070924332,0.));
#16272=CARTESIAN_POINT('',(109.8153339271,-61.0498929075668,7.3));
#16273=CARTESIAN_POINT('',(109.8153339271,-61.0498929075668,0.));
#16274=CARTESIAN_POINT('',(109.8153339271,15.5532320924332,7.3));
#16275=CARTESIAN_POINT('Origin',(108.3153339271,-61.0498929075668,0.));
#16276=CARTESIAN_POINT('',(108.3153339271,-62.5498929075668,7.3));
#16277=CARTESIAN_POINT('',(108.3153339271,-62.5498929075668,0.));
#16278=CARTESIAN_POINT('Origin',(108.3153339271,-61.0498929075668,7.3));
#16279=CARTESIAN_POINT('Origin',(115.1273339271,-61.0498929075668,0.));
#16280=CARTESIAN_POINT('',(113.6273339271,-61.0498929075668,7.3));
#16281=CARTESIAN_POINT('',(113.6273339271,-61.0498929075668,0.));
#16282=CARTESIAN_POINT('Origin',(115.1273339271,-61.0498929075668,7.3));
#16283=CARTESIAN_POINT('Origin',(113.6273339271,-62.5498929075668,0.));
#16284=CARTESIAN_POINT('',(113.6273339271,-44.0498929075668,7.3));
#16285=CARTESIAN_POINT('',(113.6273339271,-44.0498929075668,0.));
#16286=CARTESIAN_POINT('',(113.6273339271,-32.5467679075668,7.3));
#16287=CARTESIAN_POINT('Origin',(115.1273339271,-44.0498929075668,0.));
#16288=CARTESIAN_POINT('',(115.1273339271,-42.5498929075668,7.3));
#16289=CARTESIAN_POINT('',(115.1273339271,-42.5498929075668,0.));
#16290=CARTESIAN_POINT('Origin',(115.1273339271,-44.0498929075668,7.3));
#16291=CARTESIAN_POINT('Origin',(113.6273339271,-42.5498929075668,0.));
#16292=CARTESIAN_POINT('',(131.1773339271,-42.5498929075668,7.3));
#16293=CARTESIAN_POINT('',(131.1773339271,-42.5498929075668,0.));
#16294=CARTESIAN_POINT('',(55.5242089271002,-42.5498929075668,7.3));
#16295=CARTESIAN_POINT('Origin',(131.1773339271,-41.0498929075668,0.));
#16296=CARTESIAN_POINT('',(132.6773339271,-41.0498929075668,7.3));
#16297=CARTESIAN_POINT('',(132.6773339271,-41.0498929075668,0.));
#16298=CARTESIAN_POINT('Origin',(131.1773339271,-41.0498929075668,7.3));
#16299=CARTESIAN_POINT('Origin',(132.6773339271,-42.5498929075668,0.));
#16300=CARTESIAN_POINT('',(132.6773339271,-24.9998929075668,7.3));
#16301=CARTESIAN_POINT('',(132.6773339271,-24.9998929075668,0.));
#16302=CARTESIAN_POINT('',(132.6773339271,-22.5467679075668,7.3));
#16303=CARTESIAN_POINT('Origin',(134.1773339271,-24.9998929075668,0.));
#16304=CARTESIAN_POINT('',(134.1773339271,-23.4998929075668,7.3));
#16305=CARTESIAN_POINT('',(134.1773339271,-23.4998929075668,0.));
#16306=CARTESIAN_POINT('Origin',(134.1773339271,-24.9998929075668,7.3));
#16307=CARTESIAN_POINT('Origin',(132.6773339271,-23.4998929075668,0.));
#16308=CARTESIAN_POINT('',(151.1773339271,-23.4998929075668,7.3));
#16309=CARTESIAN_POINT('',(151.1773339271,-23.4998929075668,0.));
#16310=CARTESIAN_POINT('',(65.0492089271002,-23.4998929075668,7.3));
#16311=CARTESIAN_POINT('Origin',(151.1773339271,-24.9998929075668,0.));
#16312=CARTESIAN_POINT('',(152.6773339271,-24.9998929075668,7.3));
#16313=CARTESIAN_POINT('',(152.6773339271,-24.9998929075668,0.));
#16314=CARTESIAN_POINT('Origin',(151.1773339271,-24.9998929075668,7.3));
#16315=CARTESIAN_POINT('Origin',(-136.28148641646,-64.5748929075667,-3.5));
#16316=CARTESIAN_POINT('',(-135.927933025866,-64.2213395169736,-3.5));
#16317=CARTESIAN_POINT('Origin',(-177.9101660729,53.2805003112466,-3.5));
#16318=CARTESIAN_POINT('',(-177.9101660729,53.2805003112466,-3.5));
#16319=CARTESIAN_POINT('Origin',(-176.4101660729,53.2805003112466,-3.5));
#16320=CARTESIAN_POINT('Origin',(-146.95134572934,60.1876070924332,-3.5));
#16321=CARTESIAN_POINT('Origin',(-139.193986416459,60.1876070924332,-3.5));
#16322=CARTESIAN_POINT('Origin',(-61.2263457293402,60.1876070924333,-3.5));
#16323=CARTESIAN_POINT('Origin',(-53.4689864164594,60.1876070924333,-3.5));
#16324=CARTESIAN_POINT('Origin',(24.4986542706598,60.1876070924333,-3.5));
#16325=CARTESIAN_POINT('Origin',(32.2560135835405,60.1876070924331,-3.5));
#16326=CARTESIAN_POINT('Origin',(140.64865427066,-64.0748929075668,-3.5));
#16327=CARTESIAN_POINT('',(140.64865427066,-64.0748929075668,-3.5));
#16328=CARTESIAN_POINT('Origin',(140.64865427066,-64.5748929075666,-3.5));
#16329=CARTESIAN_POINT('',(140.295100880067,-64.2213395169735,-3.5));
#16330=CARTESIAN_POINT('Origin',(138.798780536507,-65.7176598605332,-3.5));
#16331=CARTESIAN_POINT('',(138.798780536507,-65.7176598605332,-3.5));
#16332=CARTESIAN_POINT('Origin',(137.031013583541,-63.9498929075669,-3.5));
#16333=CARTESIAN_POINT('Origin',(129.27365427066,-63.9498929075667,-3.5));
#16334=CARTESIAN_POINT('',(127.505887317693,-65.7176598605331,-3.5));
#16335=CARTESIAN_POINT('Origin',(126.009566974134,-64.2213395169736,-3.5));
#16336=CARTESIAN_POINT('',(126.009566974134,-64.2213395169736,-3.5));
#16337=CARTESIAN_POINT('Origin',(125.656013583541,-64.5748929075666,-3.5));
#16338=CARTESIAN_POINT('',(125.656013583541,-64.0748929075668,-3.5));
#16339=CARTESIAN_POINT('Origin',(45.3986542706599,-64.0748929075668,-3.5));
#16340=CARTESIAN_POINT('',(45.3986542706599,-64.0748929075668,-3.5));
#16341=CARTESIAN_POINT('Origin',(45.39865427066,-64.574892907567,-3.5));
#16342=CARTESIAN_POINT('',(45.0451008800666,-64.2213395169736,-3.5));
#16343=CARTESIAN_POINT('Origin',(43.5487805365069,-65.7176598605332,-3.5));
#16344=CARTESIAN_POINT('',(43.5487805365069,-65.7176598605332,-3.5));
#16345=CARTESIAN_POINT('Origin',(41.7810135835405,-63.9498929075667,-3.5));
#16346=CARTESIAN_POINT('Origin',(34.0236542706599,-63.9498929075667,-3.5));
#16347=CARTESIAN_POINT('',(32.2558873176935,-65.7176598605331,-3.5));
#16348=CARTESIAN_POINT('Origin',(30.7595669741338,-64.2213395169736,-3.5));
#16349=CARTESIAN_POINT('',(30.7595669741338,-64.2213395169736,-3.5));
#16350=CARTESIAN_POINT('Origin',(30.4060135835405,-64.5748929075668,-3.5));
#16351=CARTESIAN_POINT('',(30.4060135835405,-64.0748929075668,-3.5));
#16352=CARTESIAN_POINT('Origin',(-121.28884572934,-64.0748929075667,-3.5));
#16353=CARTESIAN_POINT('',(-121.28884572934,-64.0748929075667,-3.5));
#16354=CARTESIAN_POINT('Origin',(-121.28884572934,-64.5748929075667,-3.5));
#16355=CARTESIAN_POINT('',(-121.642399119933,-64.2213395169735,-3.5));
#16356=CARTESIAN_POINT('Origin',(-123.138719463493,-65.7176598605332,-3.5));
#16357=CARTESIAN_POINT('',(-123.138719463493,-65.7176598605332,-3.5));
#16358=CARTESIAN_POINT('Origin',(-124.90648641646,-63.9498929075667,-3.5));
#16359=CARTESIAN_POINT('Origin',(-132.66384572934,-63.9498929075667,-3.5));
#16360=CARTESIAN_POINT('',(-134.431612682307,-65.7176598605331,-3.5));
#16361=CARTESIAN_POINT('Origin',(-135.927933025866,-64.2213395169736,-3.5));
#16362=CARTESIAN_POINT('Origin',(148.32365427066,60.1876070924335,-3.5));
#16363=CARTESIAN_POINT('Origin',(156.081013583541,60.1876070924334,-3.5));
#16364=CARTESIAN_POINT('Origin',(5.03983392710018,37.4626070924332,0.));
#16365=CARTESIAN_POINT('',(3.53983392710018,37.4626070924332,7.3));
#16366=CARTESIAN_POINT('',(1.23045892710019,37.4626070924332,7.3));
#16367=CARTESIAN_POINT('',(3.53983392710018,37.4626070924332,0.));
#16368=CARTESIAN_POINT('Origin',(10.3523339271002,38.9626070924332,0.));
#16369=CARTESIAN_POINT('',(8.85233392710018,38.9626070924332,7.3));
#16370=CARTESIAN_POINT('',(8.85233392710018,38.9626070924332,0.));
#16371=CARTESIAN_POINT('',(10.3523339271002,37.4626070924332,7.3));
#16372=CARTESIAN_POINT('Origin',(10.3523339271002,38.9626070924332,7.3));
#16373=CARTESIAN_POINT('',(10.3523339271002,37.4626070924332,0.));
#16374=CARTESIAN_POINT('Origin',(8.85233392710018,37.4626070924332,0.));
#16375=CARTESIAN_POINT('',(8.85233392710018,55.9626070924332,7.3));
#16376=CARTESIAN_POINT('',(8.85233392710018,55.9626070924332,0.));
#16377=CARTESIAN_POINT('',(8.85233392710018,17.4594820924332,7.3));
#16378=CARTESIAN_POINT('Origin',(10.3523339271002,55.9626070924332,0.));
#16379=CARTESIAN_POINT('Origin',(10.3523339271002,55.9626070924332,7.3));
#16380=CARTESIAN_POINT('Origin',(170.2273339271,-3.89989290756677,0.));
#16381=CARTESIAN_POINT('',(170.2273339271,-5.39989290756677,7.3));
#16382=CARTESIAN_POINT('',(170.2273339271,-5.39989290756677,0.));
#16383=CARTESIAN_POINT('Origin',(170.2273339271,-3.89989290756677,7.3));
#16384=CARTESIAN_POINT('Origin',(171.7273339271,-5.39989290756677,0.));
#16385=CARTESIAN_POINT('',(115.1273339271,-5.39989290756677,7.3));
#16386=CARTESIAN_POINT('',(115.1273339271,-5.39989290756677,0.));
#16387=CARTESIAN_POINT('',(84.5742089271002,-5.39989290756677,7.3));
#16388=CARTESIAN_POINT('Origin',(115.1273339271,-3.89989290756677,0.));
#16389=CARTESIAN_POINT('',(113.6273339271,-3.89989290756677,7.3));
#16390=CARTESIAN_POINT('',(113.6273339271,-3.89989290756677,0.));
#16391=CARTESIAN_POINT('Origin',(115.1273339271,-3.89989290756677,7.3));
#16392=CARTESIAN_POINT('Origin',(171.7273339271,-62.5498929075668,0.));
#16393=CARTESIAN_POINT('',(-175.3851660729,-62.5498929075668,7.3));
#16394=CARTESIAN_POINT('',(-175.3851660729,-62.5498929075668,0.));
#16395=CARTESIAN_POINT('',(84.5742089271002,-62.5498929075668,7.3));
#16396=CARTESIAN_POINT('Origin',(-175.3851660729,-61.0498929075668,0.));
#16397=CARTESIAN_POINT('Origin',(-175.3851660729,-61.0498929075668,7.3));
#16398=CARTESIAN_POINT('Origin',(171.3273339271,-68.5498929075668,6.8));
#16399=CARTESIAN_POINT('',(174.3273339271,-68.5498929075668,6.8));
#16400=CARTESIAN_POINT('',(173.3273339271,-68.5498929075668,7.8));
#16401=CARTESIAN_POINT('Origin',(173.3273339271,-68.5498929075668,6.8));
#16402=CARTESIAN_POINT('',(171.3273339271,-70.5498929075668,7.8));
#16403=CARTESIAN_POINT('Origin',(171.3273339271,-68.5498929075668,7.8));
#16404=CARTESIAN_POINT('',(171.3273339271,-71.5498929075668,6.8));
#16405=CARTESIAN_POINT('Origin',(171.3273339271,-70.5498929075668,6.8));
#16406=CARTESIAN_POINT('Origin',(171.3273339271,-68.5498929075668,6.8));
#16407=CARTESIAN_POINT('Origin',(-91.0320410728998,-70.5498929075668,6.8));
#16408=CARTESIAN_POINT('',(-176.4851660729,-70.5498929075668,7.8));
#16409=CARTESIAN_POINT('',(-176.4851660729,-71.5498929075668,6.8));
#16410=CARTESIAN_POINT('Origin',(-176.4851660729,-70.5498929075668,6.8));
#16411=CARTESIAN_POINT('',(-91.0320410728998,-71.5498929075668,6.8));
#16412=CARTESIAN_POINT('',(-91.0320410728998,-70.5498929075668,7.8));
#16413=CARTESIAN_POINT('Origin',(-176.4851660729,-68.5498929075668,6.8));
#16414=CARTESIAN_POINT('',(-178.4851660729,-68.5498929075668,7.8));
#16415=CARTESIAN_POINT('',(-179.4851660729,-68.5498929075668,6.8));
#16416=CARTESIAN_POINT('Origin',(-178.4851660729,-68.5498929075668,6.8));
#16417=CARTESIAN_POINT('Origin',(-176.4851660729,-68.5498929075668,6.8));
#16418=CARTESIAN_POINT('Origin',(-176.4851660729,-68.5498929075668,7.8));
#16419=CARTESIAN_POINT('Origin',(-178.4851660729,31.9594820924332,6.8));
#16420=CARTESIAN_POINT('',(-178.4851660729,63.4626070924332,7.8));
#16421=CARTESIAN_POINT('',(-179.4851660729,63.4626070924332,6.8));
#16422=CARTESIAN_POINT('Origin',(-178.4851660729,63.4626070924332,6.8));
#16423=CARTESIAN_POINT('',(-179.4851660729,31.9594820924332,6.8));
#16424=CARTESIAN_POINT('',(-178.4851660729,31.9594820924332,7.8));
#16425=CARTESIAN_POINT('Origin',(-176.4851660729,63.4626070924332,6.8));
#16426=CARTESIAN_POINT('',(-176.4851660729,65.4626070924332,7.8));
#16427=CARTESIAN_POINT('Origin',(-176.4851660729,65.4626070924332,6.8));
#16428=CARTESIAN_POINT('Origin',(-176.4851660729,63.4626070924332,6.8));
#16429=CARTESIAN_POINT('Origin',(-176.4851660729,63.4626070924332,7.8));
#16430=CARTESIAN_POINT('Origin',(85.8742089271002,65.4626070924332,6.8));
#16431=CARTESIAN_POINT('',(171.3273339271,65.4626070924332,7.8));
#16432=CARTESIAN_POINT('Origin',(171.3273339271,65.4626070924332,6.8));
#16433=CARTESIAN_POINT('',(85.8742089271002,65.4626070924332,7.8));
#16434=CARTESIAN_POINT('Origin',(171.3273339271,63.4626070924332,6.8));
#16435=CARTESIAN_POINT('',(173.3273339271,63.4626070924332,7.8));
#16436=CARTESIAN_POINT('',(174.3273339271,63.4626070924332,6.8));
#16437=CARTESIAN_POINT('Origin',(173.3273339271,63.4626070924332,6.8));
#16438=CARTESIAN_POINT('Origin',(171.3273339271,63.4626070924332,6.8));
#16439=CARTESIAN_POINT('Origin',(171.3273339271,63.4626070924332,7.8));
#16440=CARTESIAN_POINT('Origin',(173.3273339271,-37.0467679075668,6.8));
#16441=CARTESIAN_POINT('',(173.3273339271,-37.0467679075668,7.8));
#16442=CARTESIAN_POINT('',(174.3273339271,-37.0467679075668,6.8));
#16443=CARTESIAN_POINT('Origin',(171.3273339271,63.4626070924332,0.));
#16444=CARTESIAN_POINT('',(174.3273339271,63.4626070924332,0.));
#16445=CARTESIAN_POINT('Origin',(174.3273339271,-71.5498929075668,0.));
#16446=CARTESIAN_POINT('',(174.3273339271,-68.5498929075668,0.));
#16447=CARTESIAN_POINT('Origin',(171.3273339271,-68.5498929075668,0.));
#16448=CARTESIAN_POINT('',(171.3273339271,-71.5498929075668,0.));
#16449=CARTESIAN_POINT('Origin',(-2.57891607289981,-2.54364290756681,7.8));
#16450=CARTESIAN_POINT('',(113.1273339271,32.1501070924332,7.8));
#16451=CARTESIAN_POINT('',(113.1273339271,-3.89989290756677,7.8));
#16452=CARTESIAN_POINT('',(113.1273339271,-3.97176790756679,7.8));
#16453=CARTESIAN_POINT('',(115.1273339271,34.1501070924332,7.8));
#16454=CARTESIAN_POINT('Origin',(115.1273339271,32.1501070924332,7.8));
#16455=CARTESIAN_POINT('',(170.2273339271,34.1501070924332,7.8));
#16456=CARTESIAN_POINT('',(55.5242089271002,34.1501070924332,7.8));
#16457=CARTESIAN_POINT('',(172.2273339271,32.1501070924332,7.8));
#16458=CARTESIAN_POINT('Origin',(170.2273339271,32.1501070924332,7.8));
#16459=CARTESIAN_POINT('',(172.2273339271,-3.89989290756677,7.8));
#16460=CARTESIAN_POINT('',(172.2273339271,15.5532320924332,7.8));
#16461=CARTESIAN_POINT('',(170.2273339271,-5.89989290756678,7.8));
#16462=CARTESIAN_POINT('Origin',(170.2273339271,-3.89989290756677,7.8));
#16463=CARTESIAN_POINT('',(115.1273339271,-5.89989290756677,7.8));
#16464=CARTESIAN_POINT('',(84.5742089271002,-5.89989290756677,7.8));
#16465=CARTESIAN_POINT('Origin',(115.1273339271,-3.89989290756677,7.8));
#16466=CARTESIAN_POINT('',(91.3148339271002,36.9626070924332,7.8));
#16467=CARTESIAN_POINT('',(110.3148339271,36.9626070924332,7.8));
#16468=CARTESIAN_POINT('',(53.6179589271002,36.9626070924332,7.8));
#16469=CARTESIAN_POINT('',(89.3148339271002,38.9626070924332,7.8));
#16470=CARTESIAN_POINT('Origin',(91.3148339271002,38.9626070924332,7.8));
#16471=CARTESIAN_POINT('',(89.3148339271002,55.9626070924332,7.8));
#16472=CARTESIAN_POINT('',(89.3148339271002,17.4594820924332,7.8));
#16473=CARTESIAN_POINT('',(91.3148339271002,57.9626070924332,7.8));
#16474=CARTESIAN_POINT('Origin',(91.3148339271002,55.9626070924332,7.8));
#16475=CARTESIAN_POINT('',(108.3148339271,57.9626070924332,7.8));
#16476=CARTESIAN_POINT('',(-89.7320410728998,57.9626070924332,7.8));
#16477=CARTESIAN_POINT('',(110.3148339271,55.9626070924332,7.8));
#16478=CARTESIAN_POINT('Origin',(108.3148339271,55.9626070924332,7.8));
#16479=CARTESIAN_POINT('',(110.3148339271,27.4594820924332,7.8));
#16480=CARTESIAN_POINT('',(5.53983392710018,38.9626070924332,7.8));
#16481=CARTESIAN_POINT('',(5.53983392710018,55.9626070924332,7.8));
#16482=CARTESIAN_POINT('',(5.53983392710018,27.4594820924332,7.8));
#16483=CARTESIAN_POINT('',(3.53983392710018,36.9626070924332,7.8));
#16484=CARTESIAN_POINT('Origin',(3.53983392710018,38.9626070924332,7.8));
#16485=CARTESIAN_POINT('',(-70.6101660728998,36.9626070924332,7.8));
#16486=CARTESIAN_POINT('',(1.23045892710019,36.9626070924332,7.8));
#16487=CARTESIAN_POINT('',(-72.6101660728998,38.9626070924332,7.8));
#16488=CARTESIAN_POINT('Origin',(-70.6101660728998,38.9626070924332,7.8));
#16489=CARTESIAN_POINT('',(-72.6101660728998,55.9626070924332,7.8));
#16490=CARTESIAN_POINT('',(-72.6101660728998,17.4594820924332,7.8));
#16491=CARTESIAN_POINT('',(-70.6101660728998,57.9626070924332,7.8));
#16492=CARTESIAN_POINT('Origin',(-70.6101660728998,55.9626070924332,7.8));
#16493=CARTESIAN_POINT('',(3.53983392710019,57.9626070924332,7.8));
#16494=CARTESIAN_POINT('',(-89.7320410728998,57.9626070924332,7.8));
#16495=CARTESIAN_POINT('Origin',(3.53983392710019,55.9626070924332,7.8));
#16496=CARTESIAN_POINT('',(-153.5726660729,38.9626070924332,7.8));
#16497=CARTESIAN_POINT('',(-151.5726660729,36.9626070924332,7.8));
#16498=CARTESIAN_POINT('Origin',(-151.5726660729,38.9626070924332,7.8));
#16499=CARTESIAN_POINT('',(-153.5726660729,55.9626070924332,7.8));
#16500=CARTESIAN_POINT('',(-153.5726660729,17.4594820924332,7.8));
#16501=CARTESIAN_POINT('',(-151.5726660729,57.9626070924332,7.8));
#16502=CARTESIAN_POINT('Origin',(-151.5726660729,55.9626070924332,7.8));
#16503=CARTESIAN_POINT('',(-77.4226660728998,57.9626070924332,7.8));
#16504=CARTESIAN_POINT('',(-89.7320410728998,57.9626070924332,7.8));
#16505=CARTESIAN_POINT('',(-75.4226660728998,55.9626070924332,7.8));
#16506=CARTESIAN_POINT('Origin',(-77.4226660728998,55.9626070924332,7.8));
#16507=CARTESIAN_POINT('',(-75.4226660728998,38.9626070924332,7.8));
#16508=CARTESIAN_POINT('',(-75.4226660728998,27.4594820924332,7.8));
#16509=CARTESIAN_POINT('',(-77.4226660728998,36.9626070924332,7.8));
#16510=CARTESIAN_POINT('Origin',(-77.4226660728998,38.9626070924332,7.8));
#16511=CARTESIAN_POINT('',(-39.2507910728998,36.9626070924332,7.8));
#16512=CARTESIAN_POINT('',(-175.3851660729,36.9626070924332,7.8));
#16513=CARTESIAN_POINT('',(-158.3851660729,36.9626070924332,7.8));
#16514=CARTESIAN_POINT('',(-79.7320410728998,36.9626070924332,7.8));
#16515=CARTESIAN_POINT('',(-177.3851660729,38.9626070924332,7.8));
#16516=CARTESIAN_POINT('Origin',(-175.3851660729,38.9626070924332,7.8));
#16517=CARTESIAN_POINT('',(-177.3851660729,55.9626070924332,7.8));
#16518=CARTESIAN_POINT('',(-177.3851660729,25.4464911768199,7.8));
#16519=CARTESIAN_POINT('',(-175.3851660729,57.9626070924332,7.8));
#16520=CARTESIAN_POINT('Origin',(-175.3851660729,55.9626070924332,7.8));
#16521=CARTESIAN_POINT('',(-158.3851660729,57.9626070924332,7.8));
#16522=CARTESIAN_POINT('',(-89.7320410728998,57.9626070924332,7.8));
#16523=CARTESIAN_POINT('',(-156.3851660729,55.9626070924332,7.8));
#16524=CARTESIAN_POINT('Origin',(-158.3851660729,55.9626070924332,7.8));
#16525=CARTESIAN_POINT('',(-156.3851660729,38.9626070924332,7.8));
#16526=CARTESIAN_POINT('',(-156.3851660729,27.4594820924332,7.8));
#16527=CARTESIAN_POINT('Origin',(-158.3851660729,38.9626070924332,7.8));
#16528=CARTESIAN_POINT('',(108.3153339271,34.1501070924332,7.8));
#16529=CARTESIAN_POINT('',(-175.3851660729,34.1501070924332,7.8));
#16530=CARTESIAN_POINT('',(-89.7320410728998,34.1501070924332,7.8));
#16531=CARTESIAN_POINT('',(110.3153339271,32.1501070924332,7.8));
#16532=CARTESIAN_POINT('Origin',(108.3153339271,32.1501070924332,7.8));
#16533=CARTESIAN_POINT('',(110.3153339271,-61.0498929075668,7.8));
#16534=CARTESIAN_POINT('',(110.3153339271,15.5532320924332,7.8));
#16535=CARTESIAN_POINT('',(108.3153339271,-63.0498929075668,7.8));
#16536=CARTESIAN_POINT('Origin',(108.3153339271,-61.0498929075668,7.8));
#16537=CARTESIAN_POINT('',(-175.3851660729,-63.0498929075668,7.8));
#16538=CARTESIAN_POINT('',(84.5742089271002,-63.0498929075668,7.8));
#16539=CARTESIAN_POINT('',(-177.3851660729,-61.0498929075668,7.8));
#16540=CARTESIAN_POINT('Origin',(-175.3851660729,-61.0498929075668,7.8));
#16541=CARTESIAN_POINT('',(-177.3851660729,32.1501070924332,7.8));
#16542=CARTESIAN_POINT('',(-177.3851660729,-32.5467679075668,7.8));
#16543=CARTESIAN_POINT('Origin',(-175.3851660729,32.1501070924332,7.8));
#16544=CARTESIAN_POINT('',(10.3523339271002,36.9626070924332,7.8));
#16545=CARTESIAN_POINT('',(86.5023339271002,36.9626070924332,7.8));
#16546=CARTESIAN_POINT('',(41.7117089271002,36.9626070924332,7.8));
#16547=CARTESIAN_POINT('',(8.35233392710018,38.9626070924332,7.8));
#16548=CARTESIAN_POINT('Origin',(10.3523339271002,38.9626070924332,7.8));
#16549=CARTESIAN_POINT('',(8.35233392710018,55.9626070924332,7.8));
#16550=CARTESIAN_POINT('',(8.35233392710018,17.4594820924332,7.8));
#16551=CARTESIAN_POINT('',(10.3523339271002,57.9626070924332,7.8));
#16552=CARTESIAN_POINT('Origin',(10.3523339271002,55.9626070924332,7.8));
#16553=CARTESIAN_POINT('',(84.5023339271002,57.9626070924332,7.8));
#16554=CARTESIAN_POINT('',(-89.7320410728998,57.9626070924332,7.8));
#16555=CARTESIAN_POINT('',(86.5023339271001,55.9626070924332,7.8));
#16556=CARTESIAN_POINT('Origin',(84.5023339271002,55.9626070924332,7.8));
#16557=CARTESIAN_POINT('',(86.5023339271002,27.4594820924332,7.8));
#16558=CARTESIAN_POINT('',(170.2273339271,57.9626070924332,7.8));
#16559=CARTESIAN_POINT('',(115.1273339271,57.9626070924332,7.8));
#16560=CARTESIAN_POINT('',(-89.7320410728998,57.9626070924332,7.8));
#16561=CARTESIAN_POINT('',(172.2273339271,55.9626070924332,7.8));
#16562=CARTESIAN_POINT('Origin',(170.2273339271,55.9626070924332,7.8));
#16563=CARTESIAN_POINT('',(172.2273339271,38.9626070924332,7.8));
#16564=CARTESIAN_POINT('',(172.2273339271,27.4594820924332,7.8));
#16565=CARTESIAN_POINT('',(170.2273339271,36.9626070924332,7.8));
#16566=CARTESIAN_POINT('Origin',(170.2273339271,38.9626070924332,7.8));
#16567=CARTESIAN_POINT('',(115.1273339271,36.9626070924332,7.8));
#16568=CARTESIAN_POINT('',(84.5742089271002,36.9626070924332,7.8));
#16569=CARTESIAN_POINT('',(113.1273339271,38.9626070924332,7.8));
#16570=CARTESIAN_POINT('Origin',(115.1273339271,38.9626070924332,7.8));
#16571=CARTESIAN_POINT('',(113.1273339271,55.9626070924332,7.8));
#16572=CARTESIAN_POINT('',(113.1273339271,17.4594820924332,7.8));
#16573=CARTESIAN_POINT('Origin',(115.1273339271,55.9626070924332,7.8));
#16574=CARTESIAN_POINT('',(131.1773339271,-42.0498929075668,7.8));
#16575=CARTESIAN_POINT('',(115.1273339271,-42.0498929075668,7.8));
#16576=CARTESIAN_POINT('',(55.5242089271002,-42.0498929075668,7.8));
#16577=CARTESIAN_POINT('',(132.1773339271,-41.0498929075668,7.8));
#16578=CARTESIAN_POINT('Origin',(131.1773339271,-41.0498929075668,7.8));
#16579=CARTESIAN_POINT('',(132.1773339271,-24.9998929075668,7.8));
#16580=CARTESIAN_POINT('',(132.1773339271,-22.5467679075668,7.8));
#16581=CARTESIAN_POINT('',(134.1773339271,-22.9998929075668,7.8));
#16582=CARTESIAN_POINT('Origin',(134.1773339271,-24.9998929075668,7.8));
#16583=CARTESIAN_POINT('',(151.1773339271,-22.9998929075668,7.8));
#16584=CARTESIAN_POINT('',(65.0492089271002,-22.9998929075668,7.8));
#16585=CARTESIAN_POINT('',(153.1773339271,-24.9998929075668,7.8));
#16586=CARTESIAN_POINT('Origin',(151.1773339271,-24.9998929075668,7.8));
#16587=CARTESIAN_POINT('',(153.1773339271,-41.0498929075668,7.8));
#16588=CARTESIAN_POINT('',(153.1773339271,-13.0217679075668,7.8));
#16589=CARTESIAN_POINT('',(154.1773339271,-42.0498929075668,7.8));
#16590=CARTESIAN_POINT('Origin',(154.1773339271,-41.0498929075668,7.8));
#16591=CARTESIAN_POINT('',(170.2273339271,-42.0498929075668,7.8));
#16592=CARTESIAN_POINT('',(75.0492089271002,-42.0498929075668,7.8));
#16593=CARTESIAN_POINT('',(172.2273339271,-44.0498929075668,7.8));
#16594=CARTESIAN_POINT('Origin',(170.2273339271,-44.0498929075668,7.8));
#16595=CARTESIAN_POINT('',(172.2273339271,-61.0498929075668,7.8));
#16596=CARTESIAN_POINT('',(172.2273339271,-31.2837769919533,7.8));
#16597=CARTESIAN_POINT('',(170.2273339271,-63.0498929075668,7.8));
#16598=CARTESIAN_POINT('Origin',(170.2273339271,-61.0498929075668,7.8));
#16599=CARTESIAN_POINT('',(115.1273339271,-63.0498929075668,7.8));
#16600=CARTESIAN_POINT('',(84.5742089271002,-63.0498929075668,7.8));
#16601=CARTESIAN_POINT('',(113.1273339271,-61.0498929075668,7.8));
#16602=CARTESIAN_POINT('Origin',(115.1273339271,-61.0498929075668,7.8));
#16603=CARTESIAN_POINT('',(113.1273339271,-44.0498929075668,7.8));
#16604=CARTESIAN_POINT('',(113.1273339271,-32.5467679075668,7.8));
#16605=CARTESIAN_POINT('Origin',(115.1273339271,-44.0498929075668,7.8));
#16606=CARTESIAN_POINT('Origin',(55.5242089271002,-42.2998929075668,7.55));
#16607=CARTESIAN_POINT('',(131.1773339271,-42.5498929075668,7.3));
#16608=CARTESIAN_POINT('',(115.1273339271,-42.0498929075668,7.8));
#16609=CARTESIAN_POINT('Origin',(131.1773339271,-41.0498929075668,7.55));
#16610=CARTESIAN_POINT('',(132.6773339271,-41.0498929075668,7.3));
#16611=CARTESIAN_POINT('Origin',(132.4273339271,-22.5467679075668,7.55));
#16612=CARTESIAN_POINT('',(132.6773339271,-24.9998929075668,7.3));
#16613=CARTESIAN_POINT('Origin',(134.1773339271,-24.9998929075668,7.55));
#16614=CARTESIAN_POINT('',(134.1773339271,-23.4998929075668,7.3));
#16615=CARTESIAN_POINT('Origin',(65.0492089271002,-23.2498929075668,7.55));
#16616=CARTESIAN_POINT('',(151.1773339271,-23.4998929075668,7.3));
#16617=CARTESIAN_POINT('Origin',(151.1773339271,-24.9998929075668,7.55));
#16618=CARTESIAN_POINT('',(152.6773339271,-24.9998929075668,7.3));
#16619=CARTESIAN_POINT('Origin',(152.9273339271,-13.0217679075668,7.55));
#16620=CARTESIAN_POINT('',(152.6773339271,-41.0498929075668,7.3));
#16621=CARTESIAN_POINT('',(152.6773339271,-41.0498929075668,7.3));
#16622=CARTESIAN_POINT('',(152.6773339271,-13.0217679075668,7.3));
#16623=CARTESIAN_POINT('Origin',(154.1773339271,-41.0498929075668,7.55));
#16624=CARTESIAN_POINT('',(154.1773339271,-42.5498929075668,7.3));
#16625=CARTESIAN_POINT('Origin',(154.1773339271,-41.0498929075668,7.3));
#16626=CARTESIAN_POINT('',(154.1773339271,-42.5498929075668,7.3));
#16627=CARTESIAN_POINT('Origin',(75.0492089271002,-42.2998929075668,7.55));
#16628=CARTESIAN_POINT('',(170.2273339271,-42.5498929075668,7.3));
#16629=CARTESIAN_POINT('',(170.2273339271,-42.5498929075668,7.3));
#16630=CARTESIAN_POINT('',(75.0492089271002,-42.5498929075668,7.3));
#16631=CARTESIAN_POINT('Origin',(170.2273339271,-44.0498929075668,7.55));
#16632=CARTESIAN_POINT('',(171.7273339271,-44.0498929075668,7.3));
#16633=CARTESIAN_POINT('Origin',(170.2273339271,-44.0498929075668,7.3));
#16634=CARTESIAN_POINT('',(171.7273339271,-44.0498929075668,7.3));
#16635=CARTESIAN_POINT('Origin',(171.9773339271,-31.2837769919533,7.55));
#16636=CARTESIAN_POINT('',(171.7273339271,-61.0498929075668,7.3));
#16637=CARTESIAN_POINT('',(171.7273339271,-31.2837769919533,7.3));
#16638=CARTESIAN_POINT('Origin',(170.2273339271,-61.0498929075668,7.55));
#16639=CARTESIAN_POINT('',(170.2273339271,-62.5498929075668,7.3));
#16640=CARTESIAN_POINT('Origin',(84.5742089271002,-62.7998929075668,7.55));
#16641=CARTESIAN_POINT('',(115.1273339271,-62.5498929075668,7.3));
#16642=CARTESIAN_POINT('Origin',(115.1273339271,-61.0498929075668,7.55));
#16643=CARTESIAN_POINT('',(113.6273339271,-61.0498929075668,7.3));
#16644=CARTESIAN_POINT('Origin',(113.3773339271,-32.5467679075668,7.55));
#16645=CARTESIAN_POINT('',(113.6273339271,-44.0498929075668,7.3));
#16646=CARTESIAN_POINT('Origin',(115.1273339271,-44.0498929075668,7.55));
#16647=CARTESIAN_POINT('Origin',(154.1773339271,-41.0498929075668,0.));
#16648=CARTESIAN_POINT('',(154.1773339271,-42.5498929075668,0.));
#16649=CARTESIAN_POINT('',(152.6773339271,-41.0498929075668,0.));
#16650=CARTESIAN_POINT('Origin',(152.6773339271,-23.4998929075668,0.));
#16651=CARTESIAN_POINT('Origin',(113.3773339271,-3.97176790756679,7.55));
#16652=CARTESIAN_POINT('',(113.6273339271,32.1501070924332,7.3));
#16653=CARTESIAN_POINT('',(113.6273339271,32.1501070924332,7.3));
#16654=CARTESIAN_POINT('',(113.1273339271,-3.89989290756677,7.8));
#16655=CARTESIAN_POINT('',(113.6273339271,-3.97176790756679,7.3));
#16656=CARTESIAN_POINT('Origin',(115.1273339271,32.1501070924332,7.55));
#16657=CARTESIAN_POINT('',(115.1273339271,33.6501070924332,7.3));
#16658=CARTESIAN_POINT('Origin',(115.1273339271,32.1501070924332,7.3));
#16659=CARTESIAN_POINT('',(115.1273339271,33.6501070924332,7.3));
#16660=CARTESIAN_POINT('Origin',(55.5242089271002,33.9001070924332,7.55));
#16661=CARTESIAN_POINT('',(170.2273339271,33.6501070924332,7.3));
#16662=CARTESIAN_POINT('',(170.2273339271,33.6501070924332,7.3));
#16663=CARTESIAN_POINT('',(55.5242089271002,33.6501070924332,7.3));
#16664=CARTESIAN_POINT('Origin',(170.2273339271,32.1501070924332,7.55));
#16665=CARTESIAN_POINT('Origin',(170.2273339271,32.1501070924332,7.3));
#16666=CARTESIAN_POINT('',(171.7273339271,32.1501070924332,7.3));
#16667=CARTESIAN_POINT('Origin',(171.9773339271,15.5532320924332,7.55));
#16668=CARTESIAN_POINT('',(171.7273339271,-3.89989290756677,7.3));
#16669=CARTESIAN_POINT('Origin',(170.2273339271,-3.89989290756677,7.55));
#16670=CARTESIAN_POINT('',(170.2273339271,-5.39989290756677,7.3));
#16671=CARTESIAN_POINT('Origin',(84.5742089271002,-5.64989290756677,7.55));
#16672=CARTESIAN_POINT('',(115.1273339271,-5.39989290756677,7.3));
#16673=CARTESIAN_POINT('Origin',(115.1273339271,-3.89989290756677,7.55));
#16674=CARTESIAN_POINT('Origin',(170.2273339271,32.1501070924332,0.));
#16675=CARTESIAN_POINT('',(170.2273339271,33.6501070924332,0.));
#16676=CARTESIAN_POINT('Origin',(113.6273339271,33.6501070924332,0.));
#16677=CARTESIAN_POINT('',(115.1273339271,33.6501070924332,0.));
#16678=CARTESIAN_POINT('Origin',(115.1273339271,32.1501070924332,0.));
#16679=CARTESIAN_POINT('',(113.6273339271,32.1501070924332,0.));
#16680=CARTESIAN_POINT('Origin',(113.6273339271,-5.39989290756677,0.));
#16681=CARTESIAN_POINT('Origin',(-89.7320410728998,57.7126070924332,7.55));
#16682=CARTESIAN_POINT('',(170.2273339271,57.4626070924332,7.3));
#16683=CARTESIAN_POINT('',(115.1273339271,57.9626070924332,7.8));
#16684=CARTESIAN_POINT('Origin',(170.2273339271,55.9626070924332,7.55));
#16685=CARTESIAN_POINT('Origin',(170.2273339271,55.9626070924332,7.3));
#16686=CARTESIAN_POINT('',(171.7273339271,55.9626070924332,7.3));
#16687=CARTESIAN_POINT('Origin',(171.9773339271,27.4594820924332,7.55));
#16688=CARTESIAN_POINT('',(171.7273339271,38.9626070924332,7.3));
#16689=CARTESIAN_POINT('Origin',(170.2273339271,38.9626070924332,7.55));
#16690=CARTESIAN_POINT('',(170.2273339271,37.4626070924332,7.3));
#16691=CARTESIAN_POINT('Origin',(170.2273339271,38.9626070924332,7.3));
#16692=CARTESIAN_POINT('',(170.2273339271,37.4626070924332,7.3));
#16693=CARTESIAN_POINT('Origin',(84.5742089271002,37.2126070924332,7.55));
#16694=CARTESIAN_POINT('',(115.1273339271,37.4626070924332,7.3));
#16695=CARTESIAN_POINT('',(115.1273339271,37.4626070924332,7.3));
#16696=CARTESIAN_POINT('',(84.5742089271002,37.4626070924332,7.3));
#16697=CARTESIAN_POINT('Origin',(115.1273339271,38.9626070924332,7.55));
#16698=CARTESIAN_POINT('Origin',(115.1273339271,38.9626070924332,7.3));
#16699=CARTESIAN_POINT('',(113.6273339271,38.9626070924332,7.3));
#16700=CARTESIAN_POINT('Origin',(113.3773339271,17.4594820924332,7.55));
#16701=CARTESIAN_POINT('',(113.6273339271,55.9626070924332,7.3));
#16702=CARTESIAN_POINT('Origin',(115.1273339271,55.9626070924332,7.55));
#16703=CARTESIAN_POINT('Origin',(170.2273339271,38.9626070924332,0.));
#16704=CARTESIAN_POINT('',(170.2273339271,37.4626070924332,0.));
#16705=CARTESIAN_POINT('Origin',(171.7273339271,57.4626070924332,0.));
#16706=CARTESIAN_POINT('',(171.7273339271,-44.0498929075668,0.));
#16707=CARTESIAN_POINT('Origin',(170.2273339271,55.9626070924332,0.));
#16708=CARTESIAN_POINT('Origin',(53.6179589271002,37.2126070924332,7.55));
#16709=CARTESIAN_POINT('',(109.8148339271,37.4626070924332,7.3));
#16710=CARTESIAN_POINT('',(91.3148339271002,37.4626070924332,7.3));
#16711=CARTESIAN_POINT('',(53.6179589271002,37.4626070924332,7.3));
#16712=CARTESIAN_POINT('',(91.3148339271002,37.4626070924332,7.3));
#16713=CARTESIAN_POINT('',(110.3148339271,36.9626070924332,7.8));
#16714=CARTESIAN_POINT('Origin',(91.3148339271002,38.9626070924332,7.55));
#16715=CARTESIAN_POINT('',(89.8148339271002,38.9626070924332,7.3));
#16716=CARTESIAN_POINT('Origin',(91.3148339271002,38.9626070924332,7.3));
#16717=CARTESIAN_POINT('',(89.8148339271002,38.9626070924332,7.3));
#16718=CARTESIAN_POINT('Origin',(89.5648339271002,17.4594820924332,7.55));
#16719=CARTESIAN_POINT('',(89.8148339271002,55.9626070924332,7.3));
#16720=CARTESIAN_POINT('',(89.8148339271002,55.9626070924332,7.3));
#16721=CARTESIAN_POINT('',(89.8148339271002,17.4594820924332,7.3));
#16722=CARTESIAN_POINT('Origin',(91.3148339271002,55.9626070924332,7.55));
#16723=CARTESIAN_POINT('Origin',(91.3148339271002,55.9626070924332,7.3));
#16724=CARTESIAN_POINT('',(91.3148339271002,57.4626070924332,7.3));
#16725=CARTESIAN_POINT('Origin',(-89.7320410728998,57.7126070924332,7.55));
#16726=CARTESIAN_POINT('',(108.3148339271,57.4626070924332,7.3));
#16727=CARTESIAN_POINT('Origin',(108.3148339271,55.9626070924332,7.55));
#16728=CARTESIAN_POINT('',(109.8148339271,55.9626070924332,7.3));
#16729=CARTESIAN_POINT('Origin',(108.3148339271,55.9626070924332,7.3));
#16730=CARTESIAN_POINT('',(109.8148339271,55.9626070924332,7.3));
#16731=CARTESIAN_POINT('Origin',(110.0648339271,27.4594820924332,7.55));
#16732=CARTESIAN_POINT('',(109.8148339271,27.4594820924332,7.3));
#16733=CARTESIAN_POINT('Origin',(91.3148339271002,55.9626070924332,0.));
#16734=CARTESIAN_POINT('',(89.8148339271002,55.9626070924332,0.));
#16735=CARTESIAN_POINT('Origin',(89.8148339271002,37.4626070924332,0.));
#16736=CARTESIAN_POINT('',(89.8148339271002,38.9626070924332,0.));
#16737=CARTESIAN_POINT('Origin',(91.3148339271002,38.9626070924332,0.));
#16738=CARTESIAN_POINT('',(91.3148339271002,37.4626070924332,0.));
#16739=CARTESIAN_POINT('Origin',(109.8148339271,37.4626070924332,0.));
#16740=CARTESIAN_POINT('',(109.8148339271,37.4626070924332,0.));
#16741=CARTESIAN_POINT('Origin',(41.7117089271002,37.2126070924332,7.55));
#16742=CARTESIAN_POINT('',(86.0023339271002,37.4626070924332,7.3));
#16743=CARTESIAN_POINT('',(41.7117089271002,37.4626070924332,7.3));
#16744=CARTESIAN_POINT('',(10.3523339271002,37.4626070924332,7.3));
#16745=CARTESIAN_POINT('',(86.5023339271002,36.9626070924332,7.8));
#16746=CARTESIAN_POINT('Origin',(10.3523339271002,38.9626070924332,7.55));
#16747=CARTESIAN_POINT('',(8.85233392710018,38.9626070924332,7.3));
#16748=CARTESIAN_POINT('Origin',(8.60233392710018,17.4594820924332,7.55));
#16749=CARTESIAN_POINT('',(8.85233392710018,55.9626070924332,7.3));
#16750=CARTESIAN_POINT('Origin',(10.3523339271002,55.9626070924332,7.55));
#16751=CARTESIAN_POINT('',(10.3523339271002,57.4626070924332,7.3));
#16752=CARTESIAN_POINT('Origin',(-89.7320410728998,57.7126070924332,7.55));
#16753=CARTESIAN_POINT('',(84.5023339271002,57.4626070924332,7.3));
#16754=CARTESIAN_POINT('Origin',(84.5023339271002,55.9626070924332,7.55));
#16755=CARTESIAN_POINT('',(86.0023339271002,55.9626070924332,7.3));
#16756=CARTESIAN_POINT('Origin',(84.5023339271002,55.9626070924332,7.3));
#16757=CARTESIAN_POINT('',(86.0023339271002,55.9626070924332,7.3));
#16758=CARTESIAN_POINT('Origin',(86.2523339271002,27.4594820924332,7.55));
#16759=CARTESIAN_POINT('',(86.0023339271002,27.4594820924332,7.3));
#16760=CARTESIAN_POINT('Origin',(86.0023339271002,37.4626070924332,0.));
#16761=CARTESIAN_POINT('',(86.0023339271002,37.4626070924332,0.));
#16762=CARTESIAN_POINT('Origin',(5.28983392710018,27.4594820924332,7.55));
#16763=CARTESIAN_POINT('',(5.03983392710018,38.9626070924332,7.3));
#16764=CARTESIAN_POINT('',(5.03983392710018,38.9626070924332,7.3));
#16765=CARTESIAN_POINT('',(5.03983392710018,55.9626070924332,7.3));
#16766=CARTESIAN_POINT('',(5.53983392710018,55.9626070924332,7.8));
#16767=CARTESIAN_POINT('',(5.03983392710018,27.4594820924332,7.3));
#16768=CARTESIAN_POINT('Origin',(3.53983392710018,38.9626070924332,7.55));
#16769=CARTESIAN_POINT('Origin',(3.53983392710018,38.9626070924332,7.3));
#16770=CARTESIAN_POINT('',(3.53983392710018,37.4626070924332,7.3));
#16771=CARTESIAN_POINT('Origin',(1.23045892710019,37.2126070924332,7.55));
#16772=CARTESIAN_POINT('',(-70.6101660728998,37.4626070924332,7.3));
#16773=CARTESIAN_POINT('Origin',(-70.6101660728998,38.9626070924332,7.55));
#16774=CARTESIAN_POINT('',(-72.1101660728998,38.9626070924332,7.3));
#16775=CARTESIAN_POINT('Origin',(-72.3601660728998,17.4594820924332,7.55));
#16776=CARTESIAN_POINT('',(-72.1101660728998,55.9626070924332,7.3));
#16777=CARTESIAN_POINT('Origin',(-70.6101660728998,55.9626070924332,7.55));
#16778=CARTESIAN_POINT('',(-70.6101660728998,57.4626070924332,7.3));
#16779=CARTESIAN_POINT('Origin',(-89.7320410728998,57.7126070924332,7.55));
#16780=CARTESIAN_POINT('',(3.53983392710019,57.4626070924332,7.3));
#16781=CARTESIAN_POINT('Origin',(3.53983392710019,55.9626070924332,7.55));
#16782=CARTESIAN_POINT('Origin',(3.53983392710019,55.9626070924332,7.3));
#16783=CARTESIAN_POINT('Origin',(3.53983392710018,38.9626070924332,0.));
#16784=CARTESIAN_POINT('',(5.03983392710018,38.9626070924332,0.));
#16785=CARTESIAN_POINT('Origin',(5.03983392710018,57.4626070924332,0.));
#16786=CARTESIAN_POINT('',(5.03983392710018,55.9626070924332,0.));
#16787=CARTESIAN_POINT('Origin',(-89.7320410728998,33.9001070924332,7.55));
#16788=CARTESIAN_POINT('',(108.3153339271,33.6501070924332,7.3));
#16789=CARTESIAN_POINT('',(-175.3851660729,34.1501070924332,7.8));
#16790=CARTESIAN_POINT('Origin',(108.3153339271,32.1501070924332,7.55));
#16791=CARTESIAN_POINT('',(109.8153339271,32.1501070924332,7.3));
#16792=CARTESIAN_POINT('Origin',(110.0653339271,15.5532320924332,7.55));
#16793=CARTESIAN_POINT('',(109.8153339271,-61.0498929075668,7.3));
#16794=CARTESIAN_POINT('Origin',(108.3153339271,-61.0498929075668,7.55));
#16795=CARTESIAN_POINT('',(108.3153339271,-62.5498929075668,7.3));
#16796=CARTESIAN_POINT('Origin',(84.5742089271002,-62.7998929075668,7.55));
#16797=CARTESIAN_POINT('',(-175.3851660729,-62.5498929075668,7.3));
#16798=CARTESIAN_POINT('Origin',(-175.3851660729,-61.0498929075668,7.55));
#16799=CARTESIAN_POINT('',(-176.8851660729,-61.0498929075668,7.3));
#16800=CARTESIAN_POINT('Origin',(-177.1351660729,-32.5467679075668,7.55));
#16801=CARTESIAN_POINT('',(-176.8851660729,32.1501070924332,7.3));
#16802=CARTESIAN_POINT('Origin',(-175.3851660729,32.1501070924332,7.55));
#16803=CARTESIAN_POINT('Origin',(-151.5726660729,38.9626070924332,7.55));
#16804=CARTESIAN_POINT('',(-151.5726660729,36.9626070924332,7.8));
#16805=CARTESIAN_POINT('',(-153.0726660729,38.9626070924332,7.3));
#16806=CARTESIAN_POINT('Origin',(-39.2507910728998,37.2126070924332,7.55));
#16807=CARTESIAN_POINT('',(-77.4226660728998,36.9626070924332,7.8));
#16808=CARTESIAN_POINT('Origin',(-77.4226660728998,38.9626070924332,7.55));
#16809=CARTESIAN_POINT('',(-75.4226660728998,38.9626070924332,7.8));
#16810=CARTESIAN_POINT('Origin',(-75.6726660728998,27.4594820924332,7.55));
#16811=CARTESIAN_POINT('',(-75.4226660728998,55.9626070924332,7.8));
#16812=CARTESIAN_POINT('Origin',(-77.4226660728998,55.9626070924332,7.55));
#16813=CARTESIAN_POINT('',(-77.4226660728998,57.9626070924332,7.8));
#16814=CARTESIAN_POINT('Origin',(-89.7320410728998,57.7126070924332,7.55));
#16815=CARTESIAN_POINT('',(-151.5726660729,57.9626070924332,7.8));
#16816=CARTESIAN_POINT('Origin',(-151.5726660729,55.9626070924332,7.55));
#16817=CARTESIAN_POINT('',(-153.5726660729,55.9626070924332,7.8));
#16818=CARTESIAN_POINT('Origin',(-153.3226660729,17.4594820924332,7.55));
#16819=CARTESIAN_POINT('Origin',(-79.7320410728998,37.2126070924332,7.55));
#16820=CARTESIAN_POINT('',(-175.3851660729,37.4626070924332,7.3));
#16821=CARTESIAN_POINT('',(-158.3851660729,36.9626070924332,7.8));
#16822=CARTESIAN_POINT('Origin',(-175.3851660729,38.9626070924332,7.55));
#16823=CARTESIAN_POINT('',(-176.8851660729,38.9626070924332,7.3));
#16824=CARTESIAN_POINT('Origin',(-177.1351660729,25.4464911768199,7.55));
#16825=CARTESIAN_POINT('',(-176.8851660729,55.9626070924332,7.3));
#16826=CARTESIAN_POINT('Origin',(-175.3851660729,55.9626070924332,7.55));
#16827=CARTESIAN_POINT('',(-175.3851660729,57.4626070924332,7.3));
#16828=CARTESIAN_POINT('Origin',(-89.7320410728998,57.7126070924332,7.55));
#16829=CARTESIAN_POINT('',(-158.3851660729,57.4626070924332,7.3));
#16830=CARTESIAN_POINT('Origin',(-158.3851660729,55.9626070924332,7.55));
#16831=CARTESIAN_POINT('',(-156.8851660729,55.9626070924332,7.3));
#16832=CARTESIAN_POINT('Origin',(-156.6351660729,27.4594820924332,7.55));
#16833=CARTESIAN_POINT('',(-156.8851660729,38.9626070924332,7.3));
#16834=CARTESIAN_POINT('Origin',(-158.3851660729,38.9626070924332,7.55));
#16835=CARTESIAN_POINT('Origin',(171.7273339271,37.4626070924332,0.));
#16836=CARTESIAN_POINT('',(115.1273339271,37.4626070924332,0.));
#16837=CARTESIAN_POINT('Origin',(115.1273339271,38.9626070924332,0.));
#16838=CARTESIAN_POINT('Origin',(152.6773339271,-42.5498929075668,0.));
#16839=CARTESIAN_POINT('',(170.2273339271,-42.5498929075668,0.));
#16840=CARTESIAN_POINT('Origin',(170.2273339271,-44.0498929075668,0.));
#16841=CARTESIAN_POINT('Origin',(3.53983392710019,55.9626070924332,0.));
#16842=CARTESIAN_POINT('Origin',(84.5023339271002,55.9626070924332,0.));
#16843=CARTESIAN_POINT('',(86.0023339271002,55.9626070924332,0.));
#16844=CARTESIAN_POINT('Origin',(86.0023339271002,57.4626070924332,0.));
#16845=CARTESIAN_POINT('Origin',(108.3148339271,55.9626070924332,0.));
#16846=CARTESIAN_POINT('',(109.8148339271,55.9626070924332,0.));
#16847=CARTESIAN_POINT('Origin',(109.8148339271,57.4626070924332,0.));
#16848=CARTESIAN_POINT('Origin',(-176.4851660729,-68.5498929075668,0.));
#16849=CARTESIAN_POINT('',(-179.4851660729,-68.5498929075668,0.));
#16850=CARTESIAN_POINT('',(-176.4851660729,-71.5498929075668,0.));
#16851=CARTESIAN_POINT('Origin',(-179.4851660729,66.4626070924332,0.));
#16852=CARTESIAN_POINT('',(-179.4851660729,63.4626070924332,0.));
#16853=CARTESIAN_POINT('Origin',(-176.4851660729,63.4626070924332,0.));
#16854=CARTESIAN_POINT('Origin',(28.3773339271002,59.8376070924332,6.3117362928262));
#16855=CARTESIAN_POINT('',(29.4150839271002,59.8376070924332,6.));
#16856=CARTESIAN_POINT('Origin',(28.3773339271002,59.8376070924332,6.));
#16857=CARTESIAN_POINT('',(28.3773339271002,59.8376070924332,6.62354310739585));
#16858=CARTESIAN_POINT('',(28.8962676110456,59.8376070924332,6.3117362928262));
#16859=CARTESIAN_POINT('Origin',(28.3773339271002,59.8376070924332,3.));
#16860=CARTESIAN_POINT('',(29.4150839271002,59.8376070924332,3.));
#16861=CARTESIAN_POINT('Origin',(-143.0726660729,59.8376070924332,6.3117362928262));
#16862=CARTESIAN_POINT('',(-142.0349160729,59.8376070924332,6.));
#16863=CARTESIAN_POINT('Origin',(-143.0726660729,59.8376070924332,6.));
#16864=CARTESIAN_POINT('',(-143.0726660729,59.8376070924332,6.62354310739585));
#16865=CARTESIAN_POINT('',(-142.553732388954,59.8376070924332,6.3117362928262));
#16866=CARTESIAN_POINT('Origin',(-143.0726660729,59.8376070924332,3.));
#16867=CARTESIAN_POINT('',(-142.0349160729,59.8376070924332,3.));
#16868=CARTESIAN_POINT('Origin',(37.9023339271002,-64.8498929075668,6.3117362928262));
#16869=CARTESIAN_POINT('',(38.9400839271002,-64.8498929075668,6.));
#16870=CARTESIAN_POINT('Origin',(37.9023339271002,-64.8498929075668,6.));
#16871=CARTESIAN_POINT('',(37.9023339271002,-64.8498929075668,6.62354310739585));
#16872=CARTESIAN_POINT('',(38.4212676110456,-64.8498929075668,6.3117362928262));
#16873=CARTESIAN_POINT('Origin',(37.9023339271002,-64.8498929075668,3.));
#16874=CARTESIAN_POINT('',(38.9400839271002,-64.8498929075668,3.));
#16875=CARTESIAN_POINT('Origin',(-128.7851660729,-64.8498929075668,6.3117362928262));
#16876=CARTESIAN_POINT('',(-127.7474160729,-64.8498929075668,6.));
#16877=CARTESIAN_POINT('Origin',(-128.7851660729,-64.8498929075668,6.));
#16878=CARTESIAN_POINT('',(-128.7851660729,-64.8498929075668,6.62354310739585));
#16879=CARTESIAN_POINT('',(-128.266232388954,-64.8498929075668,6.3117362928262));
#16880=CARTESIAN_POINT('Origin',(-128.7851660729,-64.8498929075668,3.));
#16881=CARTESIAN_POINT('',(-127.7474160729,-64.8498929075668,3.));
#16882=CARTESIAN_POINT('Origin',(133.1523339271,-64.8498929075668,6.3117362928262));
#16883=CARTESIAN_POINT('',(134.1900839271,-64.8498929075668,6.));
#16884=CARTESIAN_POINT('Origin',(133.1523339271,-64.8498929075668,6.));
#16885=CARTESIAN_POINT('',(133.1523339271,-64.8498929075668,6.62354310739585));
#16886=CARTESIAN_POINT('',(133.671267611046,-64.8498929075668,6.3117362928262));
#16887=CARTESIAN_POINT('Origin',(133.1523339271,-64.8498929075668,3.));
#16888=CARTESIAN_POINT('',(134.1900839271,-64.8498929075668,3.));
#16889=CARTESIAN_POINT('Origin',(-57.3476660728998,59.8376070924332,6.3117362928262));
#16890=CARTESIAN_POINT('',(-56.3099160728998,59.8376070924332,6.));
#16891=CARTESIAN_POINT('Origin',(-57.3476660728998,59.8376070924332,6.));
#16892=CARTESIAN_POINT('',(-57.3476660728998,59.8376070924332,6.62354310739585));
#16893=CARTESIAN_POINT('',(-56.8287323889545,59.8376070924332,6.3117362928262));
#16894=CARTESIAN_POINT('Origin',(-57.3476660728998,59.8376070924332,3.));
#16895=CARTESIAN_POINT('',(-56.3099160728998,59.8376070924332,3.));
#16896=CARTESIAN_POINT('Origin',(152.2023339271,59.8376070924333,6.3117362928262));
#16897=CARTESIAN_POINT('',(153.2400839271,59.8376070924333,6.));
#16898=CARTESIAN_POINT('Origin',(152.2023339271,59.8376070924333,6.));
#16899=CARTESIAN_POINT('',(152.2023339271,59.8376070924333,6.62354310739585));
#16900=CARTESIAN_POINT('',(152.721267611045,59.8376070924333,6.3117362928262));
#16901=CARTESIAN_POINT('Origin',(152.2023339271,59.8376070924333,3.));
#16902=CARTESIAN_POINT('',(153.2400839271,59.8376070924333,3.));
#16903=CARTESIAN_POINT('Origin',(-179.4851660729,-71.5498929075668,0.));
#16904=UNCERTAINTY_MEASURE_WITH_UNIT(LENGTH_MEASURE(0.01),#16908,
'DISTANCE_ACCURACY_VALUE',
'Maximum model space distance between geometric entities at asserted c
onnectivities');
#16905=UNCERTAINTY_MEASURE_WITH_UNIT(LENGTH_MEASURE(0.01),#16908,
'DISTANCE_ACCURACY_VALUE',
'Maximum model space distance between geometric entities at asserted c
onnectivities');
#16906=(
GEOMETRIC_REPRESENTATION_CONTEXT(3)
GLOBAL_UNCERTAINTY_ASSIGNED_CONTEXT((#16904))
GLOBAL_UNIT_ASSIGNED_CONTEXT((#16908,#16909,#16910))
REPRESENTATION_CONTEXT('','3D')
);
#16907=(
GEOMETRIC_REPRESENTATION_CONTEXT(3)
GLOBAL_UNCERTAINTY_ASSIGNED_CONTEXT((#16905))
GLOBAL_UNIT_ASSIGNED_CONTEXT((#16908,#16909,#16910))
REPRESENTATION_CONTEXT('','3D')
);
#16908=(
LENGTH_UNIT()
NAMED_UNIT(*)
SI_UNIT(.MILLI.,.METRE.)
);
#16909=(
NAMED_UNIT(*)
PLANE_ANGLE_UNIT()
SI_UNIT($,.RADIAN.)
);
#16910=(
NAMED_UNIT(*)
SI_UNIT($,.STERADIAN.)
SOLID_ANGLE_UNIT()
);
#16911=SHAPE_DEFINITION_REPRESENTATION(#16912,#16913);
#16912=PRODUCT_DEFINITION_SHAPE('',$,#16915);
#16913=SHAPE_REPRESENTATION('',(#9757),#16906);
#16914=PRODUCT_DEFINITION_CONTEXT('part definition',#16919,'design');
#16915=PRODUCT_DEFINITION('Untitled','Untitled v16',#16916,#16914);
#16916=PRODUCT_DEFINITION_FORMATION('',$,#16921);
#16917=PRODUCT_RELATED_PRODUCT_CATEGORY('Untitled v16','Untitled v16',(#16921));
#16918=APPLICATION_PROTOCOL_DEFINITION('international standard',
'automotive_design',2009,#16919);
#16919=APPLICATION_CONTEXT(
'Core Data for Automotive Mechanical Design Process');
#16920=PRODUCT_CONTEXT('part definition',#16919,'mechanical');
#16921=PRODUCT('Untitled','Untitled v16',$,(#16920));
#16922=PRESENTATION_STYLE_ASSIGNMENT((#16926));
#16923=PRESENTATION_STYLE_ASSIGNMENT((#16927));
#16924=PRESENTATION_STYLE_ASSIGNMENT((#16928));
#16925=PRESENTATION_STYLE_ASSIGNMENT((#16929));
#16926=SURFACE_STYLE_USAGE(.BOTH.,#16930);
#16927=SURFACE_STYLE_USAGE(.BOTH.,#16931);
#16928=SURFACE_STYLE_USAGE(.BOTH.,#16932);
#16929=SURFACE_STYLE_USAGE(.BOTH.,#16933);
#16930=SURFACE_SIDE_STYLE('',(#16934));
#16931=SURFACE_SIDE_STYLE('',(#16935));
#16932=SURFACE_SIDE_STYLE('',(#16936));
#16933=SURFACE_SIDE_STYLE('',(#16937));
#16934=SURFACE_STYLE_FILL_AREA(#16938);
#16935=SURFACE_STYLE_FILL_AREA(#16939);
#16936=SURFACE_STYLE_FILL_AREA(#16940);
#16937=SURFACE_STYLE_FILL_AREA(#16941);
#16938=FILL_AREA_STYLE('Steel - Satin',(#16942));
#16939=FILL_AREA_STYLE('Steel - Satin',(#16943));
#16940=FILL_AREA_STYLE('Steel - Satin (2) (1)',(#16944));
#16941=FILL_AREA_STYLE('Steel - Satin (2)',(#16945));
#16942=FILL_AREA_STYLE_COLOUR('Steel - Satin',#16946);
#16943=FILL_AREA_STYLE_COLOUR('Steel - Satin',#16947);
#16944=FILL_AREA_STYLE_COLOUR('Steel - Satin (2) (1)',#16948);
#16945=FILL_AREA_STYLE_COLOUR('Steel - Satin (2)',#16949);
#16946=COLOUR_RGB('Steel - Satin',0.627450980392157,0.627450980392157,0.627450980392157);
#16947=COLOUR_RGB('Steel - Satin',0.831372549019608,0.,0.);
#16948=COLOUR_RGB('Steel - Satin (2) (1)',0.505882352941176,0.847058823529412,
0.815686274509804);
#16949=COLOUR_RGB('Steel - Satin (2)',1.,1.,0.533333333333333);
ENDSEC;
END-ISO-10303-21;
