ISO-10303-21;
HEADER;
/* Generated by software containing ST-Developer
 * from STEP Tools, Inc. (www.steptools.com) 
 */

FILE_DESCRIPTION(
/* description */ (''),
/* implementation_level */ '2;1');

FILE_NAME(
/* name */ 'TOP PART.step',
/* time_stamp */ '2026-07-31T11:06:01+07:00',
/* author */ (''),
/* organization */ (''),
/* preprocessor_version */ 'ST-DEVELOPER v20.1',
/* originating_system */ 'Autodesk Translation Framework v15.8.0.0',
/* authorisation */ '');

FILE_SCHEMA (('AUTOMOTIVE_DESIGN { 1 0 10303 214 3 1 1 }'));
ENDSEC;

DATA;
#10=MECHANICAL_DESIGN_GEOMETRIC_PRESENTATION_REPRESENTATION('',(#13),#16417);
#11=SHAPE_REPRESENTATION_RELATIONSHIP('SRR','None',#16423,#12);
#12=ADVANCED_BREP_SHAPE_REPRESENTATION('',(#14),#16416);
#13=STYLED_ITEM('',(#16433),#14);
#14=MANIFOLD_SOLID_BREP('top',#9490);
#15=TOROIDAL_SURFACE('',#9936,2.,1.);
#16=TOROIDAL_SURFACE('',#9943,2.,1.);
#17=TOROIDAL_SURFACE('',#9949,2.,1.);
#18=TOROIDAL_SURFACE('',#9955,2.,1.);
#19=B_SPLINE_CURVE_WITH_KNOTS('',2,(#12660,#12661,#12662),.UNSPECIFIED.,
 .F.,.F.,(3,3),(0.,1.),.UNSPECIFIED.);
#20=B_SPLINE_CURVE_WITH_KNOTS('',2,(#12666,#12667,#12668),.UNSPECIFIED.,
 .F.,.F.,(3,3),(0.,1.),.UNSPECIFIED.);
#21=B_SPLINE_CURVE_WITH_KNOTS('',2,(#12695,#12696,#12697),.UNSPECIFIED.,
 .F.,.F.,(3,3),(0.,1.),.UNSPECIFIED.);
#22=B_SPLINE_CURVE_WITH_KNOTS('',2,(#12700,#12701,#12702),.UNSPECIFIED.,
 .F.,.F.,(3,3),(0.,1.),.UNSPECIFIED.);
#23=B_SPLINE_CURVE_WITH_KNOTS('',2,(#12710,#12711,#12712),.UNSPECIFIED.,
 .F.,.F.,(3,3),(0.,1.),.UNSPECIFIED.);
#24=B_SPLINE_CURVE_WITH_KNOTS('',2,(#12715,#12716,#12717),.UNSPECIFIED.,
 .F.,.F.,(3,3),(0.,1.),.UNSPECIFIED.);
#25=B_SPLINE_CURVE_WITH_KNOTS('',2,(#12784,#12785,#12786),.UNSPECIFIED.,
 .F.,.F.,(3,3),(0.,1.),.UNSPECIFIED.);
#26=B_SPLINE_CURVE_WITH_KNOTS('',2,(#12787,#12788,#12789),.UNSPECIFIED.,
 .F.,.F.,(3,3),(0.,1.),.UNSPECIFIED.);
#27=B_SPLINE_CURVE_WITH_KNOTS('',2,(#12799,#12800,#12801),.UNSPECIFIED.,
 .F.,.F.,(3,3),(0.,1.),.UNSPECIFIED.);
#28=B_SPLINE_CURVE_WITH_KNOTS('',2,(#12805,#12806,#12807),.UNSPECIFIED.,
 .F.,.F.,(3,3),(0.,1.),.UNSPECIFIED.);
#29=B_SPLINE_CURVE_WITH_KNOTS('',2,(#12816,#12817,#12818),.UNSPECIFIED.,
 .F.,.F.,(3,3),(0.,1.),.UNSPECIFIED.);
#30=B_SPLINE_CURVE_WITH_KNOTS('',2,(#12821,#12822,#12823),.UNSPECIFIED.,
 .F.,.F.,(3,3),(0.,1.),.UNSPECIFIED.);
#31=B_SPLINE_CURVE_WITH_KNOTS('',2,(#12831,#12832,#12833),.UNSPECIFIED.,
 .F.,.F.,(3,3),(0.,1.),.UNSPECIFIED.);
#32=B_SPLINE_CURVE_WITH_KNOTS('',2,(#12836,#12837,#12838),.UNSPECIFIED.,
 .F.,.F.,(3,3),(0.,1.),.UNSPECIFIED.);
#33=B_SPLINE_CURVE_WITH_KNOTS('',2,(#12846,#12847,#12848),.UNSPECIFIED.,
 .F.,.F.,(3,3),(0.,1.),.UNSPECIFIED.);
#34=B_SPLINE_CURVE_WITH_KNOTS('',2,(#12851,#12852,#12853),.UNSPECIFIED.,
 .F.,.F.,(3,3),(0.,1.),.UNSPECIFIED.);
#35=B_SPLINE_CURVE_WITH_KNOTS('',2,(#12861,#12862,#12863),.UNSPECIFIED.,
 .F.,.F.,(3,3),(0.,1.),.UNSPECIFIED.);
#36=B_SPLINE_CURVE_WITH_KNOTS('',2,(#12866,#12867,#12868),.UNSPECIFIED.,
 .F.,.F.,(3,3),(0.,1.),.UNSPECIFIED.);
#37=B_SPLINE_CURVE_WITH_KNOTS('',2,(#12882,#12883,#12884),.UNSPECIFIED.,
 .F.,.F.,(3,3),(0.,1.),.UNSPECIFIED.);
#38=B_SPLINE_CURVE_WITH_KNOTS('',2,(#12887,#12888,#12889),.UNSPECIFIED.,
 .F.,.F.,(3,3),(0.,1.),.UNSPECIFIED.);
#39=B_SPLINE_CURVE_WITH_KNOTS('',2,(#12897,#12898,#12899),.UNSPECIFIED.,
 .F.,.F.,(3,3),(0.,1.),.UNSPECIFIED.);
#40=B_SPLINE_CURVE_WITH_KNOTS('',2,(#12902,#12903,#12904),.UNSPECIFIED.,
 .F.,.F.,(3,3),(0.,1.),.UNSPECIFIED.);
#41=B_SPLINE_CURVE_WITH_KNOTS('',2,(#12912,#12913,#12914),.UNSPECIFIED.,
 .F.,.F.,(3,3),(0.,1.),.UNSPECIFIED.);
#42=B_SPLINE_CURVE_WITH_KNOTS('',2,(#12917,#12918,#12919),.UNSPECIFIED.,
 .F.,.F.,(3,3),(0.,1.),.UNSPECIFIED.);
#43=B_SPLINE_CURVE_WITH_KNOTS('',2,(#12927,#12928,#12929),.UNSPECIFIED.,
 .F.,.F.,(3,3),(0.,1.),.UNSPECIFIED.);
#44=B_SPLINE_CURVE_WITH_KNOTS('',2,(#12932,#12933,#12934),.UNSPECIFIED.,
 .F.,.F.,(3,3),(0.,1.),.UNSPECIFIED.);
#45=B_SPLINE_CURVE_WITH_KNOTS('',2,(#12942,#12943,#12944),.UNSPECIFIED.,
 .F.,.F.,(3,3),(0.,1.),.UNSPECIFIED.);
#46=B_SPLINE_CURVE_WITH_KNOTS('',2,(#12947,#12948,#12949),.UNSPECIFIED.,
 .F.,.F.,(3,3),(0.,1.),.UNSPECIFIED.);
#47=B_SPLINE_CURVE_WITH_KNOTS('',2,(#12957,#12958,#12959),.UNSPECIFIED.,
 .F.,.F.,(3,3),(0.,1.),.UNSPECIFIED.);
#48=B_SPLINE_CURVE_WITH_KNOTS('',2,(#12962,#12963,#12964),.UNSPECIFIED.,
 .F.,.F.,(3,3),(0.,1.),.UNSPECIFIED.);
#49=B_SPLINE_CURVE_WITH_KNOTS('',2,(#12972,#12973,#12974),.UNSPECIFIED.,
 .F.,.F.,(3,3),(0.,1.),.UNSPECIFIED.);
#50=B_SPLINE_CURVE_WITH_KNOTS('',2,(#12977,#12978,#12979),.UNSPECIFIED.,
 .F.,.F.,(3,3),(0.,1.),.UNSPECIFIED.);
#51=B_SPLINE_CURVE_WITH_KNOTS('',2,(#12987,#12988,#12989),.UNSPECIFIED.,
 .F.,.F.,(3,3),(0.,1.),.UNSPECIFIED.);
#52=B_SPLINE_CURVE_WITH_KNOTS('',2,(#12992,#12993,#12994),.UNSPECIFIED.,
 .F.,.F.,(3,3),(0.,1.),.UNSPECIFIED.);
#53=B_SPLINE_CURVE_WITH_KNOTS('',2,(#13002,#13003,#13004),.UNSPECIFIED.,
 .F.,.F.,(3,3),(0.,1.),.UNSPECIFIED.);
#54=B_SPLINE_CURVE_WITH_KNOTS('',2,(#13007,#13008,#13009),.UNSPECIFIED.,
 .F.,.F.,(3,3),(0.,1.),.UNSPECIFIED.);
#55=B_SPLINE_CURVE_WITH_KNOTS('',2,(#13017,#13018,#13019),.UNSPECIFIED.,
 .F.,.F.,(3,3),(0.,1.),.UNSPECIFIED.);
#56=B_SPLINE_CURVE_WITH_KNOTS('',2,(#13022,#13023,#13024),.UNSPECIFIED.,
 .F.,.F.,(3,3),(0.,1.),.UNSPECIFIED.);
#57=B_SPLINE_CURVE_WITH_KNOTS('',2,(#13032,#13033,#13034),.UNSPECIFIED.,
 .F.,.F.,(3,3),(0.,1.),.UNSPECIFIED.);
#58=B_SPLINE_CURVE_WITH_KNOTS('',2,(#13037,#13038,#13039),.UNSPECIFIED.,
 .F.,.F.,(3,3),(0.,1.),.UNSPECIFIED.);
#59=B_SPLINE_CURVE_WITH_KNOTS('',2,(#13047,#13048,#13049),.UNSPECIFIED.,
 .F.,.F.,(3,3),(0.,1.),.UNSPECIFIED.);
#60=B_SPLINE_CURVE_WITH_KNOTS('',2,(#13052,#13053,#13054),.UNSPECIFIED.,
 .F.,.F.,(3,3),(0.,1.),.UNSPECIFIED.);
#61=B_SPLINE_CURVE_WITH_KNOTS('',2,(#13068,#13069,#13070),.UNSPECIFIED.,
 .F.,.F.,(3,3),(0.,1.),.UNSPECIFIED.);
#62=B_SPLINE_CURVE_WITH_KNOTS('',2,(#13073,#13074,#13075),.UNSPECIFIED.,
 .F.,.F.,(3,3),(0.,1.),.UNSPECIFIED.);
#63=B_SPLINE_CURVE_WITH_KNOTS('',2,(#13083,#13084,#13085),.UNSPECIFIED.,
 .F.,.F.,(3,3),(0.,1.),.UNSPECIFIED.);
#64=B_SPLINE_CURVE_WITH_KNOTS('',2,(#13088,#13089,#13090),.UNSPECIFIED.,
 .F.,.F.,(3,3),(0.,1.),.UNSPECIFIED.);
#65=B_SPLINE_CURVE_WITH_KNOTS('',2,(#13098,#13099,#13100),.UNSPECIFIED.,
 .F.,.F.,(3,3),(0.,1.),.UNSPECIFIED.);
#66=B_SPLINE_CURVE_WITH_KNOTS('',2,(#13103,#13104,#13105),.UNSPECIFIED.,
 .F.,.F.,(3,3),(0.,1.),.UNSPECIFIED.);
#67=B_SPLINE_CURVE_WITH_KNOTS('',2,(#13113,#13114,#13115),.UNSPECIFIED.,
 .F.,.F.,(3,3),(0.,1.),.UNSPECIFIED.);
#68=B_SPLINE_CURVE_WITH_KNOTS('',2,(#13118,#13119,#13120),.UNSPECIFIED.,
 .F.,.F.,(3,3),(0.,1.),.UNSPECIFIED.);
#69=B_SPLINE_CURVE_WITH_KNOTS('',2,(#13128,#13129,#13130),.UNSPECIFIED.,
 .F.,.F.,(3,3),(0.,1.),.UNSPECIFIED.);
#70=B_SPLINE_CURVE_WITH_KNOTS('',2,(#13133,#13134,#13135),.UNSPECIFIED.,
 .F.,.F.,(3,3),(0.,1.),.UNSPECIFIED.);
#71=B_SPLINE_CURVE_WITH_KNOTS('',2,(#13143,#13144,#13145),.UNSPECIFIED.,
 .F.,.F.,(3,3),(0.,1.),.UNSPECIFIED.);
#72=B_SPLINE_CURVE_WITH_KNOTS('',2,(#13148,#13149,#13150),.UNSPECIFIED.,
 .F.,.F.,(3,3),(0.,1.),.UNSPECIFIED.);
#73=B_SPLINE_CURVE_WITH_KNOTS('',2,(#13157,#13158,#13159),.UNSPECIFIED.,
 .F.,.F.,(3,3),(0.,1.),.UNSPECIFIED.);
#74=B_SPLINE_CURVE_WITH_KNOTS('',2,(#13160,#13161,#13162),.UNSPECIFIED.,
 .F.,.F.,(3,3),(0.,1.),.UNSPECIFIED.);
#75=B_SPLINE_CURVE_WITH_KNOTS('',2,(#13171,#13172,#13173),.UNSPECIFIED.,
 .F.,.F.,(3,3),(0.,1.),.UNSPECIFIED.);
#76=B_SPLINE_CURVE_WITH_KNOTS('',2,(#13177,#13178,#13179),.UNSPECIFIED.,
 .F.,.F.,(3,3),(0.,1.),.UNSPECIFIED.);
#77=B_SPLINE_CURVE_WITH_KNOTS('',2,(#13188,#13189,#13190),.UNSPECIFIED.,
 .F.,.F.,(3,3),(0.,1.),.UNSPECIFIED.);
#78=B_SPLINE_CURVE_WITH_KNOTS('',2,(#13193,#13194,#13195),.UNSPECIFIED.,
 .F.,.F.,(3,3),(0.,1.),.UNSPECIFIED.);
#79=B_SPLINE_CURVE_WITH_KNOTS('',2,(#13203,#13204,#13205),.UNSPECIFIED.,
 .F.,.F.,(3,3),(0.,1.),.UNSPECIFIED.);
#80=B_SPLINE_CURVE_WITH_KNOTS('',2,(#13208,#13209,#13210),.UNSPECIFIED.,
 .F.,.F.,(3,3),(0.,1.),.UNSPECIFIED.);
#81=B_SPLINE_CURVE_WITH_KNOTS('',2,(#13218,#13219,#13220),.UNSPECIFIED.,
 .F.,.F.,(3,3),(0.,1.),.UNSPECIFIED.);
#82=B_SPLINE_CURVE_WITH_KNOTS('',2,(#13223,#13224,#13225),.UNSPECIFIED.,
 .F.,.F.,(3,3),(0.,1.),.UNSPECIFIED.);
#83=B_SPLINE_CURVE_WITH_KNOTS('',2,(#13239,#13240,#13241),.UNSPECIFIED.,
 .F.,.F.,(3,3),(0.,1.),.UNSPECIFIED.);
#84=B_SPLINE_CURVE_WITH_KNOTS('',2,(#13244,#13245,#13246),.UNSPECIFIED.,
 .F.,.F.,(3,3),(0.,1.),.UNSPECIFIED.);
#85=B_SPLINE_CURVE_WITH_KNOTS('',2,(#13254,#13255,#13256),.UNSPECIFIED.,
 .F.,.F.,(3,3),(0.,1.),.UNSPECIFIED.);
#86=B_SPLINE_CURVE_WITH_KNOTS('',2,(#13259,#13260,#13261),.UNSPECIFIED.,
 .F.,.F.,(3,3),(0.,1.),.UNSPECIFIED.);
#87=B_SPLINE_CURVE_WITH_KNOTS('',2,(#13269,#13270,#13271),.UNSPECIFIED.,
 .F.,.F.,(3,3),(0.,1.),.UNSPECIFIED.);
#88=B_SPLINE_CURVE_WITH_KNOTS('',2,(#13274,#13275,#13276),.UNSPECIFIED.,
 .F.,.F.,(3,3),(0.,1.),.UNSPECIFIED.);
#89=B_SPLINE_CURVE_WITH_KNOTS('',2,(#13284,#13285,#13286),.UNSPECIFIED.,
 .F.,.F.,(3,3),(0.,1.),.UNSPECIFIED.);
#90=B_SPLINE_CURVE_WITH_KNOTS('',2,(#13289,#13290,#13291),.UNSPECIFIED.,
 .F.,.F.,(3,3),(0.,1.),.UNSPECIFIED.);
#91=B_SPLINE_CURVE_WITH_KNOTS('',2,(#13299,#13300,#13301),.UNSPECIFIED.,
 .F.,.F.,(3,3),(0.,1.),.UNSPECIFIED.);
#92=B_SPLINE_CURVE_WITH_KNOTS('',2,(#13304,#13305,#13306),.UNSPECIFIED.,
 .F.,.F.,(3,3),(0.,1.),.UNSPECIFIED.);
#93=B_SPLINE_CURVE_WITH_KNOTS('',2,(#13314,#13315,#13316),.UNSPECIFIED.,
 .F.,.F.,(3,3),(0.,1.),.UNSPECIFIED.);
#94=B_SPLINE_CURVE_WITH_KNOTS('',2,(#13319,#13320,#13321),.UNSPECIFIED.,
 .F.,.F.,(3,3),(0.,1.),.UNSPECIFIED.);
#95=B_SPLINE_CURVE_WITH_KNOTS('',2,(#13329,#13330,#13331),.UNSPECIFIED.,
 .F.,.F.,(3,3),(0.,1.),.UNSPECIFIED.);
#96=B_SPLINE_CURVE_WITH_KNOTS('',2,(#13334,#13335,#13336),.UNSPECIFIED.,
 .F.,.F.,(3,3),(0.,1.),.UNSPECIFIED.);
#97=B_SPLINE_CURVE_WITH_KNOTS('',2,(#13344,#13345,#13346),.UNSPECIFIED.,
 .F.,.F.,(3,3),(0.,1.),.UNSPECIFIED.);
#98=B_SPLINE_CURVE_WITH_KNOTS('',2,(#13349,#13350,#13351),.UNSPECIFIED.,
 .F.,.F.,(3,3),(0.,1.),.UNSPECIFIED.);
#99=B_SPLINE_CURVE_WITH_KNOTS('',2,(#13359,#13360,#13361),.UNSPECIFIED.,
 .F.,.F.,(3,3),(0.,1.),.UNSPECIFIED.);
#100=B_SPLINE_CURVE_WITH_KNOTS('',2,(#13364,#13365,#13366),
 .UNSPECIFIED.,.F.,.F.,(3,3),(0.,1.),.UNSPECIFIED.);
#101=B_SPLINE_CURVE_WITH_KNOTS('',2,(#13374,#13375,#13376),
 .UNSPECIFIED.,.F.,.F.,(3,3),(0.,1.),.UNSPECIFIED.);
#102=B_SPLINE_CURVE_WITH_KNOTS('',2,(#13379,#13380,#13381),
 .UNSPECIFIED.,.F.,.F.,(3,3),(0.,1.),.UNSPECIFIED.);
#103=B_SPLINE_CURVE_WITH_KNOTS('',2,(#13389,#13390,#13391),
 .UNSPECIFIED.,.F.,.F.,(3,3),(0.,1.),.UNSPECIFIED.);
#104=B_SPLINE_CURVE_WITH_KNOTS('',2,(#13394,#13395,#13396),
 .UNSPECIFIED.,.F.,.F.,(3,3),(0.,1.),.UNSPECIFIED.);
#105=B_SPLINE_CURVE_WITH_KNOTS('',2,(#13404,#13405,#13406),
 .UNSPECIFIED.,.F.,.F.,(3,3),(0.,1.),.UNSPECIFIED.);
#106=B_SPLINE_CURVE_WITH_KNOTS('',2,(#13409,#13410,#13411),
 .UNSPECIFIED.,.F.,.F.,(3,3),(0.,1.),.UNSPECIFIED.);
#107=B_SPLINE_CURVE_WITH_KNOTS('',2,(#13425,#13426,#13427),
 .UNSPECIFIED.,.F.,.F.,(3,3),(0.,1.),.UNSPECIFIED.);
#108=B_SPLINE_CURVE_WITH_KNOTS('',2,(#13430,#13431,#13432),
 .UNSPECIFIED.,.F.,.F.,(3,3),(0.,1.),.UNSPECIFIED.);
#109=B_SPLINE_CURVE_WITH_KNOTS('',2,(#13440,#13441,#13442),
 .UNSPECIFIED.,.F.,.F.,(3,3),(0.,1.),.UNSPECIFIED.);
#110=B_SPLINE_CURVE_WITH_KNOTS('',2,(#13445,#13446,#13447),
 .UNSPECIFIED.,.F.,.F.,(3,3),(0.,1.),.UNSPECIFIED.);
#111=B_SPLINE_CURVE_WITH_KNOTS('',2,(#13455,#13456,#13457),
 .UNSPECIFIED.,.F.,.F.,(3,3),(0.,1.),.UNSPECIFIED.);
#112=B_SPLINE_CURVE_WITH_KNOTS('',2,(#13460,#13461,#13462),
 .UNSPECIFIED.,.F.,.F.,(3,3),(0.,1.),.UNSPECIFIED.);
#113=B_SPLINE_CURVE_WITH_KNOTS('',2,(#13470,#13471,#13472),
 .UNSPECIFIED.,.F.,.F.,(3,3),(0.,1.),.UNSPECIFIED.);
#114=B_SPLINE_CURVE_WITH_KNOTS('',2,(#13475,#13476,#13477),
 .UNSPECIFIED.,.F.,.F.,(3,3),(0.,1.),.UNSPECIFIED.);
#115=B_SPLINE_CURVE_WITH_KNOTS('',2,(#13485,#13486,#13487),
 .UNSPECIFIED.,.F.,.F.,(3,3),(0.,1.),.UNSPECIFIED.);
#116=B_SPLINE_CURVE_WITH_KNOTS('',2,(#13490,#13491,#13492),
 .UNSPECIFIED.,.F.,.F.,(3,3),(0.,1.),.UNSPECIFIED.);
#117=B_SPLINE_CURVE_WITH_KNOTS('',2,(#13500,#13501,#13502),
 .UNSPECIFIED.,.F.,.F.,(3,3),(0.,1.),.UNSPECIFIED.);
#118=B_SPLINE_CURVE_WITH_KNOTS('',2,(#13505,#13506,#13507),
 .UNSPECIFIED.,.F.,.F.,(3,3),(0.,1.),.UNSPECIFIED.);
#119=B_SPLINE_CURVE_WITH_KNOTS('',2,(#13515,#13516,#13517),
 .UNSPECIFIED.,.F.,.F.,(3,3),(0.,1.),.UNSPECIFIED.);
#120=B_SPLINE_CURVE_WITH_KNOTS('',2,(#13520,#13521,#13522),
 .UNSPECIFIED.,.F.,.F.,(3,3),(0.,1.),.UNSPECIFIED.);
#121=B_SPLINE_CURVE_WITH_KNOTS('',2,(#13529,#13530,#13531),
 .UNSPECIFIED.,.F.,.F.,(3,3),(0.,1.),.UNSPECIFIED.);
#122=B_SPLINE_CURVE_WITH_KNOTS('',2,(#13532,#13533,#13534),
 .UNSPECIFIED.,.F.,.F.,(3,3),(0.,1.),.UNSPECIFIED.);
#123=B_SPLINE_CURVE_WITH_KNOTS('',2,(#13617,#13618,#13619),
 .UNSPECIFIED.,.F.,.F.,(3,3),(0.,1.),.UNSPECIFIED.);
#124=B_SPLINE_CURVE_WITH_KNOTS('',2,(#13623,#13624,#13625),
 .UNSPECIFIED.,.F.,.F.,(3,3),(0.,1.),.UNSPECIFIED.);
#125=B_SPLINE_CURVE_WITH_KNOTS('',2,(#13634,#13635,#13636),
 .UNSPECIFIED.,.F.,.F.,(3,3),(0.,1.),.UNSPECIFIED.);
#126=B_SPLINE_CURVE_WITH_KNOTS('',2,(#13639,#13640,#13641),
 .UNSPECIFIED.,.F.,.F.,(3,3),(0.,1.),.UNSPECIFIED.);
#127=B_SPLINE_CURVE_WITH_KNOTS('',2,(#13649,#13650,#13651),
 .UNSPECIFIED.,.F.,.F.,(3,3),(0.,1.),.UNSPECIFIED.);
#128=B_SPLINE_CURVE_WITH_KNOTS('',2,(#13654,#13655,#13656),
 .UNSPECIFIED.,.F.,.F.,(3,3),(0.,1.),.UNSPECIFIED.);
#129=B_SPLINE_CURVE_WITH_KNOTS('',2,(#13664,#13665,#13666),
 .UNSPECIFIED.,.F.,.F.,(3,3),(0.,1.),.UNSPECIFIED.);
#130=B_SPLINE_CURVE_WITH_KNOTS('',2,(#13669,#13670,#13671),
 .UNSPECIFIED.,.F.,.F.,(3,3),(0.,1.),.UNSPECIFIED.);
#131=B_SPLINE_CURVE_WITH_KNOTS('',2,(#13697,#13698,#13699),
 .UNSPECIFIED.,.F.,.F.,(3,3),(0.,1.),.UNSPECIFIED.);
#132=B_SPLINE_CURVE_WITH_KNOTS('',2,(#13702,#13703,#13704),
 .UNSPECIFIED.,.F.,.F.,(3,3),(0.,1.),.UNSPECIFIED.);
#133=B_SPLINE_CURVE_WITH_KNOTS('',2,(#13712,#13713,#13714),
 .UNSPECIFIED.,.F.,.F.,(3,3),(0.,1.),.UNSPECIFIED.);
#134=B_SPLINE_CURVE_WITH_KNOTS('',2,(#13717,#13718,#13719),
 .UNSPECIFIED.,.F.,.F.,(3,3),(0.,1.),.UNSPECIFIED.);
#135=B_SPLINE_CURVE_WITH_KNOTS('',2,(#13727,#13728,#13729),
 .UNSPECIFIED.,.F.,.F.,(3,3),(0.,1.),.UNSPECIFIED.);
#136=B_SPLINE_CURVE_WITH_KNOTS('',2,(#13732,#13733,#13734),
 .UNSPECIFIED.,.F.,.F.,(3,3),(0.,1.),.UNSPECIFIED.);
#137=B_SPLINE_CURVE_WITH_KNOTS('',2,(#13742,#13743,#13744),
 .UNSPECIFIED.,.F.,.F.,(3,3),(0.,1.),.UNSPECIFIED.);
#138=B_SPLINE_CURVE_WITH_KNOTS('',2,(#13747,#13748,#13749),
 .UNSPECIFIED.,.F.,.F.,(3,3),(0.,1.),.UNSPECIFIED.);
#139=B_SPLINE_CURVE_WITH_KNOTS('',2,(#13757,#13758,#13759),
 .UNSPECIFIED.,.F.,.F.,(3,3),(0.,1.),.UNSPECIFIED.);
#140=B_SPLINE_CURVE_WITH_KNOTS('',2,(#13762,#13763,#13764),
 .UNSPECIFIED.,.F.,.F.,(3,3),(0.,1.),.UNSPECIFIED.);
#141=B_SPLINE_CURVE_WITH_KNOTS('',2,(#13772,#13773,#13774),
 .UNSPECIFIED.,.F.,.F.,(3,3),(0.,1.),.UNSPECIFIED.);
#142=B_SPLINE_CURVE_WITH_KNOTS('',2,(#13777,#13778,#13779),
 .UNSPECIFIED.,.F.,.F.,(3,3),(0.,1.),.UNSPECIFIED.);
#143=B_SPLINE_CURVE_WITH_KNOTS('',2,(#13787,#13788,#13789),
 .UNSPECIFIED.,.F.,.F.,(3,3),(0.,1.),.UNSPECIFIED.);
#144=B_SPLINE_CURVE_WITH_KNOTS('',2,(#13792,#13793,#13794),
 .UNSPECIFIED.,.F.,.F.,(3,3),(0.,1.),.UNSPECIFIED.);
#145=B_SPLINE_CURVE_WITH_KNOTS('',2,(#13802,#13803,#13804),
 .UNSPECIFIED.,.F.,.F.,(3,3),(0.,1.),.UNSPECIFIED.);
#146=B_SPLINE_CURVE_WITH_KNOTS('',2,(#13807,#13808,#13809),
 .UNSPECIFIED.,.F.,.F.,(3,3),(0.,1.),.UNSPECIFIED.);
#147=B_SPLINE_CURVE_WITH_KNOTS('',2,(#13817,#13818,#13819),
 .UNSPECIFIED.,.F.,.F.,(3,3),(0.,1.),.UNSPECIFIED.);
#148=B_SPLINE_CURVE_WITH_KNOTS('',2,(#13822,#13823,#13824),
 .UNSPECIFIED.,.F.,.F.,(3,3),(0.,1.),.UNSPECIFIED.);
#149=B_SPLINE_CURVE_WITH_KNOTS('',2,(#13832,#13833,#13834),
 .UNSPECIFIED.,.F.,.F.,(3,3),(0.,1.),.UNSPECIFIED.);
#150=B_SPLINE_CURVE_WITH_KNOTS('',2,(#13837,#13838,#13839),
 .UNSPECIFIED.,.F.,.F.,(3,3),(0.,1.),.UNSPECIFIED.);
#151=B_SPLINE_CURVE_WITH_KNOTS('',2,(#13847,#13848,#13849),
 .UNSPECIFIED.,.F.,.F.,(3,3),(0.,1.),.UNSPECIFIED.);
#152=B_SPLINE_CURVE_WITH_KNOTS('',2,(#13852,#13853,#13854),
 .UNSPECIFIED.,.F.,.F.,(3,3),(0.,1.),.UNSPECIFIED.);
#153=B_SPLINE_CURVE_WITH_KNOTS('',2,(#13862,#13863,#13864),
 .UNSPECIFIED.,.F.,.F.,(3,3),(0.,1.),.UNSPECIFIED.);
#154=B_SPLINE_CURVE_WITH_KNOTS('',2,(#13867,#13868,#13869),
 .UNSPECIFIED.,.F.,.F.,(3,3),(0.,1.),.UNSPECIFIED.);
#155=B_SPLINE_CURVE_WITH_KNOTS('',2,(#13895,#13896,#13897),
 .UNSPECIFIED.,.F.,.F.,(3,3),(0.,1.),.UNSPECIFIED.);
#156=B_SPLINE_CURVE_WITH_KNOTS('',2,(#13900,#13901,#13902),
 .UNSPECIFIED.,.F.,.F.,(3,3),(0.,1.),.UNSPECIFIED.);
#157=B_SPLINE_CURVE_WITH_KNOTS('',2,(#13910,#13911,#13912),
 .UNSPECIFIED.,.F.,.F.,(3,3),(0.,1.),.UNSPECIFIED.);
#158=B_SPLINE_CURVE_WITH_KNOTS('',2,(#13915,#13916,#13917),
 .UNSPECIFIED.,.F.,.F.,(3,3),(0.,1.),.UNSPECIFIED.);
#159=B_SPLINE_CURVE_WITH_KNOTS('',2,(#13925,#13926,#13927),
 .UNSPECIFIED.,.F.,.F.,(3,3),(0.,1.),.UNSPECIFIED.);
#160=B_SPLINE_CURVE_WITH_KNOTS('',2,(#13930,#13931,#13932),
 .UNSPECIFIED.,.F.,.F.,(3,3),(0.,1.),.UNSPECIFIED.);
#161=B_SPLINE_CURVE_WITH_KNOTS('',2,(#13940,#13941,#13942),
 .UNSPECIFIED.,.F.,.F.,(3,3),(0.,1.),.UNSPECIFIED.);
#162=B_SPLINE_CURVE_WITH_KNOTS('',2,(#13945,#13946,#13947),
 .UNSPECIFIED.,.F.,.F.,(3,3),(0.,1.),.UNSPECIFIED.);
#163=B_SPLINE_CURVE_WITH_KNOTS('',2,(#13955,#13956,#13957),
 .UNSPECIFIED.,.F.,.F.,(3,3),(0.,1.),.UNSPECIFIED.);
#164=B_SPLINE_CURVE_WITH_KNOTS('',2,(#13960,#13961,#13962),
 .UNSPECIFIED.,.F.,.F.,(3,3),(0.,1.),.UNSPECIFIED.);
#165=B_SPLINE_CURVE_WITH_KNOTS('',2,(#13970,#13971,#13972),
 .UNSPECIFIED.,.F.,.F.,(3,3),(0.,1.),.UNSPECIFIED.);
#166=B_SPLINE_CURVE_WITH_KNOTS('',2,(#13975,#13976,#13977),
 .UNSPECIFIED.,.F.,.F.,(3,3),(0.,1.),.UNSPECIFIED.);
#167=B_SPLINE_CURVE_WITH_KNOTS('',2,(#13985,#13986,#13987),
 .UNSPECIFIED.,.F.,.F.,(3,3),(0.,0.999989742011657),.UNSPECIFIED.);
#168=B_SPLINE_CURVE_WITH_KNOTS('',2,(#13990,#13991,#13992),
 .UNSPECIFIED.,.F.,.F.,(3,3),(0.,0.999989742011657),.UNSPECIFIED.);
#169=B_SPLINE_CURVE_WITH_KNOTS('',2,(#13999,#14000,#14001),
 .UNSPECIFIED.,.F.,.F.,(3,3),(0.,1.),.UNSPECIFIED.);
#170=B_SPLINE_CURVE_WITH_KNOTS('',2,(#14002,#14003,#14004),
 .UNSPECIFIED.,.F.,.F.,(3,3),(0.,1.),.UNSPECIFIED.);
#171=B_SPLINE_CURVE_WITH_KNOTS('',2,(#14014,#14015,#14016),
 .UNSPECIFIED.,.F.,.F.,(3,3),(0.,1.),.UNSPECIFIED.);
#172=B_SPLINE_CURVE_WITH_KNOTS('',2,(#14020,#14021,#14022),
 .UNSPECIFIED.,.F.,.F.,(3,3),(0.,1.),.UNSPECIFIED.);
#173=B_SPLINE_CURVE_WITH_KNOTS('',2,(#14031,#14032,#14033),
 .UNSPECIFIED.,.F.,.F.,(3,3),(0.,1.),.UNSPECIFIED.);
#174=B_SPLINE_CURVE_WITH_KNOTS('',2,(#14036,#14037,#14038),
 .UNSPECIFIED.,.F.,.F.,(3,3),(0.,1.),.UNSPECIFIED.);
#175=B_SPLINE_CURVE_WITH_KNOTS('',2,(#14046,#14047,#14048),
 .UNSPECIFIED.,.F.,.F.,(3,3),(0.,1.),.UNSPECIFIED.);
#176=B_SPLINE_CURVE_WITH_KNOTS('',2,(#14051,#14052,#14053),
 .UNSPECIFIED.,.F.,.F.,(3,3),(0.,1.),.UNSPECIFIED.);
#177=B_SPLINE_CURVE_WITH_KNOTS('',2,(#14061,#14062,#14063),
 .UNSPECIFIED.,.F.,.F.,(3,3),(0.,1.),.UNSPECIFIED.);
#178=B_SPLINE_CURVE_WITH_KNOTS('',2,(#14066,#14067,#14068),
 .UNSPECIFIED.,.F.,.F.,(3,3),(0.,1.),.UNSPECIFIED.);
#179=B_SPLINE_CURVE_WITH_KNOTS('',2,(#14076,#14077,#14078),
 .UNSPECIFIED.,.F.,.F.,(3,3),(0.,1.),.UNSPECIFIED.);
#180=B_SPLINE_CURVE_WITH_KNOTS('',2,(#14081,#14082,#14083),
 .UNSPECIFIED.,.F.,.F.,(3,3),(0.,1.),.UNSPECIFIED.);
#181=B_SPLINE_CURVE_WITH_KNOTS('',2,(#14091,#14092,#14093),
 .UNSPECIFIED.,.F.,.F.,(3,3),(0.,1.),.UNSPECIFIED.);
#182=B_SPLINE_CURVE_WITH_KNOTS('',2,(#14096,#14097,#14098),
 .UNSPECIFIED.,.F.,.F.,(3,3),(0.,1.),.UNSPECIFIED.);
#183=B_SPLINE_CURVE_WITH_KNOTS('',2,(#14106,#14107,#14108),
 .UNSPECIFIED.,.F.,.F.,(3,3),(0.,1.),.UNSPECIFIED.);
#184=B_SPLINE_CURVE_WITH_KNOTS('',2,(#14111,#14112,#14113),
 .UNSPECIFIED.,.F.,.F.,(3,3),(0.,1.),.UNSPECIFIED.);
#185=B_SPLINE_CURVE_WITH_KNOTS('',2,(#14121,#14122,#14123),
 .UNSPECIFIED.,.F.,.F.,(3,3),(0.,1.),.UNSPECIFIED.);
#186=B_SPLINE_CURVE_WITH_KNOTS('',2,(#14126,#14127,#14128),
 .UNSPECIFIED.,.F.,.F.,(3,3),(0.,1.),.UNSPECIFIED.);
#187=B_SPLINE_CURVE_WITH_KNOTS('',2,(#14136,#14137,#14138),
 .UNSPECIFIED.,.F.,.F.,(3,3),(0.,1.),.UNSPECIFIED.);
#188=B_SPLINE_CURVE_WITH_KNOTS('',2,(#14141,#14142,#14143),
 .UNSPECIFIED.,.F.,.F.,(3,3),(0.,1.),.UNSPECIFIED.);
#189=B_SPLINE_CURVE_WITH_KNOTS('',2,(#14151,#14152,#14153),
 .UNSPECIFIED.,.F.,.F.,(3,3),(0.,1.),.UNSPECIFIED.);
#190=B_SPLINE_CURVE_WITH_KNOTS('',2,(#14156,#14157,#14158),
 .UNSPECIFIED.,.F.,.F.,(3,3),(0.,1.),.UNSPECIFIED.);
#191=B_SPLINE_CURVE_WITH_KNOTS('',2,(#14166,#14167,#14168),
 .UNSPECIFIED.,.F.,.F.,(3,3),(0.,1.),.UNSPECIFIED.);
#192=B_SPLINE_CURVE_WITH_KNOTS('',2,(#14171,#14172,#14173),
 .UNSPECIFIED.,.F.,.F.,(3,3),(0.,1.),.UNSPECIFIED.);
#193=B_SPLINE_CURVE_WITH_KNOTS('',2,(#14181,#14182,#14183),
 .UNSPECIFIED.,.F.,.F.,(3,3),(0.,1.),.UNSPECIFIED.);
#194=B_SPLINE_CURVE_WITH_KNOTS('',2,(#14186,#14187,#14188),
 .UNSPECIFIED.,.F.,.F.,(3,3),(0.,1.),.UNSPECIFIED.);
#195=B_SPLINE_CURVE_WITH_KNOTS('',2,(#14212,#14213,#14214),
 .UNSPECIFIED.,.F.,.F.,(3,3),(0.,1.),.UNSPECIFIED.);
#196=B_SPLINE_CURVE_WITH_KNOTS('',2,(#14218,#14219,#14220),
 .UNSPECIFIED.,.F.,.F.,(3,3),(0.,1.),.UNSPECIFIED.);
#197=B_SPLINE_CURVE_WITH_KNOTS('',2,(#14229,#14230,#14231),
 .UNSPECIFIED.,.F.,.F.,(3,3),(0.,1.),.UNSPECIFIED.);
#198=B_SPLINE_CURVE_WITH_KNOTS('',2,(#14234,#14235,#14236),
 .UNSPECIFIED.,.F.,.F.,(3,3),(0.,1.),.UNSPECIFIED.);
#199=B_SPLINE_CURVE_WITH_KNOTS('',2,(#14244,#14245,#14246),
 .UNSPECIFIED.,.F.,.F.,(3,3),(0.,1.),.UNSPECIFIED.);
#200=B_SPLINE_CURVE_WITH_KNOTS('',2,(#14249,#14250,#14251),
 .UNSPECIFIED.,.F.,.F.,(3,3),(0.,1.),.UNSPECIFIED.);
#201=B_SPLINE_CURVE_WITH_KNOTS('',2,(#14259,#14260,#14261),
 .UNSPECIFIED.,.F.,.F.,(3,3),(0.,1.),.UNSPECIFIED.);
#202=B_SPLINE_CURVE_WITH_KNOTS('',2,(#14264,#14265,#14266),
 .UNSPECIFIED.,.F.,.F.,(3,3),(0.,1.),.UNSPECIFIED.);
#203=B_SPLINE_CURVE_WITH_KNOTS('',2,(#14274,#14275,#14276),
 .UNSPECIFIED.,.F.,.F.,(3,3),(0.,1.),.UNSPECIFIED.);
#204=B_SPLINE_CURVE_WITH_KNOTS('',2,(#14279,#14280,#14281),
 .UNSPECIFIED.,.F.,.F.,(3,3),(0.,1.),.UNSPECIFIED.);
#205=B_SPLINE_CURVE_WITH_KNOTS('',2,(#14289,#14290,#14291),
 .UNSPECIFIED.,.F.,.F.,(3,3),(0.,1.),.UNSPECIFIED.);
#206=B_SPLINE_CURVE_WITH_KNOTS('',2,(#14294,#14295,#14296),
 .UNSPECIFIED.,.F.,.F.,(3,3),(0.,1.),.UNSPECIFIED.);
#207=B_SPLINE_CURVE_WITH_KNOTS('',2,(#14304,#14305,#14306),
 .UNSPECIFIED.,.F.,.F.,(3,3),(0.,1.),.UNSPECIFIED.);
#208=B_SPLINE_CURVE_WITH_KNOTS('',2,(#14309,#14310,#14311),
 .UNSPECIFIED.,.F.,.F.,(3,3),(0.,1.),.UNSPECIFIED.);
#209=B_SPLINE_CURVE_WITH_KNOTS('',2,(#14319,#14320,#14321),
 .UNSPECIFIED.,.F.,.F.,(3,3),(0.,1.),.UNSPECIFIED.);
#210=B_SPLINE_CURVE_WITH_KNOTS('',2,(#14324,#14325,#14326),
 .UNSPECIFIED.,.F.,.F.,(3,3),(0.,1.),.UNSPECIFIED.);
#211=B_SPLINE_CURVE_WITH_KNOTS('',2,(#14334,#14335,#14336),
 .UNSPECIFIED.,.F.,.F.,(3,3),(0.,1.),.UNSPECIFIED.);
#212=B_SPLINE_CURVE_WITH_KNOTS('',2,(#14339,#14340,#14341),
 .UNSPECIFIED.,.F.,.F.,(3,3),(0.,1.),.UNSPECIFIED.);
#213=B_SPLINE_CURVE_WITH_KNOTS('',2,(#14349,#14350,#14351),
 .UNSPECIFIED.,.F.,.F.,(3,3),(0.,1.),.UNSPECIFIED.);
#214=B_SPLINE_CURVE_WITH_KNOTS('',2,(#14354,#14355,#14356),
 .UNSPECIFIED.,.F.,.F.,(3,3),(0.,1.),.UNSPECIFIED.);
#215=B_SPLINE_CURVE_WITH_KNOTS('',2,(#14364,#14365,#14366),
 .UNSPECIFIED.,.F.,.F.,(3,3),(0.,1.),.UNSPECIFIED.);
#216=B_SPLINE_CURVE_WITH_KNOTS('',2,(#14369,#14370,#14371),
 .UNSPECIFIED.,.F.,.F.,(3,3),(0.,1.),.UNSPECIFIED.);
#217=B_SPLINE_CURVE_WITH_KNOTS('',2,(#14379,#14380,#14381),
 .UNSPECIFIED.,.F.,.F.,(3,3),(0.,1.),.UNSPECIFIED.);
#218=B_SPLINE_CURVE_WITH_KNOTS('',2,(#14384,#14385,#14386),
 .UNSPECIFIED.,.F.,.F.,(3,3),(0.,1.),.UNSPECIFIED.);
#219=B_SPLINE_CURVE_WITH_KNOTS('',2,(#14472,#14473,#14474),
 .UNSPECIFIED.,.F.,.F.,(3,3),(0.,1.),.UNSPECIFIED.);
#220=B_SPLINE_CURVE_WITH_KNOTS('',2,(#14478,#14479,#14480),
 .UNSPECIFIED.,.F.,.F.,(3,3),(0.,1.),.UNSPECIFIED.);
#221=B_SPLINE_CURVE_WITH_KNOTS('',2,(#14489,#14490,#14491),
 .UNSPECIFIED.,.F.,.F.,(3,3),(0.,1.),.UNSPECIFIED.);
#222=B_SPLINE_CURVE_WITH_KNOTS('',2,(#14494,#14495,#14496),
 .UNSPECIFIED.,.F.,.F.,(3,3),(0.,1.),.UNSPECIFIED.);
#223=B_SPLINE_CURVE_WITH_KNOTS('',2,(#14504,#14505,#14506),
 .UNSPECIFIED.,.F.,.F.,(3,3),(0.,1.),.UNSPECIFIED.);
#224=B_SPLINE_CURVE_WITH_KNOTS('',2,(#14509,#14510,#14511),
 .UNSPECIFIED.,.F.,.F.,(3,3),(0.,1.),.UNSPECIFIED.);
#225=B_SPLINE_CURVE_WITH_KNOTS('',2,(#14519,#14520,#14521),
 .UNSPECIFIED.,.F.,.F.,(3,3),(0.,1.),.UNSPECIFIED.);
#226=B_SPLINE_CURVE_WITH_KNOTS('',2,(#14524,#14525,#14526),
 .UNSPECIFIED.,.F.,.F.,(3,3),(0.,1.),.UNSPECIFIED.);
#227=B_SPLINE_CURVE_WITH_KNOTS('',2,(#14534,#14535,#14536),
 .UNSPECIFIED.,.F.,.F.,(3,3),(0.,1.),.UNSPECIFIED.);
#228=B_SPLINE_CURVE_WITH_KNOTS('',2,(#14539,#14540,#14541),
 .UNSPECIFIED.,.F.,.F.,(3,3),(0.,1.),.UNSPECIFIED.);
#229=B_SPLINE_CURVE_WITH_KNOTS('',2,(#14549,#14550,#14551),
 .UNSPECIFIED.,.F.,.F.,(3,3),(0.,1.),.UNSPECIFIED.);
#230=B_SPLINE_CURVE_WITH_KNOTS('',2,(#14554,#14555,#14556),
 .UNSPECIFIED.,.F.,.F.,(3,3),(0.,1.),.UNSPECIFIED.);
#231=B_SPLINE_CURVE_WITH_KNOTS('',2,(#14564,#14565,#14566),
 .UNSPECIFIED.,.F.,.F.,(3,3),(0.,1.),.UNSPECIFIED.);
#232=B_SPLINE_CURVE_WITH_KNOTS('',2,(#14569,#14570,#14571),
 .UNSPECIFIED.,.F.,.F.,(3,3),(0.,1.),.UNSPECIFIED.);
#233=B_SPLINE_CURVE_WITH_KNOTS('',2,(#14579,#14580,#14581),
 .UNSPECIFIED.,.F.,.F.,(3,3),(0.,1.),.UNSPECIFIED.);
#234=B_SPLINE_CURVE_WITH_KNOTS('',2,(#14584,#14585,#14586),
 .UNSPECIFIED.,.F.,.F.,(3,3),(0.,1.),.UNSPECIFIED.);
#235=B_SPLINE_CURVE_WITH_KNOTS('',2,(#14594,#14595,#14596),
 .UNSPECIFIED.,.F.,.F.,(3,3),(0.,1.),.UNSPECIFIED.);
#236=B_SPLINE_CURVE_WITH_KNOTS('',2,(#14599,#14600,#14601),
 .UNSPECIFIED.,.F.,.F.,(3,3),(0.,1.),.UNSPECIFIED.);
#237=B_SPLINE_CURVE_WITH_KNOTS('',2,(#14609,#14610,#14611),
 .UNSPECIFIED.,.F.,.F.,(3,3),(0.,1.),.UNSPECIFIED.);
#238=B_SPLINE_CURVE_WITH_KNOTS('',2,(#14614,#14615,#14616),
 .UNSPECIFIED.,.F.,.F.,(3,3),(0.,1.),.UNSPECIFIED.);
#239=B_SPLINE_CURVE_WITH_KNOTS('',2,(#14624,#14625,#14626),
 .UNSPECIFIED.,.F.,.F.,(3,3),(0.,1.),.UNSPECIFIED.);
#240=B_SPLINE_CURVE_WITH_KNOTS('',2,(#14629,#14630,#14631),
 .UNSPECIFIED.,.F.,.F.,(3,3),(0.,1.),.UNSPECIFIED.);
#241=B_SPLINE_CURVE_WITH_KNOTS('',2,(#14639,#14640,#14641),
 .UNSPECIFIED.,.F.,.F.,(3,3),(0.,1.),.UNSPECIFIED.);
#242=B_SPLINE_CURVE_WITH_KNOTS('',2,(#14644,#14645,#14646),
 .UNSPECIFIED.,.F.,.F.,(3,3),(0.,1.),.UNSPECIFIED.);
#243=B_SPLINE_CURVE_WITH_KNOTS('',2,(#14654,#14655,#14656),
 .UNSPECIFIED.,.F.,.F.,(3,3),(0.,1.),.UNSPECIFIED.);
#244=B_SPLINE_CURVE_WITH_KNOTS('',2,(#14659,#14660,#14661),
 .UNSPECIFIED.,.F.,.F.,(3,3),(0.,1.),.UNSPECIFIED.);
#245=B_SPLINE_CURVE_WITH_KNOTS('',2,(#14669,#14670,#14671),
 .UNSPECIFIED.,.F.,.F.,(3,3),(0.,1.),.UNSPECIFIED.);
#246=B_SPLINE_CURVE_WITH_KNOTS('',2,(#14674,#14675,#14676),
 .UNSPECIFIED.,.F.,.F.,(3,3),(0.,1.),.UNSPECIFIED.);
#247=B_SPLINE_CURVE_WITH_KNOTS('',2,(#14684,#14685,#14686),
 .UNSPECIFIED.,.F.,.F.,(3,3),(0.,1.),.UNSPECIFIED.);
#248=B_SPLINE_CURVE_WITH_KNOTS('',2,(#14689,#14690,#14691),
 .UNSPECIFIED.,.F.,.F.,(3,3),(0.,1.),.UNSPECIFIED.);
#249=B_SPLINE_CURVE_WITH_KNOTS('',2,(#14699,#14700,#14701),
 .UNSPECIFIED.,.F.,.F.,(3,3),(0.,1.),.UNSPECIFIED.);
#250=B_SPLINE_CURVE_WITH_KNOTS('',2,(#14704,#14705,#14706),
 .UNSPECIFIED.,.F.,.F.,(3,3),(0.,1.),.UNSPECIFIED.);
#251=B_SPLINE_CURVE_WITH_KNOTS('',2,(#14714,#14715,#14716),
 .UNSPECIFIED.,.F.,.F.,(3,3),(0.,1.),.UNSPECIFIED.);
#252=B_SPLINE_CURVE_WITH_KNOTS('',2,(#14719,#14720,#14721),
 .UNSPECIFIED.,.F.,.F.,(3,3),(0.,1.),.UNSPECIFIED.);
#253=B_SPLINE_CURVE_WITH_KNOTS('',2,(#14729,#14730,#14731),
 .UNSPECIFIED.,.F.,.F.,(3,3),(0.,1.),.UNSPECIFIED.);
#254=B_SPLINE_CURVE_WITH_KNOTS('',2,(#14734,#14735,#14736),
 .UNSPECIFIED.,.F.,.F.,(3,3),(0.,1.),.UNSPECIFIED.);
#255=B_SPLINE_CURVE_WITH_KNOTS('',2,(#14744,#14745,#14746),
 .UNSPECIFIED.,.F.,.F.,(3,3),(0.,1.),.UNSPECIFIED.);
#256=B_SPLINE_CURVE_WITH_KNOTS('',2,(#14749,#14750,#14751),
 .UNSPECIFIED.,.F.,.F.,(3,3),(0.,1.),.UNSPECIFIED.);
#257=B_SPLINE_CURVE_WITH_KNOTS('',2,(#14759,#14760,#14761),
 .UNSPECIFIED.,.F.,.F.,(3,3),(0.,1.),.UNSPECIFIED.);
#258=B_SPLINE_CURVE_WITH_KNOTS('',2,(#14764,#14765,#14766),
 .UNSPECIFIED.,.F.,.F.,(3,3),(0.,1.),.UNSPECIFIED.);
#259=B_SPLINE_CURVE_WITH_KNOTS('',2,(#14774,#14775,#14776),
 .UNSPECIFIED.,.F.,.F.,(3,3),(0.,1.),.UNSPECIFIED.);
#260=B_SPLINE_CURVE_WITH_KNOTS('',2,(#14779,#14780,#14781),
 .UNSPECIFIED.,.F.,.F.,(3,3),(0.,1.),.UNSPECIFIED.);
#261=B_SPLINE_CURVE_WITH_KNOTS('',2,(#14789,#14790,#14791),
 .UNSPECIFIED.,.F.,.F.,(3,3),(0.,1.),.UNSPECIFIED.);
#262=B_SPLINE_CURVE_WITH_KNOTS('',2,(#14794,#14795,#14796),
 .UNSPECIFIED.,.F.,.F.,(3,3),(0.,1.),.UNSPECIFIED.);
#263=B_SPLINE_CURVE_WITH_KNOTS('',2,(#14822,#14823,#14824),
 .UNSPECIFIED.,.F.,.F.,(3,3),(0.,1.),.UNSPECIFIED.);
#264=B_SPLINE_CURVE_WITH_KNOTS('',2,(#14827,#14828,#14829),
 .UNSPECIFIED.,.F.,.F.,(3,3),(0.,1.),.UNSPECIFIED.);
#265=B_SPLINE_CURVE_WITH_KNOTS('',2,(#14837,#14838,#14839),
 .UNSPECIFIED.,.F.,.F.,(3,3),(0.,1.),.UNSPECIFIED.);
#266=B_SPLINE_CURVE_WITH_KNOTS('',2,(#14842,#14843,#14844),
 .UNSPECIFIED.,.F.,.F.,(3,3),(0.,1.),.UNSPECIFIED.);
#267=B_SPLINE_CURVE_WITH_KNOTS('',2,(#14852,#14853,#14854),
 .UNSPECIFIED.,.F.,.F.,(3,3),(0.,1.),.UNSPECIFIED.);
#268=B_SPLINE_CURVE_WITH_KNOTS('',2,(#14857,#14858,#14859),
 .UNSPECIFIED.,.F.,.F.,(3,3),(0.,1.),.UNSPECIFIED.);
#269=B_SPLINE_CURVE_WITH_KNOTS('',2,(#14867,#14868,#14869),
 .UNSPECIFIED.,.F.,.F.,(3,3),(0.,1.),.UNSPECIFIED.);
#270=B_SPLINE_CURVE_WITH_KNOTS('',2,(#14872,#14873,#14874),
 .UNSPECIFIED.,.F.,.F.,(3,3),(0.,1.),.UNSPECIFIED.);
#271=B_SPLINE_CURVE_WITH_KNOTS('',2,(#14882,#14883,#14884),
 .UNSPECIFIED.,.F.,.F.,(3,3),(0.,1.),.UNSPECIFIED.);
#272=B_SPLINE_CURVE_WITH_KNOTS('',2,(#14887,#14888,#14889),
 .UNSPECIFIED.,.F.,.F.,(3,3),(0.,1.),.UNSPECIFIED.);
#273=B_SPLINE_CURVE_WITH_KNOTS('',2,(#14897,#14898,#14899),
 .UNSPECIFIED.,.F.,.F.,(3,3),(0.,1.),.UNSPECIFIED.);
#274=B_SPLINE_CURVE_WITH_KNOTS('',2,(#14902,#14903,#14904),
 .UNSPECIFIED.,.F.,.F.,(3,3),(0.,1.),.UNSPECIFIED.);
#275=B_SPLINE_CURVE_WITH_KNOTS('',2,(#14912,#14913,#14914),
 .UNSPECIFIED.,.F.,.F.,(3,3),(0.,1.),.UNSPECIFIED.);
#276=B_SPLINE_CURVE_WITH_KNOTS('',2,(#14917,#14918,#14919),
 .UNSPECIFIED.,.F.,.F.,(3,3),(0.,1.),.UNSPECIFIED.);
#277=B_SPLINE_CURVE_WITH_KNOTS('',2,(#14927,#14928,#14929),
 .UNSPECIFIED.,.F.,.F.,(3,3),(0.,1.),.UNSPECIFIED.);
#278=B_SPLINE_CURVE_WITH_KNOTS('',2,(#14932,#14933,#14934),
 .UNSPECIFIED.,.F.,.F.,(3,3),(0.,1.),.UNSPECIFIED.);
#279=B_SPLINE_CURVE_WITH_KNOTS('',2,(#14942,#14943,#14944),
 .UNSPECIFIED.,.F.,.F.,(3,3),(0.,1.),.UNSPECIFIED.);
#280=B_SPLINE_CURVE_WITH_KNOTS('',2,(#14947,#14948,#14949),
 .UNSPECIFIED.,.F.,.F.,(3,3),(0.,1.),.UNSPECIFIED.);
#281=B_SPLINE_CURVE_WITH_KNOTS('',2,(#14957,#14958,#14959),
 .UNSPECIFIED.,.F.,.F.,(3,3),(0.,1.),.UNSPECIFIED.);
#282=B_SPLINE_CURVE_WITH_KNOTS('',2,(#14962,#14963,#14964),
 .UNSPECIFIED.,.F.,.F.,(3,3),(0.,1.),.UNSPECIFIED.);
#283=B_SPLINE_CURVE_WITH_KNOTS('',2,(#14972,#14973,#14974),
 .UNSPECIFIED.,.F.,.F.,(3,3),(0.,1.),.UNSPECIFIED.);
#284=B_SPLINE_CURVE_WITH_KNOTS('',2,(#14977,#14978,#14979),
 .UNSPECIFIED.,.F.,.F.,(3,3),(0.,1.),.UNSPECIFIED.);
#285=B_SPLINE_CURVE_WITH_KNOTS('',2,(#14987,#14988,#14989),
 .UNSPECIFIED.,.F.,.F.,(3,3),(0.,1.),.UNSPECIFIED.);
#286=B_SPLINE_CURVE_WITH_KNOTS('',2,(#14992,#14993,#14994),
 .UNSPECIFIED.,.F.,.F.,(3,3),(0.,1.),.UNSPECIFIED.);
#287=B_SPLINE_CURVE_WITH_KNOTS('',2,(#15002,#15003,#15004),
 .UNSPECIFIED.,.F.,.F.,(3,3),(0.,1.),.UNSPECIFIED.);
#288=B_SPLINE_CURVE_WITH_KNOTS('',2,(#15007,#15008,#15009),
 .UNSPECIFIED.,.F.,.F.,(3,3),(0.,1.),.UNSPECIFIED.);
#289=B_SPLINE_CURVE_WITH_KNOTS('',2,(#15017,#15018,#15019),
 .UNSPECIFIED.,.F.,.F.,(3,3),(0.,1.),.UNSPECIFIED.);
#290=B_SPLINE_CURVE_WITH_KNOTS('',2,(#15022,#15023,#15024),
 .UNSPECIFIED.,.F.,.F.,(3,3),(0.,1.),.UNSPECIFIED.);
#291=B_SPLINE_CURVE_WITH_KNOTS('',2,(#15032,#15033,#15034),
 .UNSPECIFIED.,.F.,.F.,(3,3),(0.,1.),.UNSPECIFIED.);
#292=B_SPLINE_CURVE_WITH_KNOTS('',2,(#15037,#15038,#15039),
 .UNSPECIFIED.,.F.,.F.,(3,3),(0.,1.),.UNSPECIFIED.);
#293=B_SPLINE_CURVE_WITH_KNOTS('',2,(#15047,#15048,#15049),
 .UNSPECIFIED.,.F.,.F.,(3,3),(0.,1.),.UNSPECIFIED.);
#294=B_SPLINE_CURVE_WITH_KNOTS('',2,(#15052,#15053,#15054),
 .UNSPECIFIED.,.F.,.F.,(3,3),(0.,1.),.UNSPECIFIED.);
#295=B_SPLINE_CURVE_WITH_KNOTS('',2,(#15062,#15063,#15064),
 .UNSPECIFIED.,.F.,.F.,(3,3),(0.,1.),.UNSPECIFIED.);
#296=B_SPLINE_CURVE_WITH_KNOTS('',2,(#15067,#15068,#15069),
 .UNSPECIFIED.,.F.,.F.,(3,3),(0.,1.),.UNSPECIFIED.);
#297=B_SPLINE_CURVE_WITH_KNOTS('',2,(#15077,#15078,#15079),
 .UNSPECIFIED.,.F.,.F.,(3,3),(0.,1.),.UNSPECIFIED.);
#298=B_SPLINE_CURVE_WITH_KNOTS('',2,(#15082,#15083,#15084),
 .UNSPECIFIED.,.F.,.F.,(3,3),(0.,1.),.UNSPECIFIED.);
#299=B_SPLINE_CURVE_WITH_KNOTS('',2,(#15092,#15093,#15094),
 .UNSPECIFIED.,.F.,.F.,(3,3),(0.,1.),.UNSPECIFIED.);
#300=B_SPLINE_CURVE_WITH_KNOTS('',2,(#15097,#15098,#15099),
 .UNSPECIFIED.,.F.,.F.,(3,3),(0.,1.),.UNSPECIFIED.);
#301=B_SPLINE_CURVE_WITH_KNOTS('',2,(#15107,#15108,#15109),
 .UNSPECIFIED.,.F.,.F.,(3,3),(0.,1.),.UNSPECIFIED.);
#302=B_SPLINE_CURVE_WITH_KNOTS('',2,(#15112,#15113,#15114),
 .UNSPECIFIED.,.F.,.F.,(3,3),(0.,1.),.UNSPECIFIED.);
#303=B_SPLINE_CURVE_WITH_KNOTS('',2,(#15122,#15123,#15124),
 .UNSPECIFIED.,.F.,.F.,(3,3),(0.,1.),.UNSPECIFIED.);
#304=B_SPLINE_CURVE_WITH_KNOTS('',2,(#15127,#15128,#15129),
 .UNSPECIFIED.,.F.,.F.,(3,3),(0.,1.),.UNSPECIFIED.);
#305=B_SPLINE_CURVE_WITH_KNOTS('',2,(#15137,#15138,#15139),
 .UNSPECIFIED.,.F.,.F.,(3,3),(0.,1.),.UNSPECIFIED.);
#306=B_SPLINE_CURVE_WITH_KNOTS('',2,(#15142,#15143,#15144),
 .UNSPECIFIED.,.F.,.F.,(3,3),(0.,1.),.UNSPECIFIED.);
#307=B_SPLINE_CURVE_WITH_KNOTS('',2,(#15152,#15153,#15154),
 .UNSPECIFIED.,.F.,.F.,(3,3),(0.,1.),.UNSPECIFIED.);
#308=B_SPLINE_CURVE_WITH_KNOTS('',2,(#15157,#15158,#15159),
 .UNSPECIFIED.,.F.,.F.,(3,3),(0.,1.),.UNSPECIFIED.);
#309=B_SPLINE_CURVE_WITH_KNOTS('',2,(#15167,#15168,#15169),
 .UNSPECIFIED.,.F.,.F.,(3,3),(0.,1.),.UNSPECIFIED.);
#310=B_SPLINE_CURVE_WITH_KNOTS('',2,(#15172,#15173,#15174),
 .UNSPECIFIED.,.F.,.F.,(3,3),(0.,1.),.UNSPECIFIED.);
#311=B_SPLINE_CURVE_WITH_KNOTS('',2,(#15182,#15183,#15184),
 .UNSPECIFIED.,.F.,.F.,(3,3),(0.,1.),.UNSPECIFIED.);
#312=B_SPLINE_CURVE_WITH_KNOTS('',2,(#15187,#15188,#15189),
 .UNSPECIFIED.,.F.,.F.,(3,3),(0.,1.),.UNSPECIFIED.);
#313=B_SPLINE_CURVE_WITH_KNOTS('',2,(#15197,#15198,#15199),
 .UNSPECIFIED.,.F.,.F.,(3,3),(0.,1.),.UNSPECIFIED.);
#314=B_SPLINE_CURVE_WITH_KNOTS('',2,(#15202,#15203,#15204),
 .UNSPECIFIED.,.F.,.F.,(3,3),(0.,1.),.UNSPECIFIED.);
#315=B_SPLINE_CURVE_WITH_KNOTS('',2,(#15212,#15213,#15214),
 .UNSPECIFIED.,.F.,.F.,(3,3),(0.,1.),.UNSPECIFIED.);
#316=B_SPLINE_CURVE_WITH_KNOTS('',2,(#15217,#15218,#15219),
 .UNSPECIFIED.,.F.,.F.,(3,3),(0.,1.),.UNSPECIFIED.);
#317=B_SPLINE_CURVE_WITH_KNOTS('',2,(#15227,#15228,#15229),
 .UNSPECIFIED.,.F.,.F.,(3,3),(0.,1.),.UNSPECIFIED.);
#318=B_SPLINE_CURVE_WITH_KNOTS('',2,(#15232,#15233,#15234),
 .UNSPECIFIED.,.F.,.F.,(3,3),(0.,1.),.UNSPECIFIED.);
#319=B_SPLINE_CURVE_WITH_KNOTS('',2,(#15242,#15243,#15244),
 .UNSPECIFIED.,.F.,.F.,(3,3),(0.,1.),.UNSPECIFIED.);
#320=B_SPLINE_CURVE_WITH_KNOTS('',2,(#15247,#15248,#15249),
 .UNSPECIFIED.,.F.,.F.,(3,3),(0.,1.),.UNSPECIFIED.);
#321=B_SPLINE_CURVE_WITH_KNOTS('',2,(#15257,#15258,#15259),
 .UNSPECIFIED.,.F.,.F.,(3,3),(0.,1.),.UNSPECIFIED.);
#322=B_SPLINE_CURVE_WITH_KNOTS('',2,(#15262,#15263,#15264),
 .UNSPECIFIED.,.F.,.F.,(3,3),(0.,1.),.UNSPECIFIED.);
#323=B_SPLINE_CURVE_WITH_KNOTS('',2,(#15290,#15291,#15292),
 .UNSPECIFIED.,.F.,.F.,(3,3),(0.,1.),.UNSPECIFIED.);
#324=B_SPLINE_CURVE_WITH_KNOTS('',2,(#15295,#15296,#15297),
 .UNSPECIFIED.,.F.,.F.,(3,3),(0.,1.),.UNSPECIFIED.);
#325=B_SPLINE_CURVE_WITH_KNOTS('',2,(#15305,#15306,#15307),
 .UNSPECIFIED.,.F.,.F.,(3,3),(0.,1.),.UNSPECIFIED.);
#326=B_SPLINE_CURVE_WITH_KNOTS('',2,(#15310,#15311,#15312),
 .UNSPECIFIED.,.F.,.F.,(3,3),(0.,1.),.UNSPECIFIED.);
#327=B_SPLINE_CURVE_WITH_KNOTS('',2,(#15320,#15321,#15322),
 .UNSPECIFIED.,.F.,.F.,(3,3),(0.,1.),.UNSPECIFIED.);
#328=B_SPLINE_CURVE_WITH_KNOTS('',2,(#15325,#15326,#15327),
 .UNSPECIFIED.,.F.,.F.,(3,3),(0.,1.),.UNSPECIFIED.);
#329=B_SPLINE_CURVE_WITH_KNOTS('',2,(#15335,#15336,#15337),
 .UNSPECIFIED.,.F.,.F.,(3,3),(0.,1.),.UNSPECIFIED.);
#330=B_SPLINE_CURVE_WITH_KNOTS('',2,(#15340,#15341,#15342),
 .UNSPECIFIED.,.F.,.F.,(3,3),(0.,1.),.UNSPECIFIED.);
#331=B_SPLINE_CURVE_WITH_KNOTS('',2,(#15350,#15351,#15352),
 .UNSPECIFIED.,.F.,.F.,(3,3),(0.,1.),.UNSPECIFIED.);
#332=B_SPLINE_CURVE_WITH_KNOTS('',2,(#15355,#15356,#15357),
 .UNSPECIFIED.,.F.,.F.,(3,3),(0.,1.),.UNSPECIFIED.);
#333=B_SPLINE_CURVE_WITH_KNOTS('',2,(#15365,#15366,#15367),
 .UNSPECIFIED.,.F.,.F.,(3,3),(0.,1.),.UNSPECIFIED.);
#334=B_SPLINE_CURVE_WITH_KNOTS('',2,(#15370,#15371,#15372),
 .UNSPECIFIED.,.F.,.F.,(3,3),(0.,1.),.UNSPECIFIED.);
#335=B_SPLINE_CURVE_WITH_KNOTS('',2,(#15380,#15381,#15382),
 .UNSPECIFIED.,.F.,.F.,(3,3),(0.,0.999994692595111),.UNSPECIFIED.);
#336=B_SPLINE_CURVE_WITH_KNOTS('',2,(#15385,#15386,#15387),
 .UNSPECIFIED.,.F.,.F.,(3,3),(0.,0.999994692595111),.UNSPECIFIED.);
#337=B_SPLINE_CURVE_WITH_KNOTS('',2,(#15394,#15395,#15396),
 .UNSPECIFIED.,.F.,.F.,(3,3),(0.,1.),.UNSPECIFIED.);
#338=B_SPLINE_CURVE_WITH_KNOTS('',2,(#15397,#15398,#15399),
 .UNSPECIFIED.,.F.,.F.,(3,3),(0.,1.),.UNSPECIFIED.);
#339=B_SPLINE_SURFACE_WITH_KNOTS('',2,1,((#12652,#12653),(#12654,#12655),
(#12656,#12657)),.UNSPECIFIED.,.F.,.F.,.F.,(3,3),(2,2),(0.,1.),(0.,0.05),
 .UNSPECIFIED.);
#340=B_SPLINE_SURFACE_WITH_KNOTS('',2,1,((#12688,#12689),(#12690,#12691),
(#12692,#12693)),.UNSPECIFIED.,.F.,.F.,.F.,(3,3),(2,2),(0.,1.),(0.,0.05),
 .UNSPECIFIED.);
#341=B_SPLINE_SURFACE_WITH_KNOTS('',2,1,((#12703,#12704),(#12705,#12706),
(#12707,#12708)),.UNSPECIFIED.,.F.,.F.,.F.,(3,3),(2,2),(0.,1.),(0.,0.05),
 .UNSPECIFIED.);
#342=B_SPLINE_SURFACE_WITH_KNOTS('',2,1,((#12778,#12779),(#12780,#12781),
(#12782,#12783)),.UNSPECIFIED.,.F.,.F.,.F.,(3,3),(2,2),(0.,1.),(0.,0.05),
 .UNSPECIFIED.);
#343=B_SPLINE_SURFACE_WITH_KNOTS('',2,1,((#12791,#12792),(#12793,#12794),
(#12795,#12796)),.UNSPECIFIED.,.F.,.F.,.F.,(3,3),(2,2),(0.,1.),(0.,0.05),
 .UNSPECIFIED.);
#344=B_SPLINE_SURFACE_WITH_KNOTS('',2,1,((#12809,#12810),(#12811,#12812),
(#12813,#12814)),.UNSPECIFIED.,.F.,.F.,.F.,(3,3),(2,2),(0.,1.),(0.,0.05),
 .UNSPECIFIED.);
#345=B_SPLINE_SURFACE_WITH_KNOTS('',2,1,((#12824,#12825),(#12826,#12827),
(#12828,#12829)),.UNSPECIFIED.,.F.,.F.,.F.,(3,3),(2,2),(0.,1.),(0.,0.05),
 .UNSPECIFIED.);
#346=B_SPLINE_SURFACE_WITH_KNOTS('',2,1,((#12839,#12840),(#12841,#12842),
(#12843,#12844)),.UNSPECIFIED.,.F.,.F.,.F.,(3,3),(2,2),(0.,1.),(0.,0.05),
 .UNSPECIFIED.);
#347=B_SPLINE_SURFACE_WITH_KNOTS('',2,1,((#12854,#12855),(#12856,#12857),
(#12858,#12859)),.UNSPECIFIED.,.F.,.F.,.F.,(3,3),(2,2),(0.,1.),(0.,0.05),
 .UNSPECIFIED.);
#348=B_SPLINE_SURFACE_WITH_KNOTS('',2,1,((#12875,#12876),(#12877,#12878),
(#12879,#12880)),.UNSPECIFIED.,.F.,.F.,.F.,(3,3),(2,2),(0.,1.),(0.,0.05),
 .UNSPECIFIED.);
#349=B_SPLINE_SURFACE_WITH_KNOTS('',2,1,((#12890,#12891),(#12892,#12893),
(#12894,#12895)),.UNSPECIFIED.,.F.,.F.,.F.,(3,3),(2,2),(0.,1.),(0.,0.05),
 .UNSPECIFIED.);
#350=B_SPLINE_SURFACE_WITH_KNOTS('',2,1,((#12905,#12906),(#12907,#12908),
(#12909,#12910)),.UNSPECIFIED.,.F.,.F.,.F.,(3,3),(2,2),(0.,1.),(0.,0.05),
 .UNSPECIFIED.);
#351=B_SPLINE_SURFACE_WITH_KNOTS('',2,1,((#12920,#12921),(#12922,#12923),
(#12924,#12925)),.UNSPECIFIED.,.F.,.F.,.F.,(3,3),(2,2),(0.,1.),(0.,0.05),
 .UNSPECIFIED.);
#352=B_SPLINE_SURFACE_WITH_KNOTS('',2,1,((#12935,#12936),(#12937,#12938),
(#12939,#12940)),.UNSPECIFIED.,.F.,.F.,.F.,(3,3),(2,2),(0.,1.),(0.,0.05),
 .UNSPECIFIED.);
#353=B_SPLINE_SURFACE_WITH_KNOTS('',2,1,((#12950,#12951),(#12952,#12953),
(#12954,#12955)),.UNSPECIFIED.,.F.,.F.,.F.,(3,3),(2,2),(0.,1.),(0.,0.05),
 .UNSPECIFIED.);
#354=B_SPLINE_SURFACE_WITH_KNOTS('',2,1,((#12965,#12966),(#12967,#12968),
(#12969,#12970)),.UNSPECIFIED.,.F.,.F.,.F.,(3,3),(2,2),(0.,1.),(0.,0.05),
 .UNSPECIFIED.);
#355=B_SPLINE_SURFACE_WITH_KNOTS('',2,1,((#12980,#12981),(#12982,#12983),
(#12984,#12985)),.UNSPECIFIED.,.F.,.F.,.F.,(3,3),(2,2),(0.,1.),(0.,0.05),
 .UNSPECIFIED.);
#356=B_SPLINE_SURFACE_WITH_KNOTS('',2,1,((#12995,#12996),(#12997,#12998),
(#12999,#13000)),.UNSPECIFIED.,.F.,.F.,.F.,(3,3),(2,2),(0.,1.),(0.,0.05),
 .UNSPECIFIED.);
#357=B_SPLINE_SURFACE_WITH_KNOTS('',2,1,((#13010,#13011),(#13012,#13013),
(#13014,#13015)),.UNSPECIFIED.,.F.,.F.,.F.,(3,3),(2,2),(0.,1.),(0.,0.05),
 .UNSPECIFIED.);
#358=B_SPLINE_SURFACE_WITH_KNOTS('',2,1,((#13025,#13026),(#13027,#13028),
(#13029,#13030)),.UNSPECIFIED.,.F.,.F.,.F.,(3,3),(2,2),(0.,1.),(0.,0.05),
 .UNSPECIFIED.);
#359=B_SPLINE_SURFACE_WITH_KNOTS('',2,1,((#13040,#13041),(#13042,#13043),
(#13044,#13045)),.UNSPECIFIED.,.F.,.F.,.F.,(3,3),(2,2),(0.,1.),(0.,0.05),
 .UNSPECIFIED.);
#360=B_SPLINE_SURFACE_WITH_KNOTS('',2,1,((#13061,#13062),(#13063,#13064),
(#13065,#13066)),.UNSPECIFIED.,.F.,.F.,.F.,(3,3),(2,2),(0.,1.),(0.,0.05),
 .UNSPECIFIED.);
#361=B_SPLINE_SURFACE_WITH_KNOTS('',2,1,((#13076,#13077),(#13078,#13079),
(#13080,#13081)),.UNSPECIFIED.,.F.,.F.,.F.,(3,3),(2,2),(0.,1.),(0.,0.05),
 .UNSPECIFIED.);
#362=B_SPLINE_SURFACE_WITH_KNOTS('',2,1,((#13091,#13092),(#13093,#13094),
(#13095,#13096)),.UNSPECIFIED.,.F.,.F.,.F.,(3,3),(2,2),(0.,1.),(0.,0.05),
 .UNSPECIFIED.);
#363=B_SPLINE_SURFACE_WITH_KNOTS('',2,1,((#13106,#13107),(#13108,#13109),
(#13110,#13111)),.UNSPECIFIED.,.F.,.F.,.F.,(3,3),(2,2),(0.,1.),(0.,0.05),
 .UNSPECIFIED.);
#364=B_SPLINE_SURFACE_WITH_KNOTS('',2,1,((#13121,#13122),(#13123,#13124),
(#13125,#13126)),.UNSPECIFIED.,.F.,.F.,.F.,(3,3),(2,2),(0.,1.),(0.,0.05),
 .UNSPECIFIED.);
#365=B_SPLINE_SURFACE_WITH_KNOTS('',2,1,((#13136,#13137),(#13138,#13139),
(#13140,#13141)),.UNSPECIFIED.,.F.,.F.,.F.,(3,3),(2,2),(0.,1.),(0.,0.05),
 .UNSPECIFIED.);
#366=B_SPLINE_SURFACE_WITH_KNOTS('',2,1,((#13151,#13152),(#13153,#13154),
(#13155,#13156)),.UNSPECIFIED.,.F.,.F.,.F.,(3,3),(2,2),(0.,1.),(0.,0.05),
 .UNSPECIFIED.);
#367=B_SPLINE_SURFACE_WITH_KNOTS('',2,1,((#13163,#13164),(#13165,#13166),
(#13167,#13168)),.UNSPECIFIED.,.F.,.F.,.F.,(3,3),(2,2),(0.,1.),(0.,0.05),
 .UNSPECIFIED.);
#368=B_SPLINE_SURFACE_WITH_KNOTS('',2,1,((#13181,#13182),(#13183,#13184),
(#13185,#13186)),.UNSPECIFIED.,.F.,.F.,.F.,(3,3),(2,2),(0.,1.),(0.,0.05),
 .UNSPECIFIED.);
#369=B_SPLINE_SURFACE_WITH_KNOTS('',2,1,((#13196,#13197),(#13198,#13199),
(#13200,#13201)),.UNSPECIFIED.,.F.,.F.,.F.,(3,3),(2,2),(0.,1.),(0.,0.05),
 .UNSPECIFIED.);
#370=B_SPLINE_SURFACE_WITH_KNOTS('',2,1,((#13211,#13212),(#13213,#13214),
(#13215,#13216)),.UNSPECIFIED.,.F.,.F.,.F.,(3,3),(2,2),(0.,1.),(0.,0.05),
 .UNSPECIFIED.);
#371=B_SPLINE_SURFACE_WITH_KNOTS('',2,1,((#13232,#13233),(#13234,#13235),
(#13236,#13237)),.UNSPECIFIED.,.F.,.F.,.F.,(3,3),(2,2),(0.,1.),(0.,0.05),
 .UNSPECIFIED.);
#372=B_SPLINE_SURFACE_WITH_KNOTS('',2,1,((#13247,#13248),(#13249,#13250),
(#13251,#13252)),.UNSPECIFIED.,.F.,.F.,.F.,(3,3),(2,2),(0.,1.),(0.,0.05),
 .UNSPECIFIED.);
#373=B_SPLINE_SURFACE_WITH_KNOTS('',2,1,((#13262,#13263),(#13264,#13265),
(#13266,#13267)),.UNSPECIFIED.,.F.,.F.,.F.,(3,3),(2,2),(0.,1.),(0.,0.05),
 .UNSPECIFIED.);
#374=B_SPLINE_SURFACE_WITH_KNOTS('',2,1,((#13277,#13278),(#13279,#13280),
(#13281,#13282)),.UNSPECIFIED.,.F.,.F.,.F.,(3,3),(2,2),(0.,1.),(0.,0.05),
 .UNSPECIFIED.);
#375=B_SPLINE_SURFACE_WITH_KNOTS('',2,1,((#13292,#13293),(#13294,#13295),
(#13296,#13297)),.UNSPECIFIED.,.F.,.F.,.F.,(3,3),(2,2),(0.,1.),(0.,0.05),
 .UNSPECIFIED.);
#376=B_SPLINE_SURFACE_WITH_KNOTS('',2,1,((#13307,#13308),(#13309,#13310),
(#13311,#13312)),.UNSPECIFIED.,.F.,.F.,.F.,(3,3),(2,2),(0.,1.),(0.,0.05),
 .UNSPECIFIED.);
#377=B_SPLINE_SURFACE_WITH_KNOTS('',2,1,((#13322,#13323),(#13324,#13325),
(#13326,#13327)),.UNSPECIFIED.,.F.,.F.,.F.,(3,3),(2,2),(0.,1.),(0.,0.05),
 .UNSPECIFIED.);
#378=B_SPLINE_SURFACE_WITH_KNOTS('',2,1,((#13337,#13338),(#13339,#13340),
(#13341,#13342)),.UNSPECIFIED.,.F.,.F.,.F.,(3,3),(2,2),(0.,1.),(0.,0.05),
 .UNSPECIFIED.);
#379=B_SPLINE_SURFACE_WITH_KNOTS('',2,1,((#13352,#13353),(#13354,#13355),
(#13356,#13357)),.UNSPECIFIED.,.F.,.F.,.F.,(3,3),(2,2),(0.,1.),(0.,0.05),
 .UNSPECIFIED.);
#380=B_SPLINE_SURFACE_WITH_KNOTS('',2,1,((#13367,#13368),(#13369,#13370),
(#13371,#13372)),.UNSPECIFIED.,.F.,.F.,.F.,(3,3),(2,2),(0.,1.),(0.,0.05),
 .UNSPECIFIED.);
#381=B_SPLINE_SURFACE_WITH_KNOTS('',2,1,((#13382,#13383),(#13384,#13385),
(#13386,#13387)),.UNSPECIFIED.,.F.,.F.,.F.,(3,3),(2,2),(0.,1.),(0.,0.05),
 .UNSPECIFIED.);
#382=B_SPLINE_SURFACE_WITH_KNOTS('',2,1,((#13397,#13398),(#13399,#13400),
(#13401,#13402)),.UNSPECIFIED.,.F.,.F.,.F.,(3,3),(2,2),(0.,1.),(0.,0.05),
 .UNSPECIFIED.);
#383=B_SPLINE_SURFACE_WITH_KNOTS('',2,1,((#13418,#13419),(#13420,#13421),
(#13422,#13423)),.UNSPECIFIED.,.F.,.F.,.F.,(3,3),(2,2),(0.,1.),(0.,0.05),
 .UNSPECIFIED.);
#384=B_SPLINE_SURFACE_WITH_KNOTS('',2,1,((#13433,#13434),(#13435,#13436),
(#13437,#13438)),.UNSPECIFIED.,.F.,.F.,.F.,(3,3),(2,2),(0.,1.),(0.,0.05),
 .UNSPECIFIED.);
#385=B_SPLINE_SURFACE_WITH_KNOTS('',2,1,((#13448,#13449),(#13450,#13451),
(#13452,#13453)),.UNSPECIFIED.,.F.,.F.,.F.,(3,3),(2,2),(0.,1.),(0.,0.05),
 .UNSPECIFIED.);
#386=B_SPLINE_SURFACE_WITH_KNOTS('',2,1,((#13463,#13464),(#13465,#13466),
(#13467,#13468)),.UNSPECIFIED.,.F.,.F.,.F.,(3,3),(2,2),(0.,1.),(0.,0.05),
 .UNSPECIFIED.);
#387=B_SPLINE_SURFACE_WITH_KNOTS('',2,1,((#13478,#13479),(#13480,#13481),
(#13482,#13483)),.UNSPECIFIED.,.F.,.F.,.F.,(3,3),(2,2),(0.,1.),(0.,0.05),
 .UNSPECIFIED.);
#388=B_SPLINE_SURFACE_WITH_KNOTS('',2,1,((#13493,#13494),(#13495,#13496),
(#13497,#13498)),.UNSPECIFIED.,.F.,.F.,.F.,(3,3),(2,2),(0.,1.),(0.,0.05),
 .UNSPECIFIED.);
#389=B_SPLINE_SURFACE_WITH_KNOTS('',2,1,((#13508,#13509),(#13510,#13511),
(#13512,#13513)),.UNSPECIFIED.,.F.,.F.,.F.,(3,3),(2,2),(0.,1.),(0.,0.05),
 .UNSPECIFIED.);
#390=B_SPLINE_SURFACE_WITH_KNOTS('',2,1,((#13523,#13524),(#13525,#13526),
(#13527,#13528)),.UNSPECIFIED.,.F.,.F.,.F.,(3,3),(2,2),(0.,1.),(0.,0.05),
 .UNSPECIFIED.);
#391=B_SPLINE_SURFACE_WITH_KNOTS('',2,1,((#13609,#13610),(#13611,#13612),
(#13613,#13614)),.UNSPECIFIED.,.F.,.F.,.F.,(3,3),(2,2),(0.,1.),(0.,0.05),
 .UNSPECIFIED.);
#392=B_SPLINE_SURFACE_WITH_KNOTS('',2,1,((#13627,#13628),(#13629,#13630),
(#13631,#13632)),.UNSPECIFIED.,.F.,.F.,.F.,(3,3),(2,2),(0.,1.),(0.,0.05),
 .UNSPECIFIED.);
#393=B_SPLINE_SURFACE_WITH_KNOTS('',2,1,((#13642,#13643),(#13644,#13645),
(#13646,#13647)),.UNSPECIFIED.,.F.,.F.,.F.,(3,3),(2,2),(0.,1.),(0.,0.05),
 .UNSPECIFIED.);
#394=B_SPLINE_SURFACE_WITH_KNOTS('',2,1,((#13657,#13658),(#13659,#13660),
(#13661,#13662)),.UNSPECIFIED.,.F.,.F.,.F.,(3,3),(2,2),(0.,1.),(0.,0.05),
 .UNSPECIFIED.);
#395=B_SPLINE_SURFACE_WITH_KNOTS('',2,1,((#13690,#13691),(#13692,#13693),
(#13694,#13695)),.UNSPECIFIED.,.F.,.F.,.F.,(3,3),(2,2),(0.,1.),(0.,0.05),
 .UNSPECIFIED.);
#396=B_SPLINE_SURFACE_WITH_KNOTS('',2,1,((#13705,#13706),(#13707,#13708),
(#13709,#13710)),.UNSPECIFIED.,.F.,.F.,.F.,(3,3),(2,2),(0.,1.),(0.,0.05),
 .UNSPECIFIED.);
#397=B_SPLINE_SURFACE_WITH_KNOTS('',2,1,((#13720,#13721),(#13722,#13723),
(#13724,#13725)),.UNSPECIFIED.,.F.,.F.,.F.,(3,3),(2,2),(0.,1.),(0.,0.05),
 .UNSPECIFIED.);
#398=B_SPLINE_SURFACE_WITH_KNOTS('',2,1,((#13735,#13736),(#13737,#13738),
(#13739,#13740)),.UNSPECIFIED.,.F.,.F.,.F.,(3,3),(2,2),(0.,1.),(0.,0.05),
 .UNSPECIFIED.);
#399=B_SPLINE_SURFACE_WITH_KNOTS('',2,1,((#13750,#13751),(#13752,#13753),
(#13754,#13755)),.UNSPECIFIED.,.F.,.F.,.F.,(3,3),(2,2),(0.,1.),(0.,0.05),
 .UNSPECIFIED.);
#400=B_SPLINE_SURFACE_WITH_KNOTS('',2,1,((#13765,#13766),(#13767,#13768),
(#13769,#13770)),.UNSPECIFIED.,.F.,.F.,.F.,(3,3),(2,2),(0.,1.),(0.,0.05),
 .UNSPECIFIED.);
#401=B_SPLINE_SURFACE_WITH_KNOTS('',2,1,((#13780,#13781),(#13782,#13783),
(#13784,#13785)),.UNSPECIFIED.,.F.,.F.,.F.,(3,3),(2,2),(0.,1.),(0.,0.05),
 .UNSPECIFIED.);
#402=B_SPLINE_SURFACE_WITH_KNOTS('',2,1,((#13795,#13796),(#13797,#13798),
(#13799,#13800)),.UNSPECIFIED.,.F.,.F.,.F.,(3,3),(2,2),(0.,1.),(0.,0.05),
 .UNSPECIFIED.);
#403=B_SPLINE_SURFACE_WITH_KNOTS('',2,1,((#13810,#13811),(#13812,#13813),
(#13814,#13815)),.UNSPECIFIED.,.F.,.F.,.F.,(3,3),(2,2),(0.,1.),(0.,0.05),
 .UNSPECIFIED.);
#404=B_SPLINE_SURFACE_WITH_KNOTS('',2,1,((#13825,#13826),(#13827,#13828),
(#13829,#13830)),.UNSPECIFIED.,.F.,.F.,.F.,(3,3),(2,2),(0.,1.),(0.,0.05),
 .UNSPECIFIED.);
#405=B_SPLINE_SURFACE_WITH_KNOTS('',2,1,((#13840,#13841),(#13842,#13843),
(#13844,#13845)),.UNSPECIFIED.,.F.,.F.,.F.,(3,3),(2,2),(0.,1.),(0.,0.05),
 .UNSPECIFIED.);
#406=B_SPLINE_SURFACE_WITH_KNOTS('',2,1,((#13855,#13856),(#13857,#13858),
(#13859,#13860)),.UNSPECIFIED.,.F.,.F.,.F.,(3,3),(2,2),(0.,1.),(0.,0.05),
 .UNSPECIFIED.);
#407=B_SPLINE_SURFACE_WITH_KNOTS('',2,1,((#13888,#13889),(#13890,#13891),
(#13892,#13893)),.UNSPECIFIED.,.F.,.F.,.F.,(3,3),(2,2),(0.,1.),(0.,0.05),
 .UNSPECIFIED.);
#408=B_SPLINE_SURFACE_WITH_KNOTS('',2,1,((#13903,#13904),(#13905,#13906),
(#13907,#13908)),.UNSPECIFIED.,.F.,.F.,.F.,(3,3),(2,2),(0.,1.),(0.,0.05),
 .UNSPECIFIED.);
#409=B_SPLINE_SURFACE_WITH_KNOTS('',2,1,((#13918,#13919),(#13920,#13921),
(#13922,#13923)),.UNSPECIFIED.,.F.,.F.,.F.,(3,3),(2,2),(0.,1.),(0.,0.05),
 .UNSPECIFIED.);
#410=B_SPLINE_SURFACE_WITH_KNOTS('',2,1,((#13933,#13934),(#13935,#13936),
(#13937,#13938)),.UNSPECIFIED.,.F.,.F.,.F.,(3,3),(2,2),(0.,1.),(0.,0.05),
 .UNSPECIFIED.);
#411=B_SPLINE_SURFACE_WITH_KNOTS('',2,1,((#13948,#13949),(#13950,#13951),
(#13952,#13953)),.UNSPECIFIED.,.F.,.F.,.F.,(3,3),(2,2),(0.,1.),(0.,0.05),
 .UNSPECIFIED.);
#412=B_SPLINE_SURFACE_WITH_KNOTS('',2,1,((#13963,#13964),(#13965,#13966),
(#13967,#13968)),.UNSPECIFIED.,.F.,.F.,.F.,(3,3),(2,2),(0.,1.),(0.,0.05),
 .UNSPECIFIED.);
#413=B_SPLINE_SURFACE_WITH_KNOTS('',2,1,((#13978,#13979),(#13980,#13981),
(#13982,#13983)),.UNSPECIFIED.,.F.,.F.,.F.,(3,3),(2,2),(0.,1.),(0.,0.05),
 .UNSPECIFIED.);
#414=B_SPLINE_SURFACE_WITH_KNOTS('',2,1,((#13993,#13994),(#13995,#13996),
(#13997,#13998)),.UNSPECIFIED.,.F.,.F.,.F.,(3,3),(2,2),(0.,1.),(0.,0.05),
 .UNSPECIFIED.);
#415=B_SPLINE_SURFACE_WITH_KNOTS('',2,1,((#14006,#14007),(#14008,#14009),
(#14010,#14011)),.UNSPECIFIED.,.F.,.F.,.F.,(3,3),(2,2),(0.,1.),(0.,0.05),
 .UNSPECIFIED.);
#416=B_SPLINE_SURFACE_WITH_KNOTS('',2,1,((#14024,#14025),(#14026,#14027),
(#14028,#14029)),.UNSPECIFIED.,.F.,.F.,.F.,(3,3),(2,2),(0.,1.),(0.,0.05),
 .UNSPECIFIED.);
#417=B_SPLINE_SURFACE_WITH_KNOTS('',2,1,((#14039,#14040),(#14041,#14042),
(#14043,#14044)),.UNSPECIFIED.,.F.,.F.,.F.,(3,3),(2,2),(0.,1.),(0.,0.05),
 .UNSPECIFIED.);
#418=B_SPLINE_SURFACE_WITH_KNOTS('',2,1,((#14054,#14055),(#14056,#14057),
(#14058,#14059)),.UNSPECIFIED.,.F.,.F.,.F.,(3,3),(2,2),(0.,1.),(0.,0.05),
 .UNSPECIFIED.);
#419=B_SPLINE_SURFACE_WITH_KNOTS('',2,1,((#14069,#14070),(#14071,#14072),
(#14073,#14074)),.UNSPECIFIED.,.F.,.F.,.F.,(3,3),(2,2),(0.,1.),(0.,0.05),
 .UNSPECIFIED.);
#420=B_SPLINE_SURFACE_WITH_KNOTS('',2,1,((#14084,#14085),(#14086,#14087),
(#14088,#14089)),.UNSPECIFIED.,.F.,.F.,.F.,(3,3),(2,2),(0.,1.),(0.,0.05),
 .UNSPECIFIED.);
#421=B_SPLINE_SURFACE_WITH_KNOTS('',2,1,((#14099,#14100),(#14101,#14102),
(#14103,#14104)),.UNSPECIFIED.,.F.,.F.,.F.,(3,3),(2,2),(0.,1.),(0.,0.05),
 .UNSPECIFIED.);
#422=B_SPLINE_SURFACE_WITH_KNOTS('',2,1,((#14114,#14115),(#14116,#14117),
(#14118,#14119)),.UNSPECIFIED.,.F.,.F.,.F.,(3,3),(2,2),(0.,1.),(0.,0.05),
 .UNSPECIFIED.);
#423=B_SPLINE_SURFACE_WITH_KNOTS('',2,1,((#14129,#14130),(#14131,#14132),
(#14133,#14134)),.UNSPECIFIED.,.F.,.F.,.F.,(3,3),(2,2),(0.,1.),(0.,0.05),
 .UNSPECIFIED.);
#424=B_SPLINE_SURFACE_WITH_KNOTS('',2,1,((#14144,#14145),(#14146,#14147),
(#14148,#14149)),.UNSPECIFIED.,.F.,.F.,.F.,(3,3),(2,2),(0.,1.),(0.,0.05),
 .UNSPECIFIED.);
#425=B_SPLINE_SURFACE_WITH_KNOTS('',2,1,((#14159,#14160),(#14161,#14162),
(#14163,#14164)),.UNSPECIFIED.,.F.,.F.,.F.,(3,3),(2,2),(0.,1.),(0.,0.05),
 .UNSPECIFIED.);
#426=B_SPLINE_SURFACE_WITH_KNOTS('',2,1,((#14174,#14175),(#14176,#14177),
(#14178,#14179)),.UNSPECIFIED.,.F.,.F.,.F.,(3,3),(2,2),(0.,1.),(0.,0.05),
 .UNSPECIFIED.);
#427=B_SPLINE_SURFACE_WITH_KNOTS('',2,1,((#14204,#14205),(#14206,#14207),
(#14208,#14209)),.UNSPECIFIED.,.F.,.F.,.F.,(3,3),(2,2),(0.,1.),(0.,0.05),
 .UNSPECIFIED.);
#428=B_SPLINE_SURFACE_WITH_KNOTS('',2,1,((#14222,#14223),(#14224,#14225),
(#14226,#14227)),.UNSPECIFIED.,.F.,.F.,.F.,(3,3),(2,2),(0.,1.),(0.,0.05),
 .UNSPECIFIED.);
#429=B_SPLINE_SURFACE_WITH_KNOTS('',2,1,((#14237,#14238),(#14239,#14240),
(#14241,#14242)),.UNSPECIFIED.,.F.,.F.,.F.,(3,3),(2,2),(0.,1.),(0.,0.05),
 .UNSPECIFIED.);
#430=B_SPLINE_SURFACE_WITH_KNOTS('',2,1,((#14252,#14253),(#14254,#14255),
(#14256,#14257)),.UNSPECIFIED.,.F.,.F.,.F.,(3,3),(2,2),(0.,1.),(0.,0.05),
 .UNSPECIFIED.);
#431=B_SPLINE_SURFACE_WITH_KNOTS('',2,1,((#14267,#14268),(#14269,#14270),
(#14271,#14272)),.UNSPECIFIED.,.F.,.F.,.F.,(3,3),(2,2),(0.,1.),(0.,0.05),
 .UNSPECIFIED.);
#432=B_SPLINE_SURFACE_WITH_KNOTS('',2,1,((#14282,#14283),(#14284,#14285),
(#14286,#14287)),.UNSPECIFIED.,.F.,.F.,.F.,(3,3),(2,2),(0.,1.),(0.,0.05),
 .UNSPECIFIED.);
#433=B_SPLINE_SURFACE_WITH_KNOTS('',2,1,((#14297,#14298),(#14299,#14300),
(#14301,#14302)),.UNSPECIFIED.,.F.,.F.,.F.,(3,3),(2,2),(0.,1.),(0.,0.05),
 .UNSPECIFIED.);
#434=B_SPLINE_SURFACE_WITH_KNOTS('',2,1,((#14312,#14313),(#14314,#14315),
(#14316,#14317)),.UNSPECIFIED.,.F.,.F.,.F.,(3,3),(2,2),(0.,1.),(0.,0.05),
 .UNSPECIFIED.);
#435=B_SPLINE_SURFACE_WITH_KNOTS('',2,1,((#14327,#14328),(#14329,#14330),
(#14331,#14332)),.UNSPECIFIED.,.F.,.F.,.F.,(3,3),(2,2),(0.,1.),(0.,0.05),
 .UNSPECIFIED.);
#436=B_SPLINE_SURFACE_WITH_KNOTS('',2,1,((#14342,#14343),(#14344,#14345),
(#14346,#14347)),.UNSPECIFIED.,.F.,.F.,.F.,(3,3),(2,2),(0.,1.),(0.,0.05),
 .UNSPECIFIED.);
#437=B_SPLINE_SURFACE_WITH_KNOTS('',2,1,((#14357,#14358),(#14359,#14360),
(#14361,#14362)),.UNSPECIFIED.,.F.,.F.,.F.,(3,3),(2,2),(0.,1.),(0.,0.05),
 .UNSPECIFIED.);
#438=B_SPLINE_SURFACE_WITH_KNOTS('',2,1,((#14372,#14373),(#14374,#14375),
(#14376,#14377)),.UNSPECIFIED.,.F.,.F.,.F.,(3,3),(2,2),(0.,1.),(0.,0.05),
 .UNSPECIFIED.);
#439=B_SPLINE_SURFACE_WITH_KNOTS('',2,1,((#14464,#14465),(#14466,#14467),
(#14468,#14469)),.UNSPECIFIED.,.F.,.F.,.F.,(3,3),(2,2),(0.,1.),(0.,0.05),
 .UNSPECIFIED.);
#440=B_SPLINE_SURFACE_WITH_KNOTS('',2,1,((#14482,#14483),(#14484,#14485),
(#14486,#14487)),.UNSPECIFIED.,.F.,.F.,.F.,(3,3),(2,2),(0.,1.),(0.,0.05),
 .UNSPECIFIED.);
#441=B_SPLINE_SURFACE_WITH_KNOTS('',2,1,((#14497,#14498),(#14499,#14500),
(#14501,#14502)),.UNSPECIFIED.,.F.,.F.,.F.,(3,3),(2,2),(0.,1.),(0.,0.05),
 .UNSPECIFIED.);
#442=B_SPLINE_SURFACE_WITH_KNOTS('',2,1,((#14512,#14513),(#14514,#14515),
(#14516,#14517)),.UNSPECIFIED.,.F.,.F.,.F.,(3,3),(2,2),(0.,1.),(0.,0.05),
 .UNSPECIFIED.);
#443=B_SPLINE_SURFACE_WITH_KNOTS('',2,1,((#14527,#14528),(#14529,#14530),
(#14531,#14532)),.UNSPECIFIED.,.F.,.F.,.F.,(3,3),(2,2),(0.,1.),(0.,0.05),
 .UNSPECIFIED.);
#444=B_SPLINE_SURFACE_WITH_KNOTS('',2,1,((#14542,#14543),(#14544,#14545),
(#14546,#14547)),.UNSPECIFIED.,.F.,.F.,.F.,(3,3),(2,2),(0.,1.),(0.,0.05),
 .UNSPECIFIED.);
#445=B_SPLINE_SURFACE_WITH_KNOTS('',2,1,((#14557,#14558),(#14559,#14560),
(#14561,#14562)),.UNSPECIFIED.,.F.,.F.,.F.,(3,3),(2,2),(0.,1.),(0.,0.05),
 .UNSPECIFIED.);
#446=B_SPLINE_SURFACE_WITH_KNOTS('',2,1,((#14572,#14573),(#14574,#14575),
(#14576,#14577)),.UNSPECIFIED.,.F.,.F.,.F.,(3,3),(2,2),(0.,1.),(0.,0.05),
 .UNSPECIFIED.);
#447=B_SPLINE_SURFACE_WITH_KNOTS('',2,1,((#14587,#14588),(#14589,#14590),
(#14591,#14592)),.UNSPECIFIED.,.F.,.F.,.F.,(3,3),(2,2),(0.,1.),(0.,0.05),
 .UNSPECIFIED.);
#448=B_SPLINE_SURFACE_WITH_KNOTS('',2,1,((#14602,#14603),(#14604,#14605),
(#14606,#14607)),.UNSPECIFIED.,.F.,.F.,.F.,(3,3),(2,2),(0.,1.),(0.,0.05),
 .UNSPECIFIED.);
#449=B_SPLINE_SURFACE_WITH_KNOTS('',2,1,((#14617,#14618),(#14619,#14620),
(#14621,#14622)),.UNSPECIFIED.,.F.,.F.,.F.,(3,3),(2,2),(0.,1.),(0.,0.05),
 .UNSPECIFIED.);
#450=B_SPLINE_SURFACE_WITH_KNOTS('',2,1,((#14632,#14633),(#14634,#14635),
(#14636,#14637)),.UNSPECIFIED.,.F.,.F.,.F.,(3,3),(2,2),(0.,1.),(0.,0.05),
 .UNSPECIFIED.);
#451=B_SPLINE_SURFACE_WITH_KNOTS('',2,1,((#14647,#14648),(#14649,#14650),
(#14651,#14652)),.UNSPECIFIED.,.F.,.F.,.F.,(3,3),(2,2),(0.,1.),(0.,0.05),
 .UNSPECIFIED.);
#452=B_SPLINE_SURFACE_WITH_KNOTS('',2,1,((#14662,#14663),(#14664,#14665),
(#14666,#14667)),.UNSPECIFIED.,.F.,.F.,.F.,(3,3),(2,2),(0.,1.),(0.,0.05),
 .UNSPECIFIED.);
#453=B_SPLINE_SURFACE_WITH_KNOTS('',2,1,((#14677,#14678),(#14679,#14680),
(#14681,#14682)),.UNSPECIFIED.,.F.,.F.,.F.,(3,3),(2,2),(0.,1.),(0.,0.05),
 .UNSPECIFIED.);
#454=B_SPLINE_SURFACE_WITH_KNOTS('',2,1,((#14692,#14693),(#14694,#14695),
(#14696,#14697)),.UNSPECIFIED.,.F.,.F.,.F.,(3,3),(2,2),(0.,1.),(0.,0.05),
 .UNSPECIFIED.);
#455=B_SPLINE_SURFACE_WITH_KNOTS('',2,1,((#14707,#14708),(#14709,#14710),
(#14711,#14712)),.UNSPECIFIED.,.F.,.F.,.F.,(3,3),(2,2),(0.,1.),(0.,0.05),
 .UNSPECIFIED.);
#456=B_SPLINE_SURFACE_WITH_KNOTS('',2,1,((#14722,#14723),(#14724,#14725),
(#14726,#14727)),.UNSPECIFIED.,.F.,.F.,.F.,(3,3),(2,2),(0.,1.),(0.,0.05),
 .UNSPECIFIED.);
#457=B_SPLINE_SURFACE_WITH_KNOTS('',2,1,((#14737,#14738),(#14739,#14740),
(#14741,#14742)),.UNSPECIFIED.,.F.,.F.,.F.,(3,3),(2,2),(0.,1.),(0.,0.05),
 .UNSPECIFIED.);
#458=B_SPLINE_SURFACE_WITH_KNOTS('',2,1,((#14752,#14753),(#14754,#14755),
(#14756,#14757)),.UNSPECIFIED.,.F.,.F.,.F.,(3,3),(2,2),(0.,1.),(0.,0.05),
 .UNSPECIFIED.);
#459=B_SPLINE_SURFACE_WITH_KNOTS('',2,1,((#14767,#14768),(#14769,#14770),
(#14771,#14772)),.UNSPECIFIED.,.F.,.F.,.F.,(3,3),(2,2),(0.,1.),(0.,0.05),
 .UNSPECIFIED.);
#460=B_SPLINE_SURFACE_WITH_KNOTS('',2,1,((#14782,#14783),(#14784,#14785),
(#14786,#14787)),.UNSPECIFIED.,.F.,.F.,.F.,(3,3),(2,2),(0.,1.),(0.,0.05),
 .UNSPECIFIED.);
#461=B_SPLINE_SURFACE_WITH_KNOTS('',2,1,((#14815,#14816),(#14817,#14818),
(#14819,#14820)),.UNSPECIFIED.,.F.,.F.,.F.,(3,3),(2,2),(0.,1.),(0.,0.05),
 .UNSPECIFIED.);
#462=B_SPLINE_SURFACE_WITH_KNOTS('',2,1,((#14830,#14831),(#14832,#14833),
(#14834,#14835)),.UNSPECIFIED.,.F.,.F.,.F.,(3,3),(2,2),(0.,1.),(0.,0.05),
 .UNSPECIFIED.);
#463=B_SPLINE_SURFACE_WITH_KNOTS('',2,1,((#14845,#14846),(#14847,#14848),
(#14849,#14850)),.UNSPECIFIED.,.F.,.F.,.F.,(3,3),(2,2),(0.,1.),(0.,0.05),
 .UNSPECIFIED.);
#464=B_SPLINE_SURFACE_WITH_KNOTS('',2,1,((#14860,#14861),(#14862,#14863),
(#14864,#14865)),.UNSPECIFIED.,.F.,.F.,.F.,(3,3),(2,2),(0.,1.),(0.,0.05),
 .UNSPECIFIED.);
#465=B_SPLINE_SURFACE_WITH_KNOTS('',2,1,((#14875,#14876),(#14877,#14878),
(#14879,#14880)),.UNSPECIFIED.,.F.,.F.,.F.,(3,3),(2,2),(0.,1.),(0.,0.05),
 .UNSPECIFIED.);
#466=B_SPLINE_SURFACE_WITH_KNOTS('',2,1,((#14890,#14891),(#14892,#14893),
(#14894,#14895)),.UNSPECIFIED.,.F.,.F.,.F.,(3,3),(2,2),(0.,1.),(0.,0.05),
 .UNSPECIFIED.);
#467=B_SPLINE_SURFACE_WITH_KNOTS('',2,1,((#14905,#14906),(#14907,#14908),
(#14909,#14910)),.UNSPECIFIED.,.F.,.F.,.F.,(3,3),(2,2),(0.,1.),(0.,0.05),
 .UNSPECIFIED.);
#468=B_SPLINE_SURFACE_WITH_KNOTS('',2,1,((#14920,#14921),(#14922,#14923),
(#14924,#14925)),.UNSPECIFIED.,.F.,.F.,.F.,(3,3),(2,2),(0.,1.),(0.,0.05),
 .UNSPECIFIED.);
#469=B_SPLINE_SURFACE_WITH_KNOTS('',2,1,((#14935,#14936),(#14937,#14938),
(#14939,#14940)),.UNSPECIFIED.,.F.,.F.,.F.,(3,3),(2,2),(0.,1.),(0.,0.05),
 .UNSPECIFIED.);
#470=B_SPLINE_SURFACE_WITH_KNOTS('',2,1,((#14950,#14951),(#14952,#14953),
(#14954,#14955)),.UNSPECIFIED.,.F.,.F.,.F.,(3,3),(2,2),(0.,1.),(0.,0.05),
 .UNSPECIFIED.);
#471=B_SPLINE_SURFACE_WITH_KNOTS('',2,1,((#14965,#14966),(#14967,#14968),
(#14969,#14970)),.UNSPECIFIED.,.F.,.F.,.F.,(3,3),(2,2),(0.,1.),(0.,0.05),
 .UNSPECIFIED.);
#472=B_SPLINE_SURFACE_WITH_KNOTS('',2,1,((#14980,#14981),(#14982,#14983),
(#14984,#14985)),.UNSPECIFIED.,.F.,.F.,.F.,(3,3),(2,2),(0.,1.),(0.,0.05),
 .UNSPECIFIED.);
#473=B_SPLINE_SURFACE_WITH_KNOTS('',2,1,((#14995,#14996),(#14997,#14998),
(#14999,#15000)),.UNSPECIFIED.,.F.,.F.,.F.,(3,3),(2,2),(0.,1.),(0.,0.05),
 .UNSPECIFIED.);
#474=B_SPLINE_SURFACE_WITH_KNOTS('',2,1,((#15010,#15011),(#15012,#15013),
(#15014,#15015)),.UNSPECIFIED.,.F.,.F.,.F.,(3,3),(2,2),(0.,1.),(0.,0.05),
 .UNSPECIFIED.);
#475=B_SPLINE_SURFACE_WITH_KNOTS('',2,1,((#15025,#15026),(#15027,#15028),
(#15029,#15030)),.UNSPECIFIED.,.F.,.F.,.F.,(3,3),(2,2),(0.,1.),(0.,0.05),
 .UNSPECIFIED.);
#476=B_SPLINE_SURFACE_WITH_KNOTS('',2,1,((#15040,#15041),(#15042,#15043),
(#15044,#15045)),.UNSPECIFIED.,.F.,.F.,.F.,(3,3),(2,2),(0.,1.),(0.,0.05),
 .UNSPECIFIED.);
#477=B_SPLINE_SURFACE_WITH_KNOTS('',2,1,((#15055,#15056),(#15057,#15058),
(#15059,#15060)),.UNSPECIFIED.,.F.,.F.,.F.,(3,3),(2,2),(0.,1.),(0.,0.05),
 .UNSPECIFIED.);
#478=B_SPLINE_SURFACE_WITH_KNOTS('',2,1,((#15070,#15071),(#15072,#15073),
(#15074,#15075)),.UNSPECIFIED.,.F.,.F.,.F.,(3,3),(2,2),(0.,1.),(0.,0.05),
 .UNSPECIFIED.);
#479=B_SPLINE_SURFACE_WITH_KNOTS('',2,1,((#15085,#15086),(#15087,#15088),
(#15089,#15090)),.UNSPECIFIED.,.F.,.F.,.F.,(3,3),(2,2),(0.,1.),(0.,0.05),
 .UNSPECIFIED.);
#480=B_SPLINE_SURFACE_WITH_KNOTS('',2,1,((#15100,#15101),(#15102,#15103),
(#15104,#15105)),.UNSPECIFIED.,.F.,.F.,.F.,(3,3),(2,2),(0.,1.),(0.,0.05),
 .UNSPECIFIED.);
#481=B_SPLINE_SURFACE_WITH_KNOTS('',2,1,((#15115,#15116),(#15117,#15118),
(#15119,#15120)),.UNSPECIFIED.,.F.,.F.,.F.,(3,3),(2,2),(0.,1.),(0.,0.05),
 .UNSPECIFIED.);
#482=B_SPLINE_SURFACE_WITH_KNOTS('',2,1,((#15130,#15131),(#15132,#15133),
(#15134,#15135)),.UNSPECIFIED.,.F.,.F.,.F.,(3,3),(2,2),(0.,1.),(0.,0.05),
 .UNSPECIFIED.);
#483=B_SPLINE_SURFACE_WITH_KNOTS('',2,1,((#15145,#15146),(#15147,#15148),
(#15149,#15150)),.UNSPECIFIED.,.F.,.F.,.F.,(3,3),(2,2),(0.,1.),(0.,0.05),
 .UNSPECIFIED.);
#484=B_SPLINE_SURFACE_WITH_KNOTS('',2,1,((#15160,#15161),(#15162,#15163),
(#15164,#15165)),.UNSPECIFIED.,.F.,.F.,.F.,(3,3),(2,2),(0.,1.),(0.,0.05),
 .UNSPECIFIED.);
#485=B_SPLINE_SURFACE_WITH_KNOTS('',2,1,((#15175,#15176),(#15177,#15178),
(#15179,#15180)),.UNSPECIFIED.,.F.,.F.,.F.,(3,3),(2,2),(0.,1.),(0.,0.05),
 .UNSPECIFIED.);
#486=B_SPLINE_SURFACE_WITH_KNOTS('',2,1,((#15190,#15191),(#15192,#15193),
(#15194,#15195)),.UNSPECIFIED.,.F.,.F.,.F.,(3,3),(2,2),(0.,1.),(0.,0.05),
 .UNSPECIFIED.);
#487=B_SPLINE_SURFACE_WITH_KNOTS('',2,1,((#15205,#15206),(#15207,#15208),
(#15209,#15210)),.UNSPECIFIED.,.F.,.F.,.F.,(3,3),(2,2),(0.,1.),(0.,0.05),
 .UNSPECIFIED.);
#488=B_SPLINE_SURFACE_WITH_KNOTS('',2,1,((#15220,#15221),(#15222,#15223),
(#15224,#15225)),.UNSPECIFIED.,.F.,.F.,.F.,(3,3),(2,2),(0.,1.),(0.,0.05),
 .UNSPECIFIED.);
#489=B_SPLINE_SURFACE_WITH_KNOTS('',2,1,((#15235,#15236),(#15237,#15238),
(#15239,#15240)),.UNSPECIFIED.,.F.,.F.,.F.,(3,3),(2,2),(0.,1.),(0.,0.05),
 .UNSPECIFIED.);
#490=B_SPLINE_SURFACE_WITH_KNOTS('',2,1,((#15250,#15251),(#15252,#15253),
(#15254,#15255)),.UNSPECIFIED.,.F.,.F.,.F.,(3,3),(2,2),(0.,1.),(0.,0.05),
 .UNSPECIFIED.);
#491=B_SPLINE_SURFACE_WITH_KNOTS('',2,1,((#15283,#15284),(#15285,#15286),
(#15287,#15288)),.UNSPECIFIED.,.F.,.F.,.F.,(3,3),(2,2),(0.,1.),(0.,0.05),
 .UNSPECIFIED.);
#492=B_SPLINE_SURFACE_WITH_KNOTS('',2,1,((#15298,#15299),(#15300,#15301),
(#15302,#15303)),.UNSPECIFIED.,.F.,.F.,.F.,(3,3),(2,2),(0.,1.),(0.,0.05),
 .UNSPECIFIED.);
#493=B_SPLINE_SURFACE_WITH_KNOTS('',2,1,((#15313,#15314),(#15315,#15316),
(#15317,#15318)),.UNSPECIFIED.,.F.,.F.,.F.,(3,3),(2,2),(0.,1.),(0.,0.05),
 .UNSPECIFIED.);
#494=B_SPLINE_SURFACE_WITH_KNOTS('',2,1,((#15328,#15329),(#15330,#15331),
(#15332,#15333)),.UNSPECIFIED.,.F.,.F.,.F.,(3,3),(2,2),(0.,1.),(0.,0.05),
 .UNSPECIFIED.);
#495=B_SPLINE_SURFACE_WITH_KNOTS('',2,1,((#15343,#15344),(#15345,#15346),
(#15347,#15348)),.UNSPECIFIED.,.F.,.F.,.F.,(3,3),(2,2),(0.,1.),(0.,0.05),
 .UNSPECIFIED.);
#496=B_SPLINE_SURFACE_WITH_KNOTS('',2,1,((#15358,#15359),(#15360,#15361),
(#15362,#15363)),.UNSPECIFIED.,.F.,.F.,.F.,(3,3),(2,2),(0.,1.),(0.,0.05),
 .UNSPECIFIED.);
#497=B_SPLINE_SURFACE_WITH_KNOTS('',2,1,((#15373,#15374),(#15375,#15376),
(#15377,#15378)),.UNSPECIFIED.,.F.,.F.,.F.,(3,3),(2,2),(0.,1.),(0.,0.05),
 .UNSPECIFIED.);
#498=B_SPLINE_SURFACE_WITH_KNOTS('',2,1,((#15388,#15389),(#15390,#15391),
(#15392,#15393)),.UNSPECIFIED.,.F.,.F.,.F.,(3,3),(2,2),(0.,1.),(0.,0.05),
 .UNSPECIFIED.);
#499=CONICAL_SURFACE('',#9629,0.518933683945348,1.02974425867665);
#500=CONICAL_SURFACE('',#9633,0.518933683945348,1.02974425867665);
#501=CONICAL_SURFACE('',#9637,0.518933683945348,1.02974425867665);
#502=CONICAL_SURFACE('',#9640,0.518933683945348,1.02974425867665);
#503=CONICAL_SURFACE('',#9643,0.518933683945348,1.02974425867665);
#504=CONICAL_SURFACE('',#9647,0.518933683945348,1.02974425867665);
#505=CONICAL_SURFACE('',#9650,0.518933683945348,1.02974425867665);
#506=CONICAL_SURFACE('',#9719,1.62999999999998,0.785398163397448);
#507=CONICAL_SURFACE('',#9724,1.63,0.785398163397451);
#508=CONICAL_SURFACE('',#10003,1.25,0.785398163397447);
#509=CONICAL_SURFACE('',#10005,1.75,0.785398163397444);
#510=CONICAL_SURFACE('',#10007,1.75,0.785398163397447);
#511=CONICAL_SURFACE('',#10009,1.25,0.785398163397447);
#512=CONICAL_SURFACE('',#10011,1.75000000000001,0.785398163397459);
#513=CONICAL_SURFACE('',#10013,1.75000000000001,0.785398163397459);
#514=CONICAL_SURFACE('',#10015,1.75,0.785398163397447);
#515=CONICAL_SURFACE('',#10017,1.75,0.785398163397447);
#516=CONICAL_SURFACE('',#10019,1.75,0.785398163397444);
#517=CONICAL_SURFACE('',#10021,1.75000000000001,0.785398163397459);
#518=CONICAL_SURFACE('',#10023,1.75000000000001,0.785398163397462);
#519=CONICAL_SURFACE('',#10025,1.75,0.785398163397451);
#520=CONICAL_SURFACE('',#10028,1.75000000000001,0.785398163397466);
#521=CONICAL_SURFACE('',#10031,1.75000000000001,0.785398163397459);
#522=CONICAL_SURFACE('',#10034,1.75,0.785398163397447);
#523=CONICAL_SURFACE('',#10037,1.75,0.785398163397447);
#524=CONICAL_SURFACE('',#10041,1.75,0.785398163397447);
#525=CONICAL_SURFACE('',#10044,1.75,0.785398163397447);
#526=CONICAL_SURFACE('',#10047,1.75,0.785398163397447);
#527=CONICAL_SURFACE('',#10055,1.75,0.785398163397448);
#528=CONICAL_SURFACE('',#10057,1.75,0.78539816339745);
#529=CONICAL_SURFACE('',#10059,1.75,0.785398163397447);
#530=CONICAL_SURFACE('',#10062,1.75,0.785398163397447);
#531=CONICAL_SURFACE('',#10064,1.75,0.785398163397447);
#532=CONICAL_SURFACE('',#10066,1.75,0.785398163397447);
#533=CONICAL_SURFACE('',#10068,1.75,0.785398163397445);
#534=CONICAL_SURFACE('',#10070,1.75,0.785398163397447);
#535=CONICAL_SURFACE('',#10072,1.75,0.785398163397447);
#536=CONICAL_SURFACE('',#10074,1.75000000000001,0.785398163397472);
#537=CONICAL_SURFACE('',#10076,1.75000000000001,0.785398163397459);
#538=CONICAL_SURFACE('',#10077,1.75,0.785398163397447);
#539=CONICAL_SURFACE('',#10079,1.75,0.78539816339745);
#540=CONICAL_SURFACE('',#10081,1.75,0.785398163397447);
#541=CONICAL_SURFACE('',#10083,1.75,0.785398163397447);
#542=CONICAL_SURFACE('',#10086,1.75000000000001,0.785398163397459);
#543=CONICAL_SURFACE('',#10088,1.75000000000001,0.785398163397459);
#544=CONICAL_SURFACE('',#10090,1.75,0.785398163397447);
#545=CONICAL_SURFACE('',#10092,1.75,0.785398163397444);
#546=CYLINDRICAL_SURFACE('',#9537,1.5);
#547=CYLINDRICAL_SURFACE('',#9540,1.5);
#548=CYLINDRICAL_SURFACE('',#9543,1.5);
#549=CYLINDRICAL_SURFACE('',#9546,1.5);
#550=CYLINDRICAL_SURFACE('',#9550,1.5);
#551=CYLINDRICAL_SURFACE('',#9553,1.5);
#552=CYLINDRICAL_SURFACE('',#9556,1.5);
#553=CYLINDRICAL_SURFACE('',#9559,1.5);
#554=CYLINDRICAL_SURFACE('',#9561,1.5);
#555=CYLINDRICAL_SURFACE('',#9565,1.5);
#556=CYLINDRICAL_SURFACE('',#9568,1.5);
#557=CYLINDRICAL_SURFACE('',#9570,1.5);
#558=CYLINDRICAL_SURFACE('',#9573,1.5);
#559=CYLINDRICAL_SURFACE('',#9576,1.5);
#560=CYLINDRICAL_SURFACE('',#9579,1.5);
#561=CYLINDRICAL_SURFACE('',#9581,1.5);
#562=CYLINDRICAL_SURFACE('',#9584,1.5);
#563=CYLINDRICAL_SURFACE('',#9587,1.5);
#564=CYLINDRICAL_SURFACE('',#9590,1.5);
#565=CYLINDRICAL_SURFACE('',#9620,1.5);
#566=CYLINDRICAL_SURFACE('',#9623,1.5);
#567=CYLINDRICAL_SURFACE('',#9626,1.5);
#568=CYLINDRICAL_SURFACE('',#9631,1.03775);
#569=CYLINDRICAL_SURFACE('',#9635,1.03775);
#570=CYLINDRICAL_SURFACE('',#9639,1.03775);
#571=CYLINDRICAL_SURFACE('',#9642,1.03775);
#572=CYLINDRICAL_SURFACE('',#9645,1.03775);
#573=CYLINDRICAL_SURFACE('',#9649,1.03775);
#574=CYLINDRICAL_SURFACE('',#9652,1.03775);
#575=CYLINDRICAL_SURFACE('',#9787,1.37999999999998);
#576=CYLINDRICAL_SURFACE('',#9790,1.38);
#577=CYLINDRICAL_SURFACE('',#9792,1.2645);
#578=CYLINDRICAL_SURFACE('',#9795,1.2645);
#579=CYLINDRICAL_SURFACE('',#9798,1.2645);
#580=CYLINDRICAL_SURFACE('',#9801,1.2645);
#581=CYLINDRICAL_SURFACE('',#9804,1.2645);
#582=CYLINDRICAL_SURFACE('',#9807,1.2645);
#583=CYLINDRICAL_SURFACE('',#9810,1.2645);
#584=CYLINDRICAL_SURFACE('',#9813,1.2645);
#585=CYLINDRICAL_SURFACE('',#9816,2.5);
#586=CYLINDRICAL_SURFACE('',#9817,2.5);
#587=CYLINDRICAL_SURFACE('',#9818,2.5);
#588=CYLINDRICAL_SURFACE('',#9820,2.5);
#589=CYLINDRICAL_SURFACE('',#9822,2.5);
#590=CYLINDRICAL_SURFACE('',#9824,2.5);
#591=CYLINDRICAL_SURFACE('',#9825,2.5);
#592=CYLINDRICAL_SURFACE('',#9845,2.99999999999999);
#593=CYLINDRICAL_SURFACE('',#9846,1.49999999999959);
#594=CYLINDRICAL_SURFACE('',#9847,2.99999999999999);
#595=CYLINDRICAL_SURFACE('',#9848,1.5);
#596=CYLINDRICAL_SURFACE('',#9850,3.);
#597=CYLINDRICAL_SURFACE('',#9852,3.);
#598=CYLINDRICAL_SURFACE('',#9854,3.);
#599=CYLINDRICAL_SURFACE('',#9855,3.);
#600=CYLINDRICAL_SURFACE('',#9856,3.);
#601=CYLINDRICAL_SURFACE('',#9858,3.);
#602=CYLINDRICAL_SURFACE('',#9860,3.);
#603=CYLINDRICAL_SURFACE('',#9862,3.);
#604=CYLINDRICAL_SURFACE('',#9865,2.);
#605=CYLINDRICAL_SURFACE('',#9867,2.);
#606=CYLINDRICAL_SURFACE('',#9881,1.5);
#607=CYLINDRICAL_SURFACE('',#9883,1.5);
#608=CYLINDRICAL_SURFACE('',#9886,1.5);
#609=CYLINDRICAL_SURFACE('',#9889,1.5);
#610=CYLINDRICAL_SURFACE('',#9892,1.5);
#611=CYLINDRICAL_SURFACE('',#9895,1.5);
#612=CYLINDRICAL_SURFACE('',#9898,1.5);
#613=CYLINDRICAL_SURFACE('',#9900,0.499999999999865);
#614=CYLINDRICAL_SURFACE('',#9902,1.49999999999999);
#615=CYLINDRICAL_SURFACE('',#9903,2.49999999999998);
#616=CYLINDRICAL_SURFACE('',#9904,2.49999999999996);
#617=CYLINDRICAL_SURFACE('',#9905,2.49999999999993);
#618=CYLINDRICAL_SURFACE('',#9906,2.49999999999994);
#619=CYLINDRICAL_SURFACE('',#9907,2.49999999999989);
#620=CYLINDRICAL_SURFACE('',#9909,2.50000000000008);
#621=CYLINDRICAL_SURFACE('',#9911,0.499999999999842);
#622=CYLINDRICAL_SURFACE('',#9913,2.49999999999986);
#623=CYLINDRICAL_SURFACE('',#9914,2.50000000000006);
#624=CYLINDRICAL_SURFACE('',#9916,0.499999999999838);
#625=CYLINDRICAL_SURFACE('',#9917,0.500000000000206);
#626=CYLINDRICAL_SURFACE('',#9919,2.50000000000007);
#627=CYLINDRICAL_SURFACE('',#9920,2.50000000000007);
#628=CYLINDRICAL_SURFACE('',#9922,0.499999999999998);
#629=CYLINDRICAL_SURFACE('',#9923,0.499999999999961);
#630=CYLINDRICAL_SURFACE('',#9925,2.50000000000005);
#631=CYLINDRICAL_SURFACE('',#9926,2.50000000000005);
#632=CYLINDRICAL_SURFACE('',#9928,2.49999999999967);
#633=CYLINDRICAL_SURFACE('',#9930,2.49999999999976);
#634=CYLINDRICAL_SURFACE('',#9931,1.5);
#635=CYLINDRICAL_SURFACE('',#9934,1.5);
#636=CYLINDRICAL_SURFACE('',#9941,1.);
#637=CYLINDRICAL_SURFACE('',#9947,1.);
#638=CYLINDRICAL_SURFACE('',#9953,1.);
#639=CYLINDRICAL_SURFACE('',#9959,1.);
#640=CYLINDRICAL_SURFACE('',#9960,3.);
#641=CYLINDRICAL_SURFACE('',#9962,3.);
#642=CYLINDRICAL_SURFACE('',#10038,1.5);
#643=CYLINDRICAL_SURFACE('',#10039,1.5);
#644=CYLINDRICAL_SURFACE('',#10050,1.5);
#645=CYLINDRICAL_SURFACE('',#10052,1.5);
#646=CYLINDRICAL_SURFACE('',#10094,1.5);
#647=CYLINDRICAL_SURFACE('',#10095,1.5);
#648=CYLINDRICAL_SURFACE('',#10097,3.);
#649=CYLINDRICAL_SURFACE('',#10099,3.);
#650=FACE_BOUND('',#1202,.T.);
#651=FACE_BOUND('',#1203,.T.);
#652=FACE_BOUND('',#1204,.T.);
#653=FACE_BOUND('',#1242,.T.);
#654=FACE_BOUND('',#1244,.T.);
#655=FACE_BOUND('',#1246,.T.);
#656=FACE_BOUND('',#1248,.T.);
#657=FACE_BOUND('',#1340,.T.);
#658=FACE_BOUND('',#1418,.T.);
#659=FACE_BOUND('',#1505,.T.);
#660=FACE_BOUND('',#1506,.T.);
#661=FACE_BOUND('',#1507,.T.);
#662=FACE_BOUND('',#1508,.T.);
#663=FACE_BOUND('',#1509,.T.);
#664=FACE_BOUND('',#1510,.T.);
#665=FACE_BOUND('',#1511,.T.);
#666=FACE_BOUND('',#1512,.T.);
#667=FACE_BOUND('',#1549,.T.);
#668=FACE_BOUND('',#1575,.T.);
#669=FACE_BOUND('',#1577,.T.);
#670=FACE_BOUND('',#1643,.T.);
#671=FACE_BOUND('',#1644,.T.);
#672=FACE_BOUND('',#1645,.T.);
#673=FACE_BOUND('',#1646,.T.);
#674=FACE_BOUND('',#1647,.T.);
#675=FACE_BOUND('',#1648,.T.);
#676=FACE_BOUND('',#1649,.T.);
#677=FACE_BOUND('',#1650,.T.);
#678=FACE_BOUND('',#1651,.T.);
#679=FACE_BOUND('',#1652,.T.);
#680=FACE_BOUND('',#1653,.T.);
#681=FACE_BOUND('',#1654,.T.);
#682=FACE_BOUND('',#1655,.T.);
#683=FACE_BOUND('',#1656,.T.);
#684=FACE_BOUND('',#1657,.T.);
#685=FACE_BOUND('',#1658,.T.);
#686=FACE_OUTER_BOUND('',#1201,.T.);
#687=FACE_OUTER_BOUND('',#1205,.T.);
#688=FACE_OUTER_BOUND('',#1206,.T.);
#689=FACE_OUTER_BOUND('',#1207,.T.);
#690=FACE_OUTER_BOUND('',#1208,.T.);
#691=FACE_OUTER_BOUND('',#1209,.T.);
#692=FACE_OUTER_BOUND('',#1210,.T.);
#693=FACE_OUTER_BOUND('',#1211,.T.);
#694=FACE_OUTER_BOUND('',#1212,.T.);
#695=FACE_OUTER_BOUND('',#1213,.T.);
#696=FACE_OUTER_BOUND('',#1214,.T.);
#697=FACE_OUTER_BOUND('',#1215,.T.);
#698=FACE_OUTER_BOUND('',#1216,.T.);
#699=FACE_OUTER_BOUND('',#1217,.T.);
#700=FACE_OUTER_BOUND('',#1218,.T.);
#701=FACE_OUTER_BOUND('',#1219,.T.);
#702=FACE_OUTER_BOUND('',#1220,.T.);
#703=FACE_OUTER_BOUND('',#1221,.T.);
#704=FACE_OUTER_BOUND('',#1222,.T.);
#705=FACE_OUTER_BOUND('',#1223,.T.);
#706=FACE_OUTER_BOUND('',#1224,.T.);
#707=FACE_OUTER_BOUND('',#1225,.T.);
#708=FACE_OUTER_BOUND('',#1226,.T.);
#709=FACE_OUTER_BOUND('',#1227,.T.);
#710=FACE_OUTER_BOUND('',#1228,.T.);
#711=FACE_OUTER_BOUND('',#1229,.T.);
#712=FACE_OUTER_BOUND('',#1230,.T.);
#713=FACE_OUTER_BOUND('',#1231,.T.);
#714=FACE_OUTER_BOUND('',#1232,.T.);
#715=FACE_OUTER_BOUND('',#1233,.T.);
#716=FACE_OUTER_BOUND('',#1234,.T.);
#717=FACE_OUTER_BOUND('',#1235,.T.);
#718=FACE_OUTER_BOUND('',#1236,.T.);
#719=FACE_OUTER_BOUND('',#1237,.T.);
#720=FACE_OUTER_BOUND('',#1238,.T.);
#721=FACE_OUTER_BOUND('',#1239,.T.);
#722=FACE_OUTER_BOUND('',#1240,.T.);
#723=FACE_OUTER_BOUND('',#1241,.T.);
#724=FACE_OUTER_BOUND('',#1243,.T.);
#725=FACE_OUTER_BOUND('',#1245,.T.);
#726=FACE_OUTER_BOUND('',#1247,.T.);
#727=FACE_OUTER_BOUND('',#1249,.T.);
#728=FACE_OUTER_BOUND('',#1250,.T.);
#729=FACE_OUTER_BOUND('',#1251,.T.);
#730=FACE_OUTER_BOUND('',#1252,.T.);
#731=FACE_OUTER_BOUND('',#1253,.T.);
#732=FACE_OUTER_BOUND('',#1254,.T.);
#733=FACE_OUTER_BOUND('',#1255,.T.);
#734=FACE_OUTER_BOUND('',#1256,.T.);
#735=FACE_OUTER_BOUND('',#1257,.T.);
#736=FACE_OUTER_BOUND('',#1258,.T.);
#737=FACE_OUTER_BOUND('',#1259,.T.);
#738=FACE_OUTER_BOUND('',#1260,.T.);
#739=FACE_OUTER_BOUND('',#1261,.T.);
#740=FACE_OUTER_BOUND('',#1262,.T.);
#741=FACE_OUTER_BOUND('',#1263,.T.);
#742=FACE_OUTER_BOUND('',#1264,.T.);
#743=FACE_OUTER_BOUND('',#1265,.T.);
#744=FACE_OUTER_BOUND('',#1266,.T.);
#745=FACE_OUTER_BOUND('',#1267,.T.);
#746=FACE_OUTER_BOUND('',#1268,.T.);
#747=FACE_OUTER_BOUND('',#1269,.T.);
#748=FACE_OUTER_BOUND('',#1270,.T.);
#749=FACE_OUTER_BOUND('',#1271,.T.);
#750=FACE_OUTER_BOUND('',#1272,.T.);
#751=FACE_OUTER_BOUND('',#1273,.T.);
#752=FACE_OUTER_BOUND('',#1274,.T.);
#753=FACE_OUTER_BOUND('',#1275,.T.);
#754=FACE_OUTER_BOUND('',#1276,.T.);
#755=FACE_OUTER_BOUND('',#1277,.T.);
#756=FACE_OUTER_BOUND('',#1278,.T.);
#757=FACE_OUTER_BOUND('',#1279,.T.);
#758=FACE_OUTER_BOUND('',#1280,.T.);
#759=FACE_OUTER_BOUND('',#1281,.T.);
#760=FACE_OUTER_BOUND('',#1282,.T.);
#761=FACE_OUTER_BOUND('',#1283,.T.);
#762=FACE_OUTER_BOUND('',#1284,.T.);
#763=FACE_OUTER_BOUND('',#1285,.T.);
#764=FACE_OUTER_BOUND('',#1286,.T.);
#765=FACE_OUTER_BOUND('',#1287,.T.);
#766=FACE_OUTER_BOUND('',#1288,.T.);
#767=FACE_OUTER_BOUND('',#1289,.T.);
#768=FACE_OUTER_BOUND('',#1290,.T.);
#769=FACE_OUTER_BOUND('',#1291,.T.);
#770=FACE_OUTER_BOUND('',#1292,.T.);
#771=FACE_OUTER_BOUND('',#1293,.T.);
#772=FACE_OUTER_BOUND('',#1294,.T.);
#773=FACE_OUTER_BOUND('',#1295,.T.);
#774=FACE_OUTER_BOUND('',#1296,.T.);
#775=FACE_OUTER_BOUND('',#1297,.T.);
#776=FACE_OUTER_BOUND('',#1298,.T.);
#777=FACE_OUTER_BOUND('',#1299,.T.);
#778=FACE_OUTER_BOUND('',#1300,.T.);
#779=FACE_OUTER_BOUND('',#1301,.T.);
#780=FACE_OUTER_BOUND('',#1302,.T.);
#781=FACE_OUTER_BOUND('',#1303,.T.);
#782=FACE_OUTER_BOUND('',#1304,.T.);
#783=FACE_OUTER_BOUND('',#1305,.T.);
#784=FACE_OUTER_BOUND('',#1306,.T.);
#785=FACE_OUTER_BOUND('',#1307,.T.);
#786=FACE_OUTER_BOUND('',#1308,.T.);
#787=FACE_OUTER_BOUND('',#1309,.T.);
#788=FACE_OUTER_BOUND('',#1310,.T.);
#789=FACE_OUTER_BOUND('',#1311,.T.);
#790=FACE_OUTER_BOUND('',#1312,.T.);
#791=FACE_OUTER_BOUND('',#1313,.T.);
#792=FACE_OUTER_BOUND('',#1314,.T.);
#793=FACE_OUTER_BOUND('',#1315,.T.);
#794=FACE_OUTER_BOUND('',#1316,.T.);
#795=FACE_OUTER_BOUND('',#1317,.T.);
#796=FACE_OUTER_BOUND('',#1318,.T.);
#797=FACE_OUTER_BOUND('',#1319,.T.);
#798=FACE_OUTER_BOUND('',#1320,.T.);
#799=FACE_OUTER_BOUND('',#1321,.T.);
#800=FACE_OUTER_BOUND('',#1322,.T.);
#801=FACE_OUTER_BOUND('',#1323,.T.);
#802=FACE_OUTER_BOUND('',#1324,.T.);
#803=FACE_OUTER_BOUND('',#1325,.T.);
#804=FACE_OUTER_BOUND('',#1326,.T.);
#805=FACE_OUTER_BOUND('',#1327,.T.);
#806=FACE_OUTER_BOUND('',#1328,.T.);
#807=FACE_OUTER_BOUND('',#1329,.T.);
#808=FACE_OUTER_BOUND('',#1330,.T.);
#809=FACE_OUTER_BOUND('',#1331,.T.);
#810=FACE_OUTER_BOUND('',#1332,.T.);
#811=FACE_OUTER_BOUND('',#1333,.T.);
#812=FACE_OUTER_BOUND('',#1334,.T.);
#813=FACE_OUTER_BOUND('',#1335,.T.);
#814=FACE_OUTER_BOUND('',#1336,.T.);
#815=FACE_OUTER_BOUND('',#1337,.T.);
#816=FACE_OUTER_BOUND('',#1338,.T.);
#817=FACE_OUTER_BOUND('',#1339,.T.);
#818=FACE_OUTER_BOUND('',#1341,.T.);
#819=FACE_OUTER_BOUND('',#1342,.T.);
#820=FACE_OUTER_BOUND('',#1343,.T.);
#821=FACE_OUTER_BOUND('',#1344,.T.);
#822=FACE_OUTER_BOUND('',#1345,.T.);
#823=FACE_OUTER_BOUND('',#1346,.T.);
#824=FACE_OUTER_BOUND('',#1347,.T.);
#825=FACE_OUTER_BOUND('',#1348,.T.);
#826=FACE_OUTER_BOUND('',#1349,.T.);
#827=FACE_OUTER_BOUND('',#1350,.T.);
#828=FACE_OUTER_BOUND('',#1351,.T.);
#829=FACE_OUTER_BOUND('',#1352,.T.);
#830=FACE_OUTER_BOUND('',#1353,.T.);
#831=FACE_OUTER_BOUND('',#1354,.T.);
#832=FACE_OUTER_BOUND('',#1355,.T.);
#833=FACE_OUTER_BOUND('',#1356,.T.);
#834=FACE_OUTER_BOUND('',#1357,.T.);
#835=FACE_OUTER_BOUND('',#1358,.T.);
#836=FACE_OUTER_BOUND('',#1359,.T.);
#837=FACE_OUTER_BOUND('',#1360,.T.);
#838=FACE_OUTER_BOUND('',#1361,.T.);
#839=FACE_OUTER_BOUND('',#1362,.T.);
#840=FACE_OUTER_BOUND('',#1363,.T.);
#841=FACE_OUTER_BOUND('',#1364,.T.);
#842=FACE_OUTER_BOUND('',#1365,.T.);
#843=FACE_OUTER_BOUND('',#1366,.T.);
#844=FACE_OUTER_BOUND('',#1367,.T.);
#845=FACE_OUTER_BOUND('',#1368,.T.);
#846=FACE_OUTER_BOUND('',#1369,.T.);
#847=FACE_OUTER_BOUND('',#1370,.T.);
#848=FACE_OUTER_BOUND('',#1371,.T.);
#849=FACE_OUTER_BOUND('',#1372,.T.);
#850=FACE_OUTER_BOUND('',#1373,.T.);
#851=FACE_OUTER_BOUND('',#1374,.T.);
#852=FACE_OUTER_BOUND('',#1375,.T.);
#853=FACE_OUTER_BOUND('',#1376,.T.);
#854=FACE_OUTER_BOUND('',#1377,.T.);
#855=FACE_OUTER_BOUND('',#1378,.T.);
#856=FACE_OUTER_BOUND('',#1379,.T.);
#857=FACE_OUTER_BOUND('',#1380,.T.);
#858=FACE_OUTER_BOUND('',#1381,.T.);
#859=FACE_OUTER_BOUND('',#1382,.T.);
#860=FACE_OUTER_BOUND('',#1383,.T.);
#861=FACE_OUTER_BOUND('',#1384,.T.);
#862=FACE_OUTER_BOUND('',#1385,.T.);
#863=FACE_OUTER_BOUND('',#1386,.T.);
#864=FACE_OUTER_BOUND('',#1387,.T.);
#865=FACE_OUTER_BOUND('',#1388,.T.);
#866=FACE_OUTER_BOUND('',#1389,.T.);
#867=FACE_OUTER_BOUND('',#1390,.T.);
#868=FACE_OUTER_BOUND('',#1391,.T.);
#869=FACE_OUTER_BOUND('',#1392,.T.);
#870=FACE_OUTER_BOUND('',#1393,.T.);
#871=FACE_OUTER_BOUND('',#1394,.T.);
#872=FACE_OUTER_BOUND('',#1395,.T.);
#873=FACE_OUTER_BOUND('',#1396,.T.);
#874=FACE_OUTER_BOUND('',#1397,.T.);
#875=FACE_OUTER_BOUND('',#1398,.T.);
#876=FACE_OUTER_BOUND('',#1399,.T.);
#877=FACE_OUTER_BOUND('',#1400,.T.);
#878=FACE_OUTER_BOUND('',#1401,.T.);
#879=FACE_OUTER_BOUND('',#1402,.T.);
#880=FACE_OUTER_BOUND('',#1403,.T.);
#881=FACE_OUTER_BOUND('',#1404,.T.);
#882=FACE_OUTER_BOUND('',#1405,.T.);
#883=FACE_OUTER_BOUND('',#1406,.T.);
#884=FACE_OUTER_BOUND('',#1407,.T.);
#885=FACE_OUTER_BOUND('',#1408,.T.);
#886=FACE_OUTER_BOUND('',#1409,.T.);
#887=FACE_OUTER_BOUND('',#1410,.T.);
#888=FACE_OUTER_BOUND('',#1411,.T.);
#889=FACE_OUTER_BOUND('',#1412,.T.);
#890=FACE_OUTER_BOUND('',#1413,.T.);
#891=FACE_OUTER_BOUND('',#1414,.T.);
#892=FACE_OUTER_BOUND('',#1415,.T.);
#893=FACE_OUTER_BOUND('',#1416,.T.);
#894=FACE_OUTER_BOUND('',#1417,.T.);
#895=FACE_OUTER_BOUND('',#1419,.T.);
#896=FACE_OUTER_BOUND('',#1420,.T.);
#897=FACE_OUTER_BOUND('',#1421,.T.);
#898=FACE_OUTER_BOUND('',#1422,.T.);
#899=FACE_OUTER_BOUND('',#1423,.T.);
#900=FACE_OUTER_BOUND('',#1424,.T.);
#901=FACE_OUTER_BOUND('',#1425,.T.);
#902=FACE_OUTER_BOUND('',#1426,.T.);
#903=FACE_OUTER_BOUND('',#1427,.T.);
#904=FACE_OUTER_BOUND('',#1428,.T.);
#905=FACE_OUTER_BOUND('',#1429,.T.);
#906=FACE_OUTER_BOUND('',#1430,.T.);
#907=FACE_OUTER_BOUND('',#1431,.T.);
#908=FACE_OUTER_BOUND('',#1432,.T.);
#909=FACE_OUTER_BOUND('',#1433,.T.);
#910=FACE_OUTER_BOUND('',#1434,.T.);
#911=FACE_OUTER_BOUND('',#1435,.T.);
#912=FACE_OUTER_BOUND('',#1436,.T.);
#913=FACE_OUTER_BOUND('',#1437,.T.);
#914=FACE_OUTER_BOUND('',#1438,.T.);
#915=FACE_OUTER_BOUND('',#1439,.T.);
#916=FACE_OUTER_BOUND('',#1440,.T.);
#917=FACE_OUTER_BOUND('',#1441,.T.);
#918=FACE_OUTER_BOUND('',#1442,.T.);
#919=FACE_OUTER_BOUND('',#1443,.T.);
#920=FACE_OUTER_BOUND('',#1444,.T.);
#921=FACE_OUTER_BOUND('',#1445,.T.);
#922=FACE_OUTER_BOUND('',#1446,.T.);
#923=FACE_OUTER_BOUND('',#1447,.T.);
#924=FACE_OUTER_BOUND('',#1448,.T.);
#925=FACE_OUTER_BOUND('',#1449,.T.);
#926=FACE_OUTER_BOUND('',#1450,.T.);
#927=FACE_OUTER_BOUND('',#1451,.T.);
#928=FACE_OUTER_BOUND('',#1452,.T.);
#929=FACE_OUTER_BOUND('',#1453,.T.);
#930=FACE_OUTER_BOUND('',#1454,.T.);
#931=FACE_OUTER_BOUND('',#1455,.T.);
#932=FACE_OUTER_BOUND('',#1456,.T.);
#933=FACE_OUTER_BOUND('',#1457,.T.);
#934=FACE_OUTER_BOUND('',#1458,.T.);
#935=FACE_OUTER_BOUND('',#1459,.T.);
#936=FACE_OUTER_BOUND('',#1460,.T.);
#937=FACE_OUTER_BOUND('',#1461,.T.);
#938=FACE_OUTER_BOUND('',#1462,.T.);
#939=FACE_OUTER_BOUND('',#1463,.T.);
#940=FACE_OUTER_BOUND('',#1464,.T.);
#941=FACE_OUTER_BOUND('',#1465,.T.);
#942=FACE_OUTER_BOUND('',#1466,.T.);
#943=FACE_OUTER_BOUND('',#1467,.T.);
#944=FACE_OUTER_BOUND('',#1468,.T.);
#945=FACE_OUTER_BOUND('',#1469,.T.);
#946=FACE_OUTER_BOUND('',#1470,.T.);
#947=FACE_OUTER_BOUND('',#1471,.T.);
#948=FACE_OUTER_BOUND('',#1472,.T.);
#949=FACE_OUTER_BOUND('',#1473,.T.);
#950=FACE_OUTER_BOUND('',#1474,.T.);
#951=FACE_OUTER_BOUND('',#1475,.T.);
#952=FACE_OUTER_BOUND('',#1476,.T.);
#953=FACE_OUTER_BOUND('',#1477,.T.);
#954=FACE_OUTER_BOUND('',#1478,.T.);
#955=FACE_OUTER_BOUND('',#1479,.T.);
#956=FACE_OUTER_BOUND('',#1480,.T.);
#957=FACE_OUTER_BOUND('',#1481,.T.);
#958=FACE_OUTER_BOUND('',#1482,.T.);
#959=FACE_OUTER_BOUND('',#1483,.T.);
#960=FACE_OUTER_BOUND('',#1484,.T.);
#961=FACE_OUTER_BOUND('',#1485,.T.);
#962=FACE_OUTER_BOUND('',#1486,.T.);
#963=FACE_OUTER_BOUND('',#1487,.T.);
#964=FACE_OUTER_BOUND('',#1488,.T.);
#965=FACE_OUTER_BOUND('',#1489,.T.);
#966=FACE_OUTER_BOUND('',#1490,.T.);
#967=FACE_OUTER_BOUND('',#1491,.T.);
#968=FACE_OUTER_BOUND('',#1492,.T.);
#969=FACE_OUTER_BOUND('',#1493,.T.);
#970=FACE_OUTER_BOUND('',#1494,.T.);
#971=FACE_OUTER_BOUND('',#1495,.T.);
#972=FACE_OUTER_BOUND('',#1496,.T.);
#973=FACE_OUTER_BOUND('',#1497,.T.);
#974=FACE_OUTER_BOUND('',#1498,.T.);
#975=FACE_OUTER_BOUND('',#1499,.T.);
#976=FACE_OUTER_BOUND('',#1500,.T.);
#977=FACE_OUTER_BOUND('',#1501,.T.);
#978=FACE_OUTER_BOUND('',#1502,.T.);
#979=FACE_OUTER_BOUND('',#1503,.T.);
#980=FACE_OUTER_BOUND('',#1504,.T.);
#981=FACE_OUTER_BOUND('',#1513,.T.);
#982=FACE_OUTER_BOUND('',#1514,.T.);
#983=FACE_OUTER_BOUND('',#1515,.T.);
#984=FACE_OUTER_BOUND('',#1516,.T.);
#985=FACE_OUTER_BOUND('',#1517,.T.);
#986=FACE_OUTER_BOUND('',#1518,.T.);
#987=FACE_OUTER_BOUND('',#1519,.T.);
#988=FACE_OUTER_BOUND('',#1520,.T.);
#989=FACE_OUTER_BOUND('',#1521,.T.);
#990=FACE_OUTER_BOUND('',#1522,.T.);
#991=FACE_OUTER_BOUND('',#1523,.T.);
#992=FACE_OUTER_BOUND('',#1524,.T.);
#993=FACE_OUTER_BOUND('',#1525,.T.);
#994=FACE_OUTER_BOUND('',#1526,.T.);
#995=FACE_OUTER_BOUND('',#1527,.T.);
#996=FACE_OUTER_BOUND('',#1528,.T.);
#997=FACE_OUTER_BOUND('',#1529,.T.);
#998=FACE_OUTER_BOUND('',#1530,.T.);
#999=FACE_OUTER_BOUND('',#1531,.T.);
#1000=FACE_OUTER_BOUND('',#1532,.T.);
#1001=FACE_OUTER_BOUND('',#1533,.T.);
#1002=FACE_OUTER_BOUND('',#1534,.T.);
#1003=FACE_OUTER_BOUND('',#1535,.T.);
#1004=FACE_OUTER_BOUND('',#1536,.T.);
#1005=FACE_OUTER_BOUND('',#1537,.T.);
#1006=FACE_OUTER_BOUND('',#1538,.T.);
#1007=FACE_OUTER_BOUND('',#1539,.T.);
#1008=FACE_OUTER_BOUND('',#1540,.T.);
#1009=FACE_OUTER_BOUND('',#1541,.T.);
#1010=FACE_OUTER_BOUND('',#1542,.T.);
#1011=FACE_OUTER_BOUND('',#1543,.T.);
#1012=FACE_OUTER_BOUND('',#1544,.T.);
#1013=FACE_OUTER_BOUND('',#1545,.T.);
#1014=FACE_OUTER_BOUND('',#1546,.T.);
#1015=FACE_OUTER_BOUND('',#1547,.T.);
#1016=FACE_OUTER_BOUND('',#1548,.T.);
#1017=FACE_OUTER_BOUND('',#1550,.T.);
#1018=FACE_OUTER_BOUND('',#1551,.T.);
#1019=FACE_OUTER_BOUND('',#1552,.T.);
#1020=FACE_OUTER_BOUND('',#1553,.T.);
#1021=FACE_OUTER_BOUND('',#1554,.T.);
#1022=FACE_OUTER_BOUND('',#1555,.T.);
#1023=FACE_OUTER_BOUND('',#1556,.T.);
#1024=FACE_OUTER_BOUND('',#1557,.T.);
#1025=FACE_OUTER_BOUND('',#1558,.T.);
#1026=FACE_OUTER_BOUND('',#1559,.T.);
#1027=FACE_OUTER_BOUND('',#1560,.T.);
#1028=FACE_OUTER_BOUND('',#1561,.T.);
#1029=FACE_OUTER_BOUND('',#1562,.T.);
#1030=FACE_OUTER_BOUND('',#1563,.T.);
#1031=FACE_OUTER_BOUND('',#1564,.T.);
#1032=FACE_OUTER_BOUND('',#1565,.T.);
#1033=FACE_OUTER_BOUND('',#1566,.T.);
#1034=FACE_OUTER_BOUND('',#1567,.T.);
#1035=FACE_OUTER_BOUND('',#1568,.T.);
#1036=FACE_OUTER_BOUND('',#1569,.T.);
#1037=FACE_OUTER_BOUND('',#1570,.T.);
#1038=FACE_OUTER_BOUND('',#1571,.T.);
#1039=FACE_OUTER_BOUND('',#1572,.T.);
#1040=FACE_OUTER_BOUND('',#1573,.T.);
#1041=FACE_OUTER_BOUND('',#1574,.T.);
#1042=FACE_OUTER_BOUND('',#1576,.T.);
#1043=FACE_OUTER_BOUND('',#1578,.T.);
#1044=FACE_OUTER_BOUND('',#1579,.T.);
#1045=FACE_OUTER_BOUND('',#1580,.T.);
#1046=FACE_OUTER_BOUND('',#1581,.T.);
#1047=FACE_OUTER_BOUND('',#1582,.T.);
#1048=FACE_OUTER_BOUND('',#1583,.T.);
#1049=FACE_OUTER_BOUND('',#1584,.T.);
#1050=FACE_OUTER_BOUND('',#1585,.T.);
#1051=FACE_OUTER_BOUND('',#1586,.T.);
#1052=FACE_OUTER_BOUND('',#1587,.T.);
#1053=FACE_OUTER_BOUND('',#1588,.T.);
#1054=FACE_OUTER_BOUND('',#1589,.T.);
#1055=FACE_OUTER_BOUND('',#1590,.T.);
#1056=FACE_OUTER_BOUND('',#1591,.T.);
#1057=FACE_OUTER_BOUND('',#1592,.T.);
#1058=FACE_OUTER_BOUND('',#1593,.T.);
#1059=FACE_OUTER_BOUND('',#1594,.T.);
#1060=FACE_OUTER_BOUND('',#1595,.T.);
#1061=FACE_OUTER_BOUND('',#1596,.T.);
#1062=FACE_OUTER_BOUND('',#1597,.T.);
#1063=FACE_OUTER_BOUND('',#1598,.T.);
#1064=FACE_OUTER_BOUND('',#1599,.T.);
#1065=FACE_OUTER_BOUND('',#1600,.T.);
#1066=FACE_OUTER_BOUND('',#1601,.T.);
#1067=FACE_OUTER_BOUND('',#1602,.T.);
#1068=FACE_OUTER_BOUND('',#1603,.T.);
#1069=FACE_OUTER_BOUND('',#1604,.T.);
#1070=FACE_OUTER_BOUND('',#1605,.T.);
#1071=FACE_OUTER_BOUND('',#1606,.T.);
#1072=FACE_OUTER_BOUND('',#1607,.T.);
#1073=FACE_OUTER_BOUND('',#1608,.T.);
#1074=FACE_OUTER_BOUND('',#1609,.T.);
#1075=FACE_OUTER_BOUND('',#1610,.T.);
#1076=FACE_OUTER_BOUND('',#1611,.T.);
#1077=FACE_OUTER_BOUND('',#1612,.T.);
#1078=FACE_OUTER_BOUND('',#1613,.T.);
#1079=FACE_OUTER_BOUND('',#1614,.T.);
#1080=FACE_OUTER_BOUND('',#1615,.T.);
#1081=FACE_OUTER_BOUND('',#1616,.T.);
#1082=FACE_OUTER_BOUND('',#1617,.T.);
#1083=FACE_OUTER_BOUND('',#1618,.T.);
#1084=FACE_OUTER_BOUND('',#1619,.T.);
#1085=FACE_OUTER_BOUND('',#1620,.T.);
#1086=FACE_OUTER_BOUND('',#1621,.T.);
#1087=FACE_OUTER_BOUND('',#1622,.T.);
#1088=FACE_OUTER_BOUND('',#1623,.T.);
#1089=FACE_OUTER_BOUND('',#1624,.T.);
#1090=FACE_OUTER_BOUND('',#1625,.T.);
#1091=FACE_OUTER_BOUND('',#1626,.T.);
#1092=FACE_OUTER_BOUND('',#1627,.T.);
#1093=FACE_OUTER_BOUND('',#1628,.T.);
#1094=FACE_OUTER_BOUND('',#1629,.T.);
#1095=FACE_OUTER_BOUND('',#1630,.T.);
#1096=FACE_OUTER_BOUND('',#1631,.T.);
#1097=FACE_OUTER_BOUND('',#1632,.T.);
#1098=FACE_OUTER_BOUND('',#1633,.T.);
#1099=FACE_OUTER_BOUND('',#1634,.T.);
#1100=FACE_OUTER_BOUND('',#1635,.T.);
#1101=FACE_OUTER_BOUND('',#1636,.T.);
#1102=FACE_OUTER_BOUND('',#1637,.T.);
#1103=FACE_OUTER_BOUND('',#1638,.T.);
#1104=FACE_OUTER_BOUND('',#1639,.T.);
#1105=FACE_OUTER_BOUND('',#1640,.T.);
#1106=FACE_OUTER_BOUND('',#1641,.T.);
#1107=FACE_OUTER_BOUND('',#1642,.T.);
#1108=FACE_OUTER_BOUND('',#1659,.T.);
#1109=FACE_OUTER_BOUND('',#1660,.T.);
#1110=FACE_OUTER_BOUND('',#1661,.T.);
#1111=FACE_OUTER_BOUND('',#1662,.T.);
#1112=FACE_OUTER_BOUND('',#1663,.T.);
#1113=FACE_OUTER_BOUND('',#1664,.T.);
#1114=FACE_OUTER_BOUND('',#1665,.T.);
#1115=FACE_OUTER_BOUND('',#1666,.T.);
#1116=FACE_OUTER_BOUND('',#1667,.T.);
#1117=FACE_OUTER_BOUND('',#1668,.T.);
#1118=FACE_OUTER_BOUND('',#1669,.T.);
#1119=FACE_OUTER_BOUND('',#1670,.T.);
#1120=FACE_OUTER_BOUND('',#1671,.T.);
#1121=FACE_OUTER_BOUND('',#1672,.T.);
#1122=FACE_OUTER_BOUND('',#1673,.T.);
#1123=FACE_OUTER_BOUND('',#1674,.T.);
#1124=FACE_OUTER_BOUND('',#1675,.T.);
#1125=FACE_OUTER_BOUND('',#1676,.T.);
#1126=FACE_OUTER_BOUND('',#1677,.T.);
#1127=FACE_OUTER_BOUND('',#1678,.T.);
#1128=FACE_OUTER_BOUND('',#1679,.T.);
#1129=FACE_OUTER_BOUND('',#1680,.T.);
#1130=FACE_OUTER_BOUND('',#1681,.T.);
#1131=FACE_OUTER_BOUND('',#1682,.T.);
#1132=FACE_OUTER_BOUND('',#1683,.T.);
#1133=FACE_OUTER_BOUND('',#1684,.T.);
#1134=FACE_OUTER_BOUND('',#1685,.T.);
#1135=FACE_OUTER_BOUND('',#1686,.T.);
#1136=FACE_OUTER_BOUND('',#1687,.T.);
#1137=FACE_OUTER_BOUND('',#1688,.T.);
#1138=FACE_OUTER_BOUND('',#1689,.T.);
#1139=FACE_OUTER_BOUND('',#1690,.T.);
#1140=FACE_OUTER_BOUND('',#1691,.T.);
#1141=FACE_OUTER_BOUND('',#1692,.T.);
#1142=FACE_OUTER_BOUND('',#1693,.T.);
#1143=FACE_OUTER_BOUND('',#1694,.T.);
#1144=FACE_OUTER_BOUND('',#1695,.T.);
#1145=FACE_OUTER_BOUND('',#1696,.T.);
#1146=FACE_OUTER_BOUND('',#1697,.T.);
#1147=FACE_OUTER_BOUND('',#1698,.T.);
#1148=FACE_OUTER_BOUND('',#1699,.T.);
#1149=FACE_OUTER_BOUND('',#1700,.T.);
#1150=FACE_OUTER_BOUND('',#1701,.T.);
#1151=FACE_OUTER_BOUND('',#1702,.T.);
#1152=FACE_OUTER_BOUND('',#1703,.T.);
#1153=FACE_OUTER_BOUND('',#1704,.T.);
#1154=FACE_OUTER_BOUND('',#1705,.T.);
#1155=FACE_OUTER_BOUND('',#1706,.T.);
#1156=FACE_OUTER_BOUND('',#1707,.T.);
#1157=FACE_OUTER_BOUND('',#1708,.T.);
#1158=FACE_OUTER_BOUND('',#1709,.T.);
#1159=FACE_OUTER_BOUND('',#1710,.T.);
#1160=FACE_OUTER_BOUND('',#1711,.T.);
#1161=FACE_OUTER_BOUND('',#1712,.T.);
#1162=FACE_OUTER_BOUND('',#1713,.T.);
#1163=FACE_OUTER_BOUND('',#1714,.T.);
#1164=FACE_OUTER_BOUND('',#1715,.T.);
#1165=FACE_OUTER_BOUND('',#1716,.T.);
#1166=FACE_OUTER_BOUND('',#1717,.T.);
#1167=FACE_OUTER_BOUND('',#1718,.T.);
#1168=FACE_OUTER_BOUND('',#1719,.T.);
#1169=FACE_OUTER_BOUND('',#1720,.T.);
#1170=FACE_OUTER_BOUND('',#1721,.T.);
#1171=FACE_OUTER_BOUND('',#1722,.T.);
#1172=FACE_OUTER_BOUND('',#1723,.T.);
#1173=FACE_OUTER_BOUND('',#1724,.T.);
#1174=FACE_OUTER_BOUND('',#1725,.T.);
#1175=FACE_OUTER_BOUND('',#1726,.T.);
#1176=FACE_OUTER_BOUND('',#1727,.T.);
#1177=FACE_OUTER_BOUND('',#1728,.T.);
#1178=FACE_OUTER_BOUND('',#1729,.T.);
#1179=FACE_OUTER_BOUND('',#1730,.T.);
#1180=FACE_OUTER_BOUND('',#1731,.T.);
#1181=FACE_OUTER_BOUND('',#1732,.T.);
#1182=FACE_OUTER_BOUND('',#1733,.T.);
#1183=FACE_OUTER_BOUND('',#1734,.T.);
#1184=FACE_OUTER_BOUND('',#1735,.T.);
#1185=FACE_OUTER_BOUND('',#1736,.T.);
#1186=FACE_OUTER_BOUND('',#1737,.T.);
#1187=FACE_OUTER_BOUND('',#1738,.T.);
#1188=FACE_OUTER_BOUND('',#1739,.T.);
#1189=FACE_OUTER_BOUND('',#1740,.T.);
#1190=FACE_OUTER_BOUND('',#1741,.T.);
#1191=FACE_OUTER_BOUND('',#1742,.T.);
#1192=FACE_OUTER_BOUND('',#1743,.T.);
#1193=FACE_OUTER_BOUND('',#1744,.T.);
#1194=FACE_OUTER_BOUND('',#1745,.T.);
#1195=FACE_OUTER_BOUND('',#1746,.T.);
#1196=FACE_OUTER_BOUND('',#1747,.T.);
#1197=FACE_OUTER_BOUND('',#1748,.T.);
#1198=FACE_OUTER_BOUND('',#1749,.T.);
#1199=FACE_OUTER_BOUND('',#1750,.T.);
#1200=FACE_OUTER_BOUND('',#1751,.T.);
#1201=EDGE_LOOP('',(#5971,#5972,#5973,#5974,#5975,#5976,#5977,#5978,#5979,
#5980,#5981,#5982,#5983,#5984,#5985,#5986,#5987,#5988,#5989,#5990,#5991,
#5992,#5993,#5994,#5995,#5996,#5997,#5998,#5999,#6000,#6001,#6002,#6003,
#6004,#6005,#6006,#6007,#6008,#6009,#6010,#6011,#6012,#6013,#6014,#6015,
#6016,#6017,#6018,#6019,#6020,#6021,#6022,#6023,#6024));
#1202=EDGE_LOOP('',(#6025,#6026,#6027,#6028,#6029,#6030,#6031,#6032,#6033,
#6034,#6035,#6036,#6037,#6038,#6039,#6040));
#1203=EDGE_LOOP('',(#6041,#6042,#6043,#6044,#6045,#6046,#6047,#6048));
#1204=EDGE_LOOP('',(#6049,#6050,#6051,#6052,#6053,#6054,#6055,#6056));
#1205=EDGE_LOOP('',(#6057,#6058,#6059,#6060));
#1206=EDGE_LOOP('',(#6061,#6062,#6063,#6064));
#1207=EDGE_LOOP('',(#6065,#6066,#6067,#6068));
#1208=EDGE_LOOP('',(#6069,#6070,#6071,#6072));
#1209=EDGE_LOOP('',(#6073,#6074,#6075,#6076));
#1210=EDGE_LOOP('',(#6077,#6078,#6079,#6080));
#1211=EDGE_LOOP('',(#6081,#6082,#6083,#6084));
#1212=EDGE_LOOP('',(#6085,#6086,#6087,#6088));
#1213=EDGE_LOOP('',(#6089,#6090,#6091,#6092));
#1214=EDGE_LOOP('',(#6093,#6094,#6095,#6096));
#1215=EDGE_LOOP('',(#6097,#6098,#6099,#6100));
#1216=EDGE_LOOP('',(#6101,#6102,#6103,#6104));
#1217=EDGE_LOOP('',(#6105,#6106,#6107,#6108));
#1218=EDGE_LOOP('',(#6109,#6110,#6111,#6112));
#1219=EDGE_LOOP('',(#6113,#6114,#6115,#6116));
#1220=EDGE_LOOP('',(#6117,#6118,#6119,#6120));
#1221=EDGE_LOOP('',(#6121,#6122,#6123,#6124));
#1222=EDGE_LOOP('',(#6125,#6126,#6127,#6128));
#1223=EDGE_LOOP('',(#6129,#6130,#6131,#6132));
#1224=EDGE_LOOP('',(#6133,#6134,#6135,#6136));
#1225=EDGE_LOOP('',(#6137,#6138,#6139,#6140));
#1226=EDGE_LOOP('',(#6141,#6142,#6143,#6144));
#1227=EDGE_LOOP('',(#6145,#6146,#6147,#6148));
#1228=EDGE_LOOP('',(#6149,#6150,#6151,#6152));
#1229=EDGE_LOOP('',(#6153,#6154,#6155,#6156));
#1230=EDGE_LOOP('',(#6157,#6158,#6159,#6160));
#1231=EDGE_LOOP('',(#6161,#6162,#6163,#6164));
#1232=EDGE_LOOP('',(#6165,#6166,#6167,#6168));
#1233=EDGE_LOOP('',(#6169,#6170,#6171,#6172));
#1234=EDGE_LOOP('',(#6173,#6174,#6175,#6176));
#1235=EDGE_LOOP('',(#6177,#6178,#6179,#6180));
#1236=EDGE_LOOP('',(#6181,#6182,#6183,#6184));
#1237=EDGE_LOOP('',(#6185,#6186,#6187,#6188));
#1238=EDGE_LOOP('',(#6189,#6190,#6191,#6192));
#1239=EDGE_LOOP('',(#6193,#6194,#6195,#6196));
#1240=EDGE_LOOP('',(#6197,#6198,#6199,#6200));
#1241=EDGE_LOOP('',(#6201,#6202,#6203,#6204,#6205,#6206,#6207,#6208,#6209,
#6210));
#1242=EDGE_LOOP('',(#6211));
#1243=EDGE_LOOP('',(#6212,#6213,#6214,#6215,#6216,#6217,#6218,#6219,#6220,
#6221));
#1244=EDGE_LOOP('',(#6222));
#1245=EDGE_LOOP('',(#6223,#6224,#6225,#6226,#6227,#6228,#6229,#6230,#6231,
#6232));
#1246=EDGE_LOOP('',(#6233));
#1247=EDGE_LOOP('',(#6234,#6235,#6236,#6237,#6238,#6239,#6240,#6241,#6242,
#6243));
#1248=EDGE_LOOP('',(#6244));
#1249=EDGE_LOOP('',(#6245,#6246,#6247,#6248));
#1250=EDGE_LOOP('',(#6249,#6250,#6251,#6252));
#1251=EDGE_LOOP('',(#6253,#6254,#6255,#6256));
#1252=EDGE_LOOP('',(#6257,#6258,#6259,#6260));
#1253=EDGE_LOOP('',(#6261,#6262,#6263,#6264));
#1254=EDGE_LOOP('',(#6265,#6266,#6267,#6268));
#1255=EDGE_LOOP('',(#6269,#6270,#6271));
#1256=EDGE_LOOP('',(#6272,#6273,#6274,#6275));
#1257=EDGE_LOOP('',(#6276,#6277,#6278));
#1258=EDGE_LOOP('',(#6279,#6280,#6281,#6282));
#1259=EDGE_LOOP('',(#6283,#6284,#6285));
#1260=EDGE_LOOP('',(#6286,#6287,#6288,#6289));
#1261=EDGE_LOOP('',(#6290,#6291,#6292));
#1262=EDGE_LOOP('',(#6293,#6294,#6295,#6296));
#1263=EDGE_LOOP('',(#6297,#6298,#6299));
#1264=EDGE_LOOP('',(#6300,#6301,#6302,#6303));
#1265=EDGE_LOOP('',(#6304,#6305,#6306));
#1266=EDGE_LOOP('',(#6307,#6308,#6309,#6310));
#1267=EDGE_LOOP('',(#6311,#6312,#6313));
#1268=EDGE_LOOP('',(#6314,#6315,#6316,#6317));
#1269=EDGE_LOOP('',(#6318,#6319,#6320,#6321));
#1270=EDGE_LOOP('',(#6322,#6323,#6324,#6325));
#1271=EDGE_LOOP('',(#6326,#6327,#6328,#6329));
#1272=EDGE_LOOP('',(#6330,#6331,#6332,#6333));
#1273=EDGE_LOOP('',(#6334,#6335,#6336,#6337));
#1274=EDGE_LOOP('',(#6338,#6339,#6340,#6341));
#1275=EDGE_LOOP('',(#6342,#6343,#6344,#6345));
#1276=EDGE_LOOP('',(#6346,#6347,#6348,#6349));
#1277=EDGE_LOOP('',(#6350,#6351,#6352,#6353));
#1278=EDGE_LOOP('',(#6354,#6355,#6356,#6357));
#1279=EDGE_LOOP('',(#6358,#6359,#6360,#6361));
#1280=EDGE_LOOP('',(#6362,#6363,#6364,#6365));
#1281=EDGE_LOOP('',(#6366,#6367,#6368,#6369));
#1282=EDGE_LOOP('',(#6370,#6371,#6372,#6373));
#1283=EDGE_LOOP('',(#6374,#6375,#6376,#6377));
#1284=EDGE_LOOP('',(#6378,#6379,#6380,#6381));
#1285=EDGE_LOOP('',(#6382,#6383,#6384,#6385));
#1286=EDGE_LOOP('',(#6386,#6387,#6388,#6389,#6390,#6391,#6392,#6393,#6394,
#6395,#6396,#6397,#6398,#6399,#6400,#6401,#6402));
#1287=EDGE_LOOP('',(#6403,#6404,#6405,#6406));
#1288=EDGE_LOOP('',(#6407,#6408,#6409,#6410));
#1289=EDGE_LOOP('',(#6411,#6412,#6413,#6414));
#1290=EDGE_LOOP('',(#6415,#6416,#6417,#6418));
#1291=EDGE_LOOP('',(#6419,#6420,#6421,#6422));
#1292=EDGE_LOOP('',(#6423,#6424,#6425,#6426));
#1293=EDGE_LOOP('',(#6427,#6428,#6429,#6430));
#1294=EDGE_LOOP('',(#6431,#6432,#6433,#6434));
#1295=EDGE_LOOP('',(#6435,#6436,#6437,#6438));
#1296=EDGE_LOOP('',(#6439,#6440,#6441,#6442));
#1297=EDGE_LOOP('',(#6443,#6444,#6445,#6446));
#1298=EDGE_LOOP('',(#6447,#6448,#6449,#6450));
#1299=EDGE_LOOP('',(#6451,#6452,#6453,#6454));
#1300=EDGE_LOOP('',(#6455,#6456,#6457,#6458));
#1301=EDGE_LOOP('',(#6459,#6460,#6461,#6462));
#1302=EDGE_LOOP('',(#6463,#6464,#6465,#6466));
#1303=EDGE_LOOP('',(#6467,#6468,#6469,#6470));
#1304=EDGE_LOOP('',(#6471,#6472,#6473,#6474));
#1305=EDGE_LOOP('',(#6475,#6476,#6477,#6478));
#1306=EDGE_LOOP('',(#6479,#6480,#6481,#6482));
#1307=EDGE_LOOP('',(#6483,#6484,#6485,#6486));
#1308=EDGE_LOOP('',(#6487,#6488,#6489,#6490));
#1309=EDGE_LOOP('',(#6491,#6492,#6493,#6494));
#1310=EDGE_LOOP('',(#6495,#6496,#6497,#6498));
#1311=EDGE_LOOP('',(#6499,#6500,#6501,#6502));
#1312=EDGE_LOOP('',(#6503,#6504,#6505,#6506));
#1313=EDGE_LOOP('',(#6507,#6508,#6509,#6510));
#1314=EDGE_LOOP('',(#6511,#6512,#6513,#6514));
#1315=EDGE_LOOP('',(#6515,#6516,#6517,#6518));
#1316=EDGE_LOOP('',(#6519,#6520,#6521,#6522));
#1317=EDGE_LOOP('',(#6523,#6524,#6525,#6526));
#1318=EDGE_LOOP('',(#6527,#6528,#6529,#6530));
#1319=EDGE_LOOP('',(#6531,#6532,#6533,#6534));
#1320=EDGE_LOOP('',(#6535,#6536,#6537,#6538));
#1321=EDGE_LOOP('',(#6539,#6540,#6541,#6542));
#1322=EDGE_LOOP('',(#6543,#6544,#6545,#6546));
#1323=EDGE_LOOP('',(#6547,#6548,#6549,#6550));
#1324=EDGE_LOOP('',(#6551,#6552,#6553,#6554));
#1325=EDGE_LOOP('',(#6555,#6556,#6557,#6558));
#1326=EDGE_LOOP('',(#6559,#6560,#6561,#6562));
#1327=EDGE_LOOP('',(#6563,#6564,#6565,#6566));
#1328=EDGE_LOOP('',(#6567,#6568,#6569,#6570));
#1329=EDGE_LOOP('',(#6571,#6572,#6573,#6574));
#1330=EDGE_LOOP('',(#6575,#6576,#6577,#6578));
#1331=EDGE_LOOP('',(#6579,#6580,#6581,#6582));
#1332=EDGE_LOOP('',(#6583,#6584,#6585,#6586));
#1333=EDGE_LOOP('',(#6587,#6588,#6589,#6590));
#1334=EDGE_LOOP('',(#6591,#6592,#6593,#6594));
#1335=EDGE_LOOP('',(#6595,#6596,#6597,#6598));
#1336=EDGE_LOOP('',(#6599,#6600,#6601,#6602));
#1337=EDGE_LOOP('',(#6603,#6604,#6605,#6606));
#1338=EDGE_LOOP('',(#6607,#6608,#6609,#6610));
#1339=EDGE_LOOP('',(#6611,#6612,#6613,#6614,#6615,#6616,#6617,#6618,#6619,
#6620,#6621,#6622,#6623,#6624,#6625,#6626,#6627,#6628,#6629,#6630,#6631,
#6632,#6633,#6634,#6635,#6636));
#1340=EDGE_LOOP('',(#6637,#6638,#6639,#6640,#6641,#6642,#6643,#6644,#6645,
#6646,#6647,#6648,#6649,#6650,#6651,#6652,#6653,#6654,#6655,#6656,#6657,
#6658,#6659,#6660,#6661,#6662));
#1341=EDGE_LOOP('',(#6663,#6664,#6665,#6666));
#1342=EDGE_LOOP('',(#6667,#6668,#6669,#6670));
#1343=EDGE_LOOP('',(#6671,#6672,#6673,#6674));
#1344=EDGE_LOOP('',(#6675,#6676,#6677,#6678));
#1345=EDGE_LOOP('',(#6679,#6680,#6681,#6682));
#1346=EDGE_LOOP('',(#6683,#6684,#6685,#6686));
#1347=EDGE_LOOP('',(#6687,#6688,#6689,#6690));
#1348=EDGE_LOOP('',(#6691,#6692,#6693,#6694));
#1349=EDGE_LOOP('',(#6695,#6696,#6697,#6698));
#1350=EDGE_LOOP('',(#6699,#6700,#6701,#6702));
#1351=EDGE_LOOP('',(#6703,#6704,#6705,#6706));
#1352=EDGE_LOOP('',(#6707,#6708,#6709,#6710));
#1353=EDGE_LOOP('',(#6711,#6712,#6713,#6714,#6715,#6716,#6717,#6718,#6719,
#6720,#6721,#6722));
#1354=EDGE_LOOP('',(#6723,#6724,#6725,#6726));
#1355=EDGE_LOOP('',(#6727,#6728,#6729,#6730));
#1356=EDGE_LOOP('',(#6731,#6732,#6733,#6734));
#1357=EDGE_LOOP('',(#6735,#6736,#6737,#6738));
#1358=EDGE_LOOP('',(#6739,#6740,#6741,#6742));
#1359=EDGE_LOOP('',(#6743,#6744,#6745,#6746));
#1360=EDGE_LOOP('',(#6747,#6748,#6749,#6750));
#1361=EDGE_LOOP('',(#6751,#6752,#6753,#6754));
#1362=EDGE_LOOP('',(#6755,#6756,#6757,#6758));
#1363=EDGE_LOOP('',(#6759,#6760,#6761,#6762));
#1364=EDGE_LOOP('',(#6763,#6764,#6765,#6766));
#1365=EDGE_LOOP('',(#6767,#6768,#6769,#6770));
#1366=EDGE_LOOP('',(#6771,#6772,#6773,#6774));
#1367=EDGE_LOOP('',(#6775,#6776,#6777,#6778));
#1368=EDGE_LOOP('',(#6779,#6780,#6781,#6782));
#1369=EDGE_LOOP('',(#6783,#6784,#6785,#6786));
#1370=EDGE_LOOP('',(#6787,#6788,#6789,#6790));
#1371=EDGE_LOOP('',(#6791,#6792,#6793,#6794));
#1372=EDGE_LOOP('',(#6795,#6796,#6797,#6798));
#1373=EDGE_LOOP('',(#6799,#6800,#6801,#6802));
#1374=EDGE_LOOP('',(#6803,#6804,#6805,#6806));
#1375=EDGE_LOOP('',(#6807,#6808,#6809,#6810));
#1376=EDGE_LOOP('',(#6811,#6812,#6813,#6814));
#1377=EDGE_LOOP('',(#6815,#6816,#6817,#6818));
#1378=EDGE_LOOP('',(#6819,#6820,#6821,#6822));
#1379=EDGE_LOOP('',(#6823,#6824,#6825,#6826));
#1380=EDGE_LOOP('',(#6827,#6828,#6829,#6830));
#1381=EDGE_LOOP('',(#6831,#6832,#6833,#6834));
#1382=EDGE_LOOP('',(#6835,#6836,#6837,#6838));
#1383=EDGE_LOOP('',(#6839,#6840,#6841,#6842));
#1384=EDGE_LOOP('',(#6843,#6844,#6845,#6846,#6847,#6848,#6849,#6850,#6851,
#6852,#6853,#6854,#6855,#6856,#6857,#6858,#6859,#6860,#6861,#6862,#6863,
#6864,#6865,#6866,#6867,#6868,#6869,#6870,#6871,#6872));
#1385=EDGE_LOOP('',(#6873,#6874,#6875,#6876));
#1386=EDGE_LOOP('',(#6877,#6878,#6879,#6880));
#1387=EDGE_LOOP('',(#6881,#6882,#6883,#6884));
#1388=EDGE_LOOP('',(#6885,#6886,#6887,#6888));
#1389=EDGE_LOOP('',(#6889,#6890,#6891,#6892));
#1390=EDGE_LOOP('',(#6893,#6894,#6895,#6896));
#1391=EDGE_LOOP('',(#6897,#6898,#6899,#6900));
#1392=EDGE_LOOP('',(#6901,#6902,#6903,#6904));
#1393=EDGE_LOOP('',(#6905,#6906,#6907,#6908));
#1394=EDGE_LOOP('',(#6909,#6910,#6911,#6912));
#1395=EDGE_LOOP('',(#6913,#6914,#6915,#6916));
#1396=EDGE_LOOP('',(#6917,#6918,#6919,#6920));
#1397=EDGE_LOOP('',(#6921,#6922,#6923,#6924));
#1398=EDGE_LOOP('',(#6925,#6926,#6927,#6928));
#1399=EDGE_LOOP('',(#6929,#6930,#6931,#6932));
#1400=EDGE_LOOP('',(#6933,#6934,#6935,#6936));
#1401=EDGE_LOOP('',(#6937,#6938,#6939,#6940));
#1402=EDGE_LOOP('',(#6941,#6942,#6943,#6944));
#1403=EDGE_LOOP('',(#6945,#6946,#6947,#6948));
#1404=EDGE_LOOP('',(#6949,#6950,#6951,#6952));
#1405=EDGE_LOOP('',(#6953,#6954,#6955,#6956));
#1406=EDGE_LOOP('',(#6957,#6958,#6959,#6960));
#1407=EDGE_LOOP('',(#6961,#6962,#6963,#6964));
#1408=EDGE_LOOP('',(#6965,#6966,#6967,#6968));
#1409=EDGE_LOOP('',(#6969,#6970,#6971,#6972));
#1410=EDGE_LOOP('',(#6973,#6974,#6975,#6976));
#1411=EDGE_LOOP('',(#6977,#6978,#6979,#6980));
#1412=EDGE_LOOP('',(#6981,#6982,#6983,#6984));
#1413=EDGE_LOOP('',(#6985,#6986,#6987,#6988));
#1414=EDGE_LOOP('',(#6989,#6990,#6991,#6992));
#1415=EDGE_LOOP('',(#6993,#6994,#6995,#6996));
#1416=EDGE_LOOP('',(#6997,#6998,#6999,#7000));
#1417=EDGE_LOOP('',(#7001,#7002,#7003,#7004,#7005,#7006,#7007,#7008,#7009,
#7010,#7011,#7012,#7013,#7014,#7015,#7016,#7017));
#1418=EDGE_LOOP('',(#7018,#7019,#7020,#7021,#7022,#7023,#7024,#7025,#7026,
#7027,#7028,#7029,#7030,#7031,#7032));
#1419=EDGE_LOOP('',(#7033,#7034,#7035,#7036));
#1420=EDGE_LOOP('',(#7037,#7038,#7039,#7040));
#1421=EDGE_LOOP('',(#7041,#7042,#7043,#7044));
#1422=EDGE_LOOP('',(#7045,#7046,#7047,#7048));
#1423=EDGE_LOOP('',(#7049,#7050,#7051,#7052));
#1424=EDGE_LOOP('',(#7053,#7054,#7055,#7056));
#1425=EDGE_LOOP('',(#7057,#7058,#7059,#7060));
#1426=EDGE_LOOP('',(#7061,#7062,#7063,#7064));
#1427=EDGE_LOOP('',(#7065,#7066,#7067,#7068,#7069,#7070,#7071,#7072));
#1428=EDGE_LOOP('',(#7073,#7074,#7075,#7076));
#1429=EDGE_LOOP('',(#7077,#7078,#7079,#7080));
#1430=EDGE_LOOP('',(#7081,#7082,#7083,#7084));
#1431=EDGE_LOOP('',(#7085,#7086,#7087,#7088));
#1432=EDGE_LOOP('',(#7089,#7090,#7091,#7092));
#1433=EDGE_LOOP('',(#7093,#7094,#7095,#7096));
#1434=EDGE_LOOP('',(#7097,#7098,#7099,#7100));
#1435=EDGE_LOOP('',(#7101,#7102,#7103,#7104));
#1436=EDGE_LOOP('',(#7105,#7106,#7107,#7108));
#1437=EDGE_LOOP('',(#7109,#7110,#7111,#7112));
#1438=EDGE_LOOP('',(#7113,#7114,#7115,#7116));
#1439=EDGE_LOOP('',(#7117,#7118,#7119,#7120));
#1440=EDGE_LOOP('',(#7121,#7122,#7123,#7124));
#1441=EDGE_LOOP('',(#7125,#7126,#7127,#7128));
#1442=EDGE_LOOP('',(#7129,#7130,#7131,#7132));
#1443=EDGE_LOOP('',(#7133,#7134,#7135,#7136));
#1444=EDGE_LOOP('',(#7137,#7138,#7139,#7140));
#1445=EDGE_LOOP('',(#7141,#7142,#7143,#7144));
#1446=EDGE_LOOP('',(#7145,#7146,#7147,#7148));
#1447=EDGE_LOOP('',(#7149,#7150,#7151,#7152));
#1448=EDGE_LOOP('',(#7153,#7154,#7155,#7156));
#1449=EDGE_LOOP('',(#7157,#7158,#7159,#7160));
#1450=EDGE_LOOP('',(#7161,#7162,#7163,#7164));
#1451=EDGE_LOOP('',(#7165,#7166,#7167,#7168));
#1452=EDGE_LOOP('',(#7169,#7170,#7171,#7172));
#1453=EDGE_LOOP('',(#7173,#7174,#7175,#7176));
#1454=EDGE_LOOP('',(#7177,#7178,#7179,#7180));
#1455=EDGE_LOOP('',(#7181,#7182,#7183,#7184));
#1456=EDGE_LOOP('',(#7185,#7186,#7187,#7188));
#1457=EDGE_LOOP('',(#7189,#7190,#7191,#7192));
#1458=EDGE_LOOP('',(#7193,#7194,#7195,#7196));
#1459=EDGE_LOOP('',(#7197,#7198,#7199,#7200));
#1460=EDGE_LOOP('',(#7201,#7202,#7203,#7204));
#1461=EDGE_LOOP('',(#7205,#7206,#7207,#7208));
#1462=EDGE_LOOP('',(#7209,#7210,#7211,#7212));
#1463=EDGE_LOOP('',(#7213,#7214,#7215,#7216));
#1464=EDGE_LOOP('',(#7217,#7218,#7219,#7220));
#1465=EDGE_LOOP('',(#7221,#7222,#7223,#7224));
#1466=EDGE_LOOP('',(#7225,#7226,#7227,#7228));
#1467=EDGE_LOOP('',(#7229,#7230,#7231,#7232));
#1468=EDGE_LOOP('',(#7233,#7234,#7235,#7236));
#1469=EDGE_LOOP('',(#7237,#7238,#7239,#7240));
#1470=EDGE_LOOP('',(#7241,#7242,#7243,#7244));
#1471=EDGE_LOOP('',(#7245,#7246,#7247,#7248));
#1472=EDGE_LOOP('',(#7249,#7250,#7251,#7252));
#1473=EDGE_LOOP('',(#7253,#7254,#7255,#7256));
#1474=EDGE_LOOP('',(#7257,#7258,#7259,#7260));
#1475=EDGE_LOOP('',(#7261,#7262,#7263,#7264));
#1476=EDGE_LOOP('',(#7265,#7266,#7267,#7268));
#1477=EDGE_LOOP('',(#7269,#7270,#7271,#7272));
#1478=EDGE_LOOP('',(#7273,#7274,#7275,#7276));
#1479=EDGE_LOOP('',(#7277,#7278,#7279,#7280));
#1480=EDGE_LOOP('',(#7281,#7282,#7283,#7284));
#1481=EDGE_LOOP('',(#7285,#7286,#7287,#7288));
#1482=EDGE_LOOP('',(#7289,#7290,#7291,#7292));
#1483=EDGE_LOOP('',(#7293,#7294,#7295,#7296));
#1484=EDGE_LOOP('',(#7297,#7298,#7299,#7300));
#1485=EDGE_LOOP('',(#7301,#7302,#7303,#7304));
#1486=EDGE_LOOP('',(#7305,#7306,#7307,#7308));
#1487=EDGE_LOOP('',(#7309,#7310,#7311,#7312));
#1488=EDGE_LOOP('',(#7313,#7314,#7315,#7316));
#1489=EDGE_LOOP('',(#7317,#7318,#7319,#7320));
#1490=EDGE_LOOP('',(#7321,#7322,#7323,#7324));
#1491=EDGE_LOOP('',(#7325,#7326,#7327,#7328));
#1492=EDGE_LOOP('',(#7329,#7330,#7331,#7332));
#1493=EDGE_LOOP('',(#7333,#7334,#7335,#7336));
#1494=EDGE_LOOP('',(#7337,#7338,#7339,#7340,#7341,#7342,#7343,#7344,#7345,
#7346,#7347,#7348,#7349,#7350,#7351,#7352,#7353,#7354,#7355,#7356,#7357,
#7358,#7359,#7360,#7361,#7362,#7363,#7364,#7365,#7366,#7367,#7368,#7369,
#7370,#7371,#7372,#7373,#7374,#7375,#7376,#7377,#7378,#7379,#7380,#7381,
#7382,#7383,#7384,#7385,#7386,#7387,#7388,#7389,#7390,#7391,#7392,#7393,
#7394,#7395,#7396,#7397,#7398,#7399,#7400,#7401,#7402));
#1495=EDGE_LOOP('',(#7403,#7404,#7405,#7406,#7407,#7408,#7409,#7410,#7411,
#7412,#7413,#7414,#7415,#7416,#7417));
#1496=EDGE_LOOP('',(#7418,#7419,#7420,#7421,#7422,#7423,#7424,#7425,#7426,
#7427,#7428,#7429,#7430,#7431,#7432,#7433,#7434,#7435,#7436,#7437,#7438,
#7439,#7440,#7441,#7442,#7443));
#1497=EDGE_LOOP('',(#7444,#7445,#7446,#7447));
#1498=EDGE_LOOP('',(#7448,#7449,#7450,#7451));
#1499=EDGE_LOOP('',(#7452,#7453,#7454,#7455));
#1500=EDGE_LOOP('',(#7456,#7457,#7458,#7459));
#1501=EDGE_LOOP('',(#7460,#7461,#7462,#7463));
#1502=EDGE_LOOP('',(#7464,#7465,#7466,#7467));
#1503=EDGE_LOOP('',(#7468,#7469,#7470,#7471,#7472,#7473,#7474,#7475,#7476,
#7477));
#1504=EDGE_LOOP('',(#7478,#7479,#7480,#7481,#7482,#7483,#7484,#7485,#7486,
#7487,#7488,#7489,#7490,#7491,#7492,#7493,#7494,#7495,#7496,#7497,#7498,
#7499,#7500,#7501,#7502,#7503,#7504,#7505,#7506,#7507,#7508,#7509,#7510,
#7511,#7512,#7513,#7514,#7515,#7516,#7517,#7518,#7519,#7520,#7521,#7522,
#7523,#7524,#7525,#7526,#7527,#7528,#7529,#7530,#7531,#7532,#7533,#7534,
#7535,#7536,#7537,#7538,#7539,#7540,#7541,#7542,#7543,#7544,#7545,#7546,
#7547,#7548,#7549,#7550,#7551,#7552,#7553,#7554,#7555,#7556,#7557,#7558,
#7559,#7560,#7561,#7562,#7563,#7564,#7565,#7566,#7567,#7568,#7569,#7570,
#7571,#7572,#7573));
#1505=EDGE_LOOP('',(#7574));
#1506=EDGE_LOOP('',(#7575));
#1507=EDGE_LOOP('',(#7576));
#1508=EDGE_LOOP('',(#7577));
#1509=EDGE_LOOP('',(#7578));
#1510=EDGE_LOOP('',(#7579));
#1511=EDGE_LOOP('',(#7580));
#1512=EDGE_LOOP('',(#7581));
#1513=EDGE_LOOP('',(#7582,#7583,#7584,#7585));
#1514=EDGE_LOOP('',(#7586,#7587,#7588,#7589));
#1515=EDGE_LOOP('',(#7590,#7591,#7592,#7593));
#1516=EDGE_LOOP('',(#7594,#7595,#7596,#7597));
#1517=EDGE_LOOP('',(#7598,#7599,#7600,#7601));
#1518=EDGE_LOOP('',(#7602));
#1519=EDGE_LOOP('',(#7603,#7604,#7605,#7606));
#1520=EDGE_LOOP('',(#7607));
#1521=EDGE_LOOP('',(#7608,#7609,#7610,#7611));
#1522=EDGE_LOOP('',(#7612));
#1523=EDGE_LOOP('',(#7613,#7614,#7615,#7616));
#1524=EDGE_LOOP('',(#7617));
#1525=EDGE_LOOP('',(#7618,#7619,#7620,#7621));
#1526=EDGE_LOOP('',(#7622));
#1527=EDGE_LOOP('',(#7623,#7624,#7625,#7626));
#1528=EDGE_LOOP('',(#7627));
#1529=EDGE_LOOP('',(#7628,#7629,#7630,#7631));
#1530=EDGE_LOOP('',(#7632));
#1531=EDGE_LOOP('',(#7633,#7634,#7635,#7636));
#1532=EDGE_LOOP('',(#7637));
#1533=EDGE_LOOP('',(#7638,#7639,#7640,#7641));
#1534=EDGE_LOOP('',(#7642,#7643,#7644,#7645));
#1535=EDGE_LOOP('',(#7646,#7647,#7648,#7649));
#1536=EDGE_LOOP('',(#7650,#7651,#7652,#7653));
#1537=EDGE_LOOP('',(#7654,#7655,#7656,#7657));
#1538=EDGE_LOOP('',(#7658,#7659,#7660,#7661));
#1539=EDGE_LOOP('',(#7662,#7663,#7664,#7665));
#1540=EDGE_LOOP('',(#7666,#7667,#7668,#7669));
#1541=EDGE_LOOP('',(#7670,#7671,#7672,#7673));
#1542=EDGE_LOOP('',(#7674,#7675,#7676,#7677));
#1543=EDGE_LOOP('',(#7678,#7679,#7680,#7681));
#1544=EDGE_LOOP('',(#7682,#7683,#7684,#7685));
#1545=EDGE_LOOP('',(#7686,#7687,#7688,#7689));
#1546=EDGE_LOOP('',(#7690,#7691,#7692,#7693));
#1547=EDGE_LOOP('',(#7694,#7695,#7696,#7697));
#1548=EDGE_LOOP('',(#7698,#7699,#7700,#7701,#7702,#7703,#7704,#7705,#7706,
#7707));
#1549=EDGE_LOOP('',(#7708));
#1550=EDGE_LOOP('',(#7709,#7710,#7711,#7712));
#1551=EDGE_LOOP('',(#7713,#7714,#7715,#7716));
#1552=EDGE_LOOP('',(#7717,#7718,#7719,#7720));
#1553=EDGE_LOOP('',(#7721,#7722,#7723,#7724));
#1554=EDGE_LOOP('',(#7725,#7726,#7727,#7728));
#1555=EDGE_LOOP('',(#7729,#7730,#7731,#7732));
#1556=EDGE_LOOP('',(#7733,#7734,#7735,#7736));
#1557=EDGE_LOOP('',(#7737,#7738,#7739,#7740));
#1558=EDGE_LOOP('',(#7741,#7742,#7743,#7744));
#1559=EDGE_LOOP('',(#7745,#7746,#7747,#7748,#7749,#7750));
#1560=EDGE_LOOP('',(#7751,#7752,#7753,#7754));
#1561=EDGE_LOOP('',(#7755,#7756,#7757,#7758,#7759,#7760,#7761,#7762,#7763,
#7764,#7765,#7766,#7767,#7768,#7769,#7770,#7771,#7772,#7773,#7774,#7775,
#7776,#7777,#7778,#7779,#7780,#7781,#7782,#7783,#7784,#7785,#7786,#7787,
#7788,#7789,#7790,#7791,#7792,#7793,#7794,#7795,#7796,#7797,#7798,#7799,
#7800));
#1562=EDGE_LOOP('',(#7801,#7802,#7803,#7804));
#1563=EDGE_LOOP('',(#7805,#7806,#7807,#7808));
#1564=EDGE_LOOP('',(#7809,#7810,#7811,#7812));
#1565=EDGE_LOOP('',(#7813,#7814,#7815,#7816));
#1566=EDGE_LOOP('',(#7817,#7818,#7819,#7820));
#1567=EDGE_LOOP('',(#7821,#7822,#7823,#7824));
#1568=EDGE_LOOP('',(#7825,#7826,#7827,#7828));
#1569=EDGE_LOOP('',(#7829,#7830,#7831,#7832));
#1570=EDGE_LOOP('',(#7833,#7834,#7835,#7836));
#1571=EDGE_LOOP('',(#7837,#7838,#7839,#7840));
#1572=EDGE_LOOP('',(#7841,#7842,#7843,#7844));
#1573=EDGE_LOOP('',(#7845,#7846,#7847,#7848));
#1574=EDGE_LOOP('',(#7849,#7850,#7851,#7852,#7853,#7854,#7855,#7856,#7857,
#7858));
#1575=EDGE_LOOP('',(#7859));
#1576=EDGE_LOOP('',(#7860,#7861,#7862,#7863,#7864,#7865,#7866,#7867,#7868,
#7869));
#1577=EDGE_LOOP('',(#7870));
#1578=EDGE_LOOP('',(#7871,#7872,#7873,#7874));
#1579=EDGE_LOOP('',(#7875,#7876,#7877,#7878));
#1580=EDGE_LOOP('',(#7879,#7880,#7881,#7882));
#1581=EDGE_LOOP('',(#7883,#7884,#7885,#7886));
#1582=EDGE_LOOP('',(#7887,#7888,#7889,#7890));
#1583=EDGE_LOOP('',(#7891,#7892,#7893,#7894));
#1584=EDGE_LOOP('',(#7895,#7896,#7897,#7898));
#1585=EDGE_LOOP('',(#7899,#7900,#7901,#7902));
#1586=EDGE_LOOP('',(#7903,#7904,#7905,#7906));
#1587=EDGE_LOOP('',(#7907,#7908,#7909,#7910));
#1588=EDGE_LOOP('',(#7911,#7912,#7913,#7914));
#1589=EDGE_LOOP('',(#7915,#7916,#7917,#7918));
#1590=EDGE_LOOP('',(#7919,#7920,#7921,#7922));
#1591=EDGE_LOOP('',(#7923,#7924,#7925,#7926));
#1592=EDGE_LOOP('',(#7927,#7928,#7929,#7930));
#1593=EDGE_LOOP('',(#7931,#7932,#7933,#7934));
#1594=EDGE_LOOP('',(#7935,#7936,#7937,#7938));
#1595=EDGE_LOOP('',(#7939,#7940,#7941,#7942));
#1596=EDGE_LOOP('',(#7943,#7944,#7945,#7946));
#1597=EDGE_LOOP('',(#7947,#7948,#7949,#7950));
#1598=EDGE_LOOP('',(#7951,#7952,#7953,#7954));
#1599=EDGE_LOOP('',(#7955,#7956,#7957,#7958));
#1600=EDGE_LOOP('',(#7959,#7960,#7961,#7962));
#1601=EDGE_LOOP('',(#7963,#7964,#7965,#7966));
#1602=EDGE_LOOP('',(#7967,#7968,#7969,#7970));
#1603=EDGE_LOOP('',(#7971,#7972,#7973,#7974));
#1604=EDGE_LOOP('',(#7975,#7976,#7977,#7978));
#1605=EDGE_LOOP('',(#7979,#7980,#7981,#7982));
#1606=EDGE_LOOP('',(#7983,#7984,#7985,#7986));
#1607=EDGE_LOOP('',(#7987,#7988,#7989,#7990,#7991,#7992,#7993,#7994,#7995,
#7996,#7997,#7998,#7999,#8000,#8001,#8002));
#1608=EDGE_LOOP('',(#8003,#8004,#8005,#8006));
#1609=EDGE_LOOP('',(#8007,#8008,#8009,#8010));
#1610=EDGE_LOOP('',(#8011,#8012,#8013,#8014));
#1611=EDGE_LOOP('',(#8015,#8016,#8017,#8018));
#1612=EDGE_LOOP('',(#8019,#8020,#8021,#8022));
#1613=EDGE_LOOP('',(#8023,#8024,#8025,#8026));
#1614=EDGE_LOOP('',(#8027,#8028,#8029,#8030));
#1615=EDGE_LOOP('',(#8031,#8032,#8033,#8034));
#1616=EDGE_LOOP('',(#8035,#8036,#8037,#8038));
#1617=EDGE_LOOP('',(#8039,#8040,#8041,#8042));
#1618=EDGE_LOOP('',(#8043,#8044,#8045,#8046));
#1619=EDGE_LOOP('',(#8047,#8048,#8049,#8050));
#1620=EDGE_LOOP('',(#8051,#8052,#8053,#8054));
#1621=EDGE_LOOP('',(#8055,#8056,#8057,#8058));
#1622=EDGE_LOOP('',(#8059,#8060,#8061,#8062));
#1623=EDGE_LOOP('',(#8063,#8064,#8065,#8066));
#1624=EDGE_LOOP('',(#8067,#8068,#8069,#8070));
#1625=EDGE_LOOP('',(#8071,#8072,#8073,#8074));
#1626=EDGE_LOOP('',(#8075,#8076,#8077,#8078));
#1627=EDGE_LOOP('',(#8079,#8080,#8081,#8082));
#1628=EDGE_LOOP('',(#8083,#8084,#8085,#8086));
#1629=EDGE_LOOP('',(#8087,#8088,#8089,#8090));
#1630=EDGE_LOOP('',(#8091,#8092,#8093,#8094));
#1631=EDGE_LOOP('',(#8095,#8096,#8097,#8098));
#1632=EDGE_LOOP('',(#8099,#8100,#8101,#8102));
#1633=EDGE_LOOP('',(#8103,#8104,#8105,#8106));
#1634=EDGE_LOOP('',(#8107,#8108,#8109,#8110));
#1635=EDGE_LOOP('',(#8111,#8112,#8113,#8114));
#1636=EDGE_LOOP('',(#8115,#8116,#8117,#8118));
#1637=EDGE_LOOP('',(#8119,#8120,#8121,#8122));
#1638=EDGE_LOOP('',(#8123,#8124,#8125,#8126));
#1639=EDGE_LOOP('',(#8127,#8128,#8129,#8130));
#1640=EDGE_LOOP('',(#8131,#8132,#8133,#8134));
#1641=EDGE_LOOP('',(#8135,#8136,#8137,#8138));
#1642=EDGE_LOOP('',(#8139,#8140,#8141,#8142,#8143,#8144,#8145,#8146));
#1643=EDGE_LOOP('',(#8147,#8148,#8149,#8150,#8151,#8152,#8153,#8154));
#1644=EDGE_LOOP('',(#8155,#8156,#8157,#8158,#8159,#8160,#8161));
#1645=EDGE_LOOP('',(#8162,#8163,#8164,#8165,#8166,#8167,#8168,#8169));
#1646=EDGE_LOOP('',(#8170,#8171,#8172,#8173,#8174,#8175,#8176,#8177));
#1647=EDGE_LOOP('',(#8178,#8179,#8180,#8181,#8182,#8183,#8184,#8185));
#1648=EDGE_LOOP('',(#8186,#8187,#8188,#8189,#8190,#8191,#8192,#8193));
#1649=EDGE_LOOP('',(#8194,#8195,#8196,#8197,#8198,#8199,#8200));
#1650=EDGE_LOOP('',(#8201,#8202,#8203,#8204,#8205,#8206,#8207,#8208));
#1651=EDGE_LOOP('',(#8209,#8210,#8211,#8212,#8213,#8214,#8215,#8216,#8217,
#8218,#8219,#8220,#8221,#8222,#8223,#8224));
#1652=EDGE_LOOP('',(#8225,#8226,#8227,#8228,#8229,#8230,#8231,#8232,#8233,
#8234,#8235,#8236,#8237,#8238,#8239,#8240,#8241,#8242,#8243,#8244,#8245,
#8246,#8247,#8248,#8249,#8250,#8251,#8252,#8253,#8254,#8255,#8256,#8257,
#8258,#8259,#8260,#8261,#8262,#8263,#8264,#8265,#8266,#8267,#8268,#8269,
#8270,#8271,#8272,#8273,#8274,#8275,#8276,#8277,#8278,#8279,#8280,#8281,
#8282,#8283,#8284,#8285,#8286,#8287,#8288,#8289,#8290));
#1653=EDGE_LOOP('',(#8291,#8292,#8293,#8294,#8295,#8296,#8297,#8298));
#1654=EDGE_LOOP('',(#8299,#8300,#8301,#8302,#8303,#8304,#8305,#8306,#8307,
#8308,#8309,#8310,#8311,#8312,#8313,#8314,#8315));
#1655=EDGE_LOOP('',(#8316,#8317,#8318,#8319,#8320,#8321,#8322,#8323,#8324,
#8325,#8326,#8327,#8328,#8329,#8330,#8331,#8332,#8333,#8334,#8335,#8336,
#8337,#8338,#8339,#8340,#8341,#8342,#8343,#8344,#8345));
#1656=EDGE_LOOP('',(#8346,#8347,#8348,#8349,#8350,#8351,#8352,#8353,#8354,
#8355,#8356,#8357));
#1657=EDGE_LOOP('',(#8358,#8359,#8360,#8361,#8362,#8363,#8364,#8365,#8366,
#8367,#8368,#8369,#8370,#8371,#8372,#8373,#8374,#8375,#8376,#8377,#8378,
#8379,#8380,#8381,#8382,#8383));
#1658=EDGE_LOOP('',(#8384,#8385,#8386,#8387,#8388,#8389,#8390,#8391,#8392,
#8393,#8394,#8395,#8396,#8397,#8398,#8399,#8400));
#1659=EDGE_LOOP('',(#8401,#8402,#8403,#8404));
#1660=EDGE_LOOP('',(#8405,#8406,#8407,#8408));
#1661=EDGE_LOOP('',(#8409,#8410,#8411,#8412));
#1662=EDGE_LOOP('',(#8413,#8414,#8415,#8416));
#1663=EDGE_LOOP('',(#8417,#8418,#8419,#8420));
#1664=EDGE_LOOP('',(#8421,#8422,#8423,#8424));
#1665=EDGE_LOOP('',(#8425,#8426,#8427,#8428));
#1666=EDGE_LOOP('',(#8429,#8430,#8431,#8432));
#1667=EDGE_LOOP('',(#8433,#8434,#8435,#8436));
#1668=EDGE_LOOP('',(#8437,#8438,#8439,#8440));
#1669=EDGE_LOOP('',(#8441,#8442,#8443,#8444));
#1670=EDGE_LOOP('',(#8445,#8446,#8447,#8448));
#1671=EDGE_LOOP('',(#8449,#8450,#8451,#8452));
#1672=EDGE_LOOP('',(#8453,#8454,#8455,#8456));
#1673=EDGE_LOOP('',(#8457,#8458,#8459,#8460));
#1674=EDGE_LOOP('',(#8461,#8462,#8463,#8464));
#1675=EDGE_LOOP('',(#8465,#8466,#8467,#8468));
#1676=EDGE_LOOP('',(#8469,#8470,#8471,#8472));
#1677=EDGE_LOOP('',(#8473,#8474,#8475,#8476));
#1678=EDGE_LOOP('',(#8477,#8478,#8479,#8480));
#1679=EDGE_LOOP('',(#8481,#8482,#8483,#8484));
#1680=EDGE_LOOP('',(#8485,#8486,#8487,#8488));
#1681=EDGE_LOOP('',(#8489,#8490,#8491,#8492));
#1682=EDGE_LOOP('',(#8493,#8494,#8495,#8496));
#1683=EDGE_LOOP('',(#8497,#8498,#8499,#8500));
#1684=EDGE_LOOP('',(#8501,#8502,#8503,#8504));
#1685=EDGE_LOOP('',(#8505,#8506,#8507,#8508));
#1686=EDGE_LOOP('',(#8509,#8510,#8511,#8512));
#1687=EDGE_LOOP('',(#8513,#8514,#8515,#8516));
#1688=EDGE_LOOP('',(#8517,#8518,#8519,#8520));
#1689=EDGE_LOOP('',(#8521,#8522,#8523,#8524));
#1690=EDGE_LOOP('',(#8525,#8526,#8527,#8528));
#1691=EDGE_LOOP('',(#8529,#8530,#8531,#8532));
#1692=EDGE_LOOP('',(#8533,#8534,#8535,#8536));
#1693=EDGE_LOOP('',(#8537,#8538,#8539,#8540,#8541,#8542));
#1694=EDGE_LOOP('',(#8543,#8544,#8545,#8546));
#1695=EDGE_LOOP('',(#8547,#8548,#8549,#8550));
#1696=EDGE_LOOP('',(#8551,#8552,#8553,#8554));
#1697=EDGE_LOOP('',(#8555,#8556,#8557,#8558));
#1698=EDGE_LOOP('',(#8559,#8560,#8561,#8562));
#1699=EDGE_LOOP('',(#8563,#8564,#8565,#8566));
#1700=EDGE_LOOP('',(#8567,#8568,#8569,#8570));
#1701=EDGE_LOOP('',(#8571,#8572,#8573,#8574));
#1702=EDGE_LOOP('',(#8575,#8576,#8577,#8578));
#1703=EDGE_LOOP('',(#8579,#8580,#8581,#8582));
#1704=EDGE_LOOP('',(#8583,#8584,#8585,#8586));
#1705=EDGE_LOOP('',(#8587,#8588,#8589,#8590));
#1706=EDGE_LOOP('',(#8591,#8592,#8593,#8594));
#1707=EDGE_LOOP('',(#8595,#8596,#8597,#8598));
#1708=EDGE_LOOP('',(#8599,#8600,#8601,#8602));
#1709=EDGE_LOOP('',(#8603,#8604,#8605,#8606));
#1710=EDGE_LOOP('',(#8607,#8608,#8609,#8610));
#1711=EDGE_LOOP('',(#8611,#8612,#8613,#8614));
#1712=EDGE_LOOP('',(#8615,#8616,#8617,#8618));
#1713=EDGE_LOOP('',(#8619,#8620,#8621,#8622));
#1714=EDGE_LOOP('',(#8623,#8624,#8625,#8626));
#1715=EDGE_LOOP('',(#8627,#8628,#8629,#8630));
#1716=EDGE_LOOP('',(#8631,#8632,#8633,#8634));
#1717=EDGE_LOOP('',(#8635,#8636,#8637,#8638));
#1718=EDGE_LOOP('',(#8639,#8640,#8641,#8642));
#1719=EDGE_LOOP('',(#8643,#8644,#8645,#8646));
#1720=EDGE_LOOP('',(#8647,#8648,#8649,#8650));
#1721=EDGE_LOOP('',(#8651,#8652,#8653,#8654));
#1722=EDGE_LOOP('',(#8655,#8656,#8657,#8658));
#1723=EDGE_LOOP('',(#8659,#8660,#8661,#8662));
#1724=EDGE_LOOP('',(#8663,#8664,#8665,#8666));
#1725=EDGE_LOOP('',(#8667,#8668,#8669,#8670));
#1726=EDGE_LOOP('',(#8671,#8672,#8673,#8674));
#1727=EDGE_LOOP('',(#8675,#8676,#8677,#8678));
#1728=EDGE_LOOP('',(#8679,#8680,#8681,#8682));
#1729=EDGE_LOOP('',(#8683,#8684,#8685,#8686));
#1730=EDGE_LOOP('',(#8687,#8688,#8689,#8690));
#1731=EDGE_LOOP('',(#8691,#8692,#8693,#8694));
#1732=EDGE_LOOP('',(#8695,#8696,#8697,#8698));
#1733=EDGE_LOOP('',(#8699,#8700,#8701,#8702));
#1734=EDGE_LOOP('',(#8703,#8704,#8705,#8706));
#1735=EDGE_LOOP('',(#8707,#8708,#8709,#8710));
#1736=EDGE_LOOP('',(#8711,#8712,#8713,#8714));
#1737=EDGE_LOOP('',(#8715,#8716,#8717,#8718));
#1738=EDGE_LOOP('',(#8719,#8720,#8721,#8722));
#1739=EDGE_LOOP('',(#8723,#8724,#8725,#8726));
#1740=EDGE_LOOP('',(#8727,#8728,#8729,#8730));
#1741=EDGE_LOOP('',(#8731,#8732,#8733,#8734));
#1742=EDGE_LOOP('',(#8735,#8736,#8737,#8738));
#1743=EDGE_LOOP('',(#8739,#8740,#8741,#8742));
#1744=EDGE_LOOP('',(#8743,#8744,#8745,#8746));
#1745=EDGE_LOOP('',(#8747,#8748,#8749,#8750));
#1746=EDGE_LOOP('',(#8751,#8752,#8753,#8754));
#1747=EDGE_LOOP('',(#8755,#8756,#8757,#8758));
#1748=EDGE_LOOP('',(#8759,#8760,#8761,#8762));
#1749=EDGE_LOOP('',(#8763,#8764,#8765,#8766));
#1750=EDGE_LOOP('',(#8767,#8768,#8769,#8770));
#1751=EDGE_LOOP('',(#8771,#8772,#8773,#8774));
#1752=CIRCLE('',#9493,1.5);
#1753=CIRCLE('',#9494,1.5);
#1754=CIRCLE('',#9495,1.5);
#1755=CIRCLE('',#9496,1.5);
#1756=CIRCLE('',#9497,1.5);
#1757=CIRCLE('',#9498,1.5);
#1758=CIRCLE('',#9499,1.5);
#1759=CIRCLE('',#9500,1.5);
#1760=CIRCLE('',#9501,1.5);
#1761=CIRCLE('',#9502,1.5);
#1762=CIRCLE('',#9503,1.5);
#1763=CIRCLE('',#9504,1.5);
#1764=CIRCLE('',#9505,1.5);
#1765=CIRCLE('',#9506,1.5);
#1766=CIRCLE('',#9507,1.5);
#1767=CIRCLE('',#9508,1.5);
#1768=CIRCLE('',#9509,1.5);
#1769=CIRCLE('',#9510,1.5);
#1770=CIRCLE('',#9511,1.5);
#1771=CIRCLE('',#9512,3.00000000000028);
#1772=CIRCLE('',#9513,1.49999999999959);
#1773=CIRCLE('',#9514,1.99999999999999);
#1774=CIRCLE('',#9515,1.99999999999999);
#1775=CIRCLE('',#9516,1.50000000000023);
#1776=CIRCLE('',#9517,2.99999999999999);
#1777=CIRCLE('',#9518,1.5);
#1778=CIRCLE('',#9519,1.5);
#1779=CIRCLE('',#9520,1.5);
#1780=CIRCLE('',#9521,1.5);
#1781=CIRCLE('',#9522,1.5);
#1782=CIRCLE('',#9523,1.5);
#1783=CIRCLE('',#9524,1.5);
#1784=CIRCLE('',#9525,1.5);
#1785=CIRCLE('',#9526,1.5);
#1786=CIRCLE('',#9527,1.5);
#1787=CIRCLE('',#9528,1.5);
#1788=CIRCLE('',#9529,1.5);
#1789=CIRCLE('',#9530,1.5);
#1790=CIRCLE('',#9531,1.5);
#1791=CIRCLE('',#9532,1.5);
#1792=CIRCLE('',#9533,1.5);
#1793=CIRCLE('',#9534,1.5);
#1794=CIRCLE('',#9535,1.5);
#1795=CIRCLE('',#9536,1.5);
#1796=CIRCLE('',#9538,1.5);
#1797=CIRCLE('',#9541,1.5);
#1798=CIRCLE('',#9544,1.5);
#1799=CIRCLE('',#9547,1.5);
#1800=CIRCLE('',#9551,1.5);
#1801=CIRCLE('',#9554,1.5);
#1802=CIRCLE('',#9557,1.5);
#1803=CIRCLE('',#9560,1.5);
#1804=CIRCLE('',#9562,1.5);
#1805=CIRCLE('',#9566,1.5);
#1806=CIRCLE('',#9569,1.5);
#1807=CIRCLE('',#9571,1.5);
#1808=CIRCLE('',#9574,1.5);
#1809=CIRCLE('',#9577,1.5);
#1810=CIRCLE('',#9580,1.5);
#1811=CIRCLE('',#9582,1.5);
#1812=CIRCLE('',#9585,1.5);
#1813=CIRCLE('',#9588,1.5);
#1814=CIRCLE('',#9591,1.5);
#1815=CIRCLE('',#9593,3.);
#1816=CIRCLE('',#9594,2.49999999999998);
#1817=CIRCLE('',#9595,2.5);
#1818=CIRCLE('',#9596,2.49999999999996);
#1819=CIRCLE('',#9597,3.);
#1820=CIRCLE('',#9598,1.03775);
#1821=CIRCLE('',#9600,0.499999999999961);
#1822=CIRCLE('',#9601,2.50000000000005);
#1823=CIRCLE('',#9602,2.5);
#1824=CIRCLE('',#9603,2.50000000000005);
#1825=CIRCLE('',#9604,0.499999999999865);
#1826=CIRCLE('',#9605,1.03775);
#1827=CIRCLE('',#9607,0.500000000000206);
#1828=CIRCLE('',#9608,2.50000000000007);
#1829=CIRCLE('',#9609,2.5);
#1830=CIRCLE('',#9610,2.50000000000007);
#1831=CIRCLE('',#9611,0.499999999999998);
#1832=CIRCLE('',#9612,1.03775);
#1833=CIRCLE('',#9614,0.499999999999842);
#1834=CIRCLE('',#9615,2.49999999999986);
#1835=CIRCLE('',#9616,2.5);
#1836=CIRCLE('',#9617,2.50000000000006);
#1837=CIRCLE('',#9618,0.499999999999838);
#1838=CIRCLE('',#9619,1.03775);
#1839=CIRCLE('',#9621,1.5);
#1840=CIRCLE('',#9624,1.5);
#1841=CIRCLE('',#9627,1.5);
#1842=CIRCLE('',#9630,1.03775);
#1843=CIRCLE('',#9632,1.03775);
#1844=CIRCLE('',#9634,1.03775);
#1845=CIRCLE('',#9636,1.03775);
#1846=CIRCLE('',#9638,1.03775);
#1847=CIRCLE('',#9641,1.03775);
#1848=CIRCLE('',#9644,1.03775);
#1849=CIRCLE('',#9646,1.03775);
#1850=CIRCLE('',#9648,1.03775);
#1851=CIRCLE('',#9651,1.03775);
#1852=CIRCLE('',#9720,1.87999999999998);
#1853=CIRCLE('',#9721,1.37999999999998);
#1854=CIRCLE('',#9725,1.88000000000001);
#1855=CIRCLE('',#9726,1.38);
#1856=CIRCLE('',#9731,3.);
#1857=CIRCLE('',#9732,3.);
#1858=CIRCLE('',#9733,3.);
#1859=CIRCLE('',#9734,3.);
#1860=CIRCLE('',#9735,3.);
#1861=CIRCLE('',#9736,2.50000000000008);
#1862=CIRCLE('',#9737,2.5);
#1863=CIRCLE('',#9738,2.49999999999989);
#1864=CIRCLE('',#9739,3.);
#1865=CIRCLE('',#9740,3.);
#1866=CIRCLE('',#9741,2.49999999999994);
#1867=CIRCLE('',#9742,2.5);
#1868=CIRCLE('',#9743,2.49999999999993);
#1869=CIRCLE('',#9744,3.);
#1870=CIRCLE('',#9745,3.);
#1871=CIRCLE('',#9746,2.49999999999996);
#1872=CIRCLE('',#9747,2.5);
#1873=CIRCLE('',#9748,2.49999999999998);
#1874=CIRCLE('',#9749,3.);
#1875=CIRCLE('',#9750,1.5);
#1876=CIRCLE('',#9751,2.99999999999999);
#1877=CIRCLE('',#9752,1.49999999999999);
#1878=CIRCLE('',#9753,2.);
#1879=CIRCLE('',#9754,0.499999999999865);
#1880=CIRCLE('',#9755,2.50000000000005);
#1881=CIRCLE('',#9756,2.5);
#1882=CIRCLE('',#9757,2.50000000000005);
#1883=CIRCLE('',#9758,0.499999999999961);
#1884=CIRCLE('',#9759,0.499999999999998);
#1885=CIRCLE('',#9760,2.50000000000007);
#1886=CIRCLE('',#9761,2.5);
#1887=CIRCLE('',#9762,2.50000000000007);
#1888=CIRCLE('',#9763,0.500000000000206);
#1889=CIRCLE('',#9764,0.499999999999838);
#1890=CIRCLE('',#9765,2.50000000000006);
#1891=CIRCLE('',#9766,2.5);
#1892=CIRCLE('',#9767,2.49999999999986);
#1893=CIRCLE('',#9768,0.499999999999842);
#1894=CIRCLE('',#9769,2.);
#1895=CIRCLE('',#9770,1.49999999999959);
#1896=CIRCLE('',#9771,2.99999999999999);
#1897=CIRCLE('',#9772,1.5);
#1898=CIRCLE('',#9773,3.);
#1899=CIRCLE('',#9774,2.49999999999976);
#1900=CIRCLE('',#9775,2.5);
#1901=CIRCLE('',#9776,2.49999999999967);
#1902=CIRCLE('',#9777,3.);
#1903=CIRCLE('',#9778,1.2645);
#1904=CIRCLE('',#9779,1.2645);
#1905=CIRCLE('',#9780,1.2645);
#1906=CIRCLE('',#9781,1.2645);
#1907=CIRCLE('',#9782,1.2645);
#1908=CIRCLE('',#9783,1.2645);
#1909=CIRCLE('',#9784,1.2645);
#1910=CIRCLE('',#9785,1.2645);
#1911=CIRCLE('',#9788,1.37999999999998);
#1912=CIRCLE('',#9791,1.38);
#1913=CIRCLE('',#9793,1.2645);
#1914=CIRCLE('',#9796,1.2645);
#1915=CIRCLE('',#9799,1.2645);
#1916=CIRCLE('',#9802,1.2645);
#1917=CIRCLE('',#9805,1.2645);
#1918=CIRCLE('',#9808,1.2645);
#1919=CIRCLE('',#9811,1.2645);
#1920=CIRCLE('',#9814,1.2645);
#1921=CIRCLE('',#9819,2.5);
#1922=CIRCLE('',#9821,2.5);
#1923=CIRCLE('',#9823,2.5);
#1924=CIRCLE('',#9835,3.);
#1925=CIRCLE('',#9836,2.49999999999993);
#1926=CIRCLE('',#9837,2.49999999999994);
#1927=CIRCLE('',#9838,3.);
#1928=CIRCLE('',#9849,1.5);
#1929=CIRCLE('',#9857,3.);
#1930=CIRCLE('',#9859,3.);
#1931=CIRCLE('',#9861,3.);
#1932=CIRCLE('',#9863,3.);
#1933=CIRCLE('',#9869,2.49999999999967);
#1934=CIRCLE('',#9870,2.49999999999976);
#1935=CIRCLE('',#9872,2.49999999999989);
#1936=CIRCLE('',#9873,2.50000000000008);
#1937=CIRCLE('',#9882,1.5);
#1938=CIRCLE('',#9884,1.5);
#1939=CIRCLE('',#9887,1.5);
#1940=CIRCLE('',#9890,1.5);
#1941=CIRCLE('',#9893,1.5);
#1942=CIRCLE('',#9896,1.5);
#1943=CIRCLE('',#9899,1.5);
#1944=CIRCLE('',#9932,1.5);
#1945=CIRCLE('',#9935,1.5);
#1946=CIRCLE('',#9937,0.999999999999979);
#1947=CIRCLE('',#9938,2.);
#1948=CIRCLE('',#9939,1.);
#1949=CIRCLE('',#9940,3.);
#1950=CIRCLE('',#9942,1.);
#1951=CIRCLE('',#9944,1.);
#1952=CIRCLE('',#9945,3.);
#1953=CIRCLE('',#9946,2.);
#1954=CIRCLE('',#9948,1.);
#1955=CIRCLE('',#9950,1.);
#1956=CIRCLE('',#9951,3.);
#1957=CIRCLE('',#9952,2.);
#1958=CIRCLE('',#9954,1.);
#1959=CIRCLE('',#9956,1.);
#1960=CIRCLE('',#9957,3.);
#1961=CIRCLE('',#9958,2.);
#1962=CIRCLE('',#9964,2.);
#1963=CIRCLE('',#9965,2.00000000000001);
#1964=CIRCLE('',#9966,2.00000000000001);
#1965=CIRCLE('',#9967,2.);
#1966=CIRCLE('',#9968,2.);
#1967=CIRCLE('',#9969,2.);
#1968=CIRCLE('',#9970,2.);
#1969=CIRCLE('',#9971,2.);
#1970=CIRCLE('',#9972,2.);
#1971=CIRCLE('',#9973,2.);
#1972=CIRCLE('',#9974,2.);
#1973=CIRCLE('',#9975,2.);
#1974=CIRCLE('',#9976,2.);
#1975=CIRCLE('',#9977,2.);
#1976=CIRCLE('',#9978,2.);
#1977=CIRCLE('',#9979,2.00000000000001);
#1978=CIRCLE('',#9980,2.00000000000001);
#1979=CIRCLE('',#9981,2.);
#1980=CIRCLE('',#9982,2.);
#1981=CIRCLE('',#9983,2.);
#1982=CIRCLE('',#9984,2.);
#1983=CIRCLE('',#9985,2.00000000000002);
#1984=CIRCLE('',#9986,2.00000000000001);
#1985=CIRCLE('',#9987,2.);
#1986=CIRCLE('',#9988,2.);
#1987=CIRCLE('',#9989,2.);
#1988=CIRCLE('',#9990,2.00000000000002);
#1989=CIRCLE('',#9991,2.00000000000001);
#1990=CIRCLE('',#9992,2.);
#1991=CIRCLE('',#9993,2.);
#1992=CIRCLE('',#9994,1.);
#1993=CIRCLE('',#9995,2.);
#1994=CIRCLE('',#9996,2.);
#1995=CIRCLE('',#9997,1.);
#1996=CIRCLE('',#9998,2.00000000000001);
#1997=CIRCLE('',#9999,2.00000000000001);
#1998=CIRCLE('',#10000,2.);
#1999=CIRCLE('',#10001,2.);
#2000=CIRCLE('',#10029,1.5);
#2001=CIRCLE('',#10032,1.5);
#2002=CIRCLE('',#10035,1.5);
#2003=CIRCLE('',#10042,1.5);
#2004=CIRCLE('',#10045,1.5);
#2005=CIRCLE('',#10048,1.5);
#2006=LINE('',#12153,#2834);
#2007=LINE('',#12157,#2835);
#2008=LINE('',#12161,#2836);
#2009=LINE('',#12165,#2837);
#2010=LINE('',#12169,#2838);
#2011=LINE('',#12173,#2839);
#2012=LINE('',#12177,#2840);
#2013=LINE('',#12181,#2841);
#2014=LINE('',#12185,#2842);
#2015=LINE('',#12189,#2843);
#2016=LINE('',#12193,#2844);
#2017=LINE('',#12197,#2845);
#2018=LINE('',#12199,#2846);
#2019=LINE('',#12203,#2847);
#2020=LINE('',#12207,#2848);
#2021=LINE('',#12211,#2849);
#2022=LINE('',#12213,#2850);
#2023=LINE('',#12217,#2851);
#2024=LINE('',#12221,#2852);
#2025=LINE('',#12225,#2853);
#2026=LINE('',#12229,#2854);
#2027=LINE('',#12237,#2855);
#2028=LINE('',#12241,#2856);
#2029=LINE('',#12245,#2857);
#2030=LINE('',#12253,#2858);
#2031=LINE('',#12257,#2859);
#2032=LINE('',#12263,#2860);
#2033=LINE('',#12267,#2861);
#2034=LINE('',#12271,#2862);
#2035=LINE('',#12275,#2863);
#2036=LINE('',#12279,#2864);
#2037=LINE('',#12283,#2865);
#2038=LINE('',#12287,#2866);
#2039=LINE('',#12290,#2867);
#2040=LINE('',#12295,#2868);
#2041=LINE('',#12299,#2869);
#2042=LINE('',#12303,#2870);
#2043=LINE('',#12306,#2871);
#2044=LINE('',#12311,#2872);
#2045=LINE('',#12315,#2873);
#2046=LINE('',#12319,#2874);
#2047=LINE('',#12322,#2875);
#2048=LINE('',#12325,#2876);
#2049=LINE('',#12328,#2877);
#2050=LINE('',#12331,#2878);
#2051=LINE('',#12332,#2879);
#2052=LINE('',#12335,#2880);
#2053=LINE('',#12339,#2881);
#2054=LINE('',#12340,#2882);
#2055=LINE('',#12343,#2883);
#2056=LINE('',#12346,#2884);
#2057=LINE('',#12349,#2885);
#2058=LINE('',#12350,#2886);
#2059=LINE('',#12353,#2887);
#2060=LINE('',#12357,#2888);
#2061=LINE('',#12358,#2889);
#2062=LINE('',#12361,#2890);
#2063=LINE('',#12363,#2891);
#2064=LINE('',#12364,#2892);
#2065=LINE('',#12367,#2893);
#2066=LINE('',#12371,#2894);
#2067=LINE('',#12372,#2895);
#2068=LINE('',#12375,#2896);
#2069=LINE('',#12379,#2897);
#2070=LINE('',#12380,#2898);
#2071=LINE('',#12383,#2899);
#2072=LINE('',#12387,#2900);
#2073=LINE('',#12388,#2901);
#2074=LINE('',#12391,#2902);
#2075=LINE('',#12395,#2903);
#2076=LINE('',#12398,#2904);
#2077=LINE('',#12401,#2905);
#2078=LINE('',#12402,#2906);
#2079=LINE('',#12405,#2907);
#2080=LINE('',#12406,#2908);
#2081=LINE('',#12409,#2909);
#2082=LINE('',#12413,#2910);
#2083=LINE('',#12414,#2911);
#2084=LINE('',#12417,#2912);
#2085=LINE('',#12421,#2913);
#2086=LINE('',#12424,#2914);
#2087=LINE('',#12427,#2915);
#2088=LINE('',#12428,#2916);
#2089=LINE('',#12431,#2917);
#2090=LINE('',#12435,#2918);
#2091=LINE('',#12436,#2919);
#2092=LINE('',#12439,#2920);
#2093=LINE('',#12443,#2921);
#2094=LINE('',#12444,#2922);
#2095=LINE('',#12447,#2923);
#2096=LINE('',#12451,#2924);
#2097=LINE('',#12454,#2925);
#2098=LINE('',#12457,#2926);
#2099=LINE('',#12458,#2927);
#2100=LINE('',#12461,#2928);
#2101=LINE('',#12465,#2929);
#2102=LINE('',#12466,#2930);
#2103=LINE('',#12469,#2931);
#2104=LINE('',#12473,#2932);
#2105=LINE('',#12474,#2933);
#2106=LINE('',#12477,#2934);
#2107=LINE('',#12482,#2935);
#2108=LINE('',#12486,#2936);
#2109=LINE('',#12490,#2937);
#2110=LINE('',#12494,#2938);
#2111=LINE('',#12498,#2939);
#2112=LINE('',#12505,#2940);
#2113=LINE('',#12509,#2941);
#2114=LINE('',#12513,#2942);
#2115=LINE('',#12517,#2943);
#2116=LINE('',#12521,#2944);
#2117=LINE('',#12528,#2945);
#2118=LINE('',#12532,#2946);
#2119=LINE('',#12536,#2947);
#2120=LINE('',#12540,#2948);
#2121=LINE('',#12544,#2949);
#2122=LINE('',#12551,#2950);
#2123=LINE('',#12555,#2951);
#2124=LINE('',#12559,#2952);
#2125=LINE('',#12563,#2953);
#2126=LINE('',#12567,#2954);
#2127=LINE('',#12573,#2955);
#2128=LINE('',#12576,#2956);
#2129=LINE('',#12579,#2957);
#2130=LINE('',#12580,#2958);
#2131=LINE('',#12583,#2959);
#2132=LINE('',#12587,#2960);
#2133=LINE('',#12588,#2961);
#2134=LINE('',#12591,#2962);
#2135=LINE('',#12595,#2963);
#2136=LINE('',#12596,#2964);
#2137=LINE('',#12601,#2965);
#2138=LINE('',#12605,#2966);
#2139=LINE('',#12610,#2967);
#2140=LINE('',#12614,#2968);
#2141=LINE('',#12619,#2969);
#2142=LINE('',#12621,#2970);
#2143=LINE('',#12626,#2971);
#2144=LINE('',#12628,#2972);
#2145=LINE('',#12633,#2973);
#2146=LINE('',#12637,#2974);
#2147=LINE('',#12642,#2975);
#2148=LINE('',#12644,#2976);
#2149=LINE('',#12649,#2977);
#2150=LINE('',#12651,#2978);
#2151=LINE('',#12664,#2979);
#2152=LINE('',#12669,#2980);
#2153=LINE('',#12672,#2981);
#2154=LINE('',#12674,#2982);
#2155=LINE('',#12675,#2983);
#2156=LINE('',#12678,#2984);
#2157=LINE('',#12680,#2985);
#2158=LINE('',#12681,#2986);
#2159=LINE('',#12684,#2987);
#2160=LINE('',#12686,#2988);
#2161=LINE('',#12687,#2989);
#2162=LINE('',#12699,#2990);
#2163=LINE('',#12714,#2991);
#2164=LINE('',#12720,#2992);
#2165=LINE('',#12722,#2993);
#2166=LINE('',#12723,#2994);
#2167=LINE('',#12726,#2995);
#2168=LINE('',#12728,#2996);
#2169=LINE('',#12729,#2997);
#2170=LINE('',#12732,#2998);
#2171=LINE('',#12734,#2999);
#2172=LINE('',#12735,#3000);
#2173=LINE('',#12738,#3001);
#2174=LINE('',#12740,#3002);
#2175=LINE('',#12741,#3003);
#2176=LINE('',#12744,#3004);
#2177=LINE('',#12746,#3005);
#2178=LINE('',#12747,#3006);
#2179=LINE('',#12750,#3007);
#2180=LINE('',#12752,#3008);
#2181=LINE('',#12753,#3009);
#2182=LINE('',#12756,#3010);
#2183=LINE('',#12758,#3011);
#2184=LINE('',#12759,#3012);
#2185=LINE('',#12762,#3013);
#2186=LINE('',#12764,#3014);
#2187=LINE('',#12765,#3015);
#2188=LINE('',#12768,#3016);
#2189=LINE('',#12770,#3017);
#2190=LINE('',#12771,#3018);
#2191=LINE('',#12774,#3019);
#2192=LINE('',#12776,#3020);
#2193=LINE('',#12777,#3021);
#2194=LINE('',#12803,#3022);
#2195=LINE('',#12808,#3023);
#2196=LINE('',#12820,#3024);
#2197=LINE('',#12835,#3025);
#2198=LINE('',#12850,#3026);
#2199=LINE('',#12865,#3027);
#2200=LINE('',#12871,#3028);
#2201=LINE('',#12873,#3029);
#2202=LINE('',#12874,#3030);
#2203=LINE('',#12886,#3031);
#2204=LINE('',#12901,#3032);
#2205=LINE('',#12916,#3033);
#2206=LINE('',#12931,#3034);
#2207=LINE('',#12946,#3035);
#2208=LINE('',#12961,#3036);
#2209=LINE('',#12976,#3037);
#2210=LINE('',#12991,#3038);
#2211=LINE('',#13006,#3039);
#2212=LINE('',#13021,#3040);
#2213=LINE('',#13036,#3041);
#2214=LINE('',#13051,#3042);
#2215=LINE('',#13057,#3043);
#2216=LINE('',#13059,#3044);
#2217=LINE('',#13060,#3045);
#2218=LINE('',#13072,#3046);
#2219=LINE('',#13087,#3047);
#2220=LINE('',#13102,#3048);
#2221=LINE('',#13117,#3049);
#2222=LINE('',#13132,#3050);
#2223=LINE('',#13147,#3051);
#2224=LINE('',#13175,#3052);
#2225=LINE('',#13180,#3053);
#2226=LINE('',#13192,#3054);
#2227=LINE('',#13207,#3055);
#2228=LINE('',#13222,#3056);
#2229=LINE('',#13228,#3057);
#2230=LINE('',#13230,#3058);
#2231=LINE('',#13231,#3059);
#2232=LINE('',#13243,#3060);
#2233=LINE('',#13258,#3061);
#2234=LINE('',#13273,#3062);
#2235=LINE('',#13288,#3063);
#2236=LINE('',#13303,#3064);
#2237=LINE('',#13318,#3065);
#2238=LINE('',#13333,#3066);
#2239=LINE('',#13348,#3067);
#2240=LINE('',#13363,#3068);
#2241=LINE('',#13378,#3069);
#2242=LINE('',#13393,#3070);
#2243=LINE('',#13408,#3071);
#2244=LINE('',#13414,#3072);
#2245=LINE('',#13416,#3073);
#2246=LINE('',#13417,#3074);
#2247=LINE('',#13429,#3075);
#2248=LINE('',#13444,#3076);
#2249=LINE('',#13459,#3077);
#2250=LINE('',#13474,#3078);
#2251=LINE('',#13489,#3079);
#2252=LINE('',#13504,#3080);
#2253=LINE('',#13519,#3081);
#2254=LINE('',#13539,#3082);
#2255=LINE('',#13541,#3083);
#2256=LINE('',#13543,#3084);
#2257=LINE('',#13544,#3085);
#2258=LINE('',#13547,#3086);
#2259=LINE('',#13549,#3087);
#2260=LINE('',#13550,#3088);
#2261=LINE('',#13553,#3089);
#2262=LINE('',#13555,#3090);
#2263=LINE('',#13556,#3091);
#2264=LINE('',#13559,#3092);
#2265=LINE('',#13561,#3093);
#2266=LINE('',#13562,#3094);
#2267=LINE('',#13565,#3095);
#2268=LINE('',#13567,#3096);
#2269=LINE('',#13568,#3097);
#2270=LINE('',#13571,#3098);
#2271=LINE('',#13573,#3099);
#2272=LINE('',#13574,#3100);
#2273=LINE('',#13577,#3101);
#2274=LINE('',#13579,#3102);
#2275=LINE('',#13580,#3103);
#2276=LINE('',#13583,#3104);
#2277=LINE('',#13585,#3105);
#2278=LINE('',#13586,#3106);
#2279=LINE('',#13589,#3107);
#2280=LINE('',#13591,#3108);
#2281=LINE('',#13592,#3109);
#2282=LINE('',#13595,#3110);
#2283=LINE('',#13597,#3111);
#2284=LINE('',#13598,#3112);
#2285=LINE('',#13601,#3113);
#2286=LINE('',#13603,#3114);
#2287=LINE('',#13604,#3115);
#2288=LINE('',#13606,#3116);
#2289=LINE('',#13607,#3117);
#2290=LINE('',#13621,#3118);
#2291=LINE('',#13626,#3119);
#2292=LINE('',#13638,#3120);
#2293=LINE('',#13653,#3121);
#2294=LINE('',#13668,#3122);
#2295=LINE('',#13674,#3123);
#2296=LINE('',#13676,#3124);
#2297=LINE('',#13677,#3125);
#2298=LINE('',#13680,#3126);
#2299=LINE('',#13682,#3127);
#2300=LINE('',#13683,#3128);
#2301=LINE('',#13686,#3129);
#2302=LINE('',#13688,#3130);
#2303=LINE('',#13689,#3131);
#2304=LINE('',#13701,#3132);
#2305=LINE('',#13716,#3133);
#2306=LINE('',#13731,#3134);
#2307=LINE('',#13746,#3135);
#2308=LINE('',#13761,#3136);
#2309=LINE('',#13776,#3137);
#2310=LINE('',#13791,#3138);
#2311=LINE('',#13806,#3139);
#2312=LINE('',#13821,#3140);
#2313=LINE('',#13836,#3141);
#2314=LINE('',#13851,#3142);
#2315=LINE('',#13866,#3143);
#2316=LINE('',#13872,#3144);
#2317=LINE('',#13874,#3145);
#2318=LINE('',#13875,#3146);
#2319=LINE('',#13878,#3147);
#2320=LINE('',#13880,#3148);
#2321=LINE('',#13881,#3149);
#2322=LINE('',#13884,#3150);
#2323=LINE('',#13886,#3151);
#2324=LINE('',#13887,#3152);
#2325=LINE('',#13899,#3153);
#2326=LINE('',#13914,#3154);
#2327=LINE('',#13929,#3155);
#2328=LINE('',#13944,#3156);
#2329=LINE('',#13959,#3157);
#2330=LINE('',#13974,#3158);
#2331=LINE('',#13989,#3159);
#2332=LINE('',#14018,#3160);
#2333=LINE('',#14023,#3161);
#2334=LINE('',#14035,#3162);
#2335=LINE('',#14050,#3163);
#2336=LINE('',#14065,#3164);
#2337=LINE('',#14080,#3165);
#2338=LINE('',#14095,#3166);
#2339=LINE('',#14110,#3167);
#2340=LINE('',#14125,#3168);
#2341=LINE('',#14140,#3169);
#2342=LINE('',#14155,#3170);
#2343=LINE('',#14170,#3171);
#2344=LINE('',#14185,#3172);
#2345=LINE('',#14191,#3173);
#2346=LINE('',#14193,#3174);
#2347=LINE('',#14194,#3175);
#2348=LINE('',#14197,#3176);
#2349=LINE('',#14199,#3177);
#2350=LINE('',#14200,#3178);
#2351=LINE('',#14202,#3179);
#2352=LINE('',#14203,#3180);
#2353=LINE('',#14216,#3181);
#2354=LINE('',#14221,#3182);
#2355=LINE('',#14233,#3183);
#2356=LINE('',#14248,#3184);
#2357=LINE('',#14263,#3185);
#2358=LINE('',#14278,#3186);
#2359=LINE('',#14293,#3187);
#2360=LINE('',#14308,#3188);
#2361=LINE('',#14323,#3189);
#2362=LINE('',#14338,#3190);
#2363=LINE('',#14353,#3191);
#2364=LINE('',#14368,#3192);
#2365=LINE('',#14383,#3193);
#2366=LINE('',#14389,#3194);
#2367=LINE('',#14391,#3195);
#2368=LINE('',#14392,#3196);
#2369=LINE('',#14395,#3197);
#2370=LINE('',#14397,#3198);
#2371=LINE('',#14398,#3199);
#2372=LINE('',#14401,#3200);
#2373=LINE('',#14403,#3201);
#2374=LINE('',#14404,#3202);
#2375=LINE('',#14407,#3203);
#2376=LINE('',#14409,#3204);
#2377=LINE('',#14410,#3205);
#2378=LINE('',#14412,#3206);
#2379=LINE('',#14413,#3207);
#2380=LINE('',#14418,#3208);
#2381=LINE('',#14420,#3209);
#2382=LINE('',#14422,#3210);
#2383=LINE('',#14423,#3211);
#2384=LINE('',#14426,#3212);
#2385=LINE('',#14428,#3213);
#2386=LINE('',#14429,#3214);
#2387=LINE('',#14432,#3215);
#2388=LINE('',#14434,#3216);
#2389=LINE('',#14435,#3217);
#2390=LINE('',#14438,#3218);
#2391=LINE('',#14440,#3219);
#2392=LINE('',#14441,#3220);
#2393=LINE('',#14444,#3221);
#2394=LINE('',#14446,#3222);
#2395=LINE('',#14447,#3223);
#2396=LINE('',#14450,#3224);
#2397=LINE('',#14452,#3225);
#2398=LINE('',#14453,#3226);
#2399=LINE('',#14456,#3227);
#2400=LINE('',#14458,#3228);
#2401=LINE('',#14459,#3229);
#2402=LINE('',#14461,#3230);
#2403=LINE('',#14462,#3231);
#2404=LINE('',#14476,#3232);
#2405=LINE('',#14481,#3233);
#2406=LINE('',#14493,#3234);
#2407=LINE('',#14508,#3235);
#2408=LINE('',#14523,#3236);
#2409=LINE('',#14538,#3237);
#2410=LINE('',#14553,#3238);
#2411=LINE('',#14568,#3239);
#2412=LINE('',#14583,#3240);
#2413=LINE('',#14598,#3241);
#2414=LINE('',#14613,#3242);
#2415=LINE('',#14628,#3243);
#2416=LINE('',#14643,#3244);
#2417=LINE('',#14658,#3245);
#2418=LINE('',#14673,#3246);
#2419=LINE('',#14688,#3247);
#2420=LINE('',#14703,#3248);
#2421=LINE('',#14718,#3249);
#2422=LINE('',#14733,#3250);
#2423=LINE('',#14748,#3251);
#2424=LINE('',#14763,#3252);
#2425=LINE('',#14778,#3253);
#2426=LINE('',#14793,#3254);
#2427=LINE('',#14799,#3255);
#2428=LINE('',#14801,#3256);
#2429=LINE('',#14802,#3257);
#2430=LINE('',#14805,#3258);
#2431=LINE('',#14807,#3259);
#2432=LINE('',#14808,#3260);
#2433=LINE('',#14811,#3261);
#2434=LINE('',#14813,#3262);
#2435=LINE('',#14814,#3263);
#2436=LINE('',#14826,#3264);
#2437=LINE('',#14841,#3265);
#2438=LINE('',#14856,#3266);
#2439=LINE('',#14871,#3267);
#2440=LINE('',#14886,#3268);
#2441=LINE('',#14901,#3269);
#2442=LINE('',#14916,#3270);
#2443=LINE('',#14931,#3271);
#2444=LINE('',#14946,#3272);
#2445=LINE('',#14961,#3273);
#2446=LINE('',#14976,#3274);
#2447=LINE('',#14991,#3275);
#2448=LINE('',#15006,#3276);
#2449=LINE('',#15021,#3277);
#2450=LINE('',#15036,#3278);
#2451=LINE('',#15051,#3279);
#2452=LINE('',#15066,#3280);
#2453=LINE('',#15081,#3281);
#2454=LINE('',#15096,#3282);
#2455=LINE('',#15111,#3283);
#2456=LINE('',#15126,#3284);
#2457=LINE('',#15141,#3285);
#2458=LINE('',#15156,#3286);
#2459=LINE('',#15171,#3287);
#2460=LINE('',#15186,#3288);
#2461=LINE('',#15201,#3289);
#2462=LINE('',#15216,#3290);
#2463=LINE('',#15231,#3291);
#2464=LINE('',#15246,#3292);
#2465=LINE('',#15261,#3293);
#2466=LINE('',#15267,#3294);
#2467=LINE('',#15269,#3295);
#2468=LINE('',#15270,#3296);
#2469=LINE('',#15273,#3297);
#2470=LINE('',#15275,#3298);
#2471=LINE('',#15276,#3299);
#2472=LINE('',#15279,#3300);
#2473=LINE('',#15281,#3301);
#2474=LINE('',#15282,#3302);
#2475=LINE('',#15294,#3303);
#2476=LINE('',#15309,#3304);
#2477=LINE('',#15324,#3305);
#2478=LINE('',#15339,#3306);
#2479=LINE('',#15354,#3307);
#2480=LINE('',#15369,#3308);
#2481=LINE('',#15384,#3309);
#2482=LINE('',#15406,#3310);
#2483=LINE('',#15410,#3311);
#2484=LINE('',#15414,#3312);
#2485=LINE('',#15416,#3313);
#2486=LINE('',#15417,#3314);
#2487=LINE('',#15421,#3315);
#2488=LINE('',#15422,#3316);
#2489=LINE('',#15423,#3317);
#2490=LINE('',#15428,#3318);
#2491=LINE('',#15433,#3319);
#2492=LINE('',#15434,#3320);
#2493=LINE('',#15435,#3321);
#2494=LINE('',#15438,#3322);
#2495=LINE('',#15440,#3323);
#2496=LINE('',#15441,#3324);
#2497=LINE('',#15444,#3325);
#2498=LINE('',#15446,#3326);
#2499=LINE('',#15448,#3327);
#2500=LINE('',#15450,#3328);
#2501=LINE('',#15451,#3329);
#2502=LINE('',#15456,#3330);
#2503=LINE('',#15460,#3331);
#2504=LINE('',#15464,#3332);
#2505=LINE('',#15467,#3333);
#2506=LINE('',#15469,#3334);
#2507=LINE('',#15473,#3335);
#2508=LINE('',#15477,#3336);
#2509=LINE('',#15481,#3337);
#2510=LINE('',#15485,#3338);
#2511=LINE('',#15489,#3339);
#2512=LINE('',#15493,#3340);
#2513=LINE('',#15497,#3341);
#2514=LINE('',#15501,#3342);
#2515=LINE('',#15505,#3343);
#2516=LINE('',#15509,#3344);
#2517=LINE('',#15513,#3345);
#2518=LINE('',#15517,#3346);
#2519=LINE('',#15521,#3347);
#2520=LINE('',#15525,#3348);
#2521=LINE('',#15529,#3349);
#2522=LINE('',#15537,#3350);
#2523=LINE('',#15541,#3351);
#2524=LINE('',#15545,#3352);
#2525=LINE('',#15549,#3353);
#2526=LINE('',#15553,#3354);
#2527=LINE('',#15557,#3355);
#2528=LINE('',#15561,#3356);
#2529=LINE('',#15565,#3357);
#2530=LINE('',#15569,#3358);
#2531=LINE('',#15573,#3359);
#2532=LINE('',#15577,#3360);
#2533=LINE('',#15581,#3361);
#2534=LINE('',#15585,#3362);
#2535=LINE('',#15589,#3363);
#2536=LINE('',#15593,#3364);
#2537=LINE('',#15597,#3365);
#2538=LINE('',#15601,#3366);
#2539=LINE('',#15605,#3367);
#2540=LINE('',#15613,#3368);
#2541=LINE('',#15617,#3369);
#2542=LINE('',#15621,#3370);
#2543=LINE('',#15625,#3371);
#2544=LINE('',#15629,#3372);
#2545=LINE('',#15632,#3373);
#2546=LINE('',#15651,#3374);
#2547=LINE('',#15652,#3375);
#2548=LINE('',#15655,#3376);
#2549=LINE('',#15659,#3377);
#2550=LINE('',#15660,#3378);
#2551=LINE('',#15665,#3379);
#2552=LINE('',#15670,#3380);
#2553=LINE('',#15675,#3381);
#2554=LINE('',#15680,#3382);
#2555=LINE('',#15685,#3383);
#2556=LINE('',#15690,#3384);
#2557=LINE('',#15695,#3385);
#2558=LINE('',#15700,#3386);
#2559=LINE('',#15704,#3387);
#2560=LINE('',#15705,#3388);
#2561=LINE('',#15707,#3389);
#2562=LINE('',#15708,#3390);
#2563=LINE('',#15711,#3391);
#2564=LINE('',#15713,#3392);
#2565=LINE('',#15717,#3393);
#2566=LINE('',#15719,#3394);
#2567=LINE('',#15723,#3395);
#2568=LINE('',#15725,#3396);
#2569=LINE('',#15728,#3397);
#2570=LINE('',#15729,#3398);
#2571=LINE('',#15731,#3399);
#2572=LINE('',#15732,#3400);
#2573=LINE('',#15734,#3401);
#2574=LINE('',#15736,#3402);
#2575=LINE('',#15738,#3403);
#2576=LINE('',#15740,#3404);
#2577=LINE('',#15743,#3405);
#2578=LINE('',#15744,#3406);
#2579=LINE('',#15747,#3407);
#2580=LINE('',#15748,#3408);
#2581=LINE('',#15751,#3409);
#2582=LINE('',#15752,#3410);
#2583=LINE('',#15755,#3411);
#2584=LINE('',#15756,#3412);
#2585=LINE('',#15760,#3413);
#2586=LINE('',#15764,#3414);
#2587=LINE('',#15769,#3415);
#2588=LINE('',#15772,#3416);
#2589=LINE('',#15774,#3417);
#2590=LINE('',#15776,#3418);
#2591=LINE('',#15778,#3419);
#2592=LINE('',#15781,#3420);
#2593=LINE('',#15782,#3421);
#2594=LINE('',#15785,#3422);
#2595=LINE('',#15787,#3423);
#2596=LINE('',#15788,#3424);
#2597=LINE('',#15790,#3425);
#2598=LINE('',#15791,#3426);
#2599=LINE('',#15793,#3427);
#2600=LINE('',#15795,#3428);
#2601=LINE('',#15796,#3429);
#2602=LINE('',#15799,#3430);
#2603=LINE('',#15802,#3431);
#2604=LINE('',#15803,#3432);
#2605=LINE('',#15806,#3433);
#2606=LINE('',#15808,#3434);
#2607=LINE('',#15809,#3435);
#2608=LINE('',#15811,#3436);
#2609=LINE('',#15813,#3437);
#2610=LINE('',#15814,#3438);
#2611=LINE('',#15816,#3439);
#2612=LINE('',#15818,#3440);
#2613=LINE('',#15819,#3441);
#2614=LINE('',#15820,#3442);
#2615=LINE('',#15821,#3443);
#2616=LINE('',#15822,#3444);
#2617=LINE('',#15823,#3445);
#2618=LINE('',#15824,#3446);
#2619=LINE('',#15825,#3447);
#2620=LINE('',#15826,#3448);
#2621=LINE('',#15828,#3449);
#2622=LINE('',#15830,#3450);
#2623=LINE('',#15831,#3451);
#2624=LINE('',#15833,#3452);
#2625=LINE('',#15835,#3453);
#2626=LINE('',#15837,#3454);
#2627=LINE('',#15839,#3455);
#2628=LINE('',#15842,#3456);
#2629=LINE('',#15847,#3457);
#2630=LINE('',#15850,#3458);
#2631=LINE('',#15855,#3459);
#2632=LINE('',#15858,#3460);
#2633=LINE('',#15859,#3461);
#2634=LINE('',#15861,#3462);
#2635=LINE('',#15862,#3463);
#2636=LINE('',#15865,#3464);
#2637=LINE('',#15866,#3465);
#2638=LINE('',#15869,#3466);
#2639=LINE('',#15872,#3467);
#2640=LINE('',#15876,#3468);
#2641=LINE('',#15879,#3469);
#2642=LINE('',#15882,#3470);
#2643=LINE('',#15884,#3471);
#2644=LINE('',#15886,#3472);
#2645=LINE('',#15888,#3473);
#2646=LINE('',#15890,#3474);
#2647=LINE('',#15892,#3475);
#2648=LINE('',#15894,#3476);
#2649=LINE('',#15897,#3477);
#2650=LINE('',#15899,#3478);
#2651=LINE('',#15900,#3479);
#2652=LINE('',#15905,#3480);
#2653=LINE('',#15909,#3481);
#2654=LINE('',#15910,#3482);
#2655=LINE('',#15913,#3483);
#2656=LINE('',#15916,#3484);
#2657=LINE('',#15919,#3485);
#2658=LINE('',#15923,#3486);
#2659=LINE('',#15924,#3487);
#2660=LINE('',#15927,#3488);
#2661=LINE('',#15931,#3489);
#2662=LINE('',#15932,#3490);
#2663=LINE('',#15935,#3491);
#2664=LINE('',#15939,#3492);
#2665=LINE('',#15940,#3493);
#2666=LINE('',#15944,#3494);
#2667=LINE('',#15945,#3495);
#2668=LINE('',#15947,#3496);
#2669=LINE('',#15954,#3497);
#2670=LINE('',#15958,#3498);
#2671=LINE('',#15959,#3499);
#2672=LINE('',#15960,#3500);
#2673=LINE('',#15961,#3501);
#2674=LINE('',#15962,#3502);
#2675=LINE('',#15964,#3503);
#2676=LINE('',#15966,#3504);
#2677=LINE('',#15969,#3505);
#2678=LINE('',#15971,#3506);
#2679=LINE('',#15974,#3507);
#2680=LINE('',#15976,#3508);
#2681=LINE('',#15979,#3509);
#2682=LINE('',#15981,#3510);
#2683=LINE('',#15984,#3511);
#2684=LINE('',#15986,#3512);
#2685=LINE('',#15989,#3513);
#2686=LINE('',#15992,#3514);
#2687=LINE('',#15997,#3515);
#2688=LINE('',#16001,#3516);
#2689=LINE('',#16002,#3517);
#2690=LINE('',#16005,#3518);
#2691=LINE('',#16020,#3519);
#2692=LINE('',#16021,#3520);
#2693=LINE('',#16032,#3521);
#2694=LINE('',#16033,#3522);
#2695=LINE('',#16042,#3523);
#2696=LINE('',#16050,#3524);
#2697=LINE('',#16051,#3525);
#2698=LINE('',#16053,#3526);
#2699=LINE('',#16055,#3527);
#2700=LINE('',#16057,#3528);
#2701=LINE('',#16061,#3529);
#2702=LINE('',#16065,#3530);
#2703=LINE('',#16069,#3531);
#2704=LINE('',#16073,#3532);
#2705=LINE('',#16077,#3533);
#2706=LINE('',#16081,#3534);
#2707=LINE('',#16085,#3535);
#2708=LINE('',#16088,#3536);
#2709=LINE('',#16091,#3537);
#2710=LINE('',#16095,#3538);
#2711=LINE('',#16099,#3539);
#2712=LINE('',#16103,#3540);
#2713=LINE('',#16109,#3541);
#2714=LINE('',#16113,#3542);
#2715=LINE('',#16117,#3543);
#2716=LINE('',#16120,#3544);
#2717=LINE('',#16123,#3545);
#2718=LINE('',#16127,#3546);
#2719=LINE('',#16131,#3547);
#2720=LINE('',#16135,#3548);
#2721=LINE('',#16139,#3549);
#2722=LINE('',#16143,#3550);
#2723=LINE('',#16147,#3551);
#2724=LINE('',#16151,#3552);
#2725=LINE('',#16155,#3553);
#2726=LINE('',#16159,#3554);
#2727=LINE('',#16163,#3555);
#2728=LINE('',#16166,#3556);
#2729=LINE('',#16169,#3557);
#2730=LINE('',#16173,#3558);
#2731=LINE('',#16177,#3559);
#2732=LINE('',#16181,#3560);
#2733=LINE('',#16185,#3561);
#2734=LINE('',#16189,#3562);
#2735=LINE('',#16193,#3563);
#2736=LINE('',#16197,#3564);
#2737=LINE('',#16201,#3565);
#2738=LINE('',#16205,#3566);
#2739=LINE('',#16209,#3567);
#2740=LINE('',#16213,#3568);
#2741=LINE('',#16216,#3569);
#2742=LINE('',#16217,#3570);
#2743=LINE('',#16219,#3571);
#2744=LINE('',#16221,#3572);
#2745=LINE('',#16223,#3573);
#2746=LINE('',#16225,#3574);
#2747=LINE('',#16227,#3575);
#2748=LINE('',#16229,#3576);
#2749=LINE('',#16231,#3577);
#2750=LINE('',#16233,#3578);
#2751=LINE('',#16235,#3579);
#2752=LINE('',#16237,#3580);
#2753=LINE('',#16239,#3581);
#2754=LINE('',#16241,#3582);
#2755=LINE('',#16243,#3583);
#2756=LINE('',#16245,#3584);
#2757=LINE('',#16248,#3585);
#2758=LINE('',#16249,#3586);
#2759=LINE('',#16250,#3587);
#2760=LINE('',#16252,#3588);
#2761=LINE('',#16254,#3589);
#2762=LINE('',#16256,#3590);
#2763=LINE('',#16258,#3591);
#2764=LINE('',#16260,#3592);
#2765=LINE('',#16262,#3593);
#2766=LINE('',#16266,#3594);
#2767=LINE('',#16267,#3595);
#2768=LINE('',#16270,#3596);
#2769=LINE('',#16272,#3597);
#2770=LINE('',#16276,#3598);
#2771=LINE('',#16279,#3599);
#2772=LINE('',#16280,#3600);
#2773=LINE('',#16283,#3601);
#2774=LINE('',#16285,#3602);
#2775=LINE('',#16288,#3603);
#2776=LINE('',#16293,#3604);
#2777=LINE('',#16294,#3605);
#2778=LINE('',#16295,#3606);
#2779=LINE('',#16299,#3607);
#2780=LINE('',#16302,#3608);
#2781=LINE('',#16303,#3609);
#2782=LINE('',#16306,#3610);
#2783=LINE('',#16308,#3611);
#2784=LINE('',#16312,#3612);
#2785=LINE('',#16314,#3613);
#2786=LINE('',#16316,#3614);
#2787=LINE('',#16318,#3615);
#2788=LINE('',#16320,#3616);
#2789=LINE('',#16322,#3617);
#2790=LINE('',#16324,#3618);
#2791=LINE('',#16325,#3619);
#2792=LINE('',#16327,#3620);
#2793=LINE('',#16329,#3621);
#2794=LINE('',#16331,#3622);
#2795=LINE('',#16333,#3623);
#2796=LINE('',#16335,#3624);
#2797=LINE('',#16338,#3625);
#2798=LINE('',#16339,#3626);
#2799=LINE('',#16341,#3627);
#2800=LINE('',#16343,#3628);
#2801=LINE('',#16345,#3629);
#2802=LINE('',#16347,#3630);
#2803=LINE('',#16349,#3631);
#2804=LINE('',#16351,#3632);
#2805=LINE('',#16354,#3633);
#2806=LINE('',#16355,#3634);
#2807=LINE('',#16357,#3635);
#2808=LINE('',#16359,#3636);
#2809=LINE('',#16361,#3637);
#2810=LINE('',#16363,#3638);
#2811=LINE('',#16365,#3639);
#2812=LINE('',#16367,#3640);
#2813=LINE('',#16370,#3641);
#2814=LINE('',#16371,#3642);
#2815=LINE('',#16373,#3643);
#2816=LINE('',#16375,#3644);
#2817=LINE('',#16377,#3645);
#2818=LINE('',#16379,#3646);
#2819=LINE('',#16381,#3647);
#2820=LINE('',#16383,#3648);
#2821=LINE('',#16386,#3649);
#2822=LINE('',#16387,#3650);
#2823=LINE('',#16389,#3651);
#2824=LINE('',#16391,#3652);
#2825=LINE('',#16393,#3653);
#2826=LINE('',#16395,#3654);
#2827=LINE('',#16397,#3655);
#2828=LINE('',#16399,#3656);
#2829=LINE('',#16402,#3657);
#2830=LINE('',#16405,#3658);
#2831=LINE('',#16408,#3659);
#2832=LINE('',#16409,#3660);
#2833=LINE('',#16411,#3661);
#2834=VECTOR('',#10105,10.);
#2835=VECTOR('',#10108,10.);
#2836=VECTOR('',#10111,10.);
#2837=VECTOR('',#10114,10.);
#2838=VECTOR('',#10117,10.);
#2839=VECTOR('',#10120,10.);
#2840=VECTOR('',#10123,10.);
#2841=VECTOR('',#10126,10.);
#2842=VECTOR('',#10129,10.);
#2843=VECTOR('',#10132,10.);
#2844=VECTOR('',#10135,10.);
#2845=VECTOR('',#10138,10.);
#2846=VECTOR('',#10139,10.);
#2847=VECTOR('',#10142,10.);
#2848=VECTOR('',#10145,10.);
#2849=VECTOR('',#10148,10.);
#2850=VECTOR('',#10149,10.);
#2851=VECTOR('',#10152,10.);
#2852=VECTOR('',#10155,10.);
#2853=VECTOR('',#10158,10.);
#2854=VECTOR('',#10161,10.);
#2855=VECTOR('',#10168,10.);
#2856=VECTOR('',#10171,10.);
#2857=VECTOR('',#10174,10.);
#2858=VECTOR('',#10181,10.);
#2859=VECTOR('',#10184,10.);
#2860=VECTOR('',#10189,10.);
#2861=VECTOR('',#10192,10.);
#2862=VECTOR('',#10195,10.);
#2863=VECTOR('',#10198,10.);
#2864=VECTOR('',#10201,10.);
#2865=VECTOR('',#10204,10.);
#2866=VECTOR('',#10207,10.);
#2867=VECTOR('',#10210,10.);
#2868=VECTOR('',#10213,10.);
#2869=VECTOR('',#10216,10.);
#2870=VECTOR('',#10219,10.);
#2871=VECTOR('',#10222,10.);
#2872=VECTOR('',#10225,10.);
#2873=VECTOR('',#10228,10.);
#2874=VECTOR('',#10231,10.);
#2875=VECTOR('',#10234,10.);
#2876=VECTOR('',#10237,10.);
#2877=VECTOR('',#10240,10.);
#2878=VECTOR('',#10243,10.);
#2879=VECTOR('',#10244,10.);
#2880=VECTOR('',#10247,10.);
#2881=VECTOR('',#10252,10.);
#2882=VECTOR('',#10253,10.);
#2883=VECTOR('',#10256,10.);
#2884=VECTOR('',#10259,10.);
#2885=VECTOR('',#10262,10.);
#2886=VECTOR('',#10263,10.);
#2887=VECTOR('',#10266,10.);
#2888=VECTOR('',#10271,10.);
#2889=VECTOR('',#10272,10.);
#2890=VECTOR('',#10275,10.);
#2891=VECTOR('',#10276,10.);
#2892=VECTOR('',#10277,10.);
#2893=VECTOR('',#10280,10.);
#2894=VECTOR('',#10285,10.);
#2895=VECTOR('',#10286,10.);
#2896=VECTOR('',#10289,10.);
#2897=VECTOR('',#10294,10.);
#2898=VECTOR('',#10295,10.);
#2899=VECTOR('',#10298,10.);
#2900=VECTOR('',#10303,10.);
#2901=VECTOR('',#10304,10.);
#2902=VECTOR('',#10307,10.);
#2903=VECTOR('',#10312,10.);
#2904=VECTOR('',#10315,10.);
#2905=VECTOR('',#10318,10.);
#2906=VECTOR('',#10319,10.);
#2907=VECTOR('',#10322,10.);
#2908=VECTOR('',#10323,10.);
#2909=VECTOR('',#10326,10.);
#2910=VECTOR('',#10331,10.);
#2911=VECTOR('',#10332,10.);
#2912=VECTOR('',#10335,10.);
#2913=VECTOR('',#10340,10.);
#2914=VECTOR('',#10343,10.);
#2915=VECTOR('',#10346,10.);
#2916=VECTOR('',#10347,10.);
#2917=VECTOR('',#10350,10.);
#2918=VECTOR('',#10355,10.);
#2919=VECTOR('',#10356,10.);
#2920=VECTOR('',#10359,10.);
#2921=VECTOR('',#10364,10.);
#2922=VECTOR('',#10365,10.);
#2923=VECTOR('',#10368,10.);
#2924=VECTOR('',#10373,10.);
#2925=VECTOR('',#10376,10.);
#2926=VECTOR('',#10379,10.);
#2927=VECTOR('',#10380,10.);
#2928=VECTOR('',#10383,10.);
#2929=VECTOR('',#10388,10.);
#2930=VECTOR('',#10389,10.);
#2931=VECTOR('',#10392,10.);
#2932=VECTOR('',#10397,10.);
#2933=VECTOR('',#10398,10.);
#2934=VECTOR('',#10401,10.);
#2935=VECTOR('',#10406,10.);
#2936=VECTOR('',#10409,10.);
#2937=VECTOR('',#10412,10.);
#2938=VECTOR('',#10415,10.);
#2939=VECTOR('',#10418,10.);
#2940=VECTOR('',#10425,10.);
#2941=VECTOR('',#10428,10.);
#2942=VECTOR('',#10431,10.);
#2943=VECTOR('',#10434,10.);
#2944=VECTOR('',#10437,10.);
#2945=VECTOR('',#10444,10.);
#2946=VECTOR('',#10447,10.);
#2947=VECTOR('',#10450,10.);
#2948=VECTOR('',#10453,10.);
#2949=VECTOR('',#10456,10.);
#2950=VECTOR('',#10463,10.);
#2951=VECTOR('',#10466,10.);
#2952=VECTOR('',#10469,10.);
#2953=VECTOR('',#10472,10.);
#2954=VECTOR('',#10475,10.);
#2955=VECTOR('',#10482,10.);
#2956=VECTOR('',#10485,10.);
#2957=VECTOR('',#10488,10.);
#2958=VECTOR('',#10489,10.);
#2959=VECTOR('',#10492,10.);
#2960=VECTOR('',#10497,10.);
#2961=VECTOR('',#10498,10.);
#2962=VECTOR('',#10501,10.);
#2963=VECTOR('',#10506,10.);
#2964=VECTOR('',#10507,10.);
#2965=VECTOR('',#10512,0.519);
#2966=VECTOR('',#10517,1.038);
#2967=VECTOR('',#10522,0.519);
#2968=VECTOR('',#10527,1.038);
#2969=VECTOR('',#10532,0.519);
#2970=VECTOR('',#10535,1.038);
#2971=VECTOR('',#10540,0.519);
#2972=VECTOR('',#10543,1.038);
#2973=VECTOR('',#10548,0.519);
#2974=VECTOR('',#10553,1.038);
#2975=VECTOR('',#10558,0.519);
#2976=VECTOR('',#10561,1.038);
#2977=VECTOR('',#10566,0.519);
#2978=VECTOR('',#10569,1.038);
#2979=VECTOR('',#10570,10.);
#2980=VECTOR('',#10571,10.);
#2981=VECTOR('',#10574,10.);
#2982=VECTOR('',#10575,10.);
#2983=VECTOR('',#10576,10.);
#2984=VECTOR('',#10579,10.);
#2985=VECTOR('',#10580,10.);
#2986=VECTOR('',#10581,10.);
#2987=VECTOR('',#10584,10.);
#2988=VECTOR('',#10585,10.);
#2989=VECTOR('',#10586,10.);
#2990=VECTOR('',#10587,10.);
#2991=VECTOR('',#10588,10.);
#2992=VECTOR('',#10591,10.);
#2993=VECTOR('',#10592,10.);
#2994=VECTOR('',#10593,10.);
#2995=VECTOR('',#10596,10.);
#2996=VECTOR('',#10597,10.);
#2997=VECTOR('',#10598,10.);
#2998=VECTOR('',#10601,10.);
#2999=VECTOR('',#10602,10.);
#3000=VECTOR('',#10603,10.);
#3001=VECTOR('',#10606,10.);
#3002=VECTOR('',#10607,10.);
#3003=VECTOR('',#10608,10.);
#3004=VECTOR('',#10611,10.);
#3005=VECTOR('',#10612,10.);
#3006=VECTOR('',#10613,10.);
#3007=VECTOR('',#10616,10.);
#3008=VECTOR('',#10617,10.);
#3009=VECTOR('',#10618,10.);
#3010=VECTOR('',#10621,10.);
#3011=VECTOR('',#10622,10.);
#3012=VECTOR('',#10623,10.);
#3013=VECTOR('',#10626,10.);
#3014=VECTOR('',#10627,10.);
#3015=VECTOR('',#10628,10.);
#3016=VECTOR('',#10631,10.);
#3017=VECTOR('',#10632,10.);
#3018=VECTOR('',#10633,10.);
#3019=VECTOR('',#10636,10.);
#3020=VECTOR('',#10637,10.);
#3021=VECTOR('',#10638,10.);
#3022=VECTOR('',#10641,10.);
#3023=VECTOR('',#10642,10.);
#3024=VECTOR('',#10643,10.);
#3025=VECTOR('',#10644,10.);
#3026=VECTOR('',#10645,10.);
#3027=VECTOR('',#10646,10.);
#3028=VECTOR('',#10649,10.);
#3029=VECTOR('',#10650,10.);
#3030=VECTOR('',#10651,10.);
#3031=VECTOR('',#10652,10.);
#3032=VECTOR('',#10653,10.);
#3033=VECTOR('',#10654,10.);
#3034=VECTOR('',#10655,10.);
#3035=VECTOR('',#10656,10.);
#3036=VECTOR('',#10657,10.);
#3037=VECTOR('',#10658,10.);
#3038=VECTOR('',#10659,10.);
#3039=VECTOR('',#10660,10.);
#3040=VECTOR('',#10661,10.);
#3041=VECTOR('',#10662,10.);
#3042=VECTOR('',#10663,10.);
#3043=VECTOR('',#10666,10.);
#3044=VECTOR('',#10667,10.);
#3045=VECTOR('',#10668,10.);
#3046=VECTOR('',#10669,10.);
#3047=VECTOR('',#10670,10.);
#3048=VECTOR('',#10671,10.);
#3049=VECTOR('',#10672,10.);
#3050=VECTOR('',#10673,10.);
#3051=VECTOR('',#10674,10.);
#3052=VECTOR('',#10675,10.);
#3053=VECTOR('',#10676,10.);
#3054=VECTOR('',#10677,10.);
#3055=VECTOR('',#10678,10.);
#3056=VECTOR('',#10679,10.);
#3057=VECTOR('',#10682,10.);
#3058=VECTOR('',#10683,10.);
#3059=VECTOR('',#10684,10.);
#3060=VECTOR('',#10685,10.);
#3061=VECTOR('',#10686,10.);
#3062=VECTOR('',#10687,10.);
#3063=VECTOR('',#10688,10.);
#3064=VECTOR('',#10689,10.);
#3065=VECTOR('',#10690,10.);
#3066=VECTOR('',#10691,10.);
#3067=VECTOR('',#10692,10.);
#3068=VECTOR('',#10693,10.);
#3069=VECTOR('',#10694,10.);
#3070=VECTOR('',#10695,10.);
#3071=VECTOR('',#10696,10.);
#3072=VECTOR('',#10699,10.);
#3073=VECTOR('',#10700,10.);
#3074=VECTOR('',#10701,10.);
#3075=VECTOR('',#10702,10.);
#3076=VECTOR('',#10703,10.);
#3077=VECTOR('',#10704,10.);
#3078=VECTOR('',#10705,10.);
#3079=VECTOR('',#10706,10.);
#3080=VECTOR('',#10707,10.);
#3081=VECTOR('',#10708,10.);
#3082=VECTOR('',#10713,10.);
#3083=VECTOR('',#10714,10.);
#3084=VECTOR('',#10715,10.);
#3085=VECTOR('',#10716,10.);
#3086=VECTOR('',#10719,10.);
#3087=VECTOR('',#10720,10.);
#3088=VECTOR('',#10721,10.);
#3089=VECTOR('',#10724,10.);
#3090=VECTOR('',#10725,10.);
#3091=VECTOR('',#10726,10.);
#3092=VECTOR('',#10729,10.);
#3093=VECTOR('',#10730,10.);
#3094=VECTOR('',#10731,10.);
#3095=VECTOR('',#10734,10.);
#3096=VECTOR('',#10735,10.);
#3097=VECTOR('',#10736,10.);
#3098=VECTOR('',#10739,10.);
#3099=VECTOR('',#10740,10.);
#3100=VECTOR('',#10741,10.);
#3101=VECTOR('',#10744,10.);
#3102=VECTOR('',#10745,10.);
#3103=VECTOR('',#10746,10.);
#3104=VECTOR('',#10749,10.);
#3105=VECTOR('',#10750,10.);
#3106=VECTOR('',#10751,10.);
#3107=VECTOR('',#10754,10.);
#3108=VECTOR('',#10755,10.);
#3109=VECTOR('',#10756,10.);
#3110=VECTOR('',#10759,10.);
#3111=VECTOR('',#10760,10.);
#3112=VECTOR('',#10761,10.);
#3113=VECTOR('',#10764,10.);
#3114=VECTOR('',#10765,10.);
#3115=VECTOR('',#10766,10.);
#3116=VECTOR('',#10769,10.);
#3117=VECTOR('',#10770,10.);
#3118=VECTOR('',#10773,10.);
#3119=VECTOR('',#10774,10.);
#3120=VECTOR('',#10775,10.);
#3121=VECTOR('',#10776,10.);
#3122=VECTOR('',#10777,10.);
#3123=VECTOR('',#10780,10.);
#3124=VECTOR('',#10781,10.);
#3125=VECTOR('',#10782,10.);
#3126=VECTOR('',#10785,10.);
#3127=VECTOR('',#10786,10.);
#3128=VECTOR('',#10787,10.);
#3129=VECTOR('',#10790,10.);
#3130=VECTOR('',#10791,10.);
#3131=VECTOR('',#10792,10.);
#3132=VECTOR('',#10793,10.);
#3133=VECTOR('',#10794,10.);
#3134=VECTOR('',#10795,10.);
#3135=VECTOR('',#10796,10.);
#3136=VECTOR('',#10797,10.);
#3137=VECTOR('',#10798,10.);
#3138=VECTOR('',#10799,10.);
#3139=VECTOR('',#10800,10.);
#3140=VECTOR('',#10801,10.);
#3141=VECTOR('',#10802,10.);
#3142=VECTOR('',#10803,10.);
#3143=VECTOR('',#10804,10.);
#3144=VECTOR('',#10807,10.);
#3145=VECTOR('',#10808,10.);
#3146=VECTOR('',#10809,10.);
#3147=VECTOR('',#10812,10.);
#3148=VECTOR('',#10813,10.);
#3149=VECTOR('',#10814,10.);
#3150=VECTOR('',#10817,10.);
#3151=VECTOR('',#10818,10.);
#3152=VECTOR('',#10819,10.);
#3153=VECTOR('',#10820,10.);
#3154=VECTOR('',#10821,10.);
#3155=VECTOR('',#10822,10.);
#3156=VECTOR('',#10823,10.);
#3157=VECTOR('',#10824,10.);
#3158=VECTOR('',#10825,10.);
#3159=VECTOR('',#10826,10.);
#3160=VECTOR('',#10829,10.);
#3161=VECTOR('',#10830,10.);
#3162=VECTOR('',#10831,10.);
#3163=VECTOR('',#10832,10.);
#3164=VECTOR('',#10833,10.);
#3165=VECTOR('',#10834,10.);
#3166=VECTOR('',#10835,10.);
#3167=VECTOR('',#10836,10.);
#3168=VECTOR('',#10837,10.);
#3169=VECTOR('',#10838,10.);
#3170=VECTOR('',#10839,10.);
#3171=VECTOR('',#10840,10.);
#3172=VECTOR('',#10841,10.);
#3173=VECTOR('',#10844,10.);
#3174=VECTOR('',#10845,10.);
#3175=VECTOR('',#10846,10.);
#3176=VECTOR('',#10849,10.);
#3177=VECTOR('',#10850,10.);
#3178=VECTOR('',#10851,10.);
#3179=VECTOR('',#10854,10.);
#3180=VECTOR('',#10855,10.);
#3181=VECTOR('',#10856,10.);
#3182=VECTOR('',#10857,10.);
#3183=VECTOR('',#10858,10.);
#3184=VECTOR('',#10859,10.);
#3185=VECTOR('',#10860,10.);
#3186=VECTOR('',#10861,10.);
#3187=VECTOR('',#10862,10.);
#3188=VECTOR('',#10863,10.);
#3189=VECTOR('',#10864,10.);
#3190=VECTOR('',#10865,10.);
#3191=VECTOR('',#10866,10.);
#3192=VECTOR('',#10867,10.);
#3193=VECTOR('',#10868,10.);
#3194=VECTOR('',#10871,10.);
#3195=VECTOR('',#10872,10.);
#3196=VECTOR('',#10873,10.);
#3197=VECTOR('',#10876,10.);
#3198=VECTOR('',#10877,10.);
#3199=VECTOR('',#10878,10.);
#3200=VECTOR('',#10881,10.);
#3201=VECTOR('',#10882,10.);
#3202=VECTOR('',#10883,10.);
#3203=VECTOR('',#10886,10.);
#3204=VECTOR('',#10887,10.);
#3205=VECTOR('',#10888,10.);
#3206=VECTOR('',#10891,10.);
#3207=VECTOR('',#10892,10.);
#3208=VECTOR('',#10897,10.);
#3209=VECTOR('',#10898,10.);
#3210=VECTOR('',#10899,10.);
#3211=VECTOR('',#10900,10.);
#3212=VECTOR('',#10903,10.);
#3213=VECTOR('',#10904,10.);
#3214=VECTOR('',#10905,10.);
#3215=VECTOR('',#10908,10.);
#3216=VECTOR('',#10909,10.);
#3217=VECTOR('',#10910,10.);
#3218=VECTOR('',#10913,10.);
#3219=VECTOR('',#10914,10.);
#3220=VECTOR('',#10915,10.);
#3221=VECTOR('',#10918,10.);
#3222=VECTOR('',#10919,10.);
#3223=VECTOR('',#10920,10.);
#3224=VECTOR('',#10923,10.);
#3225=VECTOR('',#10924,10.);
#3226=VECTOR('',#10925,10.);
#3227=VECTOR('',#10928,10.);
#3228=VECTOR('',#10929,10.);
#3229=VECTOR('',#10930,10.);
#3230=VECTOR('',#10933,10.);
#3231=VECTOR('',#10934,10.);
#3232=VECTOR('',#10937,10.);
#3233=VECTOR('',#10938,10.);
#3234=VECTOR('',#10939,10.);
#3235=VECTOR('',#10940,10.);
#3236=VECTOR('',#10941,10.);
#3237=VECTOR('',#10942,10.);
#3238=VECTOR('',#10943,10.);
#3239=VECTOR('',#10944,10.);
#3240=VECTOR('',#10945,10.);
#3241=VECTOR('',#10946,10.);
#3242=VECTOR('',#10947,10.);
#3243=VECTOR('',#10948,10.);
#3244=VECTOR('',#10949,10.);
#3245=VECTOR('',#10950,10.);
#3246=VECTOR('',#10951,10.);
#3247=VECTOR('',#10952,10.);
#3248=VECTOR('',#10953,10.);
#3249=VECTOR('',#10954,10.);
#3250=VECTOR('',#10955,10.);
#3251=VECTOR('',#10956,10.);
#3252=VECTOR('',#10957,10.);
#3253=VECTOR('',#10958,10.);
#3254=VECTOR('',#10959,10.);
#3255=VECTOR('',#10962,10.);
#3256=VECTOR('',#10963,10.);
#3257=VECTOR('',#10964,10.);
#3258=VECTOR('',#10967,10.);
#3259=VECTOR('',#10968,10.);
#3260=VECTOR('',#10969,10.);
#3261=VECTOR('',#10972,10.);
#3262=VECTOR('',#10973,10.);
#3263=VECTOR('',#10974,10.);
#3264=VECTOR('',#10975,10.);
#3265=VECTOR('',#10976,10.);
#3266=VECTOR('',#10977,10.);
#3267=VECTOR('',#10978,10.);
#3268=VECTOR('',#10979,10.);
#3269=VECTOR('',#10980,10.);
#3270=VECTOR('',#10981,10.);
#3271=VECTOR('',#10982,10.);
#3272=VECTOR('',#10983,10.);
#3273=VECTOR('',#10984,10.);
#3274=VECTOR('',#10985,10.);
#3275=VECTOR('',#10986,10.);
#3276=VECTOR('',#10987,10.);
#3277=VECTOR('',#10988,10.);
#3278=VECTOR('',#10989,10.);
#3279=VECTOR('',#10990,10.);
#3280=VECTOR('',#10991,10.);
#3281=VECTOR('',#10992,10.);
#3282=VECTOR('',#10993,10.);
#3283=VECTOR('',#10994,10.);
#3284=VECTOR('',#10995,10.);
#3285=VECTOR('',#10996,10.);
#3286=VECTOR('',#10997,10.);
#3287=VECTOR('',#10998,10.);
#3288=VECTOR('',#10999,10.);
#3289=VECTOR('',#11000,10.);
#3290=VECTOR('',#11001,10.);
#3291=VECTOR('',#11002,10.);
#3292=VECTOR('',#11003,10.);
#3293=VECTOR('',#11004,10.);
#3294=VECTOR('',#11007,10.);
#3295=VECTOR('',#11008,10.);
#3296=VECTOR('',#11009,10.);
#3297=VECTOR('',#11012,10.);
#3298=VECTOR('',#11013,10.);
#3299=VECTOR('',#11014,10.);
#3300=VECTOR('',#11017,10.);
#3301=VECTOR('',#11018,10.);
#3302=VECTOR('',#11019,10.);
#3303=VECTOR('',#11020,10.);
#3304=VECTOR('',#11021,10.);
#3305=VECTOR('',#11022,10.);
#3306=VECTOR('',#11023,10.);
#3307=VECTOR('',#11024,10.);
#3308=VECTOR('',#11025,10.);
#3309=VECTOR('',#11026,10.);
#3310=VECTOR('',#11035,10.);
#3311=VECTOR('',#11038,10.);
#3312=VECTOR('',#11043,10.);
#3313=VECTOR('',#11044,10.);
#3314=VECTOR('',#11045,10.);
#3315=VECTOR('',#11048,10.);
#3316=VECTOR('',#11049,10.);
#3317=VECTOR('',#11050,10.);
#3318=VECTOR('',#11055,10.);
#3319=VECTOR('',#11060,10.);
#3320=VECTOR('',#11061,10.);
#3321=VECTOR('',#11062,10.);
#3322=VECTOR('',#11065,10.);
#3323=VECTOR('',#11066,10.);
#3324=VECTOR('',#11067,10.);
#3325=VECTOR('',#11070,10.);
#3326=VECTOR('',#11071,10.);
#3327=VECTOR('',#11072,10.);
#3328=VECTOR('',#11073,10.);
#3329=VECTOR('',#11074,10.);
#3330=VECTOR('',#11079,10.);
#3331=VECTOR('',#11082,10.);
#3332=VECTOR('',#11085,10.);
#3333=VECTOR('',#11088,10.);
#3334=VECTOR('',#11089,10.);
#3335=VECTOR('',#11092,10.);
#3336=VECTOR('',#11095,10.);
#3337=VECTOR('',#11098,10.);
#3338=VECTOR('',#11101,10.);
#3339=VECTOR('',#11104,10.);
#3340=VECTOR('',#11107,10.);
#3341=VECTOR('',#11110,10.);
#3342=VECTOR('',#11113,10.);
#3343=VECTOR('',#11116,10.);
#3344=VECTOR('',#11119,10.);
#3345=VECTOR('',#11122,10.);
#3346=VECTOR('',#11125,10.);
#3347=VECTOR('',#11128,10.);
#3348=VECTOR('',#11131,10.);
#3349=VECTOR('',#11134,10.);
#3350=VECTOR('',#11141,10.);
#3351=VECTOR('',#11144,10.);
#3352=VECTOR('',#11147,10.);
#3353=VECTOR('',#11150,10.);
#3354=VECTOR('',#11153,10.);
#3355=VECTOR('',#11156,10.);
#3356=VECTOR('',#11159,10.);
#3357=VECTOR('',#11162,10.);
#3358=VECTOR('',#11165,10.);
#3359=VECTOR('',#11168,10.);
#3360=VECTOR('',#11171,10.);
#3361=VECTOR('',#11174,10.);
#3362=VECTOR('',#11177,10.);
#3363=VECTOR('',#11180,10.);
#3364=VECTOR('',#11183,10.);
#3365=VECTOR('',#11186,10.);
#3366=VECTOR('',#11189,10.);
#3367=VECTOR('',#11192,10.);
#3368=VECTOR('',#11199,10.);
#3369=VECTOR('',#11202,10.);
#3370=VECTOR('',#11205,10.);
#3371=VECTOR('',#11208,10.);
#3372=VECTOR('',#11211,10.);
#3373=VECTOR('',#11214,10.);
#3374=VECTOR('',#11233,10.);
#3375=VECTOR('',#11234,10.);
#3376=VECTOR('',#11237,10.);
#3377=VECTOR('',#11242,10.);
#3378=VECTOR('',#11243,10.);
#3379=VECTOR('',#11250,1.50000000000002);
#3380=VECTOR('',#11257,1.50000000000002);
#3381=VECTOR('',#11264,1.50000000000001);
#3382=VECTOR('',#11271,1.50000000000001);
#3383=VECTOR('',#11278,1.50000000000002);
#3384=VECTOR('',#11285,1.50000000000002);
#3385=VECTOR('',#11292,1.50000000000001);
#3386=VECTOR('',#11299,1.50000000000001);
#3387=VECTOR('',#11306,10.);
#3388=VECTOR('',#11307,10.);
#3389=VECTOR('',#11310,10.);
#3390=VECTOR('',#11311,10.);
#3391=VECTOR('',#11314,10.);
#3392=VECTOR('',#11315,10.);
#3393=VECTOR('',#11320,10.);
#3394=VECTOR('',#11321,10.);
#3395=VECTOR('',#11326,10.);
#3396=VECTOR('',#11327,10.);
#3397=VECTOR('',#11332,10.);
#3398=VECTOR('',#11333,10.);
#3399=VECTOR('',#11336,10.);
#3400=VECTOR('',#11337,10.);
#3401=VECTOR('',#11340,10.);
#3402=VECTOR('',#11343,10.);
#3403=VECTOR('',#11346,10.);
#3404=VECTOR('',#11349,10.);
#3405=VECTOR('',#11352,10.);
#3406=VECTOR('',#11353,10.);
#3407=VECTOR('',#11356,10.);
#3408=VECTOR('',#11357,10.);
#3409=VECTOR('',#11360,10.);
#3410=VECTOR('',#11361,10.);
#3411=VECTOR('',#11364,10.);
#3412=VECTOR('',#11365,10.);
#3413=VECTOR('',#11368,10.);
#3414=VECTOR('',#11371,10.);
#3415=VECTOR('',#11376,10.);
#3416=VECTOR('',#11381,10.);
#3417=VECTOR('',#11384,10.);
#3418=VECTOR('',#11387,10.);
#3419=VECTOR('',#11390,10.);
#3420=VECTOR('',#11393,10.);
#3421=VECTOR('',#11394,10.);
#3422=VECTOR('',#11397,10.);
#3423=VECTOR('',#11398,10.);
#3424=VECTOR('',#11399,10.);
#3425=VECTOR('',#11402,2.99999999999999);
#3426=VECTOR('',#11403,10.);
#3427=VECTOR('',#11406,10.);
#3428=VECTOR('',#11409,10.);
#3429=VECTOR('',#11410,10.);
#3430=VECTOR('',#11413,10.);
#3431=VECTOR('',#11418,10.);
#3432=VECTOR('',#11419,10.);
#3433=VECTOR('',#11422,10.);
#3434=VECTOR('',#11423,10.);
#3435=VECTOR('',#11424,10.);
#3436=VECTOR('',#11425,10.);
#3437=VECTOR('',#11426,10.);
#3438=VECTOR('',#11427,10.);
#3439=VECTOR('',#11428,10.);
#3440=VECTOR('',#11429,10.);
#3441=VECTOR('',#11430,10.);
#3442=VECTOR('',#11431,10.);
#3443=VECTOR('',#11432,10.);
#3444=VECTOR('',#11433,10.);
#3445=VECTOR('',#11434,10.);
#3446=VECTOR('',#11435,10.);
#3447=VECTOR('',#11436,10.);
#3448=VECTOR('',#11437,10.);
#3449=VECTOR('',#11438,10.);
#3450=VECTOR('',#11439,10.);
#3451=VECTOR('',#11440,10.);
#3452=VECTOR('',#11443,10.);
#3453=VECTOR('',#11446,10.);
#3454=VECTOR('',#11449,10.);
#3455=VECTOR('',#11452,10.);
#3456=VECTOR('',#11455,10.);
#3457=VECTOR('',#11462,10.);
#3458=VECTOR('',#11465,10.);
#3459=VECTOR('',#11472,10.);
#3460=VECTOR('',#11475,10.);
#3461=VECTOR('',#11476,10.);
#3462=VECTOR('',#11479,10.);
#3463=VECTOR('',#11480,10.);
#3464=VECTOR('',#11485,10.);
#3465=VECTOR('',#11486,10.);
#3466=VECTOR('',#11489,10.);
#3467=VECTOR('',#11492,10.);
#3468=VECTOR('',#11497,10.);
#3469=VECTOR('',#11500,10.);
#3470=VECTOR('',#11503,10.);
#3471=VECTOR('',#11506,10.);
#3472=VECTOR('',#11509,10.);
#3473=VECTOR('',#11512,10.);
#3474=VECTOR('',#11515,10.);
#3475=VECTOR('',#11518,10.);
#3476=VECTOR('',#11521,10.);
#3477=VECTOR('',#11524,10.);
#3478=VECTOR('',#11525,10.);
#3479=VECTOR('',#11526,10.);
#3480=VECTOR('',#11533,10.);
#3481=VECTOR('',#11538,10.);
#3482=VECTOR('',#11539,10.);
#3483=VECTOR('',#11542,10.);
#3484=VECTOR('',#11547,10.);
#3485=VECTOR('',#11550,10.);
#3486=VECTOR('',#11555,10.);
#3487=VECTOR('',#11556,10.);
#3488=VECTOR('',#11559,10.);
#3489=VECTOR('',#11564,10.);
#3490=VECTOR('',#11565,10.);
#3491=VECTOR('',#11568,10.);
#3492=VECTOR('',#11573,10.);
#3493=VECTOR('',#11574,10.);
#3494=VECTOR('',#11581,10.);
#3495=VECTOR('',#11582,10.);
#3496=VECTOR('',#11585,10.);
#3497=VECTOR('',#11598,10.);
#3498=VECTOR('',#11605,10.);
#3499=VECTOR('',#11606,10.);
#3500=VECTOR('',#11607,10.);
#3501=VECTOR('',#11608,10.);
#3502=VECTOR('',#11609,10.);
#3503=VECTOR('',#11612,10.);
#3504=VECTOR('',#11615,10.);
#3505=VECTOR('',#11620,10.);
#3506=VECTOR('',#11623,10.);
#3507=VECTOR('',#11628,10.);
#3508=VECTOR('',#11631,10.);
#3509=VECTOR('',#11636,10.);
#3510=VECTOR('',#11639,10.);
#3511=VECTOR('',#11644,10.);
#3512=VECTOR('',#11647,10.);
#3513=VECTOR('',#11652,10.);
#3514=VECTOR('',#11657,10.);
#3515=VECTOR('',#11664,10.);
#3516=VECTOR('',#11669,10.);
#3517=VECTOR('',#11670,10.);
#3518=VECTOR('',#11673,10.);
#3519=VECTOR('',#11690,10.);
#3520=VECTOR('',#11691,10.);
#3521=VECTOR('',#11704,10.);
#3522=VECTOR('',#11705,10.);
#3523=VECTOR('',#11718,10.);
#3524=VECTOR('',#11729,10.);
#3525=VECTOR('',#11730,10.);
#3526=VECTOR('',#11733,10.);
#3527=VECTOR('',#11736,10.);
#3528=VECTOR('',#11739,10.);
#3529=VECTOR('',#11742,10.);
#3530=VECTOR('',#11745,10.);
#3531=VECTOR('',#11748,10.);
#3532=VECTOR('',#11751,10.);
#3533=VECTOR('',#11754,10.);
#3534=VECTOR('',#11757,10.);
#3535=VECTOR('',#11760,10.);
#3536=VECTOR('',#11763,10.);
#3537=VECTOR('',#11764,10.);
#3538=VECTOR('',#11767,10.);
#3539=VECTOR('',#11770,10.);
#3540=VECTOR('',#11773,10.);
#3541=VECTOR('',#11778,10.);
#3542=VECTOR('',#11781,10.);
#3543=VECTOR('',#11784,10.);
#3544=VECTOR('',#11787,10.);
#3545=VECTOR('',#11788,10.);
#3546=VECTOR('',#11791,10.);
#3547=VECTOR('',#11794,10.);
#3548=VECTOR('',#11797,10.);
#3549=VECTOR('',#11800,10.);
#3550=VECTOR('',#11803,10.);
#3551=VECTOR('',#11806,10.);
#3552=VECTOR('',#11809,10.);
#3553=VECTOR('',#11812,10.);
#3554=VECTOR('',#11815,10.);
#3555=VECTOR('',#11818,10.);
#3556=VECTOR('',#11821,10.);
#3557=VECTOR('',#11822,10.);
#3558=VECTOR('',#11825,10.);
#3559=VECTOR('',#11828,10.);
#3560=VECTOR('',#11831,10.);
#3561=VECTOR('',#11834,10.);
#3562=VECTOR('',#11837,10.);
#3563=VECTOR('',#11840,10.);
#3564=VECTOR('',#11843,10.);
#3565=VECTOR('',#11846,10.);
#3566=VECTOR('',#11849,10.);
#3567=VECTOR('',#11852,10.);
#3568=VECTOR('',#11855,10.);
#3569=VECTOR('',#11860,10.);
#3570=VECTOR('',#11861,10.);
#3571=VECTOR('',#11864,10.);
#3572=VECTOR('',#11867,10.);
#3573=VECTOR('',#11870,10.);
#3574=VECTOR('',#11873,10.);
#3575=VECTOR('',#11876,10.);
#3576=VECTOR('',#11879,10.);
#3577=VECTOR('',#11882,10.);
#3578=VECTOR('',#11885,10.);
#3579=VECTOR('',#11888,10.);
#3580=VECTOR('',#11891,10.);
#3581=VECTOR('',#11894,10.);
#3582=VECTOR('',#11897,10.);
#3583=VECTOR('',#11900,10.);
#3584=VECTOR('',#11903,10.);
#3585=VECTOR('',#11908,10.);
#3586=VECTOR('',#11909,10.);
#3587=VECTOR('',#11910,10.);
#3588=VECTOR('',#11913,10.);
#3589=VECTOR('',#11916,10.);
#3590=VECTOR('',#11919,10.);
#3591=VECTOR('',#11922,10.);
#3592=VECTOR('',#11925,10.);
#3593=VECTOR('',#11928,10.);
#3594=VECTOR('',#11935,10.);
#3595=VECTOR('',#11936,10.);
#3596=VECTOR('',#11941,10.);
#3597=VECTOR('',#11944,10.);
#3598=VECTOR('',#11949,10.);
#3599=VECTOR('',#11952,10.);
#3600=VECTOR('',#11953,10.);
#3601=VECTOR('',#11958,10.);
#3602=VECTOR('',#11961,10.);
#3603=VECTOR('',#11966,10.);
#3604=VECTOR('',#11971,10.);
#3605=VECTOR('',#11972,10.);
#3606=VECTOR('',#11973,10.);
#3607=VECTOR('',#11978,10.);
#3608=VECTOR('',#11981,10.);
#3609=VECTOR('',#11982,10.);
#3610=VECTOR('',#11987,10.);
#3611=VECTOR('',#11990,10.);
#3612=VECTOR('',#11995,10.);
#3613=VECTOR('',#11998,10.);
#3614=VECTOR('',#12001,10.);
#3615=VECTOR('',#12004,10.);
#3616=VECTOR('',#12007,10.);
#3617=VECTOR('',#12010,10.);
#3618=VECTOR('',#12013,10.);
#3619=VECTOR('',#12014,10.);
#3620=VECTOR('',#12017,10.);
#3621=VECTOR('',#12020,10.);
#3622=VECTOR('',#12023,10.);
#3623=VECTOR('',#12026,10.);
#3624=VECTOR('',#12029,10.);
#3625=VECTOR('',#12034,10.);
#3626=VECTOR('',#12035,10.);
#3627=VECTOR('',#12038,10.);
#3628=VECTOR('',#12041,10.);
#3629=VECTOR('',#12044,10.);
#3630=VECTOR('',#12047,10.);
#3631=VECTOR('',#12050,10.);
#3632=VECTOR('',#12053,10.);
#3633=VECTOR('',#12058,10.);
#3634=VECTOR('',#12059,10.);
#3635=VECTOR('',#12062,10.);
#3636=VECTOR('',#12065,10.);
#3637=VECTOR('',#12068,10.);
#3638=VECTOR('',#12071,10.);
#3639=VECTOR('',#12074,10.);
#3640=VECTOR('',#12077,10.);
#3641=VECTOR('',#12082,10.);
#3642=VECTOR('',#12083,10.);
#3643=VECTOR('',#12086,10.);
#3644=VECTOR('',#12089,10.);
#3645=VECTOR('',#12092,10.);
#3646=VECTOR('',#12095,10.);
#3647=VECTOR('',#12098,10.);
#3648=VECTOR('',#12101,10.);
#3649=VECTOR('',#12106,10.);
#3650=VECTOR('',#12107,10.);
#3651=VECTOR('',#12110,10.);
#3652=VECTOR('',#12113,10.);
#3653=VECTOR('',#12116,10.);
#3654=VECTOR('',#12119,10.);
#3655=VECTOR('',#12122,10.);
#3656=VECTOR('',#12125,10.);
#3657=VECTOR('',#12130,10.);
#3658=VECTOR('',#12135,10.);
#3659=VECTOR('',#12140,10.);
#3660=VECTOR('',#12141,10.);
#3661=VECTOR('',#12144,10.);
#3662=VERTEX_POINT('',#12151);
#3663=VERTEX_POINT('',#12152);
#3664=VERTEX_POINT('',#12154);
#3665=VERTEX_POINT('',#12156);
#3666=VERTEX_POINT('',#12158);
#3667=VERTEX_POINT('',#12160);
#3668=VERTEX_POINT('',#12162);
#3669=VERTEX_POINT('',#12164);
#3670=VERTEX_POINT('',#12166);
#3671=VERTEX_POINT('',#12168);
#3672=VERTEX_POINT('',#12170);
#3673=VERTEX_POINT('',#12172);
#3674=VERTEX_POINT('',#12174);
#3675=VERTEX_POINT('',#12176);
#3676=VERTEX_POINT('',#12178);
#3677=VERTEX_POINT('',#12180);
#3678=VERTEX_POINT('',#12182);
#3679=VERTEX_POINT('',#12184);
#3680=VERTEX_POINT('',#12186);
#3681=VERTEX_POINT('',#12188);
#3682=VERTEX_POINT('',#12190);
#3683=VERTEX_POINT('',#12192);
#3684=VERTEX_POINT('',#12194);
#3685=VERTEX_POINT('',#12196);
#3686=VERTEX_POINT('',#12198);
#3687=VERTEX_POINT('',#12200);
#3688=VERTEX_POINT('',#12202);
#3689=VERTEX_POINT('',#12204);
#3690=VERTEX_POINT('',#12206);
#3691=VERTEX_POINT('',#12208);
#3692=VERTEX_POINT('',#12210);
#3693=VERTEX_POINT('',#12212);
#3694=VERTEX_POINT('',#12214);
#3695=VERTEX_POINT('',#12216);
#3696=VERTEX_POINT('',#12218);
#3697=VERTEX_POINT('',#12220);
#3698=VERTEX_POINT('',#12222);
#3699=VERTEX_POINT('',#12224);
#3700=VERTEX_POINT('',#12226);
#3701=VERTEX_POINT('',#12228);
#3702=VERTEX_POINT('',#12230);
#3703=VERTEX_POINT('',#12232);
#3704=VERTEX_POINT('',#12234);
#3705=VERTEX_POINT('',#12236);
#3706=VERTEX_POINT('',#12238);
#3707=VERTEX_POINT('',#12240);
#3708=VERTEX_POINT('',#12242);
#3709=VERTEX_POINT('',#12244);
#3710=VERTEX_POINT('',#12246);
#3711=VERTEX_POINT('',#12248);
#3712=VERTEX_POINT('',#12250);
#3713=VERTEX_POINT('',#12252);
#3714=VERTEX_POINT('',#12254);
#3715=VERTEX_POINT('',#12256);
#3716=VERTEX_POINT('',#12259);
#3717=VERTEX_POINT('',#12260);
#3718=VERTEX_POINT('',#12262);
#3719=VERTEX_POINT('',#12264);
#3720=VERTEX_POINT('',#12266);
#3721=VERTEX_POINT('',#12268);
#3722=VERTEX_POINT('',#12270);
#3723=VERTEX_POINT('',#12272);
#3724=VERTEX_POINT('',#12274);
#3725=VERTEX_POINT('',#12276);
#3726=VERTEX_POINT('',#12278);
#3727=VERTEX_POINT('',#12280);
#3728=VERTEX_POINT('',#12282);
#3729=VERTEX_POINT('',#12284);
#3730=VERTEX_POINT('',#12286);
#3731=VERTEX_POINT('',#12288);
#3732=VERTEX_POINT('',#12291);
#3733=VERTEX_POINT('',#12292);
#3734=VERTEX_POINT('',#12294);
#3735=VERTEX_POINT('',#12296);
#3736=VERTEX_POINT('',#12298);
#3737=VERTEX_POINT('',#12300);
#3738=VERTEX_POINT('',#12302);
#3739=VERTEX_POINT('',#12304);
#3740=VERTEX_POINT('',#12307);
#3741=VERTEX_POINT('',#12308);
#3742=VERTEX_POINT('',#12310);
#3743=VERTEX_POINT('',#12312);
#3744=VERTEX_POINT('',#12314);
#3745=VERTEX_POINT('',#12316);
#3746=VERTEX_POINT('',#12318);
#3747=VERTEX_POINT('',#12320);
#3748=VERTEX_POINT('',#12324);
#3749=VERTEX_POINT('',#12326);
#3750=VERTEX_POINT('',#12330);
#3751=VERTEX_POINT('',#12334);
#3752=VERTEX_POINT('',#12338);
#3753=VERTEX_POINT('',#12342);
#3754=VERTEX_POINT('',#12344);
#3755=VERTEX_POINT('',#12348);
#3756=VERTEX_POINT('',#12352);
#3757=VERTEX_POINT('',#12356);
#3758=VERTEX_POINT('',#12360);
#3759=VERTEX_POINT('',#12362);
#3760=VERTEX_POINT('',#12366);
#3761=VERTEX_POINT('',#12370);
#3762=VERTEX_POINT('',#12374);
#3763=VERTEX_POINT('',#12378);
#3764=VERTEX_POINT('',#12382);
#3765=VERTEX_POINT('',#12386);
#3766=VERTEX_POINT('',#12390);
#3767=VERTEX_POINT('',#12394);
#3768=VERTEX_POINT('',#12396);
#3769=VERTEX_POINT('',#12400);
#3770=VERTEX_POINT('',#12404);
#3771=VERTEX_POINT('',#12408);
#3772=VERTEX_POINT('',#12412);
#3773=VERTEX_POINT('',#12416);
#3774=VERTEX_POINT('',#12420);
#3775=VERTEX_POINT('',#12422);
#3776=VERTEX_POINT('',#12426);
#3777=VERTEX_POINT('',#12430);
#3778=VERTEX_POINT('',#12434);
#3779=VERTEX_POINT('',#12438);
#3780=VERTEX_POINT('',#12442);
#3781=VERTEX_POINT('',#12446);
#3782=VERTEX_POINT('',#12450);
#3783=VERTEX_POINT('',#12452);
#3784=VERTEX_POINT('',#12456);
#3785=VERTEX_POINT('',#12460);
#3786=VERTEX_POINT('',#12464);
#3787=VERTEX_POINT('',#12468);
#3788=VERTEX_POINT('',#12472);
#3789=VERTEX_POINT('',#12476);
#3790=VERTEX_POINT('',#12480);
#3791=VERTEX_POINT('',#12481);
#3792=VERTEX_POINT('',#12483);
#3793=VERTEX_POINT('',#12485);
#3794=VERTEX_POINT('',#12487);
#3795=VERTEX_POINT('',#12489);
#3796=VERTEX_POINT('',#12491);
#3797=VERTEX_POINT('',#12493);
#3798=VERTEX_POINT('',#12495);
#3799=VERTEX_POINT('',#12497);
#3800=VERTEX_POINT('',#12500);
#3801=VERTEX_POINT('',#12503);
#3802=VERTEX_POINT('',#12504);
#3803=VERTEX_POINT('',#12506);
#3804=VERTEX_POINT('',#12508);
#3805=VERTEX_POINT('',#12510);
#3806=VERTEX_POINT('',#12512);
#3807=VERTEX_POINT('',#12514);
#3808=VERTEX_POINT('',#12516);
#3809=VERTEX_POINT('',#12518);
#3810=VERTEX_POINT('',#12520);
#3811=VERTEX_POINT('',#12523);
#3812=VERTEX_POINT('',#12526);
#3813=VERTEX_POINT('',#12527);
#3814=VERTEX_POINT('',#12529);
#3815=VERTEX_POINT('',#12531);
#3816=VERTEX_POINT('',#12533);
#3817=VERTEX_POINT('',#12535);
#3818=VERTEX_POINT('',#12537);
#3819=VERTEX_POINT('',#12539);
#3820=VERTEX_POINT('',#12541);
#3821=VERTEX_POINT('',#12543);
#3822=VERTEX_POINT('',#12546);
#3823=VERTEX_POINT('',#12549);
#3824=VERTEX_POINT('',#12550);
#3825=VERTEX_POINT('',#12552);
#3826=VERTEX_POINT('',#12554);
#3827=VERTEX_POINT('',#12556);
#3828=VERTEX_POINT('',#12558);
#3829=VERTEX_POINT('',#12560);
#3830=VERTEX_POINT('',#12562);
#3831=VERTEX_POINT('',#12564);
#3832=VERTEX_POINT('',#12566);
#3833=VERTEX_POINT('',#12569);
#3834=VERTEX_POINT('',#12572);
#3835=VERTEX_POINT('',#12574);
#3836=VERTEX_POINT('',#12578);
#3837=VERTEX_POINT('',#12582);
#3838=VERTEX_POINT('',#12586);
#3839=VERTEX_POINT('',#12590);
#3840=VERTEX_POINT('',#12594);
#3841=VERTEX_POINT('',#12598);
#3842=VERTEX_POINT('',#12600);
#3843=VERTEX_POINT('',#12603);
#3844=VERTEX_POINT('',#12607);
#3845=VERTEX_POINT('',#12609);
#3846=VERTEX_POINT('',#12612);
#3847=VERTEX_POINT('',#12616);
#3848=VERTEX_POINT('',#12618);
#3849=VERTEX_POINT('',#12623);
#3850=VERTEX_POINT('',#12625);
#3851=VERTEX_POINT('',#12630);
#3852=VERTEX_POINT('',#12632);
#3853=VERTEX_POINT('',#12635);
#3854=VERTEX_POINT('',#12639);
#3855=VERTEX_POINT('',#12641);
#3856=VERTEX_POINT('',#12646);
#3857=VERTEX_POINT('',#12648);
#3858=VERTEX_POINT('',#12658);
#3859=VERTEX_POINT('',#12659);
#3860=VERTEX_POINT('',#12663);
#3861=VERTEX_POINT('',#12665);
#3862=VERTEX_POINT('',#12671);
#3863=VERTEX_POINT('',#12673);
#3864=VERTEX_POINT('',#12677);
#3865=VERTEX_POINT('',#12679);
#3866=VERTEX_POINT('',#12683);
#3867=VERTEX_POINT('',#12685);
#3868=VERTEX_POINT('',#12694);
#3869=VERTEX_POINT('',#12698);
#3870=VERTEX_POINT('',#12709);
#3871=VERTEX_POINT('',#12713);
#3872=VERTEX_POINT('',#12719);
#3873=VERTEX_POINT('',#12721);
#3874=VERTEX_POINT('',#12725);
#3875=VERTEX_POINT('',#12727);
#3876=VERTEX_POINT('',#12731);
#3877=VERTEX_POINT('',#12733);
#3878=VERTEX_POINT('',#12737);
#3879=VERTEX_POINT('',#12739);
#3880=VERTEX_POINT('',#12743);
#3881=VERTEX_POINT('',#12745);
#3882=VERTEX_POINT('',#12749);
#3883=VERTEX_POINT('',#12751);
#3884=VERTEX_POINT('',#12755);
#3885=VERTEX_POINT('',#12757);
#3886=VERTEX_POINT('',#12761);
#3887=VERTEX_POINT('',#12763);
#3888=VERTEX_POINT('',#12767);
#3889=VERTEX_POINT('',#12769);
#3890=VERTEX_POINT('',#12773);
#3891=VERTEX_POINT('',#12775);
#3892=VERTEX_POINT('',#12797);
#3893=VERTEX_POINT('',#12798);
#3894=VERTEX_POINT('',#12802);
#3895=VERTEX_POINT('',#12804);
#3896=VERTEX_POINT('',#12815);
#3897=VERTEX_POINT('',#12819);
#3898=VERTEX_POINT('',#12830);
#3899=VERTEX_POINT('',#12834);
#3900=VERTEX_POINT('',#12845);
#3901=VERTEX_POINT('',#12849);
#3902=VERTEX_POINT('',#12860);
#3903=VERTEX_POINT('',#12864);
#3904=VERTEX_POINT('',#12870);
#3905=VERTEX_POINT('',#12872);
#3906=VERTEX_POINT('',#12881);
#3907=VERTEX_POINT('',#12885);
#3908=VERTEX_POINT('',#12896);
#3909=VERTEX_POINT('',#12900);
#3910=VERTEX_POINT('',#12911);
#3911=VERTEX_POINT('',#12915);
#3912=VERTEX_POINT('',#12926);
#3913=VERTEX_POINT('',#12930);
#3914=VERTEX_POINT('',#12941);
#3915=VERTEX_POINT('',#12945);
#3916=VERTEX_POINT('',#12956);
#3917=VERTEX_POINT('',#12960);
#3918=VERTEX_POINT('',#12971);
#3919=VERTEX_POINT('',#12975);
#3920=VERTEX_POINT('',#12986);
#3921=VERTEX_POINT('',#12990);
#3922=VERTEX_POINT('',#13001);
#3923=VERTEX_POINT('',#13005);
#3924=VERTEX_POINT('',#13016);
#3925=VERTEX_POINT('',#13020);
#3926=VERTEX_POINT('',#13031);
#3927=VERTEX_POINT('',#13035);
#3928=VERTEX_POINT('',#13046);
#3929=VERTEX_POINT('',#13050);
#3930=VERTEX_POINT('',#13056);
#3931=VERTEX_POINT('',#13058);
#3932=VERTEX_POINT('',#13067);
#3933=VERTEX_POINT('',#13071);
#3934=VERTEX_POINT('',#13082);
#3935=VERTEX_POINT('',#13086);
#3936=VERTEX_POINT('',#13097);
#3937=VERTEX_POINT('',#13101);
#3938=VERTEX_POINT('',#13112);
#3939=VERTEX_POINT('',#13116);
#3940=VERTEX_POINT('',#13127);
#3941=VERTEX_POINT('',#13131);
#3942=VERTEX_POINT('',#13142);
#3943=VERTEX_POINT('',#13146);
#3944=VERTEX_POINT('',#13169);
#3945=VERTEX_POINT('',#13170);
#3946=VERTEX_POINT('',#13174);
#3947=VERTEX_POINT('',#13176);
#3948=VERTEX_POINT('',#13187);
#3949=VERTEX_POINT('',#13191);
#3950=VERTEX_POINT('',#13202);
#3951=VERTEX_POINT('',#13206);
#3952=VERTEX_POINT('',#13217);
#3953=VERTEX_POINT('',#13221);
#3954=VERTEX_POINT('',#13227);
#3955=VERTEX_POINT('',#13229);
#3956=VERTEX_POINT('',#13238);
#3957=VERTEX_POINT('',#13242);
#3958=VERTEX_POINT('',#13253);
#3959=VERTEX_POINT('',#13257);
#3960=VERTEX_POINT('',#13268);
#3961=VERTEX_POINT('',#13272);
#3962=VERTEX_POINT('',#13283);
#3963=VERTEX_POINT('',#13287);
#3964=VERTEX_POINT('',#13298);
#3965=VERTEX_POINT('',#13302);
#3966=VERTEX_POINT('',#13313);
#3967=VERTEX_POINT('',#13317);
#3968=VERTEX_POINT('',#13328);
#3969=VERTEX_POINT('',#13332);
#3970=VERTEX_POINT('',#13343);
#3971=VERTEX_POINT('',#13347);
#3972=VERTEX_POINT('',#13358);
#3973=VERTEX_POINT('',#13362);
#3974=VERTEX_POINT('',#13373);
#3975=VERTEX_POINT('',#13377);
#3976=VERTEX_POINT('',#13388);
#3977=VERTEX_POINT('',#13392);
#3978=VERTEX_POINT('',#13403);
#3979=VERTEX_POINT('',#13407);
#3980=VERTEX_POINT('',#13413);
#3981=VERTEX_POINT('',#13415);
#3982=VERTEX_POINT('',#13424);
#3983=VERTEX_POINT('',#13428);
#3984=VERTEX_POINT('',#13439);
#3985=VERTEX_POINT('',#13443);
#3986=VERTEX_POINT('',#13454);
#3987=VERTEX_POINT('',#13458);
#3988=VERTEX_POINT('',#13469);
#3989=VERTEX_POINT('',#13473);
#3990=VERTEX_POINT('',#13484);
#3991=VERTEX_POINT('',#13488);
#3992=VERTEX_POINT('',#13499);
#3993=VERTEX_POINT('',#13503);
#3994=VERTEX_POINT('',#13514);
#3995=VERTEX_POINT('',#13518);
#3996=VERTEX_POINT('',#13537);
#3997=VERTEX_POINT('',#13538);
#3998=VERTEX_POINT('',#13540);
#3999=VERTEX_POINT('',#13542);
#4000=VERTEX_POINT('',#13546);
#4001=VERTEX_POINT('',#13548);
#4002=VERTEX_POINT('',#13552);
#4003=VERTEX_POINT('',#13554);
#4004=VERTEX_POINT('',#13558);
#4005=VERTEX_POINT('',#13560);
#4006=VERTEX_POINT('',#13564);
#4007=VERTEX_POINT('',#13566);
#4008=VERTEX_POINT('',#13570);
#4009=VERTEX_POINT('',#13572);
#4010=VERTEX_POINT('',#13576);
#4011=VERTEX_POINT('',#13578);
#4012=VERTEX_POINT('',#13582);
#4013=VERTEX_POINT('',#13584);
#4014=VERTEX_POINT('',#13588);
#4015=VERTEX_POINT('',#13590);
#4016=VERTEX_POINT('',#13594);
#4017=VERTEX_POINT('',#13596);
#4018=VERTEX_POINT('',#13600);
#4019=VERTEX_POINT('',#13602);
#4020=VERTEX_POINT('',#13615);
#4021=VERTEX_POINT('',#13616);
#4022=VERTEX_POINT('',#13620);
#4023=VERTEX_POINT('',#13622);
#4024=VERTEX_POINT('',#13633);
#4025=VERTEX_POINT('',#13637);
#4026=VERTEX_POINT('',#13648);
#4027=VERTEX_POINT('',#13652);
#4028=VERTEX_POINT('',#13663);
#4029=VERTEX_POINT('',#13667);
#4030=VERTEX_POINT('',#13673);
#4031=VERTEX_POINT('',#13675);
#4032=VERTEX_POINT('',#13679);
#4033=VERTEX_POINT('',#13681);
#4034=VERTEX_POINT('',#13685);
#4035=VERTEX_POINT('',#13687);
#4036=VERTEX_POINT('',#13696);
#4037=VERTEX_POINT('',#13700);
#4038=VERTEX_POINT('',#13711);
#4039=VERTEX_POINT('',#13715);
#4040=VERTEX_POINT('',#13726);
#4041=VERTEX_POINT('',#13730);
#4042=VERTEX_POINT('',#13741);
#4043=VERTEX_POINT('',#13745);
#4044=VERTEX_POINT('',#13756);
#4045=VERTEX_POINT('',#13760);
#4046=VERTEX_POINT('',#13771);
#4047=VERTEX_POINT('',#13775);
#4048=VERTEX_POINT('',#13786);
#4049=VERTEX_POINT('',#13790);
#4050=VERTEX_POINT('',#13801);
#4051=VERTEX_POINT('',#13805);
#4052=VERTEX_POINT('',#13816);
#4053=VERTEX_POINT('',#13820);
#4054=VERTEX_POINT('',#13831);
#4055=VERTEX_POINT('',#13835);
#4056=VERTEX_POINT('',#13846);
#4057=VERTEX_POINT('',#13850);
#4058=VERTEX_POINT('',#13861);
#4059=VERTEX_POINT('',#13865);
#4060=VERTEX_POINT('',#13871);
#4061=VERTEX_POINT('',#13873);
#4062=VERTEX_POINT('',#13877);
#4063=VERTEX_POINT('',#13879);
#4064=VERTEX_POINT('',#13883);
#4065=VERTEX_POINT('',#13885);
#4066=VERTEX_POINT('',#13894);
#4067=VERTEX_POINT('',#13898);
#4068=VERTEX_POINT('',#13909);
#4069=VERTEX_POINT('',#13913);
#4070=VERTEX_POINT('',#13924);
#4071=VERTEX_POINT('',#13928);
#4072=VERTEX_POINT('',#13939);
#4073=VERTEX_POINT('',#13943);
#4074=VERTEX_POINT('',#13954);
#4075=VERTEX_POINT('',#13958);
#4076=VERTEX_POINT('',#13969);
#4077=VERTEX_POINT('',#13973);
#4078=VERTEX_POINT('',#13984);
#4079=VERTEX_POINT('',#13988);
#4080=VERTEX_POINT('',#14012);
#4081=VERTEX_POINT('',#14013);
#4082=VERTEX_POINT('',#14017);
#4083=VERTEX_POINT('',#14019);
#4084=VERTEX_POINT('',#14030);
#4085=VERTEX_POINT('',#14034);
#4086=VERTEX_POINT('',#14045);
#4087=VERTEX_POINT('',#14049);
#4088=VERTEX_POINT('',#14060);
#4089=VERTEX_POINT('',#14064);
#4090=VERTEX_POINT('',#14075);
#4091=VERTEX_POINT('',#14079);
#4092=VERTEX_POINT('',#14090);
#4093=VERTEX_POINT('',#14094);
#4094=VERTEX_POINT('',#14105);
#4095=VERTEX_POINT('',#14109);
#4096=VERTEX_POINT('',#14120);
#4097=VERTEX_POINT('',#14124);
#4098=VERTEX_POINT('',#14135);
#4099=VERTEX_POINT('',#14139);
#4100=VERTEX_POINT('',#14150);
#4101=VERTEX_POINT('',#14154);
#4102=VERTEX_POINT('',#14165);
#4103=VERTEX_POINT('',#14169);
#4104=VERTEX_POINT('',#14180);
#4105=VERTEX_POINT('',#14184);
#4106=VERTEX_POINT('',#14190);
#4107=VERTEX_POINT('',#14192);
#4108=VERTEX_POINT('',#14196);
#4109=VERTEX_POINT('',#14198);
#4110=VERTEX_POINT('',#14210);
#4111=VERTEX_POINT('',#14211);
#4112=VERTEX_POINT('',#14215);
#4113=VERTEX_POINT('',#14217);
#4114=VERTEX_POINT('',#14228);
#4115=VERTEX_POINT('',#14232);
#4116=VERTEX_POINT('',#14243);
#4117=VERTEX_POINT('',#14247);
#4118=VERTEX_POINT('',#14258);
#4119=VERTEX_POINT('',#14262);
#4120=VERTEX_POINT('',#14273);
#4121=VERTEX_POINT('',#14277);
#4122=VERTEX_POINT('',#14288);
#4123=VERTEX_POINT('',#14292);
#4124=VERTEX_POINT('',#14303);
#4125=VERTEX_POINT('',#14307);
#4126=VERTEX_POINT('',#14318);
#4127=VERTEX_POINT('',#14322);
#4128=VERTEX_POINT('',#14333);
#4129=VERTEX_POINT('',#14337);
#4130=VERTEX_POINT('',#14348);
#4131=VERTEX_POINT('',#14352);
#4132=VERTEX_POINT('',#14363);
#4133=VERTEX_POINT('',#14367);
#4134=VERTEX_POINT('',#14378);
#4135=VERTEX_POINT('',#14382);
#4136=VERTEX_POINT('',#14388);
#4137=VERTEX_POINT('',#14390);
#4138=VERTEX_POINT('',#14394);
#4139=VERTEX_POINT('',#14396);
#4140=VERTEX_POINT('',#14400);
#4141=VERTEX_POINT('',#14402);
#4142=VERTEX_POINT('',#14406);
#4143=VERTEX_POINT('',#14408);
#4144=VERTEX_POINT('',#14416);
#4145=VERTEX_POINT('',#14417);
#4146=VERTEX_POINT('',#14419);
#4147=VERTEX_POINT('',#14421);
#4148=VERTEX_POINT('',#14425);
#4149=VERTEX_POINT('',#14427);
#4150=VERTEX_POINT('',#14431);
#4151=VERTEX_POINT('',#14433);
#4152=VERTEX_POINT('',#14437);
#4153=VERTEX_POINT('',#14439);
#4154=VERTEX_POINT('',#14443);
#4155=VERTEX_POINT('',#14445);
#4156=VERTEX_POINT('',#14449);
#4157=VERTEX_POINT('',#14451);
#4158=VERTEX_POINT('',#14455);
#4159=VERTEX_POINT('',#14457);
#4160=VERTEX_POINT('',#14470);
#4161=VERTEX_POINT('',#14471);
#4162=VERTEX_POINT('',#14475);
#4163=VERTEX_POINT('',#14477);
#4164=VERTEX_POINT('',#14488);
#4165=VERTEX_POINT('',#14492);
#4166=VERTEX_POINT('',#14503);
#4167=VERTEX_POINT('',#14507);
#4168=VERTEX_POINT('',#14518);
#4169=VERTEX_POINT('',#14522);
#4170=VERTEX_POINT('',#14533);
#4171=VERTEX_POINT('',#14537);
#4172=VERTEX_POINT('',#14548);
#4173=VERTEX_POINT('',#14552);
#4174=VERTEX_POINT('',#14563);
#4175=VERTEX_POINT('',#14567);
#4176=VERTEX_POINT('',#14578);
#4177=VERTEX_POINT('',#14582);
#4178=VERTEX_POINT('',#14593);
#4179=VERTEX_POINT('',#14597);
#4180=VERTEX_POINT('',#14608);
#4181=VERTEX_POINT('',#14612);
#4182=VERTEX_POINT('',#14623);
#4183=VERTEX_POINT('',#14627);
#4184=VERTEX_POINT('',#14638);
#4185=VERTEX_POINT('',#14642);
#4186=VERTEX_POINT('',#14653);
#4187=VERTEX_POINT('',#14657);
#4188=VERTEX_POINT('',#14668);
#4189=VERTEX_POINT('',#14672);
#4190=VERTEX_POINT('',#14683);
#4191=VERTEX_POINT('',#14687);
#4192=VERTEX_POINT('',#14698);
#4193=VERTEX_POINT('',#14702);
#4194=VERTEX_POINT('',#14713);
#4195=VERTEX_POINT('',#14717);
#4196=VERTEX_POINT('',#14728);
#4197=VERTEX_POINT('',#14732);
#4198=VERTEX_POINT('',#14743);
#4199=VERTEX_POINT('',#14747);
#4200=VERTEX_POINT('',#14758);
#4201=VERTEX_POINT('',#14762);
#4202=VERTEX_POINT('',#14773);
#4203=VERTEX_POINT('',#14777);
#4204=VERTEX_POINT('',#14788);
#4205=VERTEX_POINT('',#14792);
#4206=VERTEX_POINT('',#14798);
#4207=VERTEX_POINT('',#14800);
#4208=VERTEX_POINT('',#14804);
#4209=VERTEX_POINT('',#14806);
#4210=VERTEX_POINT('',#14810);
#4211=VERTEX_POINT('',#14812);
#4212=VERTEX_POINT('',#14821);
#4213=VERTEX_POINT('',#14825);
#4214=VERTEX_POINT('',#14836);
#4215=VERTEX_POINT('',#14840);
#4216=VERTEX_POINT('',#14851);
#4217=VERTEX_POINT('',#14855);
#4218=VERTEX_POINT('',#14866);
#4219=VERTEX_POINT('',#14870);
#4220=VERTEX_POINT('',#14881);
#4221=VERTEX_POINT('',#14885);
#4222=VERTEX_POINT('',#14896);
#4223=VERTEX_POINT('',#14900);
#4224=VERTEX_POINT('',#14911);
#4225=VERTEX_POINT('',#14915);
#4226=VERTEX_POINT('',#14926);
#4227=VERTEX_POINT('',#14930);
#4228=VERTEX_POINT('',#14941);
#4229=VERTEX_POINT('',#14945);
#4230=VERTEX_POINT('',#14956);
#4231=VERTEX_POINT('',#14960);
#4232=VERTEX_POINT('',#14971);
#4233=VERTEX_POINT('',#14975);
#4234=VERTEX_POINT('',#14986);
#4235=VERTEX_POINT('',#14990);
#4236=VERTEX_POINT('',#15001);
#4237=VERTEX_POINT('',#15005);
#4238=VERTEX_POINT('',#15016);
#4239=VERTEX_POINT('',#15020);
#4240=VERTEX_POINT('',#15031);
#4241=VERTEX_POINT('',#15035);
#4242=VERTEX_POINT('',#15046);
#4243=VERTEX_POINT('',#15050);
#4244=VERTEX_POINT('',#15061);
#4245=VERTEX_POINT('',#15065);
#4246=VERTEX_POINT('',#15076);
#4247=VERTEX_POINT('',#15080);
#4248=VERTEX_POINT('',#15091);
#4249=VERTEX_POINT('',#15095);
#4250=VERTEX_POINT('',#15106);
#4251=VERTEX_POINT('',#15110);
#4252=VERTEX_POINT('',#15121);
#4253=VERTEX_POINT('',#15125);
#4254=VERTEX_POINT('',#15136);
#4255=VERTEX_POINT('',#15140);
#4256=VERTEX_POINT('',#15151);
#4257=VERTEX_POINT('',#15155);
#4258=VERTEX_POINT('',#15166);
#4259=VERTEX_POINT('',#15170);
#4260=VERTEX_POINT('',#15181);
#4261=VERTEX_POINT('',#15185);
#4262=VERTEX_POINT('',#15196);
#4263=VERTEX_POINT('',#15200);
#4264=VERTEX_POINT('',#15211);
#4265=VERTEX_POINT('',#15215);
#4266=VERTEX_POINT('',#15226);
#4267=VERTEX_POINT('',#15230);
#4268=VERTEX_POINT('',#15241);
#4269=VERTEX_POINT('',#15245);
#4270=VERTEX_POINT('',#15256);
#4271=VERTEX_POINT('',#15260);
#4272=VERTEX_POINT('',#15266);
#4273=VERTEX_POINT('',#15268);
#4274=VERTEX_POINT('',#15272);
#4275=VERTEX_POINT('',#15274);
#4276=VERTEX_POINT('',#15278);
#4277=VERTEX_POINT('',#15280);
#4278=VERTEX_POINT('',#15289);
#4279=VERTEX_POINT('',#15293);
#4280=VERTEX_POINT('',#15304);
#4281=VERTEX_POINT('',#15308);
#4282=VERTEX_POINT('',#15319);
#4283=VERTEX_POINT('',#15323);
#4284=VERTEX_POINT('',#15334);
#4285=VERTEX_POINT('',#15338);
#4286=VERTEX_POINT('',#15349);
#4287=VERTEX_POINT('',#15353);
#4288=VERTEX_POINT('',#15364);
#4289=VERTEX_POINT('',#15368);
#4290=VERTEX_POINT('',#15379);
#4291=VERTEX_POINT('',#15383);
#4292=VERTEX_POINT('',#15404);
#4293=VERTEX_POINT('',#15405);
#4294=VERTEX_POINT('',#15407);
#4295=VERTEX_POINT('',#15409);
#4296=VERTEX_POINT('',#15413);
#4297=VERTEX_POINT('',#15415);
#4298=VERTEX_POINT('',#15419);
#4299=VERTEX_POINT('',#15420);
#4300=VERTEX_POINT('',#15425);
#4301=VERTEX_POINT('',#15427);
#4302=VERTEX_POINT('',#15431);
#4303=VERTEX_POINT('',#15432);
#4304=VERTEX_POINT('',#15437);
#4305=VERTEX_POINT('',#15439);
#4306=VERTEX_POINT('',#15443);
#4307=VERTEX_POINT('',#15445);
#4308=VERTEX_POINT('',#15447);
#4309=VERTEX_POINT('',#15449);
#4310=VERTEX_POINT('',#15453);
#4311=VERTEX_POINT('',#15455);
#4312=VERTEX_POINT('',#15457);
#4313=VERTEX_POINT('',#15459);
#4314=VERTEX_POINT('',#15461);
#4315=VERTEX_POINT('',#15463);
#4316=VERTEX_POINT('',#15466);
#4317=VERTEX_POINT('',#15468);
#4318=VERTEX_POINT('',#15470);
#4319=VERTEX_POINT('',#15472);
#4320=VERTEX_POINT('',#15474);
#4321=VERTEX_POINT('',#15476);
#4322=VERTEX_POINT('',#15478);
#4323=VERTEX_POINT('',#15480);
#4324=VERTEX_POINT('',#15482);
#4325=VERTEX_POINT('',#15484);
#4326=VERTEX_POINT('',#15486);
#4327=VERTEX_POINT('',#15488);
#4328=VERTEX_POINT('',#15490);
#4329=VERTEX_POINT('',#15492);
#4330=VERTEX_POINT('',#15494);
#4331=VERTEX_POINT('',#15496);
#4332=VERTEX_POINT('',#15498);
#4333=VERTEX_POINT('',#15500);
#4334=VERTEX_POINT('',#15502);
#4335=VERTEX_POINT('',#15504);
#4336=VERTEX_POINT('',#15506);
#4337=VERTEX_POINT('',#15508);
#4338=VERTEX_POINT('',#15510);
#4339=VERTEX_POINT('',#15512);
#4340=VERTEX_POINT('',#15514);
#4341=VERTEX_POINT('',#15516);
#4342=VERTEX_POINT('',#15518);
#4343=VERTEX_POINT('',#15520);
#4344=VERTEX_POINT('',#15522);
#4345=VERTEX_POINT('',#15524);
#4346=VERTEX_POINT('',#15526);
#4347=VERTEX_POINT('',#15528);
#4348=VERTEX_POINT('',#15530);
#4349=VERTEX_POINT('',#15532);
#4350=VERTEX_POINT('',#15534);
#4351=VERTEX_POINT('',#15536);
#4352=VERTEX_POINT('',#15538);
#4353=VERTEX_POINT('',#15540);
#4354=VERTEX_POINT('',#15542);
#4355=VERTEX_POINT('',#15544);
#4356=VERTEX_POINT('',#15546);
#4357=VERTEX_POINT('',#15548);
#4358=VERTEX_POINT('',#15550);
#4359=VERTEX_POINT('',#15552);
#4360=VERTEX_POINT('',#15554);
#4361=VERTEX_POINT('',#15556);
#4362=VERTEX_POINT('',#15558);
#4363=VERTEX_POINT('',#15560);
#4364=VERTEX_POINT('',#15562);
#4365=VERTEX_POINT('',#15564);
#4366=VERTEX_POINT('',#15566);
#4367=VERTEX_POINT('',#15568);
#4368=VERTEX_POINT('',#15570);
#4369=VERTEX_POINT('',#15572);
#4370=VERTEX_POINT('',#15574);
#4371=VERTEX_POINT('',#15576);
#4372=VERTEX_POINT('',#15578);
#4373=VERTEX_POINT('',#15580);
#4374=VERTEX_POINT('',#15582);
#4375=VERTEX_POINT('',#15584);
#4376=VERTEX_POINT('',#15586);
#4377=VERTEX_POINT('',#15588);
#4378=VERTEX_POINT('',#15590);
#4379=VERTEX_POINT('',#15592);
#4380=VERTEX_POINT('',#15594);
#4381=VERTEX_POINT('',#15596);
#4382=VERTEX_POINT('',#15598);
#4383=VERTEX_POINT('',#15600);
#4384=VERTEX_POINT('',#15602);
#4385=VERTEX_POINT('',#15604);
#4386=VERTEX_POINT('',#15606);
#4387=VERTEX_POINT('',#15608);
#4388=VERTEX_POINT('',#15610);
#4389=VERTEX_POINT('',#15612);
#4390=VERTEX_POINT('',#15614);
#4391=VERTEX_POINT('',#15616);
#4392=VERTEX_POINT('',#15618);
#4393=VERTEX_POINT('',#15620);
#4394=VERTEX_POINT('',#15622);
#4395=VERTEX_POINT('',#15624);
#4396=VERTEX_POINT('',#15626);
#4397=VERTEX_POINT('',#15628);
#4398=VERTEX_POINT('',#15630);
#4399=VERTEX_POINT('',#15633);
#4400=VERTEX_POINT('',#15635);
#4401=VERTEX_POINT('',#15637);
#4402=VERTEX_POINT('',#15639);
#4403=VERTEX_POINT('',#15641);
#4404=VERTEX_POINT('',#15643);
#4405=VERTEX_POINT('',#15645);
#4406=VERTEX_POINT('',#15647);
#4407=VERTEX_POINT('',#15650);
#4408=VERTEX_POINT('',#15654);
#4409=VERTEX_POINT('',#15658);
#4410=VERTEX_POINT('',#15664);
#4411=VERTEX_POINT('',#15669);
#4412=VERTEX_POINT('',#15674);
#4413=VERTEX_POINT('',#15679);
#4414=VERTEX_POINT('',#15684);
#4415=VERTEX_POINT('',#15689);
#4416=VERTEX_POINT('',#15694);
#4417=VERTEX_POINT('',#15699);
#4418=VERTEX_POINT('',#15710);
#4419=VERTEX_POINT('',#15712);
#4420=VERTEX_POINT('',#15716);
#4421=VERTEX_POINT('',#15718);
#4422=VERTEX_POINT('',#15722);
#4423=VERTEX_POINT('',#15724);
#4424=VERTEX_POINT('',#15742);
#4425=VERTEX_POINT('',#15746);
#4426=VERTEX_POINT('',#15750);
#4427=VERTEX_POINT('',#15754);
#4428=VERTEX_POINT('',#15758);
#4429=VERTEX_POINT('',#15759);
#4430=VERTEX_POINT('',#15761);
#4431=VERTEX_POINT('',#15763);
#4432=VERTEX_POINT('',#15766);
#4433=VERTEX_POINT('',#15768);
#4434=VERTEX_POINT('',#15780);
#4435=VERTEX_POINT('',#15784);
#4436=VERTEX_POINT('',#15786);
#4437=VERTEX_POINT('',#15798);
#4438=VERTEX_POINT('',#15805);
#4439=VERTEX_POINT('',#15807);
#4440=VERTEX_POINT('',#15810);
#4441=VERTEX_POINT('',#15812);
#4442=VERTEX_POINT('',#15815);
#4443=VERTEX_POINT('',#15817);
#4444=VERTEX_POINT('',#15827);
#4445=VERTEX_POINT('',#15829);
#4446=VERTEX_POINT('',#15841);
#4447=VERTEX_POINT('',#15845);
#4448=VERTEX_POINT('',#15849);
#4449=VERTEX_POINT('',#15853);
#4450=VERTEX_POINT('',#15857);
#4451=VERTEX_POINT('',#15868);
#4452=VERTEX_POINT('',#15870);
#4453=VERTEX_POINT('',#15875);
#4454=VERTEX_POINT('',#15877);
#4455=VERTEX_POINT('',#15880);
#4456=VERTEX_POINT('',#15896);
#4457=VERTEX_POINT('',#15898);
#4458=VERTEX_POINT('',#15904);
#4459=VERTEX_POINT('',#15908);
#4460=VERTEX_POINT('',#15912);
#4461=VERTEX_POINT('',#15918);
#4462=VERTEX_POINT('',#15922);
#4463=VERTEX_POINT('',#15926);
#4464=VERTEX_POINT('',#15930);
#4465=VERTEX_POINT('',#15934);
#4466=VERTEX_POINT('',#15938);
#4467=VERTEX_POINT('',#15996);
#4468=VERTEX_POINT('',#16000);
#4469=VERTEX_POINT('',#16004);
#4470=VERTEX_POINT('',#16008);
#4471=VERTEX_POINT('',#16009);
#4472=VERTEX_POINT('',#16011);
#4473=VERTEX_POINT('',#16013);
#4474=VERTEX_POINT('',#16017);
#4475=VERTEX_POINT('',#16018);
#4476=VERTEX_POINT('',#16023);
#4477=VERTEX_POINT('',#16024);
#4478=VERTEX_POINT('',#16029);
#4479=VERTEX_POINT('',#16030);
#4480=VERTEX_POINT('',#16035);
#4481=VERTEX_POINT('',#16040);
#4482=VERTEX_POINT('',#16044);
#4483=VERTEX_POINT('',#16045);
#4484=VERTEX_POINT('',#16059);
#4485=VERTEX_POINT('',#16060);
#4486=VERTEX_POINT('',#16062);
#4487=VERTEX_POINT('',#16064);
#4488=VERTEX_POINT('',#16066);
#4489=VERTEX_POINT('',#16068);
#4490=VERTEX_POINT('',#16070);
#4491=VERTEX_POINT('',#16072);
#4492=VERTEX_POINT('',#16075);
#4493=VERTEX_POINT('',#16076);
#4494=VERTEX_POINT('',#16078);
#4495=VERTEX_POINT('',#16080);
#4496=VERTEX_POINT('',#16082);
#4497=VERTEX_POINT('',#16084);
#4498=VERTEX_POINT('',#16086);
#4499=VERTEX_POINT('',#16089);
#4500=VERTEX_POINT('',#16090);
#4501=VERTEX_POINT('',#16092);
#4502=VERTEX_POINT('',#16094);
#4503=VERTEX_POINT('',#16096);
#4504=VERTEX_POINT('',#16098);
#4505=VERTEX_POINT('',#16100);
#4506=VERTEX_POINT('',#16102);
#4507=VERTEX_POINT('',#16105);
#4508=VERTEX_POINT('',#16106);
#4509=VERTEX_POINT('',#16108);
#4510=VERTEX_POINT('',#16110);
#4511=VERTEX_POINT('',#16112);
#4512=VERTEX_POINT('',#16114);
#4513=VERTEX_POINT('',#16116);
#4514=VERTEX_POINT('',#16118);
#4515=VERTEX_POINT('',#16121);
#4516=VERTEX_POINT('',#16122);
#4517=VERTEX_POINT('',#16124);
#4518=VERTEX_POINT('',#16126);
#4519=VERTEX_POINT('',#16128);
#4520=VERTEX_POINT('',#16130);
#4521=VERTEX_POINT('',#16132);
#4522=VERTEX_POINT('',#16134);
#4523=VERTEX_POINT('',#16137);
#4524=VERTEX_POINT('',#16138);
#4525=VERTEX_POINT('',#16140);
#4526=VERTEX_POINT('',#16142);
#4527=VERTEX_POINT('',#16144);
#4528=VERTEX_POINT('',#16146);
#4529=VERTEX_POINT('',#16148);
#4530=VERTEX_POINT('',#16150);
#4531=VERTEX_POINT('',#16153);
#4532=VERTEX_POINT('',#16154);
#4533=VERTEX_POINT('',#16156);
#4534=VERTEX_POINT('',#16158);
#4535=VERTEX_POINT('',#16160);
#4536=VERTEX_POINT('',#16162);
#4537=VERTEX_POINT('',#16164);
#4538=VERTEX_POINT('',#16167);
#4539=VERTEX_POINT('',#16168);
#4540=VERTEX_POINT('',#16170);
#4541=VERTEX_POINT('',#16172);
#4542=VERTEX_POINT('',#16174);
#4543=VERTEX_POINT('',#16176);
#4544=VERTEX_POINT('',#16178);
#4545=VERTEX_POINT('',#16180);
#4546=VERTEX_POINT('',#16183);
#4547=VERTEX_POINT('',#16184);
#4548=VERTEX_POINT('',#16186);
#4549=VERTEX_POINT('',#16188);
#4550=VERTEX_POINT('',#16190);
#4551=VERTEX_POINT('',#16192);
#4552=VERTEX_POINT('',#16194);
#4553=VERTEX_POINT('',#16196);
#4554=VERTEX_POINT('',#16198);
#4555=VERTEX_POINT('',#16200);
#4556=VERTEX_POINT('',#16202);
#4557=VERTEX_POINT('',#16204);
#4558=VERTEX_POINT('',#16206);
#4559=VERTEX_POINT('',#16208);
#4560=VERTEX_POINT('',#16210);
#4561=VERTEX_POINT('',#16212);
#4562=VERTEX_POINT('',#16274);
#4563=VERTEX_POINT('',#16278);
#4564=VERTEX_POINT('',#16291);
#4565=VERTEX_POINT('',#16292);
#4566=VERTEX_POINT('',#16297);
#4567=VERTEX_POINT('',#16301);
#4568=VERTEX_POINT('',#16310);
#4569=EDGE_CURVE('',#3662,#3663,#2006,.T.);
#4570=EDGE_CURVE('',#3664,#3662,#1752,.T.);
#4571=EDGE_CURVE('',#3665,#3664,#2007,.T.);
#4572=EDGE_CURVE('',#3666,#3665,#1753,.T.);
#4573=EDGE_CURVE('',#3667,#3666,#2008,.T.);
#4574=EDGE_CURVE('',#3668,#3667,#1754,.T.);
#4575=EDGE_CURVE('',#3669,#3668,#2009,.T.);
#4576=EDGE_CURVE('',#3670,#3669,#1755,.T.);
#4577=EDGE_CURVE('',#3671,#3670,#2010,.T.);
#4578=EDGE_CURVE('',#3672,#3671,#1756,.T.);
#4579=EDGE_CURVE('',#3673,#3672,#2011,.T.);
#4580=EDGE_CURVE('',#3674,#3673,#1757,.T.);
#4581=EDGE_CURVE('',#3675,#3674,#2012,.T.);
#4582=EDGE_CURVE('',#3676,#3675,#1758,.T.);
#4583=EDGE_CURVE('',#3677,#3676,#2013,.T.);
#4584=EDGE_CURVE('',#3678,#3677,#1759,.T.);
#4585=EDGE_CURVE('',#3679,#3678,#2014,.T.);
#4586=EDGE_CURVE('',#3680,#3679,#1760,.T.);
#4587=EDGE_CURVE('',#3681,#3680,#2015,.T.);
#4588=EDGE_CURVE('',#3682,#3681,#1761,.T.);
#4589=EDGE_CURVE('',#3683,#3682,#2016,.T.);
#4590=EDGE_CURVE('',#3684,#3683,#1762,.T.);
#4591=EDGE_CURVE('',#3685,#3684,#2017,.T.);
#4592=EDGE_CURVE('',#3686,#3685,#2018,.T.);
#4593=EDGE_CURVE('',#3687,#3686,#1763,.T.);
#4594=EDGE_CURVE('',#3688,#3687,#2019,.T.);
#4595=EDGE_CURVE('',#3689,#3688,#1764,.T.);
#4596=EDGE_CURVE('',#3690,#3689,#2020,.T.);
#4597=EDGE_CURVE('',#3691,#3690,#1765,.T.);
#4598=EDGE_CURVE('',#3692,#3691,#2021,.T.);
#4599=EDGE_CURVE('',#3693,#3692,#2022,.T.);
#4600=EDGE_CURVE('',#3694,#3693,#1766,.T.);
#4601=EDGE_CURVE('',#3695,#3694,#2023,.T.);
#4602=EDGE_CURVE('',#3696,#3695,#1767,.T.);
#4603=EDGE_CURVE('',#3697,#3696,#2024,.T.);
#4604=EDGE_CURVE('',#3698,#3697,#1768,.T.);
#4605=EDGE_CURVE('',#3699,#3698,#2025,.T.);
#4606=EDGE_CURVE('',#3700,#3699,#1769,.T.);
#4607=EDGE_CURVE('',#3701,#3700,#2026,.T.);
#4608=EDGE_CURVE('',#3702,#3701,#1770,.T.);
#4609=EDGE_CURVE('',#3703,#3702,#1771,.T.);
#4610=EDGE_CURVE('',#3704,#3703,#1772,.T.);
#4611=EDGE_CURVE('',#3705,#3704,#2027,.T.);
#4612=EDGE_CURVE('',#3706,#3705,#1773,.T.);
#4613=EDGE_CURVE('',#3707,#3706,#2028,.T.);
#4614=EDGE_CURVE('',#3708,#3707,#1774,.T.);
#4615=EDGE_CURVE('',#3709,#3708,#2029,.T.);
#4616=EDGE_CURVE('',#3710,#3709,#1775,.T.);
#4617=EDGE_CURVE('',#3711,#3710,#1776,.T.);
#4618=EDGE_CURVE('',#3712,#3711,#1777,.T.);
#4619=EDGE_CURVE('',#3713,#3712,#2030,.T.);
#4620=EDGE_CURVE('',#3714,#3713,#1778,.T.);
#4621=EDGE_CURVE('',#3715,#3714,#2031,.T.);
#4622=EDGE_CURVE('',#3663,#3715,#1779,.T.);
#4623=EDGE_CURVE('',#3716,#3717,#1780,.T.);
#4624=EDGE_CURVE('',#3718,#3716,#2032,.T.);
#4625=EDGE_CURVE('',#3719,#3718,#1781,.T.);
#4626=EDGE_CURVE('',#3720,#3719,#2033,.T.);
#4627=EDGE_CURVE('',#3721,#3720,#1782,.T.);
#4628=EDGE_CURVE('',#3722,#3721,#2034,.T.);
#4629=EDGE_CURVE('',#3723,#3722,#1783,.T.);
#4630=EDGE_CURVE('',#3724,#3723,#2035,.T.);
#4631=EDGE_CURVE('',#3725,#3724,#1784,.T.);
#4632=EDGE_CURVE('',#3726,#3725,#2036,.T.);
#4633=EDGE_CURVE('',#3727,#3726,#1785,.T.);
#4634=EDGE_CURVE('',#3728,#3727,#2037,.T.);
#4635=EDGE_CURVE('',#3729,#3728,#1786,.T.);
#4636=EDGE_CURVE('',#3730,#3729,#2038,.T.);
#4637=EDGE_CURVE('',#3731,#3730,#1787,.T.);
#4638=EDGE_CURVE('',#3717,#3731,#2039,.T.);
#4639=EDGE_CURVE('',#3732,#3733,#1788,.T.);
#4640=EDGE_CURVE('',#3734,#3732,#2040,.T.);
#4641=EDGE_CURVE('',#3735,#3734,#1789,.T.);
#4642=EDGE_CURVE('',#3736,#3735,#2041,.T.);
#4643=EDGE_CURVE('',#3737,#3736,#1790,.T.);
#4644=EDGE_CURVE('',#3738,#3737,#2042,.T.);
#4645=EDGE_CURVE('',#3739,#3738,#1791,.T.);
#4646=EDGE_CURVE('',#3733,#3739,#2043,.T.);
#4647=EDGE_CURVE('',#3740,#3741,#1792,.T.);
#4648=EDGE_CURVE('',#3742,#3740,#2044,.T.);
#4649=EDGE_CURVE('',#3743,#3742,#1793,.T.);
#4650=EDGE_CURVE('',#3744,#3743,#2045,.T.);
#4651=EDGE_CURVE('',#3745,#3744,#1794,.T.);
#4652=EDGE_CURVE('',#3746,#3745,#2046,.T.);
#4653=EDGE_CURVE('',#3747,#3746,#1795,.T.);
#4654=EDGE_CURVE('',#3741,#3747,#2047,.T.);
#4655=EDGE_CURVE('',#3748,#3741,#2048,.T.);
#4656=EDGE_CURVE('',#3749,#3748,#1796,.T.);
#4657=EDGE_CURVE('',#3749,#3740,#2049,.T.);
#4658=EDGE_CURVE('',#3750,#3747,#2050,.T.);
#4659=EDGE_CURVE('',#3748,#3750,#2051,.T.);
#4660=EDGE_CURVE('',#3746,#3751,#2052,.T.);
#4661=EDGE_CURVE('',#3750,#3751,#1797,.T.);
#4662=EDGE_CURVE('',#3752,#3745,#2053,.T.);
#4663=EDGE_CURVE('',#3751,#3752,#2054,.T.);
#4664=EDGE_CURVE('',#3753,#3734,#2055,.T.);
#4665=EDGE_CURVE('',#3754,#3753,#1798,.T.);
#4666=EDGE_CURVE('',#3754,#3735,#2056,.T.);
#4667=EDGE_CURVE('',#3755,#3732,#2057,.T.);
#4668=EDGE_CURVE('',#3753,#3755,#2058,.T.);
#4669=EDGE_CURVE('',#3756,#3733,#2059,.T.);
#4670=EDGE_CURVE('',#3755,#3756,#1799,.T.);
#4671=EDGE_CURVE('',#3757,#3739,#2060,.T.);
#4672=EDGE_CURVE('',#3756,#3757,#2061,.T.);
#4673=EDGE_CURVE('',#3758,#3723,#2062,.T.);
#4674=EDGE_CURVE('',#3759,#3758,#2063,.T.);
#4675=EDGE_CURVE('',#3759,#3724,#2064,.T.);
#4676=EDGE_CURVE('',#3760,#3722,#2065,.T.);
#4677=EDGE_CURVE('',#3758,#3760,#1800,.T.);
#4678=EDGE_CURVE('',#3761,#3721,#2066,.T.);
#4679=EDGE_CURVE('',#3760,#3761,#2067,.T.);
#4680=EDGE_CURVE('',#3762,#3720,#2068,.T.);
#4681=EDGE_CURVE('',#3761,#3762,#1801,.T.);
#4682=EDGE_CURVE('',#3763,#3719,#2069,.T.);
#4683=EDGE_CURVE('',#3762,#3763,#2070,.T.);
#4684=EDGE_CURVE('',#3764,#3718,#2071,.T.);
#4685=EDGE_CURVE('',#3763,#3764,#1802,.T.);
#4686=EDGE_CURVE('',#3765,#3716,#2072,.T.);
#4687=EDGE_CURVE('',#3764,#3765,#2073,.T.);
#4688=EDGE_CURVE('',#3717,#3766,#2074,.T.);
#4689=EDGE_CURVE('',#3765,#3766,#1803,.T.);
#4690=EDGE_CURVE('',#3686,#3767,#2075,.T.);
#4691=EDGE_CURVE('',#3768,#3767,#1804,.T.);
#4692=EDGE_CURVE('',#3687,#3768,#2076,.T.);
#4693=EDGE_CURVE('',#3685,#3769,#2077,.T.);
#4694=EDGE_CURVE('',#3767,#3769,#2078,.T.);
#4695=EDGE_CURVE('',#3770,#3684,#2079,.T.);
#4696=EDGE_CURVE('',#3769,#3770,#2080,.T.);
#4697=EDGE_CURVE('',#3683,#3771,#2081,.T.);
#4698=EDGE_CURVE('',#3770,#3771,#1805,.T.);
#4699=EDGE_CURVE('',#3772,#3682,#2082,.T.);
#4700=EDGE_CURVE('',#3771,#3772,#2083,.T.);
#4701=EDGE_CURVE('',#3681,#3773,#2084,.T.);
#4702=EDGE_CURVE('',#3772,#3773,#1806,.T.);
#4703=EDGE_CURVE('',#3774,#3679,#2085,.T.);
#4704=EDGE_CURVE('',#3775,#3774,#1807,.T.);
#4705=EDGE_CURVE('',#3680,#3775,#2086,.T.);
#4706=EDGE_CURVE('',#3776,#3678,#2087,.T.);
#4707=EDGE_CURVE('',#3774,#3776,#2088,.T.);
#4708=EDGE_CURVE('',#3777,#3677,#2089,.T.);
#4709=EDGE_CURVE('',#3776,#3777,#1808,.T.);
#4710=EDGE_CURVE('',#3778,#3676,#2090,.T.);
#4711=EDGE_CURVE('',#3777,#3778,#2091,.T.);
#4712=EDGE_CURVE('',#3779,#3675,#2092,.T.);
#4713=EDGE_CURVE('',#3778,#3779,#1809,.T.);
#4714=EDGE_CURVE('',#3780,#3674,#2093,.T.);
#4715=EDGE_CURVE('',#3779,#3780,#2094,.T.);
#4716=EDGE_CURVE('',#3673,#3781,#2095,.T.);
#4717=EDGE_CURVE('',#3780,#3781,#1810,.T.);
#4718=EDGE_CURVE('',#3782,#3671,#2096,.T.);
#4719=EDGE_CURVE('',#3783,#3782,#1811,.T.);
#4720=EDGE_CURVE('',#3672,#3783,#2097,.T.);
#4721=EDGE_CURVE('',#3784,#3670,#2098,.T.);
#4722=EDGE_CURVE('',#3782,#3784,#2099,.T.);
#4723=EDGE_CURVE('',#3785,#3669,#2100,.T.);
#4724=EDGE_CURVE('',#3784,#3785,#1812,.T.);
#4725=EDGE_CURVE('',#3786,#3668,#2101,.T.);
#4726=EDGE_CURVE('',#3785,#3786,#2102,.T.);
#4727=EDGE_CURVE('',#3787,#3667,#2103,.T.);
#4728=EDGE_CURVE('',#3786,#3787,#1813,.T.);
#4729=EDGE_CURVE('',#3788,#3666,#2104,.T.);
#4730=EDGE_CURVE('',#3787,#3788,#2105,.T.);
#4731=EDGE_CURVE('',#3789,#3665,#2106,.T.);
#4732=EDGE_CURVE('',#3788,#3789,#1814,.T.);
#4733=EDGE_CURVE('',#3790,#3791,#2107,.T.);
#4734=EDGE_CURVE('',#3792,#3791,#1815,.F.);
#4735=EDGE_CURVE('',#3793,#3792,#2108,.T.);
#4736=EDGE_CURVE('',#3794,#3793,#1816,.T.);
#4737=EDGE_CURVE('',#3795,#3794,#2109,.T.);
#4738=EDGE_CURVE('',#3795,#3796,#1817,.T.);
#4739=EDGE_CURVE('',#3797,#3796,#2110,.T.);
#4740=EDGE_CURVE('',#3798,#3797,#1818,.T.);
#4741=EDGE_CURVE('',#3798,#3799,#2111,.T.);
#4742=EDGE_CURVE('',#3790,#3799,#1819,.F.);
#4743=EDGE_CURVE('',#3800,#3800,#1820,.T.);
#4744=EDGE_CURVE('',#3801,#3802,#2112,.T.);
#4745=EDGE_CURVE('',#3803,#3802,#1821,.T.);
#4746=EDGE_CURVE('',#3804,#3803,#2113,.T.);
#4747=EDGE_CURVE('',#3805,#3804,#1822,.T.);
#4748=EDGE_CURVE('',#3806,#3805,#2114,.T.);
#4749=EDGE_CURVE('',#3806,#3807,#1823,.T.);
#4750=EDGE_CURVE('',#3808,#3807,#2115,.T.);
#4751=EDGE_CURVE('',#3809,#3808,#1824,.T.);
#4752=EDGE_CURVE('',#3810,#3809,#2116,.T.);
#4753=EDGE_CURVE('',#3801,#3810,#1825,.T.);
#4754=EDGE_CURVE('',#3811,#3811,#1826,.T.);
#4755=EDGE_CURVE('',#3812,#3813,#2117,.T.);
#4756=EDGE_CURVE('',#3814,#3813,#1827,.T.);
#4757=EDGE_CURVE('',#3815,#3814,#2118,.T.);
#4758=EDGE_CURVE('',#3816,#3815,#1828,.T.);
#4759=EDGE_CURVE('',#3817,#3816,#2119,.T.);
#4760=EDGE_CURVE('',#3817,#3818,#1829,.T.);
#4761=EDGE_CURVE('',#3819,#3818,#2120,.T.);
#4762=EDGE_CURVE('',#3820,#3819,#1830,.T.);
#4763=EDGE_CURVE('',#3821,#3820,#2121,.T.);
#4764=EDGE_CURVE('',#3812,#3821,#1831,.T.);
#4765=EDGE_CURVE('',#3822,#3822,#1832,.T.);
#4766=EDGE_CURVE('',#3823,#3824,#2122,.T.);
#4767=EDGE_CURVE('',#3825,#3824,#1833,.T.);
#4768=EDGE_CURVE('',#3826,#3825,#2123,.T.);
#4769=EDGE_CURVE('',#3827,#3826,#1834,.T.);
#4770=EDGE_CURVE('',#3828,#3827,#2124,.T.);
#4771=EDGE_CURVE('',#3828,#3829,#1835,.T.);
#4772=EDGE_CURVE('',#3830,#3829,#2125,.T.);
#4773=EDGE_CURVE('',#3831,#3830,#1836,.T.);
#4774=EDGE_CURVE('',#3832,#3831,#2126,.T.);
#4775=EDGE_CURVE('',#3823,#3832,#1837,.T.);
#4776=EDGE_CURVE('',#3833,#3833,#1838,.T.);
#4777=EDGE_CURVE('',#3834,#3662,#2127,.T.);
#4778=EDGE_CURVE('',#3835,#3834,#1839,.T.);
#4779=EDGE_CURVE('',#3664,#3835,#2128,.T.);
#4780=EDGE_CURVE('',#3836,#3663,#2129,.T.);
#4781=EDGE_CURVE('',#3834,#3836,#2130,.T.);
#4782=EDGE_CURVE('',#3837,#3715,#2131,.T.);
#4783=EDGE_CURVE('',#3836,#3837,#1840,.T.);
#4784=EDGE_CURVE('',#3838,#3714,#2132,.T.);
#4785=EDGE_CURVE('',#3837,#3838,#2133,.T.);
#4786=EDGE_CURVE('',#3839,#3713,#2134,.T.);
#4787=EDGE_CURVE('',#3838,#3839,#1841,.T.);
#4788=EDGE_CURVE('',#3840,#3712,#2135,.T.);
#4789=EDGE_CURVE('',#3839,#3840,#2136,.T.);
#4790=EDGE_CURVE('',#3841,#3841,#1842,.T.);
#4791=EDGE_CURVE('',#3841,#3842,#2137,.T.);
#4792=EDGE_CURVE('',#3843,#3843,#1843,.T.);
#4793=EDGE_CURVE('',#3843,#3841,#2138,.T.);
#4794=EDGE_CURVE('',#3844,#3844,#1844,.T.);
#4795=EDGE_CURVE('',#3844,#3845,#2139,.T.);
#4796=EDGE_CURVE('',#3846,#3846,#1845,.T.);
#4797=EDGE_CURVE('',#3846,#3844,#2140,.T.);
#4798=EDGE_CURVE('',#3847,#3847,#1846,.T.);
#4799=EDGE_CURVE('',#3847,#3848,#2141,.T.);
#4800=EDGE_CURVE('',#3811,#3847,#2142,.T.);
#4801=EDGE_CURVE('',#3849,#3849,#1847,.T.);
#4802=EDGE_CURVE('',#3849,#3850,#2143,.T.);
#4803=EDGE_CURVE('',#3833,#3849,#2144,.T.);
#4804=EDGE_CURVE('',#3851,#3851,#1848,.T.);
#4805=EDGE_CURVE('',#3851,#3852,#2145,.T.);
#4806=EDGE_CURVE('',#3853,#3853,#1849,.T.);
#4807=EDGE_CURVE('',#3853,#3851,#2146,.T.);
#4808=EDGE_CURVE('',#3854,#3854,#1850,.T.);
#4809=EDGE_CURVE('',#3854,#3855,#2147,.T.);
#4810=EDGE_CURVE('',#3800,#3854,#2148,.T.);
#4811=EDGE_CURVE('',#3856,#3856,#1851,.T.);
#4812=EDGE_CURVE('',#3856,#3857,#2149,.T.);
#4813=EDGE_CURVE('',#3822,#3856,#2150,.T.);
#4814=EDGE_CURVE('',#3858,#3859,#19,.T.);
#4815=EDGE_CURVE('',#3858,#3860,#2151,.T.);
#4816=EDGE_CURVE('',#3860,#3861,#20,.T.);
#4817=EDGE_CURVE('',#3859,#3861,#2152,.T.);
#4818=EDGE_CURVE('',#3862,#3858,#2153,.T.);
#4819=EDGE_CURVE('',#3862,#3863,#2154,.T.);
#4820=EDGE_CURVE('',#3863,#3860,#2155,.T.);
#4821=EDGE_CURVE('',#3864,#3862,#2156,.T.);
#4822=EDGE_CURVE('',#3864,#3865,#2157,.T.);
#4823=EDGE_CURVE('',#3865,#3863,#2158,.T.);
#4824=EDGE_CURVE('',#3866,#3864,#2159,.T.);
#4825=EDGE_CURVE('',#3866,#3867,#2160,.T.);
#4826=EDGE_CURVE('',#3867,#3865,#2161,.T.);
#4827=EDGE_CURVE('',#3868,#3866,#21,.T.);
#4828=EDGE_CURVE('',#3868,#3869,#2162,.T.);
#4829=EDGE_CURVE('',#3869,#3867,#22,.T.);
#4830=EDGE_CURVE('',#3870,#3868,#23,.T.);
#4831=EDGE_CURVE('',#3870,#3871,#2163,.T.);
#4832=EDGE_CURVE('',#3871,#3869,#24,.T.);
#4833=EDGE_CURVE('',#3872,#3870,#2164,.T.);
#4834=EDGE_CURVE('',#3872,#3873,#2165,.T.);
#4835=EDGE_CURVE('',#3873,#3871,#2166,.T.);
#4836=EDGE_CURVE('',#3874,#3872,#2167,.T.);
#4837=EDGE_CURVE('',#3874,#3875,#2168,.T.);
#4838=EDGE_CURVE('',#3875,#3873,#2169,.T.);
#4839=EDGE_CURVE('',#3876,#3874,#2170,.T.);
#4840=EDGE_CURVE('',#3876,#3877,#2171,.T.);
#4841=EDGE_CURVE('',#3877,#3875,#2172,.T.);
#4842=EDGE_CURVE('',#3878,#3876,#2173,.T.);
#4843=EDGE_CURVE('',#3878,#3879,#2174,.T.);
#4844=EDGE_CURVE('',#3879,#3877,#2175,.T.);
#4845=EDGE_CURVE('',#3880,#3878,#2176,.T.);
#4846=EDGE_CURVE('',#3880,#3881,#2177,.T.);
#4847=EDGE_CURVE('',#3881,#3879,#2178,.T.);
#4848=EDGE_CURVE('',#3882,#3880,#2179,.T.);
#4849=EDGE_CURVE('',#3882,#3883,#2180,.T.);
#4850=EDGE_CURVE('',#3883,#3881,#2181,.T.);
#4851=EDGE_CURVE('',#3884,#3882,#2182,.T.);
#4852=EDGE_CURVE('',#3884,#3885,#2183,.T.);
#4853=EDGE_CURVE('',#3885,#3883,#2184,.T.);
#4854=EDGE_CURVE('',#3886,#3884,#2185,.T.);
#4855=EDGE_CURVE('',#3886,#3887,#2186,.T.);
#4856=EDGE_CURVE('',#3887,#3885,#2187,.T.);
#4857=EDGE_CURVE('',#3888,#3886,#2188,.T.);
#4858=EDGE_CURVE('',#3888,#3889,#2189,.T.);
#4859=EDGE_CURVE('',#3889,#3887,#2190,.T.);
#4860=EDGE_CURVE('',#3890,#3888,#2191,.T.);
#4861=EDGE_CURVE('',#3890,#3891,#2192,.T.);
#4862=EDGE_CURVE('',#3891,#3889,#2193,.T.);
#4863=EDGE_CURVE('',#3859,#3890,#25,.T.);
#4864=EDGE_CURVE('',#3861,#3891,#26,.T.);
#4865=EDGE_CURVE('',#3892,#3893,#27,.T.);
#4866=EDGE_CURVE('',#3892,#3894,#2194,.T.);
#4867=EDGE_CURVE('',#3894,#3895,#28,.T.);
#4868=EDGE_CURVE('',#3893,#3895,#2195,.T.);
#4869=EDGE_CURVE('',#3896,#3892,#29,.T.);
#4870=EDGE_CURVE('',#3896,#3897,#2196,.T.);
#4871=EDGE_CURVE('',#3897,#3894,#30,.T.);
#4872=EDGE_CURVE('',#3898,#3896,#31,.T.);
#4873=EDGE_CURVE('',#3898,#3899,#2197,.T.);
#4874=EDGE_CURVE('',#3899,#3897,#32,.T.);
#4875=EDGE_CURVE('',#3900,#3898,#33,.T.);
#4876=EDGE_CURVE('',#3900,#3901,#2198,.T.);
#4877=EDGE_CURVE('',#3901,#3899,#34,.T.);
#4878=EDGE_CURVE('',#3902,#3900,#35,.T.);
#4879=EDGE_CURVE('',#3902,#3903,#2199,.T.);
#4880=EDGE_CURVE('',#3903,#3901,#36,.T.);
#4881=EDGE_CURVE('',#3904,#3902,#2200,.T.);
#4882=EDGE_CURVE('',#3904,#3905,#2201,.T.);
#4883=EDGE_CURVE('',#3905,#3903,#2202,.T.);
#4884=EDGE_CURVE('',#3906,#3904,#37,.T.);
#4885=EDGE_CURVE('',#3906,#3907,#2203,.T.);
#4886=EDGE_CURVE('',#3907,#3905,#38,.T.);
#4887=EDGE_CURVE('',#3908,#3906,#39,.T.);
#4888=EDGE_CURVE('',#3908,#3909,#2204,.T.);
#4889=EDGE_CURVE('',#3909,#3907,#40,.T.);
#4890=EDGE_CURVE('',#3910,#3908,#41,.T.);
#4891=EDGE_CURVE('',#3910,#3911,#2205,.T.);
#4892=EDGE_CURVE('',#3911,#3909,#42,.T.);
#4893=EDGE_CURVE('',#3912,#3910,#43,.T.);
#4894=EDGE_CURVE('',#3912,#3913,#2206,.T.);
#4895=EDGE_CURVE('',#3913,#3911,#44,.T.);
#4896=EDGE_CURVE('',#3914,#3912,#45,.T.);
#4897=EDGE_CURVE('',#3914,#3915,#2207,.T.);
#4898=EDGE_CURVE('',#3915,#3913,#46,.T.);
#4899=EDGE_CURVE('',#3916,#3914,#47,.T.);
#4900=EDGE_CURVE('',#3916,#3917,#2208,.T.);
#4901=EDGE_CURVE('',#3917,#3915,#48,.T.);
#4902=EDGE_CURVE('',#3918,#3916,#49,.T.);
#4903=EDGE_CURVE('',#3918,#3919,#2209,.T.);
#4904=EDGE_CURVE('',#3919,#3917,#50,.T.);
#4905=EDGE_CURVE('',#3920,#3918,#51,.T.);
#4906=EDGE_CURVE('',#3920,#3921,#2210,.T.);
#4907=EDGE_CURVE('',#3921,#3919,#52,.T.);
#4908=EDGE_CURVE('',#3922,#3920,#53,.T.);
#4909=EDGE_CURVE('',#3922,#3923,#2211,.T.);
#4910=EDGE_CURVE('',#3923,#3921,#54,.T.);
#4911=EDGE_CURVE('',#3924,#3922,#55,.T.);
#4912=EDGE_CURVE('',#3924,#3925,#2212,.T.);
#4913=EDGE_CURVE('',#3925,#3923,#56,.T.);
#4914=EDGE_CURVE('',#3926,#3924,#57,.T.);
#4915=EDGE_CURVE('',#3926,#3927,#2213,.T.);
#4916=EDGE_CURVE('',#3927,#3925,#58,.T.);
#4917=EDGE_CURVE('',#3928,#3926,#59,.T.);
#4918=EDGE_CURVE('',#3928,#3929,#2214,.T.);
#4919=EDGE_CURVE('',#3929,#3927,#60,.T.);
#4920=EDGE_CURVE('',#3930,#3928,#2215,.T.);
#4921=EDGE_CURVE('',#3930,#3931,#2216,.T.);
#4922=EDGE_CURVE('',#3931,#3929,#2217,.T.);
#4923=EDGE_CURVE('',#3932,#3930,#61,.T.);
#4924=EDGE_CURVE('',#3932,#3933,#2218,.T.);
#4925=EDGE_CURVE('',#3933,#3931,#62,.T.);
#4926=EDGE_CURVE('',#3934,#3932,#63,.T.);
#4927=EDGE_CURVE('',#3934,#3935,#2219,.T.);
#4928=EDGE_CURVE('',#3935,#3933,#64,.T.);
#4929=EDGE_CURVE('',#3936,#3934,#65,.T.);
#4930=EDGE_CURVE('',#3936,#3937,#2220,.T.);
#4931=EDGE_CURVE('',#3937,#3935,#66,.T.);
#4932=EDGE_CURVE('',#3938,#3936,#67,.T.);
#4933=EDGE_CURVE('',#3938,#3939,#2221,.T.);
#4934=EDGE_CURVE('',#3939,#3937,#68,.T.);
#4935=EDGE_CURVE('',#3940,#3938,#69,.T.);
#4936=EDGE_CURVE('',#3940,#3941,#2222,.T.);
#4937=EDGE_CURVE('',#3941,#3939,#70,.T.);
#4938=EDGE_CURVE('',#3942,#3940,#71,.T.);
#4939=EDGE_CURVE('',#3942,#3943,#2223,.T.);
#4940=EDGE_CURVE('',#3943,#3941,#72,.T.);
#4941=EDGE_CURVE('',#3893,#3942,#73,.T.);
#4942=EDGE_CURVE('',#3895,#3943,#74,.T.);
#4943=EDGE_CURVE('',#3944,#3945,#75,.T.);
#4944=EDGE_CURVE('',#3944,#3946,#2224,.T.);
#4945=EDGE_CURVE('',#3946,#3947,#76,.T.);
#4946=EDGE_CURVE('',#3945,#3947,#2225,.T.);
#4947=EDGE_CURVE('',#3948,#3944,#77,.T.);
#4948=EDGE_CURVE('',#3948,#3949,#2226,.T.);
#4949=EDGE_CURVE('',#3949,#3946,#78,.T.);
#4950=EDGE_CURVE('',#3950,#3948,#79,.T.);
#4951=EDGE_CURVE('',#3950,#3951,#2227,.T.);
#4952=EDGE_CURVE('',#3951,#3949,#80,.T.);
#4953=EDGE_CURVE('',#3952,#3950,#81,.T.);
#4954=EDGE_CURVE('',#3952,#3953,#2228,.T.);
#4955=EDGE_CURVE('',#3953,#3951,#82,.T.);
#4956=EDGE_CURVE('',#3954,#3952,#2229,.T.);
#4957=EDGE_CURVE('',#3954,#3955,#2230,.T.);
#4958=EDGE_CURVE('',#3955,#3953,#2231,.T.);
#4959=EDGE_CURVE('',#3956,#3954,#83,.T.);
#4960=EDGE_CURVE('',#3956,#3957,#2232,.T.);
#4961=EDGE_CURVE('',#3957,#3955,#84,.T.);
#4962=EDGE_CURVE('',#3958,#3956,#85,.T.);
#4963=EDGE_CURVE('',#3958,#3959,#2233,.T.);
#4964=EDGE_CURVE('',#3959,#3957,#86,.T.);
#4965=EDGE_CURVE('',#3960,#3958,#87,.T.);
#4966=EDGE_CURVE('',#3960,#3961,#2234,.T.);
#4967=EDGE_CURVE('',#3961,#3959,#88,.T.);
#4968=EDGE_CURVE('',#3962,#3960,#89,.T.);
#4969=EDGE_CURVE('',#3962,#3963,#2235,.T.);
#4970=EDGE_CURVE('',#3963,#3961,#90,.T.);
#4971=EDGE_CURVE('',#3964,#3962,#91,.T.);
#4972=EDGE_CURVE('',#3964,#3965,#2236,.T.);
#4973=EDGE_CURVE('',#3965,#3963,#92,.T.);
#4974=EDGE_CURVE('',#3966,#3964,#93,.T.);
#4975=EDGE_CURVE('',#3966,#3967,#2237,.T.);
#4976=EDGE_CURVE('',#3967,#3965,#94,.T.);
#4977=EDGE_CURVE('',#3968,#3966,#95,.T.);
#4978=EDGE_CURVE('',#3968,#3969,#2238,.T.);
#4979=EDGE_CURVE('',#3969,#3967,#96,.T.);
#4980=EDGE_CURVE('',#3970,#3968,#97,.T.);
#4981=EDGE_CURVE('',#3970,#3971,#2239,.T.);
#4982=EDGE_CURVE('',#3971,#3969,#98,.T.);
#4983=EDGE_CURVE('',#3972,#3970,#99,.T.);
#4984=EDGE_CURVE('',#3972,#3973,#2240,.T.);
#4985=EDGE_CURVE('',#3973,#3971,#100,.T.);
#4986=EDGE_CURVE('',#3974,#3972,#101,.T.);
#4987=EDGE_CURVE('',#3974,#3975,#2241,.T.);
#4988=EDGE_CURVE('',#3975,#3973,#102,.T.);
#4989=EDGE_CURVE('',#3976,#3974,#103,.T.);
#4990=EDGE_CURVE('',#3976,#3977,#2242,.T.);
#4991=EDGE_CURVE('',#3977,#3975,#104,.T.);
#4992=EDGE_CURVE('',#3978,#3976,#105,.T.);
#4993=EDGE_CURVE('',#3978,#3979,#2243,.T.);
#4994=EDGE_CURVE('',#3979,#3977,#106,.T.);
#4995=EDGE_CURVE('',#3980,#3978,#2244,.T.);
#4996=EDGE_CURVE('',#3980,#3981,#2245,.T.);
#4997=EDGE_CURVE('',#3981,#3979,#2246,.T.);
#4998=EDGE_CURVE('',#3982,#3980,#107,.T.);
#4999=EDGE_CURVE('',#3982,#3983,#2247,.T.);
#5000=EDGE_CURVE('',#3983,#3981,#108,.T.);
#5001=EDGE_CURVE('',#3984,#3982,#109,.T.);
#5002=EDGE_CURVE('',#3984,#3985,#2248,.T.);
#5003=EDGE_CURVE('',#3985,#3983,#110,.T.);
#5004=EDGE_CURVE('',#3986,#3984,#111,.T.);
#5005=EDGE_CURVE('',#3986,#3987,#2249,.T.);
#5006=EDGE_CURVE('',#3987,#3985,#112,.T.);
#5007=EDGE_CURVE('',#3988,#3986,#113,.T.);
#5008=EDGE_CURVE('',#3988,#3989,#2250,.T.);
#5009=EDGE_CURVE('',#3989,#3987,#114,.T.);
#5010=EDGE_CURVE('',#3990,#3988,#115,.T.);
#5011=EDGE_CURVE('',#3990,#3991,#2251,.T.);
#5012=EDGE_CURVE('',#3991,#3989,#116,.T.);
#5013=EDGE_CURVE('',#3992,#3990,#117,.T.);
#5014=EDGE_CURVE('',#3992,#3993,#2252,.T.);
#5015=EDGE_CURVE('',#3993,#3991,#118,.T.);
#5016=EDGE_CURVE('',#3994,#3992,#119,.T.);
#5017=EDGE_CURVE('',#3994,#3995,#2253,.T.);
#5018=EDGE_CURVE('',#3995,#3993,#120,.T.);
#5019=EDGE_CURVE('',#3945,#3994,#121,.T.);
#5020=EDGE_CURVE('',#3947,#3995,#122,.T.);
#5021=EDGE_CURVE('',#3996,#3997,#2254,.T.);
#5022=EDGE_CURVE('',#3996,#3998,#2255,.T.);
#5023=EDGE_CURVE('',#3998,#3999,#2256,.T.);
#5024=EDGE_CURVE('',#3997,#3999,#2257,.T.);
#5025=EDGE_CURVE('',#4000,#3996,#2258,.T.);
#5026=EDGE_CURVE('',#4000,#4001,#2259,.T.);
#5027=EDGE_CURVE('',#4001,#3998,#2260,.T.);
#5028=EDGE_CURVE('',#4002,#4000,#2261,.T.);
#5029=EDGE_CURVE('',#4002,#4003,#2262,.T.);
#5030=EDGE_CURVE('',#4003,#4001,#2263,.T.);
#5031=EDGE_CURVE('',#4004,#4002,#2264,.T.);
#5032=EDGE_CURVE('',#4004,#4005,#2265,.T.);
#5033=EDGE_CURVE('',#4005,#4003,#2266,.T.);
#5034=EDGE_CURVE('',#4006,#4004,#2267,.T.);
#5035=EDGE_CURVE('',#4006,#4007,#2268,.T.);
#5036=EDGE_CURVE('',#4007,#4005,#2269,.T.);
#5037=EDGE_CURVE('',#4008,#4006,#2270,.T.);
#5038=EDGE_CURVE('',#4008,#4009,#2271,.T.);
#5039=EDGE_CURVE('',#4009,#4007,#2272,.T.);
#5040=EDGE_CURVE('',#4010,#4008,#2273,.T.);
#5041=EDGE_CURVE('',#4010,#4011,#2274,.T.);
#5042=EDGE_CURVE('',#4011,#4009,#2275,.T.);
#5043=EDGE_CURVE('',#4012,#4010,#2276,.T.);
#5044=EDGE_CURVE('',#4012,#4013,#2277,.T.);
#5045=EDGE_CURVE('',#4013,#4011,#2278,.T.);
#5046=EDGE_CURVE('',#4014,#4012,#2279,.T.);
#5047=EDGE_CURVE('',#4014,#4015,#2280,.T.);
#5048=EDGE_CURVE('',#4015,#4013,#2281,.T.);
#5049=EDGE_CURVE('',#4016,#4014,#2282,.T.);
#5050=EDGE_CURVE('',#4016,#4017,#2283,.T.);
#5051=EDGE_CURVE('',#4017,#4015,#2284,.T.);
#5052=EDGE_CURVE('',#4018,#4016,#2285,.T.);
#5053=EDGE_CURVE('',#4018,#4019,#2286,.T.);
#5054=EDGE_CURVE('',#4019,#4017,#2287,.T.);
#5055=EDGE_CURVE('',#3997,#4018,#2288,.T.);
#5056=EDGE_CURVE('',#3999,#4019,#2289,.T.);
#5057=EDGE_CURVE('',#4020,#4021,#123,.T.);
#5058=EDGE_CURVE('',#4020,#4022,#2290,.T.);
#5059=EDGE_CURVE('',#4022,#4023,#124,.T.);
#5060=EDGE_CURVE('',#4021,#4023,#2291,.T.);
#5061=EDGE_CURVE('',#4024,#4020,#125,.T.);
#5062=EDGE_CURVE('',#4024,#4025,#2292,.T.);
#5063=EDGE_CURVE('',#4025,#4022,#126,.T.);
#5064=EDGE_CURVE('',#4026,#4024,#127,.T.);
#5065=EDGE_CURVE('',#4026,#4027,#2293,.T.);
#5066=EDGE_CURVE('',#4027,#4025,#128,.T.);
#5067=EDGE_CURVE('',#4028,#4026,#129,.T.);
#5068=EDGE_CURVE('',#4028,#4029,#2294,.T.);
#5069=EDGE_CURVE('',#4029,#4027,#130,.T.);
#5070=EDGE_CURVE('',#4030,#4028,#2295,.T.);
#5071=EDGE_CURVE('',#4030,#4031,#2296,.T.);
#5072=EDGE_CURVE('',#4031,#4029,#2297,.T.);
#5073=EDGE_CURVE('',#4032,#4030,#2298,.T.);
#5074=EDGE_CURVE('',#4032,#4033,#2299,.T.);
#5075=EDGE_CURVE('',#4033,#4031,#2300,.T.);
#5076=EDGE_CURVE('',#4034,#4032,#2301,.T.);
#5077=EDGE_CURVE('',#4034,#4035,#2302,.T.);
#5078=EDGE_CURVE('',#4035,#4033,#2303,.T.);
#5079=EDGE_CURVE('',#4036,#4034,#131,.T.);
#5080=EDGE_CURVE('',#4036,#4037,#2304,.T.);
#5081=EDGE_CURVE('',#4037,#4035,#132,.T.);
#5082=EDGE_CURVE('',#4038,#4036,#133,.T.);
#5083=EDGE_CURVE('',#4038,#4039,#2305,.T.);
#5084=EDGE_CURVE('',#4039,#4037,#134,.T.);
#5085=EDGE_CURVE('',#4040,#4038,#135,.T.);
#5086=EDGE_CURVE('',#4040,#4041,#2306,.T.);
#5087=EDGE_CURVE('',#4041,#4039,#136,.T.);
#5088=EDGE_CURVE('',#4042,#4040,#137,.T.);
#5089=EDGE_CURVE('',#4042,#4043,#2307,.T.);
#5090=EDGE_CURVE('',#4043,#4041,#138,.T.);
#5091=EDGE_CURVE('',#4044,#4042,#139,.T.);
#5092=EDGE_CURVE('',#4044,#4045,#2308,.T.);
#5093=EDGE_CURVE('',#4045,#4043,#140,.T.);
#5094=EDGE_CURVE('',#4046,#4044,#141,.T.);
#5095=EDGE_CURVE('',#4046,#4047,#2309,.T.);
#5096=EDGE_CURVE('',#4047,#4045,#142,.T.);
#5097=EDGE_CURVE('',#4048,#4046,#143,.T.);
#5098=EDGE_CURVE('',#4048,#4049,#2310,.T.);
#5099=EDGE_CURVE('',#4049,#4047,#144,.T.);
#5100=EDGE_CURVE('',#4050,#4048,#145,.T.);
#5101=EDGE_CURVE('',#4050,#4051,#2311,.T.);
#5102=EDGE_CURVE('',#4051,#4049,#146,.T.);
#5103=EDGE_CURVE('',#4052,#4050,#147,.T.);
#5104=EDGE_CURVE('',#4052,#4053,#2312,.T.);
#5105=EDGE_CURVE('',#4053,#4051,#148,.T.);
#5106=EDGE_CURVE('',#4054,#4052,#149,.T.);
#5107=EDGE_CURVE('',#4054,#4055,#2313,.T.);
#5108=EDGE_CURVE('',#4055,#4053,#150,.T.);
#5109=EDGE_CURVE('',#4056,#4054,#151,.T.);
#5110=EDGE_CURVE('',#4056,#4057,#2314,.T.);
#5111=EDGE_CURVE('',#4057,#4055,#152,.T.);
#5112=EDGE_CURVE('',#4058,#4056,#153,.T.);
#5113=EDGE_CURVE('',#4058,#4059,#2315,.T.);
#5114=EDGE_CURVE('',#4059,#4057,#154,.T.);
#5115=EDGE_CURVE('',#4060,#4058,#2316,.T.);
#5116=EDGE_CURVE('',#4060,#4061,#2317,.T.);
#5117=EDGE_CURVE('',#4061,#4059,#2318,.T.);
#5118=EDGE_CURVE('',#4062,#4060,#2319,.T.);
#5119=EDGE_CURVE('',#4062,#4063,#2320,.T.);
#5120=EDGE_CURVE('',#4063,#4061,#2321,.T.);
#5121=EDGE_CURVE('',#4064,#4062,#2322,.T.);
#5122=EDGE_CURVE('',#4064,#4065,#2323,.T.);
#5123=EDGE_CURVE('',#4065,#4063,#2324,.T.);
#5124=EDGE_CURVE('',#4066,#4064,#155,.T.);
#5125=EDGE_CURVE('',#4066,#4067,#2325,.T.);
#5126=EDGE_CURVE('',#4067,#4065,#156,.T.);
#5127=EDGE_CURVE('',#4068,#4066,#157,.T.);
#5128=EDGE_CURVE('',#4068,#4069,#2326,.T.);
#5129=EDGE_CURVE('',#4069,#4067,#158,.T.);
#5130=EDGE_CURVE('',#4070,#4068,#159,.T.);
#5131=EDGE_CURVE('',#4070,#4071,#2327,.T.);
#5132=EDGE_CURVE('',#4071,#4069,#160,.T.);
#5133=EDGE_CURVE('',#4072,#4070,#161,.T.);
#5134=EDGE_CURVE('',#4072,#4073,#2328,.T.);
#5135=EDGE_CURVE('',#4073,#4071,#162,.T.);
#5136=EDGE_CURVE('',#4074,#4072,#163,.T.);
#5137=EDGE_CURVE('',#4074,#4075,#2329,.T.);
#5138=EDGE_CURVE('',#4075,#4073,#164,.T.);
#5139=EDGE_CURVE('',#4076,#4074,#165,.T.);
#5140=EDGE_CURVE('',#4076,#4077,#2330,.T.);
#5141=EDGE_CURVE('',#4077,#4075,#166,.T.);
#5142=EDGE_CURVE('',#4078,#4076,#167,.T.);
#5143=EDGE_CURVE('',#4078,#4079,#2331,.T.);
#5144=EDGE_CURVE('',#4079,#4077,#168,.T.);
#5145=EDGE_CURVE('',#4021,#4078,#169,.T.);
#5146=EDGE_CURVE('',#4023,#4079,#170,.T.);
#5147=EDGE_CURVE('',#4080,#4081,#171,.T.);
#5148=EDGE_CURVE('',#4080,#4082,#2332,.T.);
#5149=EDGE_CURVE('',#4082,#4083,#172,.T.);
#5150=EDGE_CURVE('',#4081,#4083,#2333,.T.);
#5151=EDGE_CURVE('',#4084,#4080,#173,.T.);
#5152=EDGE_CURVE('',#4084,#4085,#2334,.T.);
#5153=EDGE_CURVE('',#4085,#4082,#174,.T.);
#5154=EDGE_CURVE('',#4086,#4084,#175,.T.);
#5155=EDGE_CURVE('',#4086,#4087,#2335,.T.);
#5156=EDGE_CURVE('',#4087,#4085,#176,.T.);
#5157=EDGE_CURVE('',#4088,#4086,#177,.T.);
#5158=EDGE_CURVE('',#4088,#4089,#2336,.T.);
#5159=EDGE_CURVE('',#4089,#4087,#178,.T.);
#5160=EDGE_CURVE('',#4090,#4088,#179,.T.);
#5161=EDGE_CURVE('',#4090,#4091,#2337,.T.);
#5162=EDGE_CURVE('',#4091,#4089,#180,.T.);
#5163=EDGE_CURVE('',#4092,#4090,#181,.T.);
#5164=EDGE_CURVE('',#4092,#4093,#2338,.T.);
#5165=EDGE_CURVE('',#4093,#4091,#182,.T.);
#5166=EDGE_CURVE('',#4094,#4092,#183,.T.);
#5167=EDGE_CURVE('',#4094,#4095,#2339,.T.);
#5168=EDGE_CURVE('',#4095,#4093,#184,.T.);
#5169=EDGE_CURVE('',#4096,#4094,#185,.T.);
#5170=EDGE_CURVE('',#4096,#4097,#2340,.T.);
#5171=EDGE_CURVE('',#4097,#4095,#186,.T.);
#5172=EDGE_CURVE('',#4098,#4096,#187,.T.);
#5173=EDGE_CURVE('',#4098,#4099,#2341,.T.);
#5174=EDGE_CURVE('',#4099,#4097,#188,.T.);
#5175=EDGE_CURVE('',#4100,#4098,#189,.T.);
#5176=EDGE_CURVE('',#4100,#4101,#2342,.T.);
#5177=EDGE_CURVE('',#4101,#4099,#190,.T.);
#5178=EDGE_CURVE('',#4102,#4100,#191,.T.);
#5179=EDGE_CURVE('',#4102,#4103,#2343,.T.);
#5180=EDGE_CURVE('',#4103,#4101,#192,.T.);
#5181=EDGE_CURVE('',#4104,#4102,#193,.T.);
#5182=EDGE_CURVE('',#4104,#4105,#2344,.T.);
#5183=EDGE_CURVE('',#4105,#4103,#194,.T.);
#5184=EDGE_CURVE('',#4106,#4104,#2345,.T.);
#5185=EDGE_CURVE('',#4106,#4107,#2346,.T.);
#5186=EDGE_CURVE('',#4107,#4105,#2347,.T.);
#5187=EDGE_CURVE('',#4108,#4106,#2348,.T.);
#5188=EDGE_CURVE('',#4108,#4109,#2349,.T.);
#5189=EDGE_CURVE('',#4109,#4107,#2350,.T.);
#5190=EDGE_CURVE('',#4081,#4108,#2351,.T.);
#5191=EDGE_CURVE('',#4083,#4109,#2352,.T.);
#5192=EDGE_CURVE('',#4110,#4111,#195,.T.);
#5193=EDGE_CURVE('',#4110,#4112,#2353,.T.);
#5194=EDGE_CURVE('',#4112,#4113,#196,.T.);
#5195=EDGE_CURVE('',#4111,#4113,#2354,.T.);
#5196=EDGE_CURVE('',#4114,#4110,#197,.T.);
#5197=EDGE_CURVE('',#4114,#4115,#2355,.T.);
#5198=EDGE_CURVE('',#4115,#4112,#198,.T.);
#5199=EDGE_CURVE('',#4116,#4114,#199,.T.);
#5200=EDGE_CURVE('',#4116,#4117,#2356,.T.);
#5201=EDGE_CURVE('',#4117,#4115,#200,.T.);
#5202=EDGE_CURVE('',#4118,#4116,#201,.T.);
#5203=EDGE_CURVE('',#4118,#4119,#2357,.T.);
#5204=EDGE_CURVE('',#4119,#4117,#202,.T.);
#5205=EDGE_CURVE('',#4120,#4118,#203,.T.);
#5206=EDGE_CURVE('',#4120,#4121,#2358,.T.);
#5207=EDGE_CURVE('',#4121,#4119,#204,.T.);
#5208=EDGE_CURVE('',#4122,#4120,#205,.T.);
#5209=EDGE_CURVE('',#4122,#4123,#2359,.T.);
#5210=EDGE_CURVE('',#4123,#4121,#206,.T.);
#5211=EDGE_CURVE('',#4124,#4122,#207,.T.);
#5212=EDGE_CURVE('',#4124,#4125,#2360,.T.);
#5213=EDGE_CURVE('',#4125,#4123,#208,.T.);
#5214=EDGE_CURVE('',#4126,#4124,#209,.T.);
#5215=EDGE_CURVE('',#4126,#4127,#2361,.T.);
#5216=EDGE_CURVE('',#4127,#4125,#210,.T.);
#5217=EDGE_CURVE('',#4128,#4126,#211,.T.);
#5218=EDGE_CURVE('',#4128,#4129,#2362,.T.);
#5219=EDGE_CURVE('',#4129,#4127,#212,.T.);
#5220=EDGE_CURVE('',#4130,#4128,#213,.T.);
#5221=EDGE_CURVE('',#4130,#4131,#2363,.T.);
#5222=EDGE_CURVE('',#4131,#4129,#214,.T.);
#5223=EDGE_CURVE('',#4132,#4130,#215,.T.);
#5224=EDGE_CURVE('',#4132,#4133,#2364,.T.);
#5225=EDGE_CURVE('',#4133,#4131,#216,.T.);
#5226=EDGE_CURVE('',#4134,#4132,#217,.T.);
#5227=EDGE_CURVE('',#4134,#4135,#2365,.T.);
#5228=EDGE_CURVE('',#4135,#4133,#218,.T.);
#5229=EDGE_CURVE('',#4136,#4134,#2366,.T.);
#5230=EDGE_CURVE('',#4136,#4137,#2367,.T.);
#5231=EDGE_CURVE('',#4137,#4135,#2368,.T.);
#5232=EDGE_CURVE('',#4138,#4136,#2369,.T.);
#5233=EDGE_CURVE('',#4138,#4139,#2370,.T.);
#5234=EDGE_CURVE('',#4139,#4137,#2371,.T.);
#5235=EDGE_CURVE('',#4140,#4138,#2372,.T.);
#5236=EDGE_CURVE('',#4140,#4141,#2373,.T.);
#5237=EDGE_CURVE('',#4141,#4139,#2374,.T.);
#5238=EDGE_CURVE('',#4142,#4140,#2375,.T.);
#5239=EDGE_CURVE('',#4142,#4143,#2376,.T.);
#5240=EDGE_CURVE('',#4143,#4141,#2377,.T.);
#5241=EDGE_CURVE('',#4111,#4142,#2378,.T.);
#5242=EDGE_CURVE('',#4113,#4143,#2379,.T.);
#5243=EDGE_CURVE('',#4144,#4145,#2380,.T.);
#5244=EDGE_CURVE('',#4144,#4146,#2381,.T.);
#5245=EDGE_CURVE('',#4146,#4147,#2382,.T.);
#5246=EDGE_CURVE('',#4145,#4147,#2383,.T.);
#5247=EDGE_CURVE('',#4148,#4144,#2384,.T.);
#5248=EDGE_CURVE('',#4148,#4149,#2385,.T.);
#5249=EDGE_CURVE('',#4149,#4146,#2386,.T.);
#5250=EDGE_CURVE('',#4150,#4148,#2387,.T.);
#5251=EDGE_CURVE('',#4150,#4151,#2388,.T.);
#5252=EDGE_CURVE('',#4151,#4149,#2389,.T.);
#5253=EDGE_CURVE('',#4152,#4150,#2390,.T.);
#5254=EDGE_CURVE('',#4152,#4153,#2391,.T.);
#5255=EDGE_CURVE('',#4153,#4151,#2392,.T.);
#5256=EDGE_CURVE('',#4154,#4152,#2393,.T.);
#5257=EDGE_CURVE('',#4154,#4155,#2394,.T.);
#5258=EDGE_CURVE('',#4155,#4153,#2395,.T.);
#5259=EDGE_CURVE('',#4156,#4154,#2396,.T.);
#5260=EDGE_CURVE('',#4156,#4157,#2397,.T.);
#5261=EDGE_CURVE('',#4157,#4155,#2398,.T.);
#5262=EDGE_CURVE('',#4158,#4156,#2399,.T.);
#5263=EDGE_CURVE('',#4158,#4159,#2400,.T.);
#5264=EDGE_CURVE('',#4159,#4157,#2401,.T.);
#5265=EDGE_CURVE('',#4145,#4158,#2402,.T.);
#5266=EDGE_CURVE('',#4147,#4159,#2403,.T.);
#5267=EDGE_CURVE('',#4160,#4161,#219,.T.);
#5268=EDGE_CURVE('',#4160,#4162,#2404,.T.);
#5269=EDGE_CURVE('',#4162,#4163,#220,.T.);
#5270=EDGE_CURVE('',#4161,#4163,#2405,.T.);
#5271=EDGE_CURVE('',#4164,#4160,#221,.T.);
#5272=EDGE_CURVE('',#4164,#4165,#2406,.T.);
#5273=EDGE_CURVE('',#4165,#4162,#222,.T.);
#5274=EDGE_CURVE('',#4166,#4164,#223,.T.);
#5275=EDGE_CURVE('',#4166,#4167,#2407,.T.);
#5276=EDGE_CURVE('',#4167,#4165,#224,.T.);
#5277=EDGE_CURVE('',#4168,#4166,#225,.T.);
#5278=EDGE_CURVE('',#4168,#4169,#2408,.T.);
#5279=EDGE_CURVE('',#4169,#4167,#226,.T.);
#5280=EDGE_CURVE('',#4170,#4168,#227,.T.);
#5281=EDGE_CURVE('',#4170,#4171,#2409,.T.);
#5282=EDGE_CURVE('',#4171,#4169,#228,.T.);
#5283=EDGE_CURVE('',#4172,#4170,#229,.T.);
#5284=EDGE_CURVE('',#4172,#4173,#2410,.T.);
#5285=EDGE_CURVE('',#4173,#4171,#230,.T.);
#5286=EDGE_CURVE('',#4174,#4172,#231,.T.);
#5287=EDGE_CURVE('',#4174,#4175,#2411,.T.);
#5288=EDGE_CURVE('',#4175,#4173,#232,.T.);
#5289=EDGE_CURVE('',#4176,#4174,#233,.T.);
#5290=EDGE_CURVE('',#4176,#4177,#2412,.T.);
#5291=EDGE_CURVE('',#4177,#4175,#234,.T.);
#5292=EDGE_CURVE('',#4178,#4176,#235,.T.);
#5293=EDGE_CURVE('',#4178,#4179,#2413,.T.);
#5294=EDGE_CURVE('',#4179,#4177,#236,.T.);
#5295=EDGE_CURVE('',#4180,#4178,#237,.T.);
#5296=EDGE_CURVE('',#4180,#4181,#2414,.T.);
#5297=EDGE_CURVE('',#4181,#4179,#238,.T.);
#5298=EDGE_CURVE('',#4182,#4180,#239,.T.);
#5299=EDGE_CURVE('',#4182,#4183,#2415,.T.);
#5300=EDGE_CURVE('',#4183,#4181,#240,.T.);
#5301=EDGE_CURVE('',#4184,#4182,#241,.T.);
#5302=EDGE_CURVE('',#4184,#4185,#2416,.T.);
#5303=EDGE_CURVE('',#4185,#4183,#242,.T.);
#5304=EDGE_CURVE('',#4186,#4184,#243,.T.);
#5305=EDGE_CURVE('',#4186,#4187,#2417,.T.);
#5306=EDGE_CURVE('',#4187,#4185,#244,.T.);
#5307=EDGE_CURVE('',#4188,#4186,#245,.T.);
#5308=EDGE_CURVE('',#4188,#4189,#2418,.T.);
#5309=EDGE_CURVE('',#4189,#4187,#246,.T.);
#5310=EDGE_CURVE('',#4190,#4188,#247,.T.);
#5311=EDGE_CURVE('',#4190,#4191,#2419,.T.);
#5312=EDGE_CURVE('',#4191,#4189,#248,.T.);
#5313=EDGE_CURVE('',#4192,#4190,#249,.T.);
#5314=EDGE_CURVE('',#4192,#4193,#2420,.T.);
#5315=EDGE_CURVE('',#4193,#4191,#250,.T.);
#5316=EDGE_CURVE('',#4194,#4192,#251,.T.);
#5317=EDGE_CURVE('',#4194,#4195,#2421,.T.);
#5318=EDGE_CURVE('',#4195,#4193,#252,.T.);
#5319=EDGE_CURVE('',#4196,#4194,#253,.T.);
#5320=EDGE_CURVE('',#4196,#4197,#2422,.T.);
#5321=EDGE_CURVE('',#4197,#4195,#254,.T.);
#5322=EDGE_CURVE('',#4198,#4196,#255,.T.);
#5323=EDGE_CURVE('',#4198,#4199,#2423,.T.);
#5324=EDGE_CURVE('',#4199,#4197,#256,.T.);
#5325=EDGE_CURVE('',#4200,#4198,#257,.T.);
#5326=EDGE_CURVE('',#4200,#4201,#2424,.T.);
#5327=EDGE_CURVE('',#4201,#4199,#258,.T.);
#5328=EDGE_CURVE('',#4202,#4200,#259,.T.);
#5329=EDGE_CURVE('',#4202,#4203,#2425,.T.);
#5330=EDGE_CURVE('',#4203,#4201,#260,.T.);
#5331=EDGE_CURVE('',#4204,#4202,#261,.T.);
#5332=EDGE_CURVE('',#4204,#4205,#2426,.T.);
#5333=EDGE_CURVE('',#4205,#4203,#262,.T.);
#5334=EDGE_CURVE('',#4206,#4204,#2427,.T.);
#5335=EDGE_CURVE('',#4206,#4207,#2428,.T.);
#5336=EDGE_CURVE('',#4207,#4205,#2429,.T.);
#5337=EDGE_CURVE('',#4208,#4206,#2430,.T.);
#5338=EDGE_CURVE('',#4208,#4209,#2431,.T.);
#5339=EDGE_CURVE('',#4209,#4207,#2432,.T.);
#5340=EDGE_CURVE('',#4210,#4208,#2433,.T.);
#5341=EDGE_CURVE('',#4210,#4211,#2434,.T.);
#5342=EDGE_CURVE('',#4211,#4209,#2435,.T.);
#5343=EDGE_CURVE('',#4212,#4210,#263,.T.);
#5344=EDGE_CURVE('',#4212,#4213,#2436,.T.);
#5345=EDGE_CURVE('',#4213,#4211,#264,.T.);
#5346=EDGE_CURVE('',#4214,#4212,#265,.T.);
#5347=EDGE_CURVE('',#4214,#4215,#2437,.T.);
#5348=EDGE_CURVE('',#4215,#4213,#266,.T.);
#5349=EDGE_CURVE('',#4216,#4214,#267,.T.);
#5350=EDGE_CURVE('',#4216,#4217,#2438,.T.);
#5351=EDGE_CURVE('',#4217,#4215,#268,.T.);
#5352=EDGE_CURVE('',#4218,#4216,#269,.T.);
#5353=EDGE_CURVE('',#4218,#4219,#2439,.T.);
#5354=EDGE_CURVE('',#4219,#4217,#270,.T.);
#5355=EDGE_CURVE('',#4220,#4218,#271,.T.);
#5356=EDGE_CURVE('',#4220,#4221,#2440,.T.);
#5357=EDGE_CURVE('',#4221,#4219,#272,.T.);
#5358=EDGE_CURVE('',#4222,#4220,#273,.T.);
#5359=EDGE_CURVE('',#4222,#4223,#2441,.T.);
#5360=EDGE_CURVE('',#4223,#4221,#274,.T.);
#5361=EDGE_CURVE('',#4224,#4222,#275,.T.);
#5362=EDGE_CURVE('',#4224,#4225,#2442,.T.);
#5363=EDGE_CURVE('',#4225,#4223,#276,.T.);
#5364=EDGE_CURVE('',#4226,#4224,#277,.T.);
#5365=EDGE_CURVE('',#4226,#4227,#2443,.T.);
#5366=EDGE_CURVE('',#4227,#4225,#278,.T.);
#5367=EDGE_CURVE('',#4228,#4226,#279,.T.);
#5368=EDGE_CURVE('',#4228,#4229,#2444,.T.);
#5369=EDGE_CURVE('',#4229,#4227,#280,.T.);
#5370=EDGE_CURVE('',#4230,#4228,#281,.T.);
#5371=EDGE_CURVE('',#4230,#4231,#2445,.T.);
#5372=EDGE_CURVE('',#4231,#4229,#282,.T.);
#5373=EDGE_CURVE('',#4232,#4230,#283,.T.);
#5374=EDGE_CURVE('',#4232,#4233,#2446,.T.);
#5375=EDGE_CURVE('',#4233,#4231,#284,.T.);
#5376=EDGE_CURVE('',#4234,#4232,#285,.T.);
#5377=EDGE_CURVE('',#4234,#4235,#2447,.T.);
#5378=EDGE_CURVE('',#4235,#4233,#286,.T.);
#5379=EDGE_CURVE('',#4236,#4234,#287,.T.);
#5380=EDGE_CURVE('',#4236,#4237,#2448,.T.);
#5381=EDGE_CURVE('',#4237,#4235,#288,.T.);
#5382=EDGE_CURVE('',#4238,#4236,#289,.T.);
#5383=EDGE_CURVE('',#4238,#4239,#2449,.T.);
#5384=EDGE_CURVE('',#4239,#4237,#290,.T.);
#5385=EDGE_CURVE('',#4240,#4238,#291,.T.);
#5386=EDGE_CURVE('',#4240,#4241,#2450,.T.);
#5387=EDGE_CURVE('',#4241,#4239,#292,.T.);
#5388=EDGE_CURVE('',#4242,#4240,#293,.T.);
#5389=EDGE_CURVE('',#4242,#4243,#2451,.T.);
#5390=EDGE_CURVE('',#4243,#4241,#294,.T.);
#5391=EDGE_CURVE('',#4244,#4242,#295,.T.);
#5392=EDGE_CURVE('',#4244,#4245,#2452,.T.);
#5393=EDGE_CURVE('',#4245,#4243,#296,.T.);
#5394=EDGE_CURVE('',#4246,#4244,#297,.T.);
#5395=EDGE_CURVE('',#4246,#4247,#2453,.T.);
#5396=EDGE_CURVE('',#4247,#4245,#298,.T.);
#5397=EDGE_CURVE('',#4248,#4246,#299,.T.);
#5398=EDGE_CURVE('',#4248,#4249,#2454,.T.);
#5399=EDGE_CURVE('',#4249,#4247,#300,.T.);
#5400=EDGE_CURVE('',#4250,#4248,#301,.T.);
#5401=EDGE_CURVE('',#4250,#4251,#2455,.T.);
#5402=EDGE_CURVE('',#4251,#4249,#302,.T.);
#5403=EDGE_CURVE('',#4252,#4250,#303,.T.);
#5404=EDGE_CURVE('',#4252,#4253,#2456,.T.);
#5405=EDGE_CURVE('',#4253,#4251,#304,.T.);
#5406=EDGE_CURVE('',#4254,#4252,#305,.T.);
#5407=EDGE_CURVE('',#4254,#4255,#2457,.T.);
#5408=EDGE_CURVE('',#4255,#4253,#306,.T.);
#5409=EDGE_CURVE('',#4256,#4254,#307,.T.);
#5410=EDGE_CURVE('',#4256,#4257,#2458,.T.);
#5411=EDGE_CURVE('',#4257,#4255,#308,.T.);
#5412=EDGE_CURVE('',#4258,#4256,#309,.T.);
#5413=EDGE_CURVE('',#4258,#4259,#2459,.T.);
#5414=EDGE_CURVE('',#4259,#4257,#310,.T.);
#5415=EDGE_CURVE('',#4260,#4258,#311,.T.);
#5416=EDGE_CURVE('',#4260,#4261,#2460,.T.);
#5417=EDGE_CURVE('',#4261,#4259,#312,.T.);
#5418=EDGE_CURVE('',#4262,#4260,#313,.T.);
#5419=EDGE_CURVE('',#4262,#4263,#2461,.T.);
#5420=EDGE_CURVE('',#4263,#4261,#314,.T.);
#5421=EDGE_CURVE('',#4264,#4262,#315,.T.);
#5422=EDGE_CURVE('',#4264,#4265,#2462,.T.);
#5423=EDGE_CURVE('',#4265,#4263,#316,.T.);
#5424=EDGE_CURVE('',#4266,#4264,#317,.T.);
#5425=EDGE_CURVE('',#4266,#4267,#2463,.T.);
#5426=EDGE_CURVE('',#4267,#4265,#318,.T.);
#5427=EDGE_CURVE('',#4268,#4266,#319,.T.);
#5428=EDGE_CURVE('',#4268,#4269,#2464,.T.);
#5429=EDGE_CURVE('',#4269,#4267,#320,.T.);
#5430=EDGE_CURVE('',#4270,#4268,#321,.T.);
#5431=EDGE_CURVE('',#4270,#4271,#2465,.T.);
#5432=EDGE_CURVE('',#4271,#4269,#322,.T.);
#5433=EDGE_CURVE('',#4272,#4270,#2466,.T.);
#5434=EDGE_CURVE('',#4272,#4273,#2467,.T.);
#5435=EDGE_CURVE('',#4273,#4271,#2468,.T.);
#5436=EDGE_CURVE('',#4274,#4272,#2469,.T.);
#5437=EDGE_CURVE('',#4274,#4275,#2470,.T.);
#5438=EDGE_CURVE('',#4275,#4273,#2471,.T.);
#5439=EDGE_CURVE('',#4276,#4274,#2472,.T.);
#5440=EDGE_CURVE('',#4276,#4277,#2473,.T.);
#5441=EDGE_CURVE('',#4277,#4275,#2474,.T.);
#5442=EDGE_CURVE('',#4278,#4276,#323,.T.);
#5443=EDGE_CURVE('',#4278,#4279,#2475,.T.);
#5444=EDGE_CURVE('',#4279,#4277,#324,.T.);
#5445=EDGE_CURVE('',#4280,#4278,#325,.T.);
#5446=EDGE_CURVE('',#4280,#4281,#2476,.T.);
#5447=EDGE_CURVE('',#4281,#4279,#326,.T.);
#5448=EDGE_CURVE('',#4282,#4280,#327,.T.);
#5449=EDGE_CURVE('',#4282,#4283,#2477,.T.);
#5450=EDGE_CURVE('',#4283,#4281,#328,.T.);
#5451=EDGE_CURVE('',#4284,#4282,#329,.T.);
#5452=EDGE_CURVE('',#4284,#4285,#2478,.T.);
#5453=EDGE_CURVE('',#4285,#4283,#330,.T.);
#5454=EDGE_CURVE('',#4286,#4284,#331,.T.);
#5455=EDGE_CURVE('',#4286,#4287,#2479,.T.);
#5456=EDGE_CURVE('',#4287,#4285,#332,.T.);
#5457=EDGE_CURVE('',#4288,#4286,#333,.T.);
#5458=EDGE_CURVE('',#4288,#4289,#2480,.T.);
#5459=EDGE_CURVE('',#4289,#4287,#334,.T.);
#5460=EDGE_CURVE('',#4290,#4288,#335,.T.);
#5461=EDGE_CURVE('',#4290,#4291,#2481,.T.);
#5462=EDGE_CURVE('',#4291,#4289,#336,.T.);
#5463=EDGE_CURVE('',#4161,#4290,#337,.T.);
#5464=EDGE_CURVE('',#4163,#4291,#338,.T.);
#5465=EDGE_CURVE('',#4292,#4293,#2482,.T.);
#5466=EDGE_CURVE('',#4293,#4294,#1852,.T.);
#5467=EDGE_CURVE('',#4294,#4295,#2483,.T.);
#5468=EDGE_CURVE('',#4295,#4292,#1853,.T.);
#5469=EDGE_CURVE('',#4294,#4296,#2484,.T.);
#5470=EDGE_CURVE('',#4296,#4297,#2485,.T.);
#5471=EDGE_CURVE('',#4297,#4295,#2486,.T.);
#5472=EDGE_CURVE('',#4298,#4299,#2487,.T.);
#5473=EDGE_CURVE('',#4299,#4293,#2488,.T.);
#5474=EDGE_CURVE('',#4292,#4298,#2489,.T.);
#5475=EDGE_CURVE('',#4296,#4300,#1854,.T.);
#5476=EDGE_CURVE('',#4300,#4301,#2490,.T.);
#5477=EDGE_CURVE('',#4301,#4297,#1855,.T.);
#5478=EDGE_CURVE('',#4302,#4303,#2491,.T.);
#5479=EDGE_CURVE('',#4303,#4301,#2492,.T.);
#5480=EDGE_CURVE('',#4300,#4302,#2493,.T.);
#5481=EDGE_CURVE('',#4304,#4303,#2494,.T.);
#5482=EDGE_CURVE('',#4305,#4304,#2495,.T.);
#5483=EDGE_CURVE('',#4301,#4305,#2496,.T.);
#5484=EDGE_CURVE('',#4306,#4299,#2497,.T.);
#5485=EDGE_CURVE('',#4307,#4306,#2498,.T.);
#5486=EDGE_CURVE('',#4308,#4307,#2499,.T.);
#5487=EDGE_CURVE('',#4309,#4308,#2500,.T.);
#5488=EDGE_CURVE('',#4302,#4309,#2501,.T.);
#5489=EDGE_CURVE('',#4310,#4309,#1856,.T.);
#5490=EDGE_CURVE('',#4310,#4311,#2502,.T.);
#5491=EDGE_CURVE('',#4312,#4311,#1857,.T.);
#5492=EDGE_CURVE('',#4312,#4313,#2503,.T.);
#5493=EDGE_CURVE('',#4314,#4313,#1858,.T.);
#5494=EDGE_CURVE('',#4314,#4315,#2504,.T.);
#5495=EDGE_CURVE('',#4306,#4315,#1859,.T.);
#5496=EDGE_CURVE('',#4298,#4316,#2505,.T.);
#5497=EDGE_CURVE('',#4317,#4316,#2506,.T.);
#5498=EDGE_CURVE('',#4318,#4317,#1860,.T.);
#5499=EDGE_CURVE('',#4318,#4319,#2507,.T.);
#5500=EDGE_CURVE('',#4319,#4320,#1861,.T.);
#5501=EDGE_CURVE('',#4320,#4321,#2508,.T.);
#5502=EDGE_CURVE('',#4321,#4322,#1862,.T.);
#5503=EDGE_CURVE('',#4322,#4323,#2509,.T.);
#5504=EDGE_CURVE('',#4323,#4324,#1863,.T.);
#5505=EDGE_CURVE('',#4324,#4325,#2510,.T.);
#5506=EDGE_CURVE('',#4326,#4325,#1864,.T.);
#5507=EDGE_CURVE('',#4327,#4326,#2511,.T.);
#5508=EDGE_CURVE('',#4328,#4327,#1865,.T.);
#5509=EDGE_CURVE('',#4328,#4329,#2512,.T.);
#5510=EDGE_CURVE('',#4329,#4330,#1866,.T.);
#5511=EDGE_CURVE('',#4330,#4331,#2513,.T.);
#5512=EDGE_CURVE('',#4331,#4332,#1867,.T.);
#5513=EDGE_CURVE('',#4332,#4333,#2514,.T.);
#5514=EDGE_CURVE('',#4333,#4334,#1868,.T.);
#5515=EDGE_CURVE('',#4334,#4335,#2515,.T.);
#5516=EDGE_CURVE('',#4336,#4335,#1869,.T.);
#5517=EDGE_CURVE('',#4337,#4336,#2516,.T.);
#5518=EDGE_CURVE('',#4338,#4337,#1870,.T.);
#5519=EDGE_CURVE('',#4338,#4339,#2517,.T.);
#5520=EDGE_CURVE('',#4339,#4340,#1871,.T.);
#5521=EDGE_CURVE('',#4340,#4341,#2518,.T.);
#5522=EDGE_CURVE('',#4341,#4342,#1872,.T.);
#5523=EDGE_CURVE('',#4342,#4343,#2519,.T.);
#5524=EDGE_CURVE('',#4343,#4344,#1873,.T.);
#5525=EDGE_CURVE('',#4344,#4345,#2520,.T.);
#5526=EDGE_CURVE('',#4346,#4345,#1874,.T.);
#5527=EDGE_CURVE('',#4346,#4347,#2521,.T.);
#5528=EDGE_CURVE('',#4348,#4347,#1875,.T.);
#5529=EDGE_CURVE('',#4349,#4348,#1876,.T.);
#5530=EDGE_CURVE('',#4349,#4350,#1877,.T.);
#5531=EDGE_CURVE('',#4350,#4351,#2522,.T.);
#5532=EDGE_CURVE('',#4352,#4351,#1878,.T.);
#5533=EDGE_CURVE('',#4352,#4353,#2523,.T.);
#5534=EDGE_CURVE('',#4353,#4354,#1879,.T.);
#5535=EDGE_CURVE('',#4354,#4355,#2524,.T.);
#5536=EDGE_CURVE('',#4355,#4356,#1880,.T.);
#5537=EDGE_CURVE('',#4356,#4357,#2525,.T.);
#5538=EDGE_CURVE('',#4357,#4358,#1881,.T.);
#5539=EDGE_CURVE('',#4358,#4359,#2526,.T.);
#5540=EDGE_CURVE('',#4359,#4360,#1882,.T.);
#5541=EDGE_CURVE('',#4360,#4361,#2527,.T.);
#5542=EDGE_CURVE('',#4361,#4362,#1883,.T.);
#5543=EDGE_CURVE('',#4362,#4363,#2528,.T.);
#5544=EDGE_CURVE('',#4363,#4364,#1884,.T.);
#5545=EDGE_CURVE('',#4364,#4365,#2529,.T.);
#5546=EDGE_CURVE('',#4365,#4366,#1885,.T.);
#5547=EDGE_CURVE('',#4366,#4367,#2530,.T.);
#5548=EDGE_CURVE('',#4367,#4368,#1886,.T.);
#5549=EDGE_CURVE('',#4368,#4369,#2531,.T.);
#5550=EDGE_CURVE('',#4369,#4370,#1887,.T.);
#5551=EDGE_CURVE('',#4370,#4371,#2532,.T.);
#5552=EDGE_CURVE('',#4371,#4372,#1888,.T.);
#5553=EDGE_CURVE('',#4372,#4373,#2533,.T.);
#5554=EDGE_CURVE('',#4373,#4374,#1889,.T.);
#5555=EDGE_CURVE('',#4374,#4375,#2534,.T.);
#5556=EDGE_CURVE('',#4375,#4376,#1890,.T.);
#5557=EDGE_CURVE('',#4376,#4377,#2535,.T.);
#5558=EDGE_CURVE('',#4377,#4378,#1891,.T.);
#5559=EDGE_CURVE('',#4378,#4379,#2536,.T.);
#5560=EDGE_CURVE('',#4379,#4380,#1892,.T.);
#5561=EDGE_CURVE('',#4380,#4381,#2537,.T.);
#5562=EDGE_CURVE('',#4381,#4382,#1893,.T.);
#5563=EDGE_CURVE('',#4382,#4383,#2538,.T.);
#5564=EDGE_CURVE('',#4384,#4383,#1894,.T.);
#5565=EDGE_CURVE('',#4384,#4385,#2539,.T.);
#5566=EDGE_CURVE('',#4385,#4386,#1895,.T.);
#5567=EDGE_CURVE('',#4387,#4386,#1896,.T.);
#5568=EDGE_CURVE('',#4388,#4387,#1897,.T.);
#5569=EDGE_CURVE('',#4388,#4389,#2540,.T.);
#5570=EDGE_CURVE('',#4390,#4389,#1898,.T.);
#5571=EDGE_CURVE('',#4390,#4391,#2541,.T.);
#5572=EDGE_CURVE('',#4391,#4392,#1899,.T.);
#5573=EDGE_CURVE('',#4392,#4393,#2542,.T.);
#5574=EDGE_CURVE('',#4393,#4394,#1900,.T.);
#5575=EDGE_CURVE('',#4394,#4395,#2543,.T.);
#5576=EDGE_CURVE('',#4395,#4396,#1901,.T.);
#5577=EDGE_CURVE('',#4396,#4397,#2544,.T.);
#5578=EDGE_CURVE('',#4398,#4397,#1902,.T.);
#5579=EDGE_CURVE('',#4304,#4398,#2545,.T.);
#5580=EDGE_CURVE('',#4399,#4399,#1903,.F.);
#5581=EDGE_CURVE('',#4400,#4400,#1904,.F.);
#5582=EDGE_CURVE('',#4401,#4401,#1905,.F.);
#5583=EDGE_CURVE('',#4402,#4402,#1906,.F.);
#5584=EDGE_CURVE('',#4403,#4403,#1907,.F.);
#5585=EDGE_CURVE('',#4404,#4404,#1908,.F.);
#5586=EDGE_CURVE('',#4405,#4405,#1909,.F.);
#5587=EDGE_CURVE('',#4406,#4406,#1910,.F.);
#5588=EDGE_CURVE('',#4292,#4407,#2546,.T.);
#5589=EDGE_CURVE('',#4316,#4407,#2547,.T.);
#5590=EDGE_CURVE('',#4295,#4408,#2548,.T.);
#5591=EDGE_CURVE('',#4407,#4408,#1911,.T.);
#5592=EDGE_CURVE('',#4297,#4409,#2549,.T.);
#5593=EDGE_CURVE('',#4408,#4409,#2550,.T.);
#5594=EDGE_CURVE('',#4409,#4305,#1912,.T.);
#5595=EDGE_CURVE('',#4406,#4410,#2551,.T.);
#5596=EDGE_CURVE('',#4410,#4410,#1913,.T.);
#5597=EDGE_CURVE('',#4405,#4411,#2552,.T.);
#5598=EDGE_CURVE('',#4411,#4411,#1914,.T.);
#5599=EDGE_CURVE('',#4404,#4412,#2553,.T.);
#5600=EDGE_CURVE('',#4412,#4412,#1915,.T.);
#5601=EDGE_CURVE('',#4403,#4413,#2554,.T.);
#5602=EDGE_CURVE('',#4413,#4413,#1916,.T.);
#5603=EDGE_CURVE('',#4402,#4414,#2555,.T.);
#5604=EDGE_CURVE('',#4414,#4414,#1917,.T.);
#5605=EDGE_CURVE('',#4401,#4415,#2556,.T.);
#5606=EDGE_CURVE('',#4415,#4415,#1918,.T.);
#5607=EDGE_CURVE('',#4400,#4416,#2557,.T.);
#5608=EDGE_CURVE('',#4416,#4416,#1919,.T.);
#5609=EDGE_CURVE('',#4399,#4417,#2558,.T.);
#5610=EDGE_CURVE('',#4417,#4417,#1920,.T.);
#5611=EDGE_CURVE('',#4378,#3828,#2559,.T.);
#5612=EDGE_CURVE('',#3829,#4377,#2560,.T.);
#5613=EDGE_CURVE('',#4342,#3795,#2561,.T.);
#5614=EDGE_CURVE('',#3796,#4341,#2562,.T.);
#5615=EDGE_CURVE('',#4394,#4418,#2563,.T.);
#5616=EDGE_CURVE('',#4419,#4393,#2564,.T.);
#5617=EDGE_CURVE('',#4418,#4419,#1921,.T.);
#5618=EDGE_CURVE('',#4322,#4420,#2565,.T.);
#5619=EDGE_CURVE('',#4421,#4321,#2566,.T.);
#5620=EDGE_CURVE('',#4420,#4421,#1922,.T.);
#5621=EDGE_CURVE('',#4332,#4422,#2567,.T.);
#5622=EDGE_CURVE('',#4423,#4331,#2568,.T.);
#5623=EDGE_CURVE('',#4422,#4423,#1923,.T.);
#5624=EDGE_CURVE('',#4368,#3817,#2569,.T.);
#5625=EDGE_CURVE('',#3818,#4367,#2570,.T.);
#5626=EDGE_CURVE('',#4358,#3806,#2571,.T.);
#5627=EDGE_CURVE('',#3807,#4357,#2572,.T.);
#5628=EDGE_CURVE('',#4376,#3830,#2573,.T.);
#5629=EDGE_CURVE('',#4379,#3827,#2574,.T.);
#5630=EDGE_CURVE('',#4340,#3797,#2575,.T.);
#5631=EDGE_CURVE('',#4343,#3794,#2576,.T.);
#5632=EDGE_CURVE('',#4392,#4424,#2577,.T.);
#5633=EDGE_CURVE('',#4424,#4419,#2578,.T.);
#5634=EDGE_CURVE('',#4320,#4425,#2579,.T.);
#5635=EDGE_CURVE('',#4425,#4421,#2580,.T.);
#5636=EDGE_CURVE('',#4330,#4426,#2581,.T.);
#5637=EDGE_CURVE('',#4426,#4423,#2582,.T.);
#5638=EDGE_CURVE('',#4422,#4427,#2583,.T.);
#5639=EDGE_CURVE('',#4333,#4427,#2584,.T.);
#5640=EDGE_CURVE('',#4428,#4429,#2585,.T.);
#5641=EDGE_CURVE('',#4430,#4428,#1924,.F.);
#5642=EDGE_CURVE('',#4431,#4430,#2586,.T.);
#5643=EDGE_CURVE('',#4427,#4431,#1925,.T.);
#5644=EDGE_CURVE('',#4432,#4426,#1926,.T.);
#5645=EDGE_CURVE('',#4432,#4433,#2587,.T.);
#5646=EDGE_CURVE('',#4429,#4433,#1927,.F.);
#5647=EDGE_CURVE('',#4366,#3819,#2588,.T.);
#5648=EDGE_CURVE('',#4369,#3816,#2589,.T.);
#5649=EDGE_CURVE('',#4356,#3808,#2590,.T.);
#5650=EDGE_CURVE('',#4359,#3805,#2591,.T.);
#5651=EDGE_CURVE('',#4434,#3731,#2592,.T.);
#5652=EDGE_CURVE('',#3766,#4434,#2593,.T.);
#5653=EDGE_CURVE('',#4435,#3700,#2594,.T.);
#5654=EDGE_CURVE('',#4436,#4435,#2595,.T.);
#5655=EDGE_CURVE('',#3701,#4436,#2596,.T.);
#5656=EDGE_CURVE('',#4386,#3703,#2597,.T.);
#5657=EDGE_CURVE('',#4387,#3702,#2598,.T.);
#5658=EDGE_CURVE('',#4385,#3704,#2599,.T.);
#5659=EDGE_CURVE('',#4349,#3710,#2600,.T.);
#5660=EDGE_CURVE('',#4348,#3711,#2601,.T.);
#5661=EDGE_CURVE('',#4347,#4437,#2602,.T.);
#5662=EDGE_CURVE('',#3840,#4437,#1928,.T.);
#5663=EDGE_CURVE('',#4337,#3790,#2603,.T.);
#5664=EDGE_CURVE('',#3799,#4338,#2604,.T.);
#5665=EDGE_CURVE('',#4438,#4398,#2605,.T.);
#5666=EDGE_CURVE('',#4438,#4439,#2606,.T.);
#5667=EDGE_CURVE('',#4389,#4439,#2607,.T.);
#5668=EDGE_CURVE('',#4440,#4388,#2608,.T.);
#5669=EDGE_CURVE('',#4441,#4440,#2609,.T.);
#5670=EDGE_CURVE('',#3695,#4441,#2610,.T.);
#5671=EDGE_CURVE('',#3694,#4442,#2611,.T.);
#5672=EDGE_CURVE('',#4443,#4442,#2612,.T.);
#5673=EDGE_CURVE('',#3688,#4443,#2613,.T.);
#5674=EDGE_CURVE('',#3773,#3768,#2614,.T.);
#5675=EDGE_CURVE('',#3781,#3775,#2615,.T.);
#5676=EDGE_CURVE('',#3789,#3783,#2616,.T.);
#5677=EDGE_CURVE('',#4437,#3835,#2617,.T.);
#5678=EDGE_CURVE('',#3791,#4346,#2618,.T.);
#5679=EDGE_CURVE('',#4428,#4336,#2619,.T.);
#5680=EDGE_CURVE('',#4327,#4429,#2620,.T.);
#5681=EDGE_CURVE('',#4444,#4326,#2621,.T.);
#5682=EDGE_CURVE('',#4444,#4445,#2622,.T.);
#5683=EDGE_CURVE('',#4317,#4445,#2623,.T.);
#5684=EDGE_CURVE('',#4345,#3792,#2624,.T.);
#5685=EDGE_CURVE('',#4344,#3793,#2625,.T.);
#5686=EDGE_CURVE('',#4335,#4430,#2626,.T.);
#5687=EDGE_CURVE('',#4433,#4328,#2627,.T.);
#5688=EDGE_CURVE('',#4325,#4446,#2628,.T.);
#5689=EDGE_CURVE('',#4446,#4444,#1929,.F.);
#5690=EDGE_CURVE('',#4445,#4447,#1930,.F.);
#5691=EDGE_CURVE('',#4447,#4318,#2629,.T.);
#5692=EDGE_CURVE('',#4397,#4448,#2630,.T.);
#5693=EDGE_CURVE('',#4448,#4438,#1931,.F.);
#5694=EDGE_CURVE('',#4439,#4449,#1932,.F.);
#5695=EDGE_CURVE('',#4449,#4390,#2631,.T.);
#5696=EDGE_CURVE('',#4450,#4449,#2632,.T.);
#5697=EDGE_CURVE('',#4391,#4450,#2633,.T.);
#5698=EDGE_CURVE('',#4384,#3705,#2634,.T.);
#5699=EDGE_CURVE('',#4383,#3706,#2635,.T.);
#5700=EDGE_CURVE('',#4352,#3707,#2636,.T.);
#5701=EDGE_CURVE('',#4351,#3708,#2637,.T.);
#5702=EDGE_CURVE('',#4448,#4451,#2638,.T.);
#5703=EDGE_CURVE('',#4452,#4451,#1933,.T.);
#5704=EDGE_CURVE('',#4418,#4452,#2639,.T.);
#5705=EDGE_CURVE('',#4450,#4424,#1934,.T.);
#5706=EDGE_CURVE('',#4453,#4446,#2640,.T.);
#5707=EDGE_CURVE('',#4454,#4453,#1935,.T.);
#5708=EDGE_CURVE('',#4420,#4454,#2641,.T.);
#5709=EDGE_CURVE('',#4455,#4425,#1936,.T.);
#5710=EDGE_CURVE('',#4455,#4447,#2642,.T.);
#5711=EDGE_CURVE('',#4396,#4451,#2643,.T.);
#5712=EDGE_CURVE('',#4324,#4453,#2644,.T.);
#5713=EDGE_CURVE('',#4319,#4455,#2645,.T.);
#5714=EDGE_CURVE('',#4329,#4432,#2646,.T.);
#5715=EDGE_CURVE('',#4334,#4431,#2647,.T.);
#5716=EDGE_CURVE('',#4339,#3798,#2648,.T.);
#5717=EDGE_CURVE('',#4456,#3696,#2649,.T.);
#5718=EDGE_CURVE('',#4457,#4456,#2650,.T.);
#5719=EDGE_CURVE('',#3697,#4457,#2651,.T.);
#5720=EDGE_CURVE('',#4456,#4441,#1937,.T.);
#5721=EDGE_CURVE('',#3744,#4458,#2652,.T.);
#5722=EDGE_CURVE('',#3752,#4458,#1938,.T.);
#5723=EDGE_CURVE('',#4459,#3743,#2653,.T.);
#5724=EDGE_CURVE('',#4458,#4459,#2654,.T.);
#5725=EDGE_CURVE('',#3742,#4460,#2655,.T.);
#5726=EDGE_CURVE('',#4459,#4460,#1939,.T.);
#5727=EDGE_CURVE('',#4460,#3749,#2656,.T.);
#5728=EDGE_CURVE('',#4461,#3730,#2657,.T.);
#5729=EDGE_CURVE('',#4434,#4461,#1940,.T.);
#5730=EDGE_CURVE('',#4462,#3729,#2658,.T.);
#5731=EDGE_CURVE('',#4461,#4462,#2659,.T.);
#5732=EDGE_CURVE('',#4463,#3728,#2660,.T.);
#5733=EDGE_CURVE('',#4462,#4463,#1941,.T.);
#5734=EDGE_CURVE('',#4464,#3727,#2661,.T.);
#5735=EDGE_CURVE('',#4463,#4464,#2662,.T.);
#5736=EDGE_CURVE('',#4465,#3726,#2663,.T.);
#5737=EDGE_CURVE('',#4464,#4465,#1942,.T.);
#5738=EDGE_CURVE('',#4466,#3725,#2664,.T.);
#5739=EDGE_CURVE('',#4465,#4466,#2665,.T.);
#5740=EDGE_CURVE('',#4466,#3759,#1943,.T.);
#5741=EDGE_CURVE('',#4353,#3801,#2666,.T.);
#5742=EDGE_CURVE('',#4354,#3810,#2667,.T.);
#5743=EDGE_CURVE('',#4350,#3709,#2668,.T.);
#5744=EDGE_CURVE('',#4323,#4454,#2669,.T.);
#5745=EDGE_CURVE('',#4382,#3824,#2670,.T.);
#5746=EDGE_CURVE('',#4373,#3823,#2671,.T.);
#5747=EDGE_CURVE('',#4372,#3813,#2672,.T.);
#5748=EDGE_CURVE('',#4363,#3812,#2673,.T.);
#5749=EDGE_CURVE('',#4362,#3802,#2674,.T.);
#5750=EDGE_CURVE('',#4381,#3825,#2675,.T.);
#5751=EDGE_CURVE('',#4380,#3826,#2676,.T.);
#5752=EDGE_CURVE('',#4375,#3831,#2677,.T.);
#5753=EDGE_CURVE('',#4374,#3832,#2678,.T.);
#5754=EDGE_CURVE('',#4371,#3814,#2679,.T.);
#5755=EDGE_CURVE('',#4370,#3815,#2680,.T.);
#5756=EDGE_CURVE('',#4365,#3820,#2681,.T.);
#5757=EDGE_CURVE('',#4364,#3821,#2682,.T.);
#5758=EDGE_CURVE('',#4361,#3803,#2683,.T.);
#5759=EDGE_CURVE('',#4360,#3804,#2684,.T.);
#5760=EDGE_CURVE('',#4355,#3809,#2685,.T.);
#5761=EDGE_CURVE('',#4395,#4452,#2686,.T.);
#5762=EDGE_CURVE('',#4467,#3738,#2687,.T.);
#5763=EDGE_CURVE('',#3757,#4467,#1944,.T.);
#5764=EDGE_CURVE('',#4468,#3737,#2688,.T.);
#5765=EDGE_CURVE('',#4467,#4468,#2689,.T.);
#5766=EDGE_CURVE('',#4469,#3736,#2690,.T.);
#5767=EDGE_CURVE('',#4468,#4469,#1945,.T.);
#5768=EDGE_CURVE('',#4470,#4471,#1946,.T.);
#5769=EDGE_CURVE('',#4471,#4472,#1947,.T.);
#5770=EDGE_CURVE('',#4472,#4473,#1948,.T.);
#5771=EDGE_CURVE('',#4473,#4470,#1949,.T.);
#5772=EDGE_CURVE('',#4474,#4475,#1950,.T.);
#5773=EDGE_CURVE('',#4475,#4473,#2691,.T.);
#5774=EDGE_CURVE('',#4472,#4474,#2692,.T.);
#5775=EDGE_CURVE('',#4476,#4477,#1951,.T.);
#5776=EDGE_CURVE('',#4477,#4475,#1952,.T.);
#5777=EDGE_CURVE('',#4474,#4476,#1953,.T.);
#5778=EDGE_CURVE('',#4478,#4479,#1954,.T.);
#5779=EDGE_CURVE('',#4479,#4477,#2693,.T.);
#5780=EDGE_CURVE('',#4476,#4478,#2694,.T.);
#5781=EDGE_CURVE('',#4480,#4307,#1955,.T.);
#5782=EDGE_CURVE('',#4307,#4479,#1956,.T.);
#5783=EDGE_CURVE('',#4478,#4480,#1957,.T.);
#5784=EDGE_CURVE('',#4481,#4308,#1958,.T.);
#5785=EDGE_CURVE('',#4480,#4481,#2695,.T.);
#5786=EDGE_CURVE('',#4482,#4483,#1959,.T.);
#5787=EDGE_CURVE('',#4483,#4308,#1960,.T.);
#5788=EDGE_CURVE('',#4481,#4482,#1961,.T.);
#5789=EDGE_CURVE('',#4482,#4471,#2696,.T.);
#5790=EDGE_CURVE('',#4470,#4483,#2697,.T.);
#5791=EDGE_CURVE('',#4483,#4310,#2698,.T.);
#5792=EDGE_CURVE('',#4311,#4470,#2699,.T.);
#5793=EDGE_CURVE('',#4473,#4312,#2700,.T.);
#5794=EDGE_CURVE('',#4484,#4485,#2701,.T.);
#5795=EDGE_CURVE('',#4486,#4484,#1962,.T.);
#5796=EDGE_CURVE('',#4487,#4486,#2702,.T.);
#5797=EDGE_CURVE('',#4488,#4487,#1963,.T.);
#5798=EDGE_CURVE('',#4489,#4488,#2703,.T.);
#5799=EDGE_CURVE('',#4490,#4489,#1964,.T.);
#5800=EDGE_CURVE('',#4491,#4490,#2704,.T.);
#5801=EDGE_CURVE('',#4485,#4491,#1965,.T.);
#5802=EDGE_CURVE('',#4492,#4493,#2705,.T.);
#5803=EDGE_CURVE('',#4494,#4492,#1966,.T.);
#5804=EDGE_CURVE('',#4495,#4494,#2706,.T.);
#5805=EDGE_CURVE('',#4496,#4495,#1967,.T.);
#5806=EDGE_CURVE('',#4497,#4496,#2707,.T.);
#5807=EDGE_CURVE('',#4498,#4497,#1968,.T.);
#5808=EDGE_CURVE('',#4493,#4498,#2708,.T.);
#5809=EDGE_CURVE('',#4499,#4500,#2709,.T.);
#5810=EDGE_CURVE('',#4501,#4499,#1969,.T.);
#5811=EDGE_CURVE('',#4502,#4501,#2710,.T.);
#5812=EDGE_CURVE('',#4503,#4502,#1970,.T.);
#5813=EDGE_CURVE('',#4504,#4503,#2711,.T.);
#5814=EDGE_CURVE('',#4505,#4504,#1971,.T.);
#5815=EDGE_CURVE('',#4506,#4505,#2712,.T.);
#5816=EDGE_CURVE('',#4500,#4506,#1972,.T.);
#5817=EDGE_CURVE('',#4507,#4508,#1973,.T.);
#5818=EDGE_CURVE('',#4509,#4507,#2713,.T.);
#5819=EDGE_CURVE('',#4510,#4509,#1974,.T.);
#5820=EDGE_CURVE('',#4511,#4510,#2714,.T.);
#5821=EDGE_CURVE('',#4512,#4511,#1975,.T.);
#5822=EDGE_CURVE('',#4513,#4512,#2715,.T.);
#5823=EDGE_CURVE('',#4514,#4513,#1976,.T.);
#5824=EDGE_CURVE('',#4508,#4514,#2716,.T.);
#5825=EDGE_CURVE('',#4515,#4516,#2717,.T.);
#5826=EDGE_CURVE('',#4517,#4515,#1977,.T.);
#5827=EDGE_CURVE('',#4518,#4517,#2718,.T.);
#5828=EDGE_CURVE('',#4519,#4518,#1978,.T.);
#5829=EDGE_CURVE('',#4520,#4519,#2719,.T.);
#5830=EDGE_CURVE('',#4521,#4520,#1979,.T.);
#5831=EDGE_CURVE('',#4522,#4521,#2720,.T.);
#5832=EDGE_CURVE('',#4516,#4522,#1980,.T.);
#5833=EDGE_CURVE('',#4523,#4524,#2721,.T.);
#5834=EDGE_CURVE('',#4525,#4523,#1981,.T.);
#5835=EDGE_CURVE('',#4526,#4525,#2722,.T.);
#5836=EDGE_CURVE('',#4527,#4526,#1982,.T.);
#5837=EDGE_CURVE('',#4528,#4527,#2723,.T.);
#5838=EDGE_CURVE('',#4529,#4528,#1983,.T.);
#5839=EDGE_CURVE('',#4530,#4529,#2724,.T.);
#5840=EDGE_CURVE('',#4524,#4530,#1984,.T.);
#5841=EDGE_CURVE('',#4531,#4532,#2725,.T.);
#5842=EDGE_CURVE('',#4533,#4531,#1985,.T.);
#5843=EDGE_CURVE('',#4534,#4533,#2726,.T.);
#5844=EDGE_CURVE('',#4535,#4534,#1986,.T.);
#5845=EDGE_CURVE('',#4536,#4535,#2727,.T.);
#5846=EDGE_CURVE('',#4537,#4536,#1987,.T.);
#5847=EDGE_CURVE('',#4532,#4537,#2728,.T.);
#5848=EDGE_CURVE('',#4538,#4539,#2729,.T.);
#5849=EDGE_CURVE('',#4540,#4538,#1988,.T.);
#5850=EDGE_CURVE('',#4541,#4540,#2730,.T.);
#5851=EDGE_CURVE('',#4542,#4541,#1989,.T.);
#5852=EDGE_CURVE('',#4543,#4542,#2731,.T.);
#5853=EDGE_CURVE('',#4544,#4543,#1990,.T.);
#5854=EDGE_CURVE('',#4545,#4544,#2732,.T.);
#5855=EDGE_CURVE('',#4539,#4545,#1991,.T.);
#5856=EDGE_CURVE('',#4546,#4547,#2733,.T.);
#5857=EDGE_CURVE('',#4548,#4546,#1992,.T.);
#5858=EDGE_CURVE('',#4549,#4548,#2734,.T.);
#5859=EDGE_CURVE('',#4550,#4549,#1993,.T.);
#5860=EDGE_CURVE('',#4551,#4550,#2735,.T.);
#5861=EDGE_CURVE('',#4552,#4551,#1994,.T.);
#5862=EDGE_CURVE('',#4553,#4552,#2736,.T.);
#5863=EDGE_CURVE('',#4554,#4553,#1995,.T.);
#5864=EDGE_CURVE('',#4555,#4554,#2737,.T.);
#5865=EDGE_CURVE('',#4556,#4555,#1996,.T.);
#5866=EDGE_CURVE('',#4557,#4556,#2738,.T.);
#5867=EDGE_CURVE('',#4558,#4557,#1997,.T.);
#5868=EDGE_CURVE('',#4559,#4558,#2739,.T.);
#5869=EDGE_CURVE('',#4560,#4559,#1998,.T.);
#5870=EDGE_CURVE('',#4561,#4560,#2740,.T.);
#5871=EDGE_CURVE('',#4547,#4561,#1999,.T.);
#5872=EDGE_CURVE('',#4464,#4546,#2741,.T.);
#5873=EDGE_CURVE('',#4547,#4463,#2742,.T.);
#5874=EDGE_CURVE('',#4465,#4548,#2743,.T.);
#5875=EDGE_CURVE('',#4466,#4549,#2744,.T.);
#5876=EDGE_CURVE('',#3759,#4550,#2745,.T.);
#5877=EDGE_CURVE('',#3758,#4551,#2746,.T.);
#5878=EDGE_CURVE('',#3760,#4552,#2747,.T.);
#5879=EDGE_CURVE('',#3761,#4553,#2748,.T.);
#5880=EDGE_CURVE('',#3762,#4554,#2749,.T.);
#5881=EDGE_CURVE('',#3763,#4555,#2750,.T.);
#5882=EDGE_CURVE('',#3764,#4556,#2751,.T.);
#5883=EDGE_CURVE('',#3765,#4557,#2752,.T.);
#5884=EDGE_CURVE('',#3766,#4558,#2753,.T.);
#5885=EDGE_CURVE('',#4434,#4559,#2754,.T.);
#5886=EDGE_CURVE('',#4461,#4560,#2755,.T.);
#5887=EDGE_CURVE('',#4462,#4561,#2756,.T.);
#5888=EDGE_CURVE('',#3754,#4484,#2757,.T.);
#5889=EDGE_CURVE('',#4485,#4469,#2758,.T.);
#5890=EDGE_CURVE('',#4469,#3754,#2759,.T.);
#5891=EDGE_CURVE('',#3753,#4486,#2760,.T.);
#5892=EDGE_CURVE('',#3755,#4487,#2761,.T.);
#5893=EDGE_CURVE('',#3756,#4488,#2762,.T.);
#5894=EDGE_CURVE('',#3757,#4489,#2763,.T.);
#5895=EDGE_CURVE('',#4467,#4490,#2764,.T.);
#5896=EDGE_CURVE('',#4468,#4491,#2765,.T.);
#5897=EDGE_CURVE('',#4440,#4538,#2766,.T.);
#5898=EDGE_CURVE('',#4539,#4441,#2767,.T.);
#5899=EDGE_CURVE('',#4440,#4436,#2000,.T.);
#5900=EDGE_CURVE('',#4436,#4540,#2768,.T.);
#5901=EDGE_CURVE('',#4435,#4541,#2769,.T.);
#5902=EDGE_CURVE('',#4435,#4562,#2001,.T.);
#5903=EDGE_CURVE('',#4562,#4542,#2770,.T.);
#5904=EDGE_CURVE('',#4563,#4543,#2771,.T.);
#5905=EDGE_CURVE('',#4562,#4563,#2772,.T.);
#5906=EDGE_CURVE('',#4563,#4457,#2002,.T.);
#5907=EDGE_CURVE('',#4457,#4544,#2773,.T.);
#5908=EDGE_CURVE('',#4456,#4545,#2774,.T.);
#5909=EDGE_CURVE('',#3699,#4562,#2775,.T.);
#5910=EDGE_CURVE('',#4564,#4565,#2776,.T.);
#5911=EDGE_CURVE('',#4565,#4492,#2777,.T.);
#5912=EDGE_CURVE('',#4493,#4564,#2778,.T.);
#5913=EDGE_CURVE('',#4565,#4566,#2003,.T.);
#5914=EDGE_CURVE('',#4566,#4494,#2779,.T.);
#5915=EDGE_CURVE('',#4567,#4495,#2780,.T.);
#5916=EDGE_CURVE('',#4566,#4567,#2781,.T.);
#5917=EDGE_CURVE('',#4567,#4443,#2004,.T.);
#5918=EDGE_CURVE('',#4443,#4496,#2782,.T.);
#5919=EDGE_CURVE('',#4442,#4497,#2783,.T.);
#5920=EDGE_CURVE('',#4442,#4568,#2005,.T.);
#5921=EDGE_CURVE('',#4568,#4498,#2784,.T.);
#5922=EDGE_CURVE('',#4568,#4564,#2785,.T.);
#5923=EDGE_CURVE('',#4567,#3689,#2786,.T.);
#5924=EDGE_CURVE('',#4566,#3690,#2787,.T.);
#5925=EDGE_CURVE('',#4565,#3691,#2788,.T.);
#5926=EDGE_CURVE('',#3692,#4564,#2789,.T.);
#5927=EDGE_CURVE('',#3770,#4531,#2790,.T.);
#5928=EDGE_CURVE('',#4532,#3769,#2791,.T.);
#5929=EDGE_CURVE('',#3771,#4533,#2792,.T.);
#5930=EDGE_CURVE('',#3772,#4534,#2793,.T.);
#5931=EDGE_CURVE('',#3773,#4535,#2794,.T.);
#5932=EDGE_CURVE('',#3768,#4536,#2795,.T.);
#5933=EDGE_CURVE('',#3767,#4537,#2796,.T.);
#5934=EDGE_CURVE('',#3776,#4499,#2797,.T.);
#5935=EDGE_CURVE('',#4500,#3774,#2798,.T.);
#5936=EDGE_CURVE('',#3777,#4501,#2799,.T.);
#5937=EDGE_CURVE('',#3778,#4502,#2800,.T.);
#5938=EDGE_CURVE('',#3779,#4503,#2801,.T.);
#5939=EDGE_CURVE('',#3780,#4504,#2802,.T.);
#5940=EDGE_CURVE('',#3781,#4505,#2803,.T.);
#5941=EDGE_CURVE('',#3775,#4506,#2804,.T.);
#5942=EDGE_CURVE('',#4459,#4523,#2805,.T.);
#5943=EDGE_CURVE('',#4524,#4458,#2806,.T.);
#5944=EDGE_CURVE('',#4460,#4525,#2807,.T.);
#5945=EDGE_CURVE('',#3749,#4526,#2808,.T.);
#5946=EDGE_CURVE('',#3748,#4527,#2809,.T.);
#5947=EDGE_CURVE('',#3750,#4528,#2810,.T.);
#5948=EDGE_CURVE('',#3751,#4529,#2811,.T.);
#5949=EDGE_CURVE('',#3752,#4530,#2812,.T.);
#5950=EDGE_CURVE('',#4508,#3786,#2813,.T.);
#5951=EDGE_CURVE('',#3787,#4507,#2814,.T.);
#5952=EDGE_CURVE('',#4514,#3785,#2815,.T.);
#5953=EDGE_CURVE('',#4513,#3784,#2816,.T.);
#5954=EDGE_CURVE('',#4512,#3782,#2817,.T.);
#5955=EDGE_CURVE('',#4511,#3783,#2818,.T.);
#5956=EDGE_CURVE('',#4510,#3789,#2819,.T.);
#5957=EDGE_CURVE('',#4509,#3788,#2820,.T.);
#5958=EDGE_CURVE('',#3838,#4515,#2821,.T.);
#5959=EDGE_CURVE('',#4516,#3837,#2822,.T.);
#5960=EDGE_CURVE('',#3839,#4517,#2823,.T.);
#5961=EDGE_CURVE('',#3840,#4518,#2824,.T.);
#5962=EDGE_CURVE('',#4437,#4519,#2825,.T.);
#5963=EDGE_CURVE('',#3835,#4520,#2826,.T.);
#5964=EDGE_CURVE('',#3834,#4521,#2827,.T.);
#5965=EDGE_CURVE('',#3836,#4522,#2828,.T.);
#5966=EDGE_CURVE('',#4563,#3698,#2829,.T.);
#5967=EDGE_CURVE('',#4568,#3693,#2830,.T.);
#5968=EDGE_CURVE('',#4477,#4314,#2831,.T.);
#5969=EDGE_CURVE('',#4313,#4475,#2832,.T.);
#5970=EDGE_CURVE('',#4315,#4479,#2833,.T.);
#5971=ORIENTED_EDGE('',*,*,#4569,.F.);
#5972=ORIENTED_EDGE('',*,*,#4570,.F.);
#5973=ORIENTED_EDGE('',*,*,#4571,.F.);
#5974=ORIENTED_EDGE('',*,*,#4572,.F.);
#5975=ORIENTED_EDGE('',*,*,#4573,.F.);
#5976=ORIENTED_EDGE('',*,*,#4574,.F.);
#5977=ORIENTED_EDGE('',*,*,#4575,.F.);
#5978=ORIENTED_EDGE('',*,*,#4576,.F.);
#5979=ORIENTED_EDGE('',*,*,#4577,.F.);
#5980=ORIENTED_EDGE('',*,*,#4578,.F.);
#5981=ORIENTED_EDGE('',*,*,#4579,.F.);
#5982=ORIENTED_EDGE('',*,*,#4580,.F.);
#5983=ORIENTED_EDGE('',*,*,#4581,.F.);
#5984=ORIENTED_EDGE('',*,*,#4582,.F.);
#5985=ORIENTED_EDGE('',*,*,#4583,.F.);
#5986=ORIENTED_EDGE('',*,*,#4584,.F.);
#5987=ORIENTED_EDGE('',*,*,#4585,.F.);
#5988=ORIENTED_EDGE('',*,*,#4586,.F.);
#5989=ORIENTED_EDGE('',*,*,#4587,.F.);
#5990=ORIENTED_EDGE('',*,*,#4588,.F.);
#5991=ORIENTED_EDGE('',*,*,#4589,.F.);
#5992=ORIENTED_EDGE('',*,*,#4590,.F.);
#5993=ORIENTED_EDGE('',*,*,#4591,.F.);
#5994=ORIENTED_EDGE('',*,*,#4592,.F.);
#5995=ORIENTED_EDGE('',*,*,#4593,.F.);
#5996=ORIENTED_EDGE('',*,*,#4594,.F.);
#5997=ORIENTED_EDGE('',*,*,#4595,.F.);
#5998=ORIENTED_EDGE('',*,*,#4596,.F.);
#5999=ORIENTED_EDGE('',*,*,#4597,.F.);
#6000=ORIENTED_EDGE('',*,*,#4598,.F.);
#6001=ORIENTED_EDGE('',*,*,#4599,.F.);
#6002=ORIENTED_EDGE('',*,*,#4600,.F.);
#6003=ORIENTED_EDGE('',*,*,#4601,.F.);
#6004=ORIENTED_EDGE('',*,*,#4602,.F.);
#6005=ORIENTED_EDGE('',*,*,#4603,.F.);
#6006=ORIENTED_EDGE('',*,*,#4604,.F.);
#6007=ORIENTED_EDGE('',*,*,#4605,.F.);
#6008=ORIENTED_EDGE('',*,*,#4606,.F.);
#6009=ORIENTED_EDGE('',*,*,#4607,.F.);
#6010=ORIENTED_EDGE('',*,*,#4608,.F.);
#6011=ORIENTED_EDGE('',*,*,#4609,.F.);
#6012=ORIENTED_EDGE('',*,*,#4610,.F.);
#6013=ORIENTED_EDGE('',*,*,#4611,.F.);
#6014=ORIENTED_EDGE('',*,*,#4612,.F.);
#6015=ORIENTED_EDGE('',*,*,#4613,.F.);
#6016=ORIENTED_EDGE('',*,*,#4614,.F.);
#6017=ORIENTED_EDGE('',*,*,#4615,.F.);
#6018=ORIENTED_EDGE('',*,*,#4616,.F.);
#6019=ORIENTED_EDGE('',*,*,#4617,.F.);
#6020=ORIENTED_EDGE('',*,*,#4618,.F.);
#6021=ORIENTED_EDGE('',*,*,#4619,.F.);
#6022=ORIENTED_EDGE('',*,*,#4620,.F.);
#6023=ORIENTED_EDGE('',*,*,#4621,.F.);
#6024=ORIENTED_EDGE('',*,*,#4622,.F.);
#6025=ORIENTED_EDGE('',*,*,#4623,.F.);
#6026=ORIENTED_EDGE('',*,*,#4624,.F.);
#6027=ORIENTED_EDGE('',*,*,#4625,.F.);
#6028=ORIENTED_EDGE('',*,*,#4626,.F.);
#6029=ORIENTED_EDGE('',*,*,#4627,.F.);
#6030=ORIENTED_EDGE('',*,*,#4628,.F.);
#6031=ORIENTED_EDGE('',*,*,#4629,.F.);
#6032=ORIENTED_EDGE('',*,*,#4630,.F.);
#6033=ORIENTED_EDGE('',*,*,#4631,.F.);
#6034=ORIENTED_EDGE('',*,*,#4632,.F.);
#6035=ORIENTED_EDGE('',*,*,#4633,.F.);
#6036=ORIENTED_EDGE('',*,*,#4634,.F.);
#6037=ORIENTED_EDGE('',*,*,#4635,.F.);
#6038=ORIENTED_EDGE('',*,*,#4636,.F.);
#6039=ORIENTED_EDGE('',*,*,#4637,.F.);
#6040=ORIENTED_EDGE('',*,*,#4638,.F.);
#6041=ORIENTED_EDGE('',*,*,#4639,.F.);
#6042=ORIENTED_EDGE('',*,*,#4640,.F.);
#6043=ORIENTED_EDGE('',*,*,#4641,.F.);
#6044=ORIENTED_EDGE('',*,*,#4642,.F.);
#6045=ORIENTED_EDGE('',*,*,#4643,.F.);
#6046=ORIENTED_EDGE('',*,*,#4644,.F.);
#6047=ORIENTED_EDGE('',*,*,#4645,.F.);
#6048=ORIENTED_EDGE('',*,*,#4646,.F.);
#6049=ORIENTED_EDGE('',*,*,#4647,.F.);
#6050=ORIENTED_EDGE('',*,*,#4648,.F.);
#6051=ORIENTED_EDGE('',*,*,#4649,.F.);
#6052=ORIENTED_EDGE('',*,*,#4650,.F.);
#6053=ORIENTED_EDGE('',*,*,#4651,.F.);
#6054=ORIENTED_EDGE('',*,*,#4652,.F.);
#6055=ORIENTED_EDGE('',*,*,#4653,.F.);
#6056=ORIENTED_EDGE('',*,*,#4654,.F.);
#6057=ORIENTED_EDGE('',*,*,#4647,.T.);
#6058=ORIENTED_EDGE('',*,*,#4655,.F.);
#6059=ORIENTED_EDGE('',*,*,#4656,.F.);
#6060=ORIENTED_EDGE('',*,*,#4657,.T.);
#6061=ORIENTED_EDGE('',*,*,#4654,.T.);
#6062=ORIENTED_EDGE('',*,*,#4658,.F.);
#6063=ORIENTED_EDGE('',*,*,#4659,.F.);
#6064=ORIENTED_EDGE('',*,*,#4655,.T.);
#6065=ORIENTED_EDGE('',*,*,#4653,.T.);
#6066=ORIENTED_EDGE('',*,*,#4660,.T.);
#6067=ORIENTED_EDGE('',*,*,#4661,.F.);
#6068=ORIENTED_EDGE('',*,*,#4658,.T.);
#6069=ORIENTED_EDGE('',*,*,#4652,.T.);
#6070=ORIENTED_EDGE('',*,*,#4662,.F.);
#6071=ORIENTED_EDGE('',*,*,#4663,.F.);
#6072=ORIENTED_EDGE('',*,*,#4660,.F.);
#6073=ORIENTED_EDGE('',*,*,#4641,.T.);
#6074=ORIENTED_EDGE('',*,*,#4664,.F.);
#6075=ORIENTED_EDGE('',*,*,#4665,.F.);
#6076=ORIENTED_EDGE('',*,*,#4666,.T.);
#6077=ORIENTED_EDGE('',*,*,#4640,.T.);
#6078=ORIENTED_EDGE('',*,*,#4667,.F.);
#6079=ORIENTED_EDGE('',*,*,#4668,.F.);
#6080=ORIENTED_EDGE('',*,*,#4664,.T.);
#6081=ORIENTED_EDGE('',*,*,#4639,.T.);
#6082=ORIENTED_EDGE('',*,*,#4669,.F.);
#6083=ORIENTED_EDGE('',*,*,#4670,.F.);
#6084=ORIENTED_EDGE('',*,*,#4667,.T.);
#6085=ORIENTED_EDGE('',*,*,#4646,.T.);
#6086=ORIENTED_EDGE('',*,*,#4671,.F.);
#6087=ORIENTED_EDGE('',*,*,#4672,.F.);
#6088=ORIENTED_EDGE('',*,*,#4669,.T.);
#6089=ORIENTED_EDGE('',*,*,#4630,.T.);
#6090=ORIENTED_EDGE('',*,*,#4673,.F.);
#6091=ORIENTED_EDGE('',*,*,#4674,.F.);
#6092=ORIENTED_EDGE('',*,*,#4675,.T.);
#6093=ORIENTED_EDGE('',*,*,#4629,.T.);
#6094=ORIENTED_EDGE('',*,*,#4676,.F.);
#6095=ORIENTED_EDGE('',*,*,#4677,.F.);
#6096=ORIENTED_EDGE('',*,*,#4673,.T.);
#6097=ORIENTED_EDGE('',*,*,#4628,.T.);
#6098=ORIENTED_EDGE('',*,*,#4678,.F.);
#6099=ORIENTED_EDGE('',*,*,#4679,.F.);
#6100=ORIENTED_EDGE('',*,*,#4676,.T.);
#6101=ORIENTED_EDGE('',*,*,#4627,.T.);
#6102=ORIENTED_EDGE('',*,*,#4680,.F.);
#6103=ORIENTED_EDGE('',*,*,#4681,.F.);
#6104=ORIENTED_EDGE('',*,*,#4678,.T.);
#6105=ORIENTED_EDGE('',*,*,#4626,.T.);
#6106=ORIENTED_EDGE('',*,*,#4682,.F.);
#6107=ORIENTED_EDGE('',*,*,#4683,.F.);
#6108=ORIENTED_EDGE('',*,*,#4680,.T.);
#6109=ORIENTED_EDGE('',*,*,#4625,.T.);
#6110=ORIENTED_EDGE('',*,*,#4684,.F.);
#6111=ORIENTED_EDGE('',*,*,#4685,.F.);
#6112=ORIENTED_EDGE('',*,*,#4682,.T.);
#6113=ORIENTED_EDGE('',*,*,#4624,.T.);
#6114=ORIENTED_EDGE('',*,*,#4686,.F.);
#6115=ORIENTED_EDGE('',*,*,#4687,.F.);
#6116=ORIENTED_EDGE('',*,*,#4684,.T.);
#6117=ORIENTED_EDGE('',*,*,#4623,.T.);
#6118=ORIENTED_EDGE('',*,*,#4688,.T.);
#6119=ORIENTED_EDGE('',*,*,#4689,.F.);
#6120=ORIENTED_EDGE('',*,*,#4686,.T.);
#6121=ORIENTED_EDGE('',*,*,#4593,.T.);
#6122=ORIENTED_EDGE('',*,*,#4690,.T.);
#6123=ORIENTED_EDGE('',*,*,#4691,.F.);
#6124=ORIENTED_EDGE('',*,*,#4692,.F.);
#6125=ORIENTED_EDGE('',*,*,#4592,.T.);
#6126=ORIENTED_EDGE('',*,*,#4693,.T.);
#6127=ORIENTED_EDGE('',*,*,#4694,.F.);
#6128=ORIENTED_EDGE('',*,*,#4690,.F.);
#6129=ORIENTED_EDGE('',*,*,#4591,.T.);
#6130=ORIENTED_EDGE('',*,*,#4695,.F.);
#6131=ORIENTED_EDGE('',*,*,#4696,.F.);
#6132=ORIENTED_EDGE('',*,*,#4693,.F.);
#6133=ORIENTED_EDGE('',*,*,#4590,.T.);
#6134=ORIENTED_EDGE('',*,*,#4697,.T.);
#6135=ORIENTED_EDGE('',*,*,#4698,.F.);
#6136=ORIENTED_EDGE('',*,*,#4695,.T.);
#6137=ORIENTED_EDGE('',*,*,#4589,.T.);
#6138=ORIENTED_EDGE('',*,*,#4699,.F.);
#6139=ORIENTED_EDGE('',*,*,#4700,.F.);
#6140=ORIENTED_EDGE('',*,*,#4697,.F.);
#6141=ORIENTED_EDGE('',*,*,#4588,.T.);
#6142=ORIENTED_EDGE('',*,*,#4701,.T.);
#6143=ORIENTED_EDGE('',*,*,#4702,.F.);
#6144=ORIENTED_EDGE('',*,*,#4699,.T.);
#6145=ORIENTED_EDGE('',*,*,#4586,.T.);
#6146=ORIENTED_EDGE('',*,*,#4703,.F.);
#6147=ORIENTED_EDGE('',*,*,#4704,.F.);
#6148=ORIENTED_EDGE('',*,*,#4705,.F.);
#6149=ORIENTED_EDGE('',*,*,#4585,.T.);
#6150=ORIENTED_EDGE('',*,*,#4706,.F.);
#6151=ORIENTED_EDGE('',*,*,#4707,.F.);
#6152=ORIENTED_EDGE('',*,*,#4703,.T.);
#6153=ORIENTED_EDGE('',*,*,#4584,.T.);
#6154=ORIENTED_EDGE('',*,*,#4708,.F.);
#6155=ORIENTED_EDGE('',*,*,#4709,.F.);
#6156=ORIENTED_EDGE('',*,*,#4706,.T.);
#6157=ORIENTED_EDGE('',*,*,#4583,.T.);
#6158=ORIENTED_EDGE('',*,*,#4710,.F.);
#6159=ORIENTED_EDGE('',*,*,#4711,.F.);
#6160=ORIENTED_EDGE('',*,*,#4708,.T.);
#6161=ORIENTED_EDGE('',*,*,#4582,.T.);
#6162=ORIENTED_EDGE('',*,*,#4712,.F.);
#6163=ORIENTED_EDGE('',*,*,#4713,.F.);
#6164=ORIENTED_EDGE('',*,*,#4710,.T.);
#6165=ORIENTED_EDGE('',*,*,#4581,.T.);
#6166=ORIENTED_EDGE('',*,*,#4714,.F.);
#6167=ORIENTED_EDGE('',*,*,#4715,.F.);
#6168=ORIENTED_EDGE('',*,*,#4712,.T.);
#6169=ORIENTED_EDGE('',*,*,#4580,.T.);
#6170=ORIENTED_EDGE('',*,*,#4716,.T.);
#6171=ORIENTED_EDGE('',*,*,#4717,.F.);
#6172=ORIENTED_EDGE('',*,*,#4714,.T.);
#6173=ORIENTED_EDGE('',*,*,#4578,.T.);
#6174=ORIENTED_EDGE('',*,*,#4718,.F.);
#6175=ORIENTED_EDGE('',*,*,#4719,.F.);
#6176=ORIENTED_EDGE('',*,*,#4720,.F.);
#6177=ORIENTED_EDGE('',*,*,#4577,.T.);
#6178=ORIENTED_EDGE('',*,*,#4721,.F.);
#6179=ORIENTED_EDGE('',*,*,#4722,.F.);
#6180=ORIENTED_EDGE('',*,*,#4718,.T.);
#6181=ORIENTED_EDGE('',*,*,#4576,.T.);
#6182=ORIENTED_EDGE('',*,*,#4723,.F.);
#6183=ORIENTED_EDGE('',*,*,#4724,.F.);
#6184=ORIENTED_EDGE('',*,*,#4721,.T.);
#6185=ORIENTED_EDGE('',*,*,#4575,.T.);
#6186=ORIENTED_EDGE('',*,*,#4725,.F.);
#6187=ORIENTED_EDGE('',*,*,#4726,.F.);
#6188=ORIENTED_EDGE('',*,*,#4723,.T.);
#6189=ORIENTED_EDGE('',*,*,#4574,.T.);
#6190=ORIENTED_EDGE('',*,*,#4727,.F.);
#6191=ORIENTED_EDGE('',*,*,#4728,.F.);
#6192=ORIENTED_EDGE('',*,*,#4725,.T.);
#6193=ORIENTED_EDGE('',*,*,#4573,.T.);
#6194=ORIENTED_EDGE('',*,*,#4729,.F.);
#6195=ORIENTED_EDGE('',*,*,#4730,.F.);
#6196=ORIENTED_EDGE('',*,*,#4727,.T.);
#6197=ORIENTED_EDGE('',*,*,#4572,.T.);
#6198=ORIENTED_EDGE('',*,*,#4731,.F.);
#6199=ORIENTED_EDGE('',*,*,#4732,.F.);
#6200=ORIENTED_EDGE('',*,*,#4729,.T.);
#6201=ORIENTED_EDGE('',*,*,#4733,.T.);
#6202=ORIENTED_EDGE('',*,*,#4734,.F.);
#6203=ORIENTED_EDGE('',*,*,#4735,.F.);
#6204=ORIENTED_EDGE('',*,*,#4736,.F.);
#6205=ORIENTED_EDGE('',*,*,#4737,.F.);
#6206=ORIENTED_EDGE('',*,*,#4738,.T.);
#6207=ORIENTED_EDGE('',*,*,#4739,.F.);
#6208=ORIENTED_EDGE('',*,*,#4740,.F.);
#6209=ORIENTED_EDGE('',*,*,#4741,.T.);
#6210=ORIENTED_EDGE('',*,*,#4742,.F.);
#6211=ORIENTED_EDGE('',*,*,#4743,.T.);
#6212=ORIENTED_EDGE('',*,*,#4744,.T.);
#6213=ORIENTED_EDGE('',*,*,#4745,.F.);
#6214=ORIENTED_EDGE('',*,*,#4746,.F.);
#6215=ORIENTED_EDGE('',*,*,#4747,.F.);
#6216=ORIENTED_EDGE('',*,*,#4748,.F.);
#6217=ORIENTED_EDGE('',*,*,#4749,.T.);
#6218=ORIENTED_EDGE('',*,*,#4750,.F.);
#6219=ORIENTED_EDGE('',*,*,#4751,.F.);
#6220=ORIENTED_EDGE('',*,*,#4752,.F.);
#6221=ORIENTED_EDGE('',*,*,#4753,.F.);
#6222=ORIENTED_EDGE('',*,*,#4754,.T.);
#6223=ORIENTED_EDGE('',*,*,#4755,.T.);
#6224=ORIENTED_EDGE('',*,*,#4756,.F.);
#6225=ORIENTED_EDGE('',*,*,#4757,.F.);
#6226=ORIENTED_EDGE('',*,*,#4758,.F.);
#6227=ORIENTED_EDGE('',*,*,#4759,.F.);
#6228=ORIENTED_EDGE('',*,*,#4760,.T.);
#6229=ORIENTED_EDGE('',*,*,#4761,.F.);
#6230=ORIENTED_EDGE('',*,*,#4762,.F.);
#6231=ORIENTED_EDGE('',*,*,#4763,.F.);
#6232=ORIENTED_EDGE('',*,*,#4764,.F.);
#6233=ORIENTED_EDGE('',*,*,#4765,.T.);
#6234=ORIENTED_EDGE('',*,*,#4766,.T.);
#6235=ORIENTED_EDGE('',*,*,#4767,.F.);
#6236=ORIENTED_EDGE('',*,*,#4768,.F.);
#6237=ORIENTED_EDGE('',*,*,#4769,.F.);
#6238=ORIENTED_EDGE('',*,*,#4770,.F.);
#6239=ORIENTED_EDGE('',*,*,#4771,.T.);
#6240=ORIENTED_EDGE('',*,*,#4772,.F.);
#6241=ORIENTED_EDGE('',*,*,#4773,.F.);
#6242=ORIENTED_EDGE('',*,*,#4774,.F.);
#6243=ORIENTED_EDGE('',*,*,#4775,.F.);
#6244=ORIENTED_EDGE('',*,*,#4776,.T.);
#6245=ORIENTED_EDGE('',*,*,#4570,.T.);
#6246=ORIENTED_EDGE('',*,*,#4777,.F.);
#6247=ORIENTED_EDGE('',*,*,#4778,.F.);
#6248=ORIENTED_EDGE('',*,*,#4779,.F.);
#6249=ORIENTED_EDGE('',*,*,#4569,.T.);
#6250=ORIENTED_EDGE('',*,*,#4780,.F.);
#6251=ORIENTED_EDGE('',*,*,#4781,.F.);
#6252=ORIENTED_EDGE('',*,*,#4777,.T.);
#6253=ORIENTED_EDGE('',*,*,#4622,.T.);
#6254=ORIENTED_EDGE('',*,*,#4782,.F.);
#6255=ORIENTED_EDGE('',*,*,#4783,.F.);
#6256=ORIENTED_EDGE('',*,*,#4780,.T.);
#6257=ORIENTED_EDGE('',*,*,#4621,.T.);
#6258=ORIENTED_EDGE('',*,*,#4784,.F.);
#6259=ORIENTED_EDGE('',*,*,#4785,.F.);
#6260=ORIENTED_EDGE('',*,*,#4782,.T.);
#6261=ORIENTED_EDGE('',*,*,#4620,.T.);
#6262=ORIENTED_EDGE('',*,*,#4786,.F.);
#6263=ORIENTED_EDGE('',*,*,#4787,.F.);
#6264=ORIENTED_EDGE('',*,*,#4784,.T.);
#6265=ORIENTED_EDGE('',*,*,#4619,.T.);
#6266=ORIENTED_EDGE('',*,*,#4788,.F.);
#6267=ORIENTED_EDGE('',*,*,#4789,.F.);
#6268=ORIENTED_EDGE('',*,*,#4786,.T.);
#6269=ORIENTED_EDGE('',*,*,#4790,.F.);
#6270=ORIENTED_EDGE('',*,*,#4791,.T.);
#6271=ORIENTED_EDGE('',*,*,#4791,.F.);
#6272=ORIENTED_EDGE('',*,*,#4792,.F.);
#6273=ORIENTED_EDGE('',*,*,#4793,.T.);
#6274=ORIENTED_EDGE('',*,*,#4790,.T.);
#6275=ORIENTED_EDGE('',*,*,#4793,.F.);
#6276=ORIENTED_EDGE('',*,*,#4794,.F.);
#6277=ORIENTED_EDGE('',*,*,#4795,.T.);
#6278=ORIENTED_EDGE('',*,*,#4795,.F.);
#6279=ORIENTED_EDGE('',*,*,#4796,.F.);
#6280=ORIENTED_EDGE('',*,*,#4797,.T.);
#6281=ORIENTED_EDGE('',*,*,#4794,.T.);
#6282=ORIENTED_EDGE('',*,*,#4797,.F.);
#6283=ORIENTED_EDGE('',*,*,#4798,.F.);
#6284=ORIENTED_EDGE('',*,*,#4799,.T.);
#6285=ORIENTED_EDGE('',*,*,#4799,.F.);
#6286=ORIENTED_EDGE('',*,*,#4754,.F.);
#6287=ORIENTED_EDGE('',*,*,#4800,.T.);
#6288=ORIENTED_EDGE('',*,*,#4798,.T.);
#6289=ORIENTED_EDGE('',*,*,#4800,.F.);
#6290=ORIENTED_EDGE('',*,*,#4801,.F.);
#6291=ORIENTED_EDGE('',*,*,#4802,.T.);
#6292=ORIENTED_EDGE('',*,*,#4802,.F.);
#6293=ORIENTED_EDGE('',*,*,#4776,.F.);
#6294=ORIENTED_EDGE('',*,*,#4803,.T.);
#6295=ORIENTED_EDGE('',*,*,#4801,.T.);
#6296=ORIENTED_EDGE('',*,*,#4803,.F.);
#6297=ORIENTED_EDGE('',*,*,#4804,.F.);
#6298=ORIENTED_EDGE('',*,*,#4805,.T.);
#6299=ORIENTED_EDGE('',*,*,#4805,.F.);
#6300=ORIENTED_EDGE('',*,*,#4806,.F.);
#6301=ORIENTED_EDGE('',*,*,#4807,.T.);
#6302=ORIENTED_EDGE('',*,*,#4804,.T.);
#6303=ORIENTED_EDGE('',*,*,#4807,.F.);
#6304=ORIENTED_EDGE('',*,*,#4808,.F.);
#6305=ORIENTED_EDGE('',*,*,#4809,.T.);
#6306=ORIENTED_EDGE('',*,*,#4809,.F.);
#6307=ORIENTED_EDGE('',*,*,#4743,.F.);
#6308=ORIENTED_EDGE('',*,*,#4810,.T.);
#6309=ORIENTED_EDGE('',*,*,#4808,.T.);
#6310=ORIENTED_EDGE('',*,*,#4810,.F.);
#6311=ORIENTED_EDGE('',*,*,#4811,.F.);
#6312=ORIENTED_EDGE('',*,*,#4812,.T.);
#6313=ORIENTED_EDGE('',*,*,#4812,.F.);
#6314=ORIENTED_EDGE('',*,*,#4765,.F.);
#6315=ORIENTED_EDGE('',*,*,#4813,.T.);
#6316=ORIENTED_EDGE('',*,*,#4811,.T.);
#6317=ORIENTED_EDGE('',*,*,#4813,.F.);
#6318=ORIENTED_EDGE('',*,*,#4814,.F.);
#6319=ORIENTED_EDGE('',*,*,#4815,.T.);
#6320=ORIENTED_EDGE('',*,*,#4816,.T.);
#6321=ORIENTED_EDGE('',*,*,#4817,.F.);
#6322=ORIENTED_EDGE('',*,*,#4818,.F.);
#6323=ORIENTED_EDGE('',*,*,#4819,.T.);
#6324=ORIENTED_EDGE('',*,*,#4820,.T.);
#6325=ORIENTED_EDGE('',*,*,#4815,.F.);
#6326=ORIENTED_EDGE('',*,*,#4821,.F.);
#6327=ORIENTED_EDGE('',*,*,#4822,.T.);
#6328=ORIENTED_EDGE('',*,*,#4823,.T.);
#6329=ORIENTED_EDGE('',*,*,#4819,.F.);
#6330=ORIENTED_EDGE('',*,*,#4824,.F.);
#6331=ORIENTED_EDGE('',*,*,#4825,.T.);
#6332=ORIENTED_EDGE('',*,*,#4826,.T.);
#6333=ORIENTED_EDGE('',*,*,#4822,.F.);
#6334=ORIENTED_EDGE('',*,*,#4827,.F.);
#6335=ORIENTED_EDGE('',*,*,#4828,.T.);
#6336=ORIENTED_EDGE('',*,*,#4829,.T.);
#6337=ORIENTED_EDGE('',*,*,#4825,.F.);
#6338=ORIENTED_EDGE('',*,*,#4830,.F.);
#6339=ORIENTED_EDGE('',*,*,#4831,.T.);
#6340=ORIENTED_EDGE('',*,*,#4832,.T.);
#6341=ORIENTED_EDGE('',*,*,#4828,.F.);
#6342=ORIENTED_EDGE('',*,*,#4833,.F.);
#6343=ORIENTED_EDGE('',*,*,#4834,.T.);
#6344=ORIENTED_EDGE('',*,*,#4835,.T.);
#6345=ORIENTED_EDGE('',*,*,#4831,.F.);
#6346=ORIENTED_EDGE('',*,*,#4836,.F.);
#6347=ORIENTED_EDGE('',*,*,#4837,.T.);
#6348=ORIENTED_EDGE('',*,*,#4838,.T.);
#6349=ORIENTED_EDGE('',*,*,#4834,.F.);
#6350=ORIENTED_EDGE('',*,*,#4839,.F.);
#6351=ORIENTED_EDGE('',*,*,#4840,.T.);
#6352=ORIENTED_EDGE('',*,*,#4841,.T.);
#6353=ORIENTED_EDGE('',*,*,#4837,.F.);
#6354=ORIENTED_EDGE('',*,*,#4842,.F.);
#6355=ORIENTED_EDGE('',*,*,#4843,.T.);
#6356=ORIENTED_EDGE('',*,*,#4844,.T.);
#6357=ORIENTED_EDGE('',*,*,#4840,.F.);
#6358=ORIENTED_EDGE('',*,*,#4845,.F.);
#6359=ORIENTED_EDGE('',*,*,#4846,.T.);
#6360=ORIENTED_EDGE('',*,*,#4847,.T.);
#6361=ORIENTED_EDGE('',*,*,#4843,.F.);
#6362=ORIENTED_EDGE('',*,*,#4848,.F.);
#6363=ORIENTED_EDGE('',*,*,#4849,.T.);
#6364=ORIENTED_EDGE('',*,*,#4850,.T.);
#6365=ORIENTED_EDGE('',*,*,#4846,.F.);
#6366=ORIENTED_EDGE('',*,*,#4851,.F.);
#6367=ORIENTED_EDGE('',*,*,#4852,.T.);
#6368=ORIENTED_EDGE('',*,*,#4853,.T.);
#6369=ORIENTED_EDGE('',*,*,#4849,.F.);
#6370=ORIENTED_EDGE('',*,*,#4854,.F.);
#6371=ORIENTED_EDGE('',*,*,#4855,.T.);
#6372=ORIENTED_EDGE('',*,*,#4856,.T.);
#6373=ORIENTED_EDGE('',*,*,#4852,.F.);
#6374=ORIENTED_EDGE('',*,*,#4857,.F.);
#6375=ORIENTED_EDGE('',*,*,#4858,.T.);
#6376=ORIENTED_EDGE('',*,*,#4859,.T.);
#6377=ORIENTED_EDGE('',*,*,#4855,.F.);
#6378=ORIENTED_EDGE('',*,*,#4860,.F.);
#6379=ORIENTED_EDGE('',*,*,#4861,.T.);
#6380=ORIENTED_EDGE('',*,*,#4862,.T.);
#6381=ORIENTED_EDGE('',*,*,#4858,.F.);
#6382=ORIENTED_EDGE('',*,*,#4863,.F.);
#6383=ORIENTED_EDGE('',*,*,#4817,.T.);
#6384=ORIENTED_EDGE('',*,*,#4864,.T.);
#6385=ORIENTED_EDGE('',*,*,#4861,.F.);
#6386=ORIENTED_EDGE('',*,*,#4864,.F.);
#6387=ORIENTED_EDGE('',*,*,#4816,.F.);
#6388=ORIENTED_EDGE('',*,*,#4820,.F.);
#6389=ORIENTED_EDGE('',*,*,#4823,.F.);
#6390=ORIENTED_EDGE('',*,*,#4826,.F.);
#6391=ORIENTED_EDGE('',*,*,#4829,.F.);
#6392=ORIENTED_EDGE('',*,*,#4832,.F.);
#6393=ORIENTED_EDGE('',*,*,#4835,.F.);
#6394=ORIENTED_EDGE('',*,*,#4838,.F.);
#6395=ORIENTED_EDGE('',*,*,#4841,.F.);
#6396=ORIENTED_EDGE('',*,*,#4844,.F.);
#6397=ORIENTED_EDGE('',*,*,#4847,.F.);
#6398=ORIENTED_EDGE('',*,*,#4850,.F.);
#6399=ORIENTED_EDGE('',*,*,#4853,.F.);
#6400=ORIENTED_EDGE('',*,*,#4856,.F.);
#6401=ORIENTED_EDGE('',*,*,#4859,.F.);
#6402=ORIENTED_EDGE('',*,*,#4862,.F.);
#6403=ORIENTED_EDGE('',*,*,#4865,.F.);
#6404=ORIENTED_EDGE('',*,*,#4866,.T.);
#6405=ORIENTED_EDGE('',*,*,#4867,.T.);
#6406=ORIENTED_EDGE('',*,*,#4868,.F.);
#6407=ORIENTED_EDGE('',*,*,#4869,.F.);
#6408=ORIENTED_EDGE('',*,*,#4870,.T.);
#6409=ORIENTED_EDGE('',*,*,#4871,.T.);
#6410=ORIENTED_EDGE('',*,*,#4866,.F.);
#6411=ORIENTED_EDGE('',*,*,#4872,.F.);
#6412=ORIENTED_EDGE('',*,*,#4873,.T.);
#6413=ORIENTED_EDGE('',*,*,#4874,.T.);
#6414=ORIENTED_EDGE('',*,*,#4870,.F.);
#6415=ORIENTED_EDGE('',*,*,#4875,.F.);
#6416=ORIENTED_EDGE('',*,*,#4876,.T.);
#6417=ORIENTED_EDGE('',*,*,#4877,.T.);
#6418=ORIENTED_EDGE('',*,*,#4873,.F.);
#6419=ORIENTED_EDGE('',*,*,#4878,.F.);
#6420=ORIENTED_EDGE('',*,*,#4879,.T.);
#6421=ORIENTED_EDGE('',*,*,#4880,.T.);
#6422=ORIENTED_EDGE('',*,*,#4876,.F.);
#6423=ORIENTED_EDGE('',*,*,#4881,.F.);
#6424=ORIENTED_EDGE('',*,*,#4882,.T.);
#6425=ORIENTED_EDGE('',*,*,#4883,.T.);
#6426=ORIENTED_EDGE('',*,*,#4879,.F.);
#6427=ORIENTED_EDGE('',*,*,#4884,.F.);
#6428=ORIENTED_EDGE('',*,*,#4885,.T.);
#6429=ORIENTED_EDGE('',*,*,#4886,.T.);
#6430=ORIENTED_EDGE('',*,*,#4882,.F.);
#6431=ORIENTED_EDGE('',*,*,#4887,.F.);
#6432=ORIENTED_EDGE('',*,*,#4888,.T.);
#6433=ORIENTED_EDGE('',*,*,#4889,.T.);
#6434=ORIENTED_EDGE('',*,*,#4885,.F.);
#6435=ORIENTED_EDGE('',*,*,#4890,.F.);
#6436=ORIENTED_EDGE('',*,*,#4891,.T.);
#6437=ORIENTED_EDGE('',*,*,#4892,.T.);
#6438=ORIENTED_EDGE('',*,*,#4888,.F.);
#6439=ORIENTED_EDGE('',*,*,#4893,.F.);
#6440=ORIENTED_EDGE('',*,*,#4894,.T.);
#6441=ORIENTED_EDGE('',*,*,#4895,.T.);
#6442=ORIENTED_EDGE('',*,*,#4891,.F.);
#6443=ORIENTED_EDGE('',*,*,#4896,.F.);
#6444=ORIENTED_EDGE('',*,*,#4897,.T.);
#6445=ORIENTED_EDGE('',*,*,#4898,.T.);
#6446=ORIENTED_EDGE('',*,*,#4894,.F.);
#6447=ORIENTED_EDGE('',*,*,#4899,.F.);
#6448=ORIENTED_EDGE('',*,*,#4900,.T.);
#6449=ORIENTED_EDGE('',*,*,#4901,.T.);
#6450=ORIENTED_EDGE('',*,*,#4897,.F.);
#6451=ORIENTED_EDGE('',*,*,#4902,.F.);
#6452=ORIENTED_EDGE('',*,*,#4903,.T.);
#6453=ORIENTED_EDGE('',*,*,#4904,.T.);
#6454=ORIENTED_EDGE('',*,*,#4900,.F.);
#6455=ORIENTED_EDGE('',*,*,#4905,.F.);
#6456=ORIENTED_EDGE('',*,*,#4906,.T.);
#6457=ORIENTED_EDGE('',*,*,#4907,.T.);
#6458=ORIENTED_EDGE('',*,*,#4903,.F.);
#6459=ORIENTED_EDGE('',*,*,#4908,.F.);
#6460=ORIENTED_EDGE('',*,*,#4909,.T.);
#6461=ORIENTED_EDGE('',*,*,#4910,.T.);
#6462=ORIENTED_EDGE('',*,*,#4906,.F.);
#6463=ORIENTED_EDGE('',*,*,#4911,.F.);
#6464=ORIENTED_EDGE('',*,*,#4912,.T.);
#6465=ORIENTED_EDGE('',*,*,#4913,.T.);
#6466=ORIENTED_EDGE('',*,*,#4909,.F.);
#6467=ORIENTED_EDGE('',*,*,#4914,.F.);
#6468=ORIENTED_EDGE('',*,*,#4915,.T.);
#6469=ORIENTED_EDGE('',*,*,#4916,.T.);
#6470=ORIENTED_EDGE('',*,*,#4912,.F.);
#6471=ORIENTED_EDGE('',*,*,#4917,.F.);
#6472=ORIENTED_EDGE('',*,*,#4918,.T.);
#6473=ORIENTED_EDGE('',*,*,#4919,.T.);
#6474=ORIENTED_EDGE('',*,*,#4915,.F.);
#6475=ORIENTED_EDGE('',*,*,#4920,.F.);
#6476=ORIENTED_EDGE('',*,*,#4921,.T.);
#6477=ORIENTED_EDGE('',*,*,#4922,.T.);
#6478=ORIENTED_EDGE('',*,*,#4918,.F.);
#6479=ORIENTED_EDGE('',*,*,#4923,.F.);
#6480=ORIENTED_EDGE('',*,*,#4924,.T.);
#6481=ORIENTED_EDGE('',*,*,#4925,.T.);
#6482=ORIENTED_EDGE('',*,*,#4921,.F.);
#6483=ORIENTED_EDGE('',*,*,#4926,.F.);
#6484=ORIENTED_EDGE('',*,*,#4927,.T.);
#6485=ORIENTED_EDGE('',*,*,#4928,.T.);
#6486=ORIENTED_EDGE('',*,*,#4924,.F.);
#6487=ORIENTED_EDGE('',*,*,#4929,.F.);
#6488=ORIENTED_EDGE('',*,*,#4930,.T.);
#6489=ORIENTED_EDGE('',*,*,#4931,.T.);
#6490=ORIENTED_EDGE('',*,*,#4927,.F.);
#6491=ORIENTED_EDGE('',*,*,#4932,.F.);
#6492=ORIENTED_EDGE('',*,*,#4933,.T.);
#6493=ORIENTED_EDGE('',*,*,#4934,.T.);
#6494=ORIENTED_EDGE('',*,*,#4930,.F.);
#6495=ORIENTED_EDGE('',*,*,#4935,.F.);
#6496=ORIENTED_EDGE('',*,*,#4936,.T.);
#6497=ORIENTED_EDGE('',*,*,#4937,.T.);
#6498=ORIENTED_EDGE('',*,*,#4933,.F.);
#6499=ORIENTED_EDGE('',*,*,#4938,.F.);
#6500=ORIENTED_EDGE('',*,*,#4939,.T.);
#6501=ORIENTED_EDGE('',*,*,#4940,.T.);
#6502=ORIENTED_EDGE('',*,*,#4936,.F.);
#6503=ORIENTED_EDGE('',*,*,#4941,.F.);
#6504=ORIENTED_EDGE('',*,*,#4868,.T.);
#6505=ORIENTED_EDGE('',*,*,#4942,.T.);
#6506=ORIENTED_EDGE('',*,*,#4939,.F.);
#6507=ORIENTED_EDGE('',*,*,#4943,.F.);
#6508=ORIENTED_EDGE('',*,*,#4944,.T.);
#6509=ORIENTED_EDGE('',*,*,#4945,.T.);
#6510=ORIENTED_EDGE('',*,*,#4946,.F.);
#6511=ORIENTED_EDGE('',*,*,#4947,.F.);
#6512=ORIENTED_EDGE('',*,*,#4948,.T.);
#6513=ORIENTED_EDGE('',*,*,#4949,.T.);
#6514=ORIENTED_EDGE('',*,*,#4944,.F.);
#6515=ORIENTED_EDGE('',*,*,#4950,.F.);
#6516=ORIENTED_EDGE('',*,*,#4951,.T.);
#6517=ORIENTED_EDGE('',*,*,#4952,.T.);
#6518=ORIENTED_EDGE('',*,*,#4948,.F.);
#6519=ORIENTED_EDGE('',*,*,#4953,.F.);
#6520=ORIENTED_EDGE('',*,*,#4954,.T.);
#6521=ORIENTED_EDGE('',*,*,#4955,.T.);
#6522=ORIENTED_EDGE('',*,*,#4951,.F.);
#6523=ORIENTED_EDGE('',*,*,#4956,.F.);
#6524=ORIENTED_EDGE('',*,*,#4957,.T.);
#6525=ORIENTED_EDGE('',*,*,#4958,.T.);
#6526=ORIENTED_EDGE('',*,*,#4954,.F.);
#6527=ORIENTED_EDGE('',*,*,#4959,.F.);
#6528=ORIENTED_EDGE('',*,*,#4960,.T.);
#6529=ORIENTED_EDGE('',*,*,#4961,.T.);
#6530=ORIENTED_EDGE('',*,*,#4957,.F.);
#6531=ORIENTED_EDGE('',*,*,#4962,.F.);
#6532=ORIENTED_EDGE('',*,*,#4963,.T.);
#6533=ORIENTED_EDGE('',*,*,#4964,.T.);
#6534=ORIENTED_EDGE('',*,*,#4960,.F.);
#6535=ORIENTED_EDGE('',*,*,#4965,.F.);
#6536=ORIENTED_EDGE('',*,*,#4966,.T.);
#6537=ORIENTED_EDGE('',*,*,#4967,.T.);
#6538=ORIENTED_EDGE('',*,*,#4963,.F.);
#6539=ORIENTED_EDGE('',*,*,#4968,.F.);
#6540=ORIENTED_EDGE('',*,*,#4969,.T.);
#6541=ORIENTED_EDGE('',*,*,#4970,.T.);
#6542=ORIENTED_EDGE('',*,*,#4966,.F.);
#6543=ORIENTED_EDGE('',*,*,#4971,.F.);
#6544=ORIENTED_EDGE('',*,*,#4972,.T.);
#6545=ORIENTED_EDGE('',*,*,#4973,.T.);
#6546=ORIENTED_EDGE('',*,*,#4969,.F.);
#6547=ORIENTED_EDGE('',*,*,#4974,.F.);
#6548=ORIENTED_EDGE('',*,*,#4975,.T.);
#6549=ORIENTED_EDGE('',*,*,#4976,.T.);
#6550=ORIENTED_EDGE('',*,*,#4972,.F.);
#6551=ORIENTED_EDGE('',*,*,#4977,.F.);
#6552=ORIENTED_EDGE('',*,*,#4978,.T.);
#6553=ORIENTED_EDGE('',*,*,#4979,.T.);
#6554=ORIENTED_EDGE('',*,*,#4975,.F.);
#6555=ORIENTED_EDGE('',*,*,#4980,.F.);
#6556=ORIENTED_EDGE('',*,*,#4981,.T.);
#6557=ORIENTED_EDGE('',*,*,#4982,.T.);
#6558=ORIENTED_EDGE('',*,*,#4978,.F.);
#6559=ORIENTED_EDGE('',*,*,#4983,.F.);
#6560=ORIENTED_EDGE('',*,*,#4984,.T.);
#6561=ORIENTED_EDGE('',*,*,#4985,.T.);
#6562=ORIENTED_EDGE('',*,*,#4981,.F.);
#6563=ORIENTED_EDGE('',*,*,#4986,.F.);
#6564=ORIENTED_EDGE('',*,*,#4987,.T.);
#6565=ORIENTED_EDGE('',*,*,#4988,.T.);
#6566=ORIENTED_EDGE('',*,*,#4984,.F.);
#6567=ORIENTED_EDGE('',*,*,#4989,.F.);
#6568=ORIENTED_EDGE('',*,*,#4990,.T.);
#6569=ORIENTED_EDGE('',*,*,#4991,.T.);
#6570=ORIENTED_EDGE('',*,*,#4987,.F.);
#6571=ORIENTED_EDGE('',*,*,#4992,.F.);
#6572=ORIENTED_EDGE('',*,*,#4993,.T.);
#6573=ORIENTED_EDGE('',*,*,#4994,.T.);
#6574=ORIENTED_EDGE('',*,*,#4990,.F.);
#6575=ORIENTED_EDGE('',*,*,#4995,.F.);
#6576=ORIENTED_EDGE('',*,*,#4996,.T.);
#6577=ORIENTED_EDGE('',*,*,#4997,.T.);
#6578=ORIENTED_EDGE('',*,*,#4993,.F.);
#6579=ORIENTED_EDGE('',*,*,#4998,.F.);
#6580=ORIENTED_EDGE('',*,*,#4999,.T.);
#6581=ORIENTED_EDGE('',*,*,#5000,.T.);
#6582=ORIENTED_EDGE('',*,*,#4996,.F.);
#6583=ORIENTED_EDGE('',*,*,#5001,.F.);
#6584=ORIENTED_EDGE('',*,*,#5002,.T.);
#6585=ORIENTED_EDGE('',*,*,#5003,.T.);
#6586=ORIENTED_EDGE('',*,*,#4999,.F.);
#6587=ORIENTED_EDGE('',*,*,#5004,.F.);
#6588=ORIENTED_EDGE('',*,*,#5005,.T.);
#6589=ORIENTED_EDGE('',*,*,#5006,.T.);
#6590=ORIENTED_EDGE('',*,*,#5002,.F.);
#6591=ORIENTED_EDGE('',*,*,#5007,.F.);
#6592=ORIENTED_EDGE('',*,*,#5008,.T.);
#6593=ORIENTED_EDGE('',*,*,#5009,.T.);
#6594=ORIENTED_EDGE('',*,*,#5005,.F.);
#6595=ORIENTED_EDGE('',*,*,#5010,.F.);
#6596=ORIENTED_EDGE('',*,*,#5011,.T.);
#6597=ORIENTED_EDGE('',*,*,#5012,.T.);
#6598=ORIENTED_EDGE('',*,*,#5008,.F.);
#6599=ORIENTED_EDGE('',*,*,#5013,.F.);
#6600=ORIENTED_EDGE('',*,*,#5014,.T.);
#6601=ORIENTED_EDGE('',*,*,#5015,.T.);
#6602=ORIENTED_EDGE('',*,*,#5011,.F.);
#6603=ORIENTED_EDGE('',*,*,#5016,.F.);
#6604=ORIENTED_EDGE('',*,*,#5017,.T.);
#6605=ORIENTED_EDGE('',*,*,#5018,.T.);
#6606=ORIENTED_EDGE('',*,*,#5014,.F.);
#6607=ORIENTED_EDGE('',*,*,#5019,.F.);
#6608=ORIENTED_EDGE('',*,*,#4946,.T.);
#6609=ORIENTED_EDGE('',*,*,#5020,.T.);
#6610=ORIENTED_EDGE('',*,*,#5017,.F.);
#6611=ORIENTED_EDGE('',*,*,#5020,.F.);
#6612=ORIENTED_EDGE('',*,*,#4945,.F.);
#6613=ORIENTED_EDGE('',*,*,#4949,.F.);
#6614=ORIENTED_EDGE('',*,*,#4952,.F.);
#6615=ORIENTED_EDGE('',*,*,#4955,.F.);
#6616=ORIENTED_EDGE('',*,*,#4958,.F.);
#6617=ORIENTED_EDGE('',*,*,#4961,.F.);
#6618=ORIENTED_EDGE('',*,*,#4964,.F.);
#6619=ORIENTED_EDGE('',*,*,#4967,.F.);
#6620=ORIENTED_EDGE('',*,*,#4970,.F.);
#6621=ORIENTED_EDGE('',*,*,#4973,.F.);
#6622=ORIENTED_EDGE('',*,*,#4976,.F.);
#6623=ORIENTED_EDGE('',*,*,#4979,.F.);
#6624=ORIENTED_EDGE('',*,*,#4982,.F.);
#6625=ORIENTED_EDGE('',*,*,#4985,.F.);
#6626=ORIENTED_EDGE('',*,*,#4988,.F.);
#6627=ORIENTED_EDGE('',*,*,#4991,.F.);
#6628=ORIENTED_EDGE('',*,*,#4994,.F.);
#6629=ORIENTED_EDGE('',*,*,#4997,.F.);
#6630=ORIENTED_EDGE('',*,*,#5000,.F.);
#6631=ORIENTED_EDGE('',*,*,#5003,.F.);
#6632=ORIENTED_EDGE('',*,*,#5006,.F.);
#6633=ORIENTED_EDGE('',*,*,#5009,.F.);
#6634=ORIENTED_EDGE('',*,*,#5012,.F.);
#6635=ORIENTED_EDGE('',*,*,#5015,.F.);
#6636=ORIENTED_EDGE('',*,*,#5018,.F.);
#6637=ORIENTED_EDGE('',*,*,#4942,.F.);
#6638=ORIENTED_EDGE('',*,*,#4867,.F.);
#6639=ORIENTED_EDGE('',*,*,#4871,.F.);
#6640=ORIENTED_EDGE('',*,*,#4874,.F.);
#6641=ORIENTED_EDGE('',*,*,#4877,.F.);
#6642=ORIENTED_EDGE('',*,*,#4880,.F.);
#6643=ORIENTED_EDGE('',*,*,#4883,.F.);
#6644=ORIENTED_EDGE('',*,*,#4886,.F.);
#6645=ORIENTED_EDGE('',*,*,#4889,.F.);
#6646=ORIENTED_EDGE('',*,*,#4892,.F.);
#6647=ORIENTED_EDGE('',*,*,#4895,.F.);
#6648=ORIENTED_EDGE('',*,*,#4898,.F.);
#6649=ORIENTED_EDGE('',*,*,#4901,.F.);
#6650=ORIENTED_EDGE('',*,*,#4904,.F.);
#6651=ORIENTED_EDGE('',*,*,#4907,.F.);
#6652=ORIENTED_EDGE('',*,*,#4910,.F.);
#6653=ORIENTED_EDGE('',*,*,#4913,.F.);
#6654=ORIENTED_EDGE('',*,*,#4916,.F.);
#6655=ORIENTED_EDGE('',*,*,#4919,.F.);
#6656=ORIENTED_EDGE('',*,*,#4922,.F.);
#6657=ORIENTED_EDGE('',*,*,#4925,.F.);
#6658=ORIENTED_EDGE('',*,*,#4928,.F.);
#6659=ORIENTED_EDGE('',*,*,#4931,.F.);
#6660=ORIENTED_EDGE('',*,*,#4934,.F.);
#6661=ORIENTED_EDGE('',*,*,#4937,.F.);
#6662=ORIENTED_EDGE('',*,*,#4940,.F.);
#6663=ORIENTED_EDGE('',*,*,#5021,.F.);
#6664=ORIENTED_EDGE('',*,*,#5022,.T.);
#6665=ORIENTED_EDGE('',*,*,#5023,.T.);
#6666=ORIENTED_EDGE('',*,*,#5024,.F.);
#6667=ORIENTED_EDGE('',*,*,#5025,.F.);
#6668=ORIENTED_EDGE('',*,*,#5026,.T.);
#6669=ORIENTED_EDGE('',*,*,#5027,.T.);
#6670=ORIENTED_EDGE('',*,*,#5022,.F.);
#6671=ORIENTED_EDGE('',*,*,#5028,.F.);
#6672=ORIENTED_EDGE('',*,*,#5029,.T.);
#6673=ORIENTED_EDGE('',*,*,#5030,.T.);
#6674=ORIENTED_EDGE('',*,*,#5026,.F.);
#6675=ORIENTED_EDGE('',*,*,#5031,.F.);
#6676=ORIENTED_EDGE('',*,*,#5032,.T.);
#6677=ORIENTED_EDGE('',*,*,#5033,.T.);
#6678=ORIENTED_EDGE('',*,*,#5029,.F.);
#6679=ORIENTED_EDGE('',*,*,#5034,.F.);
#6680=ORIENTED_EDGE('',*,*,#5035,.T.);
#6681=ORIENTED_EDGE('',*,*,#5036,.T.);
#6682=ORIENTED_EDGE('',*,*,#5032,.F.);
#6683=ORIENTED_EDGE('',*,*,#5037,.F.);
#6684=ORIENTED_EDGE('',*,*,#5038,.T.);
#6685=ORIENTED_EDGE('',*,*,#5039,.T.);
#6686=ORIENTED_EDGE('',*,*,#5035,.F.);
#6687=ORIENTED_EDGE('',*,*,#5040,.F.);
#6688=ORIENTED_EDGE('',*,*,#5041,.T.);
#6689=ORIENTED_EDGE('',*,*,#5042,.T.);
#6690=ORIENTED_EDGE('',*,*,#5038,.F.);
#6691=ORIENTED_EDGE('',*,*,#5043,.F.);
#6692=ORIENTED_EDGE('',*,*,#5044,.T.);
#6693=ORIENTED_EDGE('',*,*,#5045,.T.);
#6694=ORIENTED_EDGE('',*,*,#5041,.F.);
#6695=ORIENTED_EDGE('',*,*,#5046,.F.);
#6696=ORIENTED_EDGE('',*,*,#5047,.T.);
#6697=ORIENTED_EDGE('',*,*,#5048,.T.);
#6698=ORIENTED_EDGE('',*,*,#5044,.F.);
#6699=ORIENTED_EDGE('',*,*,#5049,.F.);
#6700=ORIENTED_EDGE('',*,*,#5050,.T.);
#6701=ORIENTED_EDGE('',*,*,#5051,.T.);
#6702=ORIENTED_EDGE('',*,*,#5047,.F.);
#6703=ORIENTED_EDGE('',*,*,#5052,.F.);
#6704=ORIENTED_EDGE('',*,*,#5053,.T.);
#6705=ORIENTED_EDGE('',*,*,#5054,.T.);
#6706=ORIENTED_EDGE('',*,*,#5050,.F.);
#6707=ORIENTED_EDGE('',*,*,#5055,.F.);
#6708=ORIENTED_EDGE('',*,*,#5024,.T.);
#6709=ORIENTED_EDGE('',*,*,#5056,.T.);
#6710=ORIENTED_EDGE('',*,*,#5053,.F.);
#6711=ORIENTED_EDGE('',*,*,#5056,.F.);
#6712=ORIENTED_EDGE('',*,*,#5023,.F.);
#6713=ORIENTED_EDGE('',*,*,#5027,.F.);
#6714=ORIENTED_EDGE('',*,*,#5030,.F.);
#6715=ORIENTED_EDGE('',*,*,#5033,.F.);
#6716=ORIENTED_EDGE('',*,*,#5036,.F.);
#6717=ORIENTED_EDGE('',*,*,#5039,.F.);
#6718=ORIENTED_EDGE('',*,*,#5042,.F.);
#6719=ORIENTED_EDGE('',*,*,#5045,.F.);
#6720=ORIENTED_EDGE('',*,*,#5048,.F.);
#6721=ORIENTED_EDGE('',*,*,#5051,.F.);
#6722=ORIENTED_EDGE('',*,*,#5054,.F.);
#6723=ORIENTED_EDGE('',*,*,#5057,.F.);
#6724=ORIENTED_EDGE('',*,*,#5058,.T.);
#6725=ORIENTED_EDGE('',*,*,#5059,.T.);
#6726=ORIENTED_EDGE('',*,*,#5060,.F.);
#6727=ORIENTED_EDGE('',*,*,#5061,.F.);
#6728=ORIENTED_EDGE('',*,*,#5062,.T.);
#6729=ORIENTED_EDGE('',*,*,#5063,.T.);
#6730=ORIENTED_EDGE('',*,*,#5058,.F.);
#6731=ORIENTED_EDGE('',*,*,#5064,.F.);
#6732=ORIENTED_EDGE('',*,*,#5065,.T.);
#6733=ORIENTED_EDGE('',*,*,#5066,.T.);
#6734=ORIENTED_EDGE('',*,*,#5062,.F.);
#6735=ORIENTED_EDGE('',*,*,#5067,.F.);
#6736=ORIENTED_EDGE('',*,*,#5068,.T.);
#6737=ORIENTED_EDGE('',*,*,#5069,.T.);
#6738=ORIENTED_EDGE('',*,*,#5065,.F.);
#6739=ORIENTED_EDGE('',*,*,#5070,.F.);
#6740=ORIENTED_EDGE('',*,*,#5071,.T.);
#6741=ORIENTED_EDGE('',*,*,#5072,.T.);
#6742=ORIENTED_EDGE('',*,*,#5068,.F.);
#6743=ORIENTED_EDGE('',*,*,#5073,.F.);
#6744=ORIENTED_EDGE('',*,*,#5074,.T.);
#6745=ORIENTED_EDGE('',*,*,#5075,.T.);
#6746=ORIENTED_EDGE('',*,*,#5071,.F.);
#6747=ORIENTED_EDGE('',*,*,#5076,.F.);
#6748=ORIENTED_EDGE('',*,*,#5077,.T.);
#6749=ORIENTED_EDGE('',*,*,#5078,.T.);
#6750=ORIENTED_EDGE('',*,*,#5074,.F.);
#6751=ORIENTED_EDGE('',*,*,#5079,.F.);
#6752=ORIENTED_EDGE('',*,*,#5080,.T.);
#6753=ORIENTED_EDGE('',*,*,#5081,.T.);
#6754=ORIENTED_EDGE('',*,*,#5077,.F.);
#6755=ORIENTED_EDGE('',*,*,#5082,.F.);
#6756=ORIENTED_EDGE('',*,*,#5083,.T.);
#6757=ORIENTED_EDGE('',*,*,#5084,.T.);
#6758=ORIENTED_EDGE('',*,*,#5080,.F.);
#6759=ORIENTED_EDGE('',*,*,#5085,.F.);
#6760=ORIENTED_EDGE('',*,*,#5086,.T.);
#6761=ORIENTED_EDGE('',*,*,#5087,.T.);
#6762=ORIENTED_EDGE('',*,*,#5083,.F.);
#6763=ORIENTED_EDGE('',*,*,#5088,.F.);
#6764=ORIENTED_EDGE('',*,*,#5089,.T.);
#6765=ORIENTED_EDGE('',*,*,#5090,.T.);
#6766=ORIENTED_EDGE('',*,*,#5086,.F.);
#6767=ORIENTED_EDGE('',*,*,#5091,.F.);
#6768=ORIENTED_EDGE('',*,*,#5092,.T.);
#6769=ORIENTED_EDGE('',*,*,#5093,.T.);
#6770=ORIENTED_EDGE('',*,*,#5089,.F.);
#6771=ORIENTED_EDGE('',*,*,#5094,.F.);
#6772=ORIENTED_EDGE('',*,*,#5095,.T.);
#6773=ORIENTED_EDGE('',*,*,#5096,.T.);
#6774=ORIENTED_EDGE('',*,*,#5092,.F.);
#6775=ORIENTED_EDGE('',*,*,#5097,.F.);
#6776=ORIENTED_EDGE('',*,*,#5098,.T.);
#6777=ORIENTED_EDGE('',*,*,#5099,.T.);
#6778=ORIENTED_EDGE('',*,*,#5095,.F.);
#6779=ORIENTED_EDGE('',*,*,#5100,.F.);
#6780=ORIENTED_EDGE('',*,*,#5101,.T.);
#6781=ORIENTED_EDGE('',*,*,#5102,.T.);
#6782=ORIENTED_EDGE('',*,*,#5098,.F.);
#6783=ORIENTED_EDGE('',*,*,#5103,.F.);
#6784=ORIENTED_EDGE('',*,*,#5104,.T.);
#6785=ORIENTED_EDGE('',*,*,#5105,.T.);
#6786=ORIENTED_EDGE('',*,*,#5101,.F.);
#6787=ORIENTED_EDGE('',*,*,#5106,.F.);
#6788=ORIENTED_EDGE('',*,*,#5107,.T.);
#6789=ORIENTED_EDGE('',*,*,#5108,.T.);
#6790=ORIENTED_EDGE('',*,*,#5104,.F.);
#6791=ORIENTED_EDGE('',*,*,#5109,.F.);
#6792=ORIENTED_EDGE('',*,*,#5110,.T.);
#6793=ORIENTED_EDGE('',*,*,#5111,.T.);
#6794=ORIENTED_EDGE('',*,*,#5107,.F.);
#6795=ORIENTED_EDGE('',*,*,#5112,.F.);
#6796=ORIENTED_EDGE('',*,*,#5113,.T.);
#6797=ORIENTED_EDGE('',*,*,#5114,.T.);
#6798=ORIENTED_EDGE('',*,*,#5110,.F.);
#6799=ORIENTED_EDGE('',*,*,#5115,.F.);
#6800=ORIENTED_EDGE('',*,*,#5116,.T.);
#6801=ORIENTED_EDGE('',*,*,#5117,.T.);
#6802=ORIENTED_EDGE('',*,*,#5113,.F.);
#6803=ORIENTED_EDGE('',*,*,#5118,.F.);
#6804=ORIENTED_EDGE('',*,*,#5119,.T.);
#6805=ORIENTED_EDGE('',*,*,#5120,.T.);
#6806=ORIENTED_EDGE('',*,*,#5116,.F.);
#6807=ORIENTED_EDGE('',*,*,#5121,.F.);
#6808=ORIENTED_EDGE('',*,*,#5122,.T.);
#6809=ORIENTED_EDGE('',*,*,#5123,.T.);
#6810=ORIENTED_EDGE('',*,*,#5119,.F.);
#6811=ORIENTED_EDGE('',*,*,#5124,.F.);
#6812=ORIENTED_EDGE('',*,*,#5125,.T.);
#6813=ORIENTED_EDGE('',*,*,#5126,.T.);
#6814=ORIENTED_EDGE('',*,*,#5122,.F.);
#6815=ORIENTED_EDGE('',*,*,#5127,.F.);
#6816=ORIENTED_EDGE('',*,*,#5128,.T.);
#6817=ORIENTED_EDGE('',*,*,#5129,.T.);
#6818=ORIENTED_EDGE('',*,*,#5125,.F.);
#6819=ORIENTED_EDGE('',*,*,#5130,.F.);
#6820=ORIENTED_EDGE('',*,*,#5131,.T.);
#6821=ORIENTED_EDGE('',*,*,#5132,.T.);
#6822=ORIENTED_EDGE('',*,*,#5128,.F.);
#6823=ORIENTED_EDGE('',*,*,#5133,.F.);
#6824=ORIENTED_EDGE('',*,*,#5134,.T.);
#6825=ORIENTED_EDGE('',*,*,#5135,.T.);
#6826=ORIENTED_EDGE('',*,*,#5131,.F.);
#6827=ORIENTED_EDGE('',*,*,#5136,.F.);
#6828=ORIENTED_EDGE('',*,*,#5137,.T.);
#6829=ORIENTED_EDGE('',*,*,#5138,.T.);
#6830=ORIENTED_EDGE('',*,*,#5134,.F.);
#6831=ORIENTED_EDGE('',*,*,#5139,.F.);
#6832=ORIENTED_EDGE('',*,*,#5140,.T.);
#6833=ORIENTED_EDGE('',*,*,#5141,.T.);
#6834=ORIENTED_EDGE('',*,*,#5137,.F.);
#6835=ORIENTED_EDGE('',*,*,#5142,.F.);
#6836=ORIENTED_EDGE('',*,*,#5143,.T.);
#6837=ORIENTED_EDGE('',*,*,#5144,.T.);
#6838=ORIENTED_EDGE('',*,*,#5140,.F.);
#6839=ORIENTED_EDGE('',*,*,#5145,.F.);
#6840=ORIENTED_EDGE('',*,*,#5060,.T.);
#6841=ORIENTED_EDGE('',*,*,#5146,.T.);
#6842=ORIENTED_EDGE('',*,*,#5143,.F.);
#6843=ORIENTED_EDGE('',*,*,#5146,.F.);
#6844=ORIENTED_EDGE('',*,*,#5059,.F.);
#6845=ORIENTED_EDGE('',*,*,#5063,.F.);
#6846=ORIENTED_EDGE('',*,*,#5066,.F.);
#6847=ORIENTED_EDGE('',*,*,#5069,.F.);
#6848=ORIENTED_EDGE('',*,*,#5072,.F.);
#6849=ORIENTED_EDGE('',*,*,#5075,.F.);
#6850=ORIENTED_EDGE('',*,*,#5078,.F.);
#6851=ORIENTED_EDGE('',*,*,#5081,.F.);
#6852=ORIENTED_EDGE('',*,*,#5084,.F.);
#6853=ORIENTED_EDGE('',*,*,#5087,.F.);
#6854=ORIENTED_EDGE('',*,*,#5090,.F.);
#6855=ORIENTED_EDGE('',*,*,#5093,.F.);
#6856=ORIENTED_EDGE('',*,*,#5096,.F.);
#6857=ORIENTED_EDGE('',*,*,#5099,.F.);
#6858=ORIENTED_EDGE('',*,*,#5102,.F.);
#6859=ORIENTED_EDGE('',*,*,#5105,.F.);
#6860=ORIENTED_EDGE('',*,*,#5108,.F.);
#6861=ORIENTED_EDGE('',*,*,#5111,.F.);
#6862=ORIENTED_EDGE('',*,*,#5114,.F.);
#6863=ORIENTED_EDGE('',*,*,#5117,.F.);
#6864=ORIENTED_EDGE('',*,*,#5120,.F.);
#6865=ORIENTED_EDGE('',*,*,#5123,.F.);
#6866=ORIENTED_EDGE('',*,*,#5126,.F.);
#6867=ORIENTED_EDGE('',*,*,#5129,.F.);
#6868=ORIENTED_EDGE('',*,*,#5132,.F.);
#6869=ORIENTED_EDGE('',*,*,#5135,.F.);
#6870=ORIENTED_EDGE('',*,*,#5138,.F.);
#6871=ORIENTED_EDGE('',*,*,#5141,.F.);
#6872=ORIENTED_EDGE('',*,*,#5144,.F.);
#6873=ORIENTED_EDGE('',*,*,#5147,.F.);
#6874=ORIENTED_EDGE('',*,*,#5148,.T.);
#6875=ORIENTED_EDGE('',*,*,#5149,.T.);
#6876=ORIENTED_EDGE('',*,*,#5150,.F.);
#6877=ORIENTED_EDGE('',*,*,#5151,.F.);
#6878=ORIENTED_EDGE('',*,*,#5152,.T.);
#6879=ORIENTED_EDGE('',*,*,#5153,.T.);
#6880=ORIENTED_EDGE('',*,*,#5148,.F.);
#6881=ORIENTED_EDGE('',*,*,#5154,.F.);
#6882=ORIENTED_EDGE('',*,*,#5155,.T.);
#6883=ORIENTED_EDGE('',*,*,#5156,.T.);
#6884=ORIENTED_EDGE('',*,*,#5152,.F.);
#6885=ORIENTED_EDGE('',*,*,#5157,.F.);
#6886=ORIENTED_EDGE('',*,*,#5158,.T.);
#6887=ORIENTED_EDGE('',*,*,#5159,.T.);
#6888=ORIENTED_EDGE('',*,*,#5155,.F.);
#6889=ORIENTED_EDGE('',*,*,#5160,.F.);
#6890=ORIENTED_EDGE('',*,*,#5161,.T.);
#6891=ORIENTED_EDGE('',*,*,#5162,.T.);
#6892=ORIENTED_EDGE('',*,*,#5158,.F.);
#6893=ORIENTED_EDGE('',*,*,#5163,.F.);
#6894=ORIENTED_EDGE('',*,*,#5164,.T.);
#6895=ORIENTED_EDGE('',*,*,#5165,.T.);
#6896=ORIENTED_EDGE('',*,*,#5161,.F.);
#6897=ORIENTED_EDGE('',*,*,#5166,.F.);
#6898=ORIENTED_EDGE('',*,*,#5167,.T.);
#6899=ORIENTED_EDGE('',*,*,#5168,.T.);
#6900=ORIENTED_EDGE('',*,*,#5164,.F.);
#6901=ORIENTED_EDGE('',*,*,#5169,.F.);
#6902=ORIENTED_EDGE('',*,*,#5170,.T.);
#6903=ORIENTED_EDGE('',*,*,#5171,.T.);
#6904=ORIENTED_EDGE('',*,*,#5167,.F.);
#6905=ORIENTED_EDGE('',*,*,#5172,.F.);
#6906=ORIENTED_EDGE('',*,*,#5173,.T.);
#6907=ORIENTED_EDGE('',*,*,#5174,.T.);
#6908=ORIENTED_EDGE('',*,*,#5170,.F.);
#6909=ORIENTED_EDGE('',*,*,#5175,.F.);
#6910=ORIENTED_EDGE('',*,*,#5176,.T.);
#6911=ORIENTED_EDGE('',*,*,#5177,.T.);
#6912=ORIENTED_EDGE('',*,*,#5173,.F.);
#6913=ORIENTED_EDGE('',*,*,#5178,.F.);
#6914=ORIENTED_EDGE('',*,*,#5179,.T.);
#6915=ORIENTED_EDGE('',*,*,#5180,.T.);
#6916=ORIENTED_EDGE('',*,*,#5176,.F.);
#6917=ORIENTED_EDGE('',*,*,#5181,.F.);
#6918=ORIENTED_EDGE('',*,*,#5182,.T.);
#6919=ORIENTED_EDGE('',*,*,#5183,.T.);
#6920=ORIENTED_EDGE('',*,*,#5179,.F.);
#6921=ORIENTED_EDGE('',*,*,#5184,.F.);
#6922=ORIENTED_EDGE('',*,*,#5185,.T.);
#6923=ORIENTED_EDGE('',*,*,#5186,.T.);
#6924=ORIENTED_EDGE('',*,*,#5182,.F.);
#6925=ORIENTED_EDGE('',*,*,#5187,.F.);
#6926=ORIENTED_EDGE('',*,*,#5188,.T.);
#6927=ORIENTED_EDGE('',*,*,#5189,.T.);
#6928=ORIENTED_EDGE('',*,*,#5185,.F.);
#6929=ORIENTED_EDGE('',*,*,#5190,.F.);
#6930=ORIENTED_EDGE('',*,*,#5150,.T.);
#6931=ORIENTED_EDGE('',*,*,#5191,.T.);
#6932=ORIENTED_EDGE('',*,*,#5188,.F.);
#6933=ORIENTED_EDGE('',*,*,#5192,.F.);
#6934=ORIENTED_EDGE('',*,*,#5193,.T.);
#6935=ORIENTED_EDGE('',*,*,#5194,.T.);
#6936=ORIENTED_EDGE('',*,*,#5195,.F.);
#6937=ORIENTED_EDGE('',*,*,#5196,.F.);
#6938=ORIENTED_EDGE('',*,*,#5197,.T.);
#6939=ORIENTED_EDGE('',*,*,#5198,.T.);
#6940=ORIENTED_EDGE('',*,*,#5193,.F.);
#6941=ORIENTED_EDGE('',*,*,#5199,.F.);
#6942=ORIENTED_EDGE('',*,*,#5200,.T.);
#6943=ORIENTED_EDGE('',*,*,#5201,.T.);
#6944=ORIENTED_EDGE('',*,*,#5197,.F.);
#6945=ORIENTED_EDGE('',*,*,#5202,.F.);
#6946=ORIENTED_EDGE('',*,*,#5203,.T.);
#6947=ORIENTED_EDGE('',*,*,#5204,.T.);
#6948=ORIENTED_EDGE('',*,*,#5200,.F.);
#6949=ORIENTED_EDGE('',*,*,#5205,.F.);
#6950=ORIENTED_EDGE('',*,*,#5206,.T.);
#6951=ORIENTED_EDGE('',*,*,#5207,.T.);
#6952=ORIENTED_EDGE('',*,*,#5203,.F.);
#6953=ORIENTED_EDGE('',*,*,#5208,.F.);
#6954=ORIENTED_EDGE('',*,*,#5209,.T.);
#6955=ORIENTED_EDGE('',*,*,#5210,.T.);
#6956=ORIENTED_EDGE('',*,*,#5206,.F.);
#6957=ORIENTED_EDGE('',*,*,#5211,.F.);
#6958=ORIENTED_EDGE('',*,*,#5212,.T.);
#6959=ORIENTED_EDGE('',*,*,#5213,.T.);
#6960=ORIENTED_EDGE('',*,*,#5209,.F.);
#6961=ORIENTED_EDGE('',*,*,#5214,.F.);
#6962=ORIENTED_EDGE('',*,*,#5215,.T.);
#6963=ORIENTED_EDGE('',*,*,#5216,.T.);
#6964=ORIENTED_EDGE('',*,*,#5212,.F.);
#6965=ORIENTED_EDGE('',*,*,#5217,.F.);
#6966=ORIENTED_EDGE('',*,*,#5218,.T.);
#6967=ORIENTED_EDGE('',*,*,#5219,.T.);
#6968=ORIENTED_EDGE('',*,*,#5215,.F.);
#6969=ORIENTED_EDGE('',*,*,#5220,.F.);
#6970=ORIENTED_EDGE('',*,*,#5221,.T.);
#6971=ORIENTED_EDGE('',*,*,#5222,.T.);
#6972=ORIENTED_EDGE('',*,*,#5218,.F.);
#6973=ORIENTED_EDGE('',*,*,#5223,.F.);
#6974=ORIENTED_EDGE('',*,*,#5224,.T.);
#6975=ORIENTED_EDGE('',*,*,#5225,.T.);
#6976=ORIENTED_EDGE('',*,*,#5221,.F.);
#6977=ORIENTED_EDGE('',*,*,#5226,.F.);
#6978=ORIENTED_EDGE('',*,*,#5227,.T.);
#6979=ORIENTED_EDGE('',*,*,#5228,.T.);
#6980=ORIENTED_EDGE('',*,*,#5224,.F.);
#6981=ORIENTED_EDGE('',*,*,#5229,.F.);
#6982=ORIENTED_EDGE('',*,*,#5230,.T.);
#6983=ORIENTED_EDGE('',*,*,#5231,.T.);
#6984=ORIENTED_EDGE('',*,*,#5227,.F.);
#6985=ORIENTED_EDGE('',*,*,#5232,.F.);
#6986=ORIENTED_EDGE('',*,*,#5233,.T.);
#6987=ORIENTED_EDGE('',*,*,#5234,.T.);
#6988=ORIENTED_EDGE('',*,*,#5230,.F.);
#6989=ORIENTED_EDGE('',*,*,#5235,.F.);
#6990=ORIENTED_EDGE('',*,*,#5236,.T.);
#6991=ORIENTED_EDGE('',*,*,#5237,.T.);
#6992=ORIENTED_EDGE('',*,*,#5233,.F.);
#6993=ORIENTED_EDGE('',*,*,#5238,.F.);
#6994=ORIENTED_EDGE('',*,*,#5239,.T.);
#6995=ORIENTED_EDGE('',*,*,#5240,.T.);
#6996=ORIENTED_EDGE('',*,*,#5236,.F.);
#6997=ORIENTED_EDGE('',*,*,#5241,.F.);
#6998=ORIENTED_EDGE('',*,*,#5195,.T.);
#6999=ORIENTED_EDGE('',*,*,#5242,.T.);
#7000=ORIENTED_EDGE('',*,*,#5239,.F.);
#7001=ORIENTED_EDGE('',*,*,#5242,.F.);
#7002=ORIENTED_EDGE('',*,*,#5194,.F.);
#7003=ORIENTED_EDGE('',*,*,#5198,.F.);
#7004=ORIENTED_EDGE('',*,*,#5201,.F.);
#7005=ORIENTED_EDGE('',*,*,#5204,.F.);
#7006=ORIENTED_EDGE('',*,*,#5207,.F.);
#7007=ORIENTED_EDGE('',*,*,#5210,.F.);
#7008=ORIENTED_EDGE('',*,*,#5213,.F.);
#7009=ORIENTED_EDGE('',*,*,#5216,.F.);
#7010=ORIENTED_EDGE('',*,*,#5219,.F.);
#7011=ORIENTED_EDGE('',*,*,#5222,.F.);
#7012=ORIENTED_EDGE('',*,*,#5225,.F.);
#7013=ORIENTED_EDGE('',*,*,#5228,.F.);
#7014=ORIENTED_EDGE('',*,*,#5231,.F.);
#7015=ORIENTED_EDGE('',*,*,#5234,.F.);
#7016=ORIENTED_EDGE('',*,*,#5237,.F.);
#7017=ORIENTED_EDGE('',*,*,#5240,.F.);
#7018=ORIENTED_EDGE('',*,*,#5191,.F.);
#7019=ORIENTED_EDGE('',*,*,#5149,.F.);
#7020=ORIENTED_EDGE('',*,*,#5153,.F.);
#7021=ORIENTED_EDGE('',*,*,#5156,.F.);
#7022=ORIENTED_EDGE('',*,*,#5159,.F.);
#7023=ORIENTED_EDGE('',*,*,#5162,.F.);
#7024=ORIENTED_EDGE('',*,*,#5165,.F.);
#7025=ORIENTED_EDGE('',*,*,#5168,.F.);
#7026=ORIENTED_EDGE('',*,*,#5171,.F.);
#7027=ORIENTED_EDGE('',*,*,#5174,.F.);
#7028=ORIENTED_EDGE('',*,*,#5177,.F.);
#7029=ORIENTED_EDGE('',*,*,#5180,.F.);
#7030=ORIENTED_EDGE('',*,*,#5183,.F.);
#7031=ORIENTED_EDGE('',*,*,#5186,.F.);
#7032=ORIENTED_EDGE('',*,*,#5189,.F.);
#7033=ORIENTED_EDGE('',*,*,#5243,.F.);
#7034=ORIENTED_EDGE('',*,*,#5244,.T.);
#7035=ORIENTED_EDGE('',*,*,#5245,.T.);
#7036=ORIENTED_EDGE('',*,*,#5246,.F.);
#7037=ORIENTED_EDGE('',*,*,#5247,.F.);
#7038=ORIENTED_EDGE('',*,*,#5248,.T.);
#7039=ORIENTED_EDGE('',*,*,#5249,.T.);
#7040=ORIENTED_EDGE('',*,*,#5244,.F.);
#7041=ORIENTED_EDGE('',*,*,#5250,.F.);
#7042=ORIENTED_EDGE('',*,*,#5251,.T.);
#7043=ORIENTED_EDGE('',*,*,#5252,.T.);
#7044=ORIENTED_EDGE('',*,*,#5248,.F.);
#7045=ORIENTED_EDGE('',*,*,#5253,.F.);
#7046=ORIENTED_EDGE('',*,*,#5254,.T.);
#7047=ORIENTED_EDGE('',*,*,#5255,.T.);
#7048=ORIENTED_EDGE('',*,*,#5251,.F.);
#7049=ORIENTED_EDGE('',*,*,#5256,.F.);
#7050=ORIENTED_EDGE('',*,*,#5257,.T.);
#7051=ORIENTED_EDGE('',*,*,#5258,.T.);
#7052=ORIENTED_EDGE('',*,*,#5254,.F.);
#7053=ORIENTED_EDGE('',*,*,#5259,.F.);
#7054=ORIENTED_EDGE('',*,*,#5260,.T.);
#7055=ORIENTED_EDGE('',*,*,#5261,.T.);
#7056=ORIENTED_EDGE('',*,*,#5257,.F.);
#7057=ORIENTED_EDGE('',*,*,#5262,.F.);
#7058=ORIENTED_EDGE('',*,*,#5263,.T.);
#7059=ORIENTED_EDGE('',*,*,#5264,.T.);
#7060=ORIENTED_EDGE('',*,*,#5260,.F.);
#7061=ORIENTED_EDGE('',*,*,#5265,.F.);
#7062=ORIENTED_EDGE('',*,*,#5246,.T.);
#7063=ORIENTED_EDGE('',*,*,#5266,.T.);
#7064=ORIENTED_EDGE('',*,*,#5263,.F.);
#7065=ORIENTED_EDGE('',*,*,#5266,.F.);
#7066=ORIENTED_EDGE('',*,*,#5245,.F.);
#7067=ORIENTED_EDGE('',*,*,#5249,.F.);
#7068=ORIENTED_EDGE('',*,*,#5252,.F.);
#7069=ORIENTED_EDGE('',*,*,#5255,.F.);
#7070=ORIENTED_EDGE('',*,*,#5258,.F.);
#7071=ORIENTED_EDGE('',*,*,#5261,.F.);
#7072=ORIENTED_EDGE('',*,*,#5264,.F.);
#7073=ORIENTED_EDGE('',*,*,#5267,.F.);
#7074=ORIENTED_EDGE('',*,*,#5268,.T.);
#7075=ORIENTED_EDGE('',*,*,#5269,.T.);
#7076=ORIENTED_EDGE('',*,*,#5270,.F.);
#7077=ORIENTED_EDGE('',*,*,#5271,.F.);
#7078=ORIENTED_EDGE('',*,*,#5272,.T.);
#7079=ORIENTED_EDGE('',*,*,#5273,.T.);
#7080=ORIENTED_EDGE('',*,*,#5268,.F.);
#7081=ORIENTED_EDGE('',*,*,#5274,.F.);
#7082=ORIENTED_EDGE('',*,*,#5275,.T.);
#7083=ORIENTED_EDGE('',*,*,#5276,.T.);
#7084=ORIENTED_EDGE('',*,*,#5272,.F.);
#7085=ORIENTED_EDGE('',*,*,#5277,.F.);
#7086=ORIENTED_EDGE('',*,*,#5278,.T.);
#7087=ORIENTED_EDGE('',*,*,#5279,.T.);
#7088=ORIENTED_EDGE('',*,*,#5275,.F.);
#7089=ORIENTED_EDGE('',*,*,#5280,.F.);
#7090=ORIENTED_EDGE('',*,*,#5281,.T.);
#7091=ORIENTED_EDGE('',*,*,#5282,.T.);
#7092=ORIENTED_EDGE('',*,*,#5278,.F.);
#7093=ORIENTED_EDGE('',*,*,#5283,.F.);
#7094=ORIENTED_EDGE('',*,*,#5284,.T.);
#7095=ORIENTED_EDGE('',*,*,#5285,.T.);
#7096=ORIENTED_EDGE('',*,*,#5281,.F.);
#7097=ORIENTED_EDGE('',*,*,#5286,.F.);
#7098=ORIENTED_EDGE('',*,*,#5287,.T.);
#7099=ORIENTED_EDGE('',*,*,#5288,.T.);
#7100=ORIENTED_EDGE('',*,*,#5284,.F.);
#7101=ORIENTED_EDGE('',*,*,#5289,.F.);
#7102=ORIENTED_EDGE('',*,*,#5290,.T.);
#7103=ORIENTED_EDGE('',*,*,#5291,.T.);
#7104=ORIENTED_EDGE('',*,*,#5287,.F.);
#7105=ORIENTED_EDGE('',*,*,#5292,.F.);
#7106=ORIENTED_EDGE('',*,*,#5293,.T.);
#7107=ORIENTED_EDGE('',*,*,#5294,.T.);
#7108=ORIENTED_EDGE('',*,*,#5290,.F.);
#7109=ORIENTED_EDGE('',*,*,#5295,.F.);
#7110=ORIENTED_EDGE('',*,*,#5296,.T.);
#7111=ORIENTED_EDGE('',*,*,#5297,.T.);
#7112=ORIENTED_EDGE('',*,*,#5293,.F.);
#7113=ORIENTED_EDGE('',*,*,#5298,.F.);
#7114=ORIENTED_EDGE('',*,*,#5299,.T.);
#7115=ORIENTED_EDGE('',*,*,#5300,.T.);
#7116=ORIENTED_EDGE('',*,*,#5296,.F.);
#7117=ORIENTED_EDGE('',*,*,#5301,.F.);
#7118=ORIENTED_EDGE('',*,*,#5302,.T.);
#7119=ORIENTED_EDGE('',*,*,#5303,.T.);
#7120=ORIENTED_EDGE('',*,*,#5299,.F.);
#7121=ORIENTED_EDGE('',*,*,#5304,.F.);
#7122=ORIENTED_EDGE('',*,*,#5305,.T.);
#7123=ORIENTED_EDGE('',*,*,#5306,.T.);
#7124=ORIENTED_EDGE('',*,*,#5302,.F.);
#7125=ORIENTED_EDGE('',*,*,#5307,.F.);
#7126=ORIENTED_EDGE('',*,*,#5308,.T.);
#7127=ORIENTED_EDGE('',*,*,#5309,.T.);
#7128=ORIENTED_EDGE('',*,*,#5305,.F.);
#7129=ORIENTED_EDGE('',*,*,#5310,.F.);
#7130=ORIENTED_EDGE('',*,*,#5311,.T.);
#7131=ORIENTED_EDGE('',*,*,#5312,.T.);
#7132=ORIENTED_EDGE('',*,*,#5308,.F.);
#7133=ORIENTED_EDGE('',*,*,#5313,.F.);
#7134=ORIENTED_EDGE('',*,*,#5314,.T.);
#7135=ORIENTED_EDGE('',*,*,#5315,.T.);
#7136=ORIENTED_EDGE('',*,*,#5311,.F.);
#7137=ORIENTED_EDGE('',*,*,#5316,.F.);
#7138=ORIENTED_EDGE('',*,*,#5317,.T.);
#7139=ORIENTED_EDGE('',*,*,#5318,.T.);
#7140=ORIENTED_EDGE('',*,*,#5314,.F.);
#7141=ORIENTED_EDGE('',*,*,#5319,.F.);
#7142=ORIENTED_EDGE('',*,*,#5320,.T.);
#7143=ORIENTED_EDGE('',*,*,#5321,.T.);
#7144=ORIENTED_EDGE('',*,*,#5317,.F.);
#7145=ORIENTED_EDGE('',*,*,#5322,.F.);
#7146=ORIENTED_EDGE('',*,*,#5323,.T.);
#7147=ORIENTED_EDGE('',*,*,#5324,.T.);
#7148=ORIENTED_EDGE('',*,*,#5320,.F.);
#7149=ORIENTED_EDGE('',*,*,#5325,.F.);
#7150=ORIENTED_EDGE('',*,*,#5326,.T.);
#7151=ORIENTED_EDGE('',*,*,#5327,.T.);
#7152=ORIENTED_EDGE('',*,*,#5323,.F.);
#7153=ORIENTED_EDGE('',*,*,#5328,.F.);
#7154=ORIENTED_EDGE('',*,*,#5329,.T.);
#7155=ORIENTED_EDGE('',*,*,#5330,.T.);
#7156=ORIENTED_EDGE('',*,*,#5326,.F.);
#7157=ORIENTED_EDGE('',*,*,#5331,.F.);
#7158=ORIENTED_EDGE('',*,*,#5332,.T.);
#7159=ORIENTED_EDGE('',*,*,#5333,.T.);
#7160=ORIENTED_EDGE('',*,*,#5329,.F.);
#7161=ORIENTED_EDGE('',*,*,#5334,.F.);
#7162=ORIENTED_EDGE('',*,*,#5335,.T.);
#7163=ORIENTED_EDGE('',*,*,#5336,.T.);
#7164=ORIENTED_EDGE('',*,*,#5332,.F.);
#7165=ORIENTED_EDGE('',*,*,#5337,.F.);
#7166=ORIENTED_EDGE('',*,*,#5338,.T.);
#7167=ORIENTED_EDGE('',*,*,#5339,.T.);
#7168=ORIENTED_EDGE('',*,*,#5335,.F.);
#7169=ORIENTED_EDGE('',*,*,#5340,.F.);
#7170=ORIENTED_EDGE('',*,*,#5341,.T.);
#7171=ORIENTED_EDGE('',*,*,#5342,.T.);
#7172=ORIENTED_EDGE('',*,*,#5338,.F.);
#7173=ORIENTED_EDGE('',*,*,#5343,.F.);
#7174=ORIENTED_EDGE('',*,*,#5344,.T.);
#7175=ORIENTED_EDGE('',*,*,#5345,.T.);
#7176=ORIENTED_EDGE('',*,*,#5341,.F.);
#7177=ORIENTED_EDGE('',*,*,#5346,.F.);
#7178=ORIENTED_EDGE('',*,*,#5347,.T.);
#7179=ORIENTED_EDGE('',*,*,#5348,.T.);
#7180=ORIENTED_EDGE('',*,*,#5344,.F.);
#7181=ORIENTED_EDGE('',*,*,#5349,.F.);
#7182=ORIENTED_EDGE('',*,*,#5350,.T.);
#7183=ORIENTED_EDGE('',*,*,#5351,.T.);
#7184=ORIENTED_EDGE('',*,*,#5347,.F.);
#7185=ORIENTED_EDGE('',*,*,#5352,.F.);
#7186=ORIENTED_EDGE('',*,*,#5353,.T.);
#7187=ORIENTED_EDGE('',*,*,#5354,.T.);
#7188=ORIENTED_EDGE('',*,*,#5350,.F.);
#7189=ORIENTED_EDGE('',*,*,#5355,.F.);
#7190=ORIENTED_EDGE('',*,*,#5356,.T.);
#7191=ORIENTED_EDGE('',*,*,#5357,.T.);
#7192=ORIENTED_EDGE('',*,*,#5353,.F.);
#7193=ORIENTED_EDGE('',*,*,#5358,.F.);
#7194=ORIENTED_EDGE('',*,*,#5359,.T.);
#7195=ORIENTED_EDGE('',*,*,#5360,.T.);
#7196=ORIENTED_EDGE('',*,*,#5356,.F.);
#7197=ORIENTED_EDGE('',*,*,#5361,.F.);
#7198=ORIENTED_EDGE('',*,*,#5362,.T.);
#7199=ORIENTED_EDGE('',*,*,#5363,.T.);
#7200=ORIENTED_EDGE('',*,*,#5359,.F.);
#7201=ORIENTED_EDGE('',*,*,#5364,.F.);
#7202=ORIENTED_EDGE('',*,*,#5365,.T.);
#7203=ORIENTED_EDGE('',*,*,#5366,.T.);
#7204=ORIENTED_EDGE('',*,*,#5362,.F.);
#7205=ORIENTED_EDGE('',*,*,#5367,.F.);
#7206=ORIENTED_EDGE('',*,*,#5368,.T.);
#7207=ORIENTED_EDGE('',*,*,#5369,.T.);
#7208=ORIENTED_EDGE('',*,*,#5365,.F.);
#7209=ORIENTED_EDGE('',*,*,#5370,.F.);
#7210=ORIENTED_EDGE('',*,*,#5371,.T.);
#7211=ORIENTED_EDGE('',*,*,#5372,.T.);
#7212=ORIENTED_EDGE('',*,*,#5368,.F.);
#7213=ORIENTED_EDGE('',*,*,#5373,.F.);
#7214=ORIENTED_EDGE('',*,*,#5374,.T.);
#7215=ORIENTED_EDGE('',*,*,#5375,.T.);
#7216=ORIENTED_EDGE('',*,*,#5371,.F.);
#7217=ORIENTED_EDGE('',*,*,#5376,.F.);
#7218=ORIENTED_EDGE('',*,*,#5377,.T.);
#7219=ORIENTED_EDGE('',*,*,#5378,.T.);
#7220=ORIENTED_EDGE('',*,*,#5374,.F.);
#7221=ORIENTED_EDGE('',*,*,#5379,.F.);
#7222=ORIENTED_EDGE('',*,*,#5380,.T.);
#7223=ORIENTED_EDGE('',*,*,#5381,.T.);
#7224=ORIENTED_EDGE('',*,*,#5377,.F.);
#7225=ORIENTED_EDGE('',*,*,#5382,.F.);
#7226=ORIENTED_EDGE('',*,*,#5383,.T.);
#7227=ORIENTED_EDGE('',*,*,#5384,.T.);
#7228=ORIENTED_EDGE('',*,*,#5380,.F.);
#7229=ORIENTED_EDGE('',*,*,#5385,.F.);
#7230=ORIENTED_EDGE('',*,*,#5386,.T.);
#7231=ORIENTED_EDGE('',*,*,#5387,.T.);
#7232=ORIENTED_EDGE('',*,*,#5383,.F.);
#7233=ORIENTED_EDGE('',*,*,#5388,.F.);
#7234=ORIENTED_EDGE('',*,*,#5389,.T.);
#7235=ORIENTED_EDGE('',*,*,#5390,.T.);
#7236=ORIENTED_EDGE('',*,*,#5386,.F.);
#7237=ORIENTED_EDGE('',*,*,#5391,.F.);
#7238=ORIENTED_EDGE('',*,*,#5392,.T.);
#7239=ORIENTED_EDGE('',*,*,#5393,.T.);
#7240=ORIENTED_EDGE('',*,*,#5389,.F.);
#7241=ORIENTED_EDGE('',*,*,#5394,.F.);
#7242=ORIENTED_EDGE('',*,*,#5395,.T.);
#7243=ORIENTED_EDGE('',*,*,#5396,.T.);
#7244=ORIENTED_EDGE('',*,*,#5392,.F.);
#7245=ORIENTED_EDGE('',*,*,#5397,.F.);
#7246=ORIENTED_EDGE('',*,*,#5398,.T.);
#7247=ORIENTED_EDGE('',*,*,#5399,.T.);
#7248=ORIENTED_EDGE('',*,*,#5395,.F.);
#7249=ORIENTED_EDGE('',*,*,#5400,.F.);
#7250=ORIENTED_EDGE('',*,*,#5401,.T.);
#7251=ORIENTED_EDGE('',*,*,#5402,.T.);
#7252=ORIENTED_EDGE('',*,*,#5398,.F.);
#7253=ORIENTED_EDGE('',*,*,#5403,.F.);
#7254=ORIENTED_EDGE('',*,*,#5404,.T.);
#7255=ORIENTED_EDGE('',*,*,#5405,.T.);
#7256=ORIENTED_EDGE('',*,*,#5401,.F.);
#7257=ORIENTED_EDGE('',*,*,#5406,.F.);
#7258=ORIENTED_EDGE('',*,*,#5407,.T.);
#7259=ORIENTED_EDGE('',*,*,#5408,.T.);
#7260=ORIENTED_EDGE('',*,*,#5404,.F.);
#7261=ORIENTED_EDGE('',*,*,#5409,.F.);
#7262=ORIENTED_EDGE('',*,*,#5410,.T.);
#7263=ORIENTED_EDGE('',*,*,#5411,.T.);
#7264=ORIENTED_EDGE('',*,*,#5407,.F.);
#7265=ORIENTED_EDGE('',*,*,#5412,.F.);
#7266=ORIENTED_EDGE('',*,*,#5413,.T.);
#7267=ORIENTED_EDGE('',*,*,#5414,.T.);
#7268=ORIENTED_EDGE('',*,*,#5410,.F.);
#7269=ORIENTED_EDGE('',*,*,#5415,.F.);
#7270=ORIENTED_EDGE('',*,*,#5416,.T.);
#7271=ORIENTED_EDGE('',*,*,#5417,.T.);
#7272=ORIENTED_EDGE('',*,*,#5413,.F.);
#7273=ORIENTED_EDGE('',*,*,#5418,.F.);
#7274=ORIENTED_EDGE('',*,*,#5419,.T.);
#7275=ORIENTED_EDGE('',*,*,#5420,.T.);
#7276=ORIENTED_EDGE('',*,*,#5416,.F.);
#7277=ORIENTED_EDGE('',*,*,#5421,.F.);
#7278=ORIENTED_EDGE('',*,*,#5422,.T.);
#7279=ORIENTED_EDGE('',*,*,#5423,.T.);
#7280=ORIENTED_EDGE('',*,*,#5419,.F.);
#7281=ORIENTED_EDGE('',*,*,#5424,.F.);
#7282=ORIENTED_EDGE('',*,*,#5425,.T.);
#7283=ORIENTED_EDGE('',*,*,#5426,.T.);
#7284=ORIENTED_EDGE('',*,*,#5422,.F.);
#7285=ORIENTED_EDGE('',*,*,#5427,.F.);
#7286=ORIENTED_EDGE('',*,*,#5428,.T.);
#7287=ORIENTED_EDGE('',*,*,#5429,.T.);
#7288=ORIENTED_EDGE('',*,*,#5425,.F.);
#7289=ORIENTED_EDGE('',*,*,#5430,.F.);
#7290=ORIENTED_EDGE('',*,*,#5431,.T.);
#7291=ORIENTED_EDGE('',*,*,#5432,.T.);
#7292=ORIENTED_EDGE('',*,*,#5428,.F.);
#7293=ORIENTED_EDGE('',*,*,#5433,.F.);
#7294=ORIENTED_EDGE('',*,*,#5434,.T.);
#7295=ORIENTED_EDGE('',*,*,#5435,.T.);
#7296=ORIENTED_EDGE('',*,*,#5431,.F.);
#7297=ORIENTED_EDGE('',*,*,#5436,.F.);
#7298=ORIENTED_EDGE('',*,*,#5437,.T.);
#7299=ORIENTED_EDGE('',*,*,#5438,.T.);
#7300=ORIENTED_EDGE('',*,*,#5434,.F.);
#7301=ORIENTED_EDGE('',*,*,#5439,.F.);
#7302=ORIENTED_EDGE('',*,*,#5440,.T.);
#7303=ORIENTED_EDGE('',*,*,#5441,.T.);
#7304=ORIENTED_EDGE('',*,*,#5437,.F.);
#7305=ORIENTED_EDGE('',*,*,#5442,.F.);
#7306=ORIENTED_EDGE('',*,*,#5443,.T.);
#7307=ORIENTED_EDGE('',*,*,#5444,.T.);
#7308=ORIENTED_EDGE('',*,*,#5440,.F.);
#7309=ORIENTED_EDGE('',*,*,#5445,.F.);
#7310=ORIENTED_EDGE('',*,*,#5446,.T.);
#7311=ORIENTED_EDGE('',*,*,#5447,.T.);
#7312=ORIENTED_EDGE('',*,*,#5443,.F.);
#7313=ORIENTED_EDGE('',*,*,#5448,.F.);
#7314=ORIENTED_EDGE('',*,*,#5449,.T.);
#7315=ORIENTED_EDGE('',*,*,#5450,.T.);
#7316=ORIENTED_EDGE('',*,*,#5446,.F.);
#7317=ORIENTED_EDGE('',*,*,#5451,.F.);
#7318=ORIENTED_EDGE('',*,*,#5452,.T.);
#7319=ORIENTED_EDGE('',*,*,#5453,.T.);
#7320=ORIENTED_EDGE('',*,*,#5449,.F.);
#7321=ORIENTED_EDGE('',*,*,#5454,.F.);
#7322=ORIENTED_EDGE('',*,*,#5455,.T.);
#7323=ORIENTED_EDGE('',*,*,#5456,.T.);
#7324=ORIENTED_EDGE('',*,*,#5452,.F.);
#7325=ORIENTED_EDGE('',*,*,#5457,.F.);
#7326=ORIENTED_EDGE('',*,*,#5458,.T.);
#7327=ORIENTED_EDGE('',*,*,#5459,.T.);
#7328=ORIENTED_EDGE('',*,*,#5455,.F.);
#7329=ORIENTED_EDGE('',*,*,#5460,.F.);
#7330=ORIENTED_EDGE('',*,*,#5461,.T.);
#7331=ORIENTED_EDGE('',*,*,#5462,.T.);
#7332=ORIENTED_EDGE('',*,*,#5458,.F.);
#7333=ORIENTED_EDGE('',*,*,#5463,.F.);
#7334=ORIENTED_EDGE('',*,*,#5270,.T.);
#7335=ORIENTED_EDGE('',*,*,#5464,.T.);
#7336=ORIENTED_EDGE('',*,*,#5461,.F.);
#7337=ORIENTED_EDGE('',*,*,#5464,.F.);
#7338=ORIENTED_EDGE('',*,*,#5269,.F.);
#7339=ORIENTED_EDGE('',*,*,#5273,.F.);
#7340=ORIENTED_EDGE('',*,*,#5276,.F.);
#7341=ORIENTED_EDGE('',*,*,#5279,.F.);
#7342=ORIENTED_EDGE('',*,*,#5282,.F.);
#7343=ORIENTED_EDGE('',*,*,#5285,.F.);
#7344=ORIENTED_EDGE('',*,*,#5288,.F.);
#7345=ORIENTED_EDGE('',*,*,#5291,.F.);
#7346=ORIENTED_EDGE('',*,*,#5294,.F.);
#7347=ORIENTED_EDGE('',*,*,#5297,.F.);
#7348=ORIENTED_EDGE('',*,*,#5300,.F.);
#7349=ORIENTED_EDGE('',*,*,#5303,.F.);
#7350=ORIENTED_EDGE('',*,*,#5306,.F.);
#7351=ORIENTED_EDGE('',*,*,#5309,.F.);
#7352=ORIENTED_EDGE('',*,*,#5312,.F.);
#7353=ORIENTED_EDGE('',*,*,#5315,.F.);
#7354=ORIENTED_EDGE('',*,*,#5318,.F.);
#7355=ORIENTED_EDGE('',*,*,#5321,.F.);
#7356=ORIENTED_EDGE('',*,*,#5324,.F.);
#7357=ORIENTED_EDGE('',*,*,#5327,.F.);
#7358=ORIENTED_EDGE('',*,*,#5330,.F.);
#7359=ORIENTED_EDGE('',*,*,#5333,.F.);
#7360=ORIENTED_EDGE('',*,*,#5336,.F.);
#7361=ORIENTED_EDGE('',*,*,#5339,.F.);
#7362=ORIENTED_EDGE('',*,*,#5342,.F.);
#7363=ORIENTED_EDGE('',*,*,#5345,.F.);
#7364=ORIENTED_EDGE('',*,*,#5348,.F.);
#7365=ORIENTED_EDGE('',*,*,#5351,.F.);
#7366=ORIENTED_EDGE('',*,*,#5354,.F.);
#7367=ORIENTED_EDGE('',*,*,#5357,.F.);
#7368=ORIENTED_EDGE('',*,*,#5360,.F.);
#7369=ORIENTED_EDGE('',*,*,#5363,.F.);
#7370=ORIENTED_EDGE('',*,*,#5366,.F.);
#7371=ORIENTED_EDGE('',*,*,#5369,.F.);
#7372=ORIENTED_EDGE('',*,*,#5372,.F.);
#7373=ORIENTED_EDGE('',*,*,#5375,.F.);
#7374=ORIENTED_EDGE('',*,*,#5378,.F.);
#7375=ORIENTED_EDGE('',*,*,#5381,.F.);
#7376=ORIENTED_EDGE('',*,*,#5384,.F.);
#7377=ORIENTED_EDGE('',*,*,#5387,.F.);
#7378=ORIENTED_EDGE('',*,*,#5390,.F.);
#7379=ORIENTED_EDGE('',*,*,#5393,.F.);
#7380=ORIENTED_EDGE('',*,*,#5396,.F.);
#7381=ORIENTED_EDGE('',*,*,#5399,.F.);
#7382=ORIENTED_EDGE('',*,*,#5402,.F.);
#7383=ORIENTED_EDGE('',*,*,#5405,.F.);
#7384=ORIENTED_EDGE('',*,*,#5408,.F.);
#7385=ORIENTED_EDGE('',*,*,#5411,.F.);
#7386=ORIENTED_EDGE('',*,*,#5414,.F.);
#7387=ORIENTED_EDGE('',*,*,#5417,.F.);
#7388=ORIENTED_EDGE('',*,*,#5420,.F.);
#7389=ORIENTED_EDGE('',*,*,#5423,.F.);
#7390=ORIENTED_EDGE('',*,*,#5426,.F.);
#7391=ORIENTED_EDGE('',*,*,#5429,.F.);
#7392=ORIENTED_EDGE('',*,*,#5432,.F.);
#7393=ORIENTED_EDGE('',*,*,#5435,.F.);
#7394=ORIENTED_EDGE('',*,*,#5438,.F.);
#7395=ORIENTED_EDGE('',*,*,#5441,.F.);
#7396=ORIENTED_EDGE('',*,*,#5444,.F.);
#7397=ORIENTED_EDGE('',*,*,#5447,.F.);
#7398=ORIENTED_EDGE('',*,*,#5450,.F.);
#7399=ORIENTED_EDGE('',*,*,#5453,.F.);
#7400=ORIENTED_EDGE('',*,*,#5456,.F.);
#7401=ORIENTED_EDGE('',*,*,#5459,.F.);
#7402=ORIENTED_EDGE('',*,*,#5462,.F.);
#7403=ORIENTED_EDGE('',*,*,#5147,.T.);
#7404=ORIENTED_EDGE('',*,*,#5190,.T.);
#7405=ORIENTED_EDGE('',*,*,#5187,.T.);
#7406=ORIENTED_EDGE('',*,*,#5184,.T.);
#7407=ORIENTED_EDGE('',*,*,#5181,.T.);
#7408=ORIENTED_EDGE('',*,*,#5178,.T.);
#7409=ORIENTED_EDGE('',*,*,#5175,.T.);
#7410=ORIENTED_EDGE('',*,*,#5172,.T.);
#7411=ORIENTED_EDGE('',*,*,#5169,.T.);
#7412=ORIENTED_EDGE('',*,*,#5166,.T.);
#7413=ORIENTED_EDGE('',*,*,#5163,.T.);
#7414=ORIENTED_EDGE('',*,*,#5160,.T.);
#7415=ORIENTED_EDGE('',*,*,#5157,.T.);
#7416=ORIENTED_EDGE('',*,*,#5154,.T.);
#7417=ORIENTED_EDGE('',*,*,#5151,.T.);
#7418=ORIENTED_EDGE('',*,*,#4865,.T.);
#7419=ORIENTED_EDGE('',*,*,#4941,.T.);
#7420=ORIENTED_EDGE('',*,*,#4938,.T.);
#7421=ORIENTED_EDGE('',*,*,#4935,.T.);
#7422=ORIENTED_EDGE('',*,*,#4932,.T.);
#7423=ORIENTED_EDGE('',*,*,#4929,.T.);
#7424=ORIENTED_EDGE('',*,*,#4926,.T.);
#7425=ORIENTED_EDGE('',*,*,#4923,.T.);
#7426=ORIENTED_EDGE('',*,*,#4920,.T.);
#7427=ORIENTED_EDGE('',*,*,#4917,.T.);
#7428=ORIENTED_EDGE('',*,*,#4914,.T.);
#7429=ORIENTED_EDGE('',*,*,#4911,.T.);
#7430=ORIENTED_EDGE('',*,*,#4908,.T.);
#7431=ORIENTED_EDGE('',*,*,#4905,.T.);
#7432=ORIENTED_EDGE('',*,*,#4902,.T.);
#7433=ORIENTED_EDGE('',*,*,#4899,.T.);
#7434=ORIENTED_EDGE('',*,*,#4896,.T.);
#7435=ORIENTED_EDGE('',*,*,#4893,.T.);
#7436=ORIENTED_EDGE('',*,*,#4890,.T.);
#7437=ORIENTED_EDGE('',*,*,#4887,.T.);
#7438=ORIENTED_EDGE('',*,*,#4884,.T.);
#7439=ORIENTED_EDGE('',*,*,#4881,.T.);
#7440=ORIENTED_EDGE('',*,*,#4878,.T.);
#7441=ORIENTED_EDGE('',*,*,#4875,.T.);
#7442=ORIENTED_EDGE('',*,*,#4872,.T.);
#7443=ORIENTED_EDGE('',*,*,#4869,.T.);
#7444=ORIENTED_EDGE('',*,*,#5465,.T.);
#7445=ORIENTED_EDGE('',*,*,#5466,.T.);
#7446=ORIENTED_EDGE('',*,*,#5467,.T.);
#7447=ORIENTED_EDGE('',*,*,#5468,.T.);
#7448=ORIENTED_EDGE('',*,*,#5467,.F.);
#7449=ORIENTED_EDGE('',*,*,#5469,.T.);
#7450=ORIENTED_EDGE('',*,*,#5470,.T.);
#7451=ORIENTED_EDGE('',*,*,#5471,.T.);
#7452=ORIENTED_EDGE('',*,*,#5472,.T.);
#7453=ORIENTED_EDGE('',*,*,#5473,.T.);
#7454=ORIENTED_EDGE('',*,*,#5465,.F.);
#7455=ORIENTED_EDGE('',*,*,#5474,.T.);
#7456=ORIENTED_EDGE('',*,*,#5470,.F.);
#7457=ORIENTED_EDGE('',*,*,#5475,.T.);
#7458=ORIENTED_EDGE('',*,*,#5476,.T.);
#7459=ORIENTED_EDGE('',*,*,#5477,.T.);
#7460=ORIENTED_EDGE('',*,*,#5478,.T.);
#7461=ORIENTED_EDGE('',*,*,#5479,.T.);
#7462=ORIENTED_EDGE('',*,*,#5476,.F.);
#7463=ORIENTED_EDGE('',*,*,#5480,.T.);
#7464=ORIENTED_EDGE('',*,*,#5479,.F.);
#7465=ORIENTED_EDGE('',*,*,#5481,.F.);
#7466=ORIENTED_EDGE('',*,*,#5482,.F.);
#7467=ORIENTED_EDGE('',*,*,#5483,.F.);
#7468=ORIENTED_EDGE('',*,*,#5480,.F.);
#7469=ORIENTED_EDGE('',*,*,#5475,.F.);
#7470=ORIENTED_EDGE('',*,*,#5469,.F.);
#7471=ORIENTED_EDGE('',*,*,#5466,.F.);
#7472=ORIENTED_EDGE('',*,*,#5473,.F.);
#7473=ORIENTED_EDGE('',*,*,#5484,.F.);
#7474=ORIENTED_EDGE('',*,*,#5485,.F.);
#7475=ORIENTED_EDGE('',*,*,#5486,.F.);
#7476=ORIENTED_EDGE('',*,*,#5487,.F.);
#7477=ORIENTED_EDGE('',*,*,#5488,.F.);
#7478=ORIENTED_EDGE('',*,*,#5478,.F.);
#7479=ORIENTED_EDGE('',*,*,#5488,.T.);
#7480=ORIENTED_EDGE('',*,*,#5489,.F.);
#7481=ORIENTED_EDGE('',*,*,#5490,.T.);
#7482=ORIENTED_EDGE('',*,*,#5491,.F.);
#7483=ORIENTED_EDGE('',*,*,#5492,.T.);
#7484=ORIENTED_EDGE('',*,*,#5493,.F.);
#7485=ORIENTED_EDGE('',*,*,#5494,.T.);
#7486=ORIENTED_EDGE('',*,*,#5495,.F.);
#7487=ORIENTED_EDGE('',*,*,#5484,.T.);
#7488=ORIENTED_EDGE('',*,*,#5472,.F.);
#7489=ORIENTED_EDGE('',*,*,#5496,.T.);
#7490=ORIENTED_EDGE('',*,*,#5497,.F.);
#7491=ORIENTED_EDGE('',*,*,#5498,.F.);
#7492=ORIENTED_EDGE('',*,*,#5499,.T.);
#7493=ORIENTED_EDGE('',*,*,#5500,.T.);
#7494=ORIENTED_EDGE('',*,*,#5501,.T.);
#7495=ORIENTED_EDGE('',*,*,#5502,.T.);
#7496=ORIENTED_EDGE('',*,*,#5503,.T.);
#7497=ORIENTED_EDGE('',*,*,#5504,.T.);
#7498=ORIENTED_EDGE('',*,*,#5505,.T.);
#7499=ORIENTED_EDGE('',*,*,#5506,.F.);
#7500=ORIENTED_EDGE('',*,*,#5507,.F.);
#7501=ORIENTED_EDGE('',*,*,#5508,.F.);
#7502=ORIENTED_EDGE('',*,*,#5509,.T.);
#7503=ORIENTED_EDGE('',*,*,#5510,.T.);
#7504=ORIENTED_EDGE('',*,*,#5511,.T.);
#7505=ORIENTED_EDGE('',*,*,#5512,.T.);
#7506=ORIENTED_EDGE('',*,*,#5513,.T.);
#7507=ORIENTED_EDGE('',*,*,#5514,.T.);
#7508=ORIENTED_EDGE('',*,*,#5515,.T.);
#7509=ORIENTED_EDGE('',*,*,#5516,.F.);
#7510=ORIENTED_EDGE('',*,*,#5517,.F.);
#7511=ORIENTED_EDGE('',*,*,#5518,.F.);
#7512=ORIENTED_EDGE('',*,*,#5519,.T.);
#7513=ORIENTED_EDGE('',*,*,#5520,.T.);
#7514=ORIENTED_EDGE('',*,*,#5521,.T.);
#7515=ORIENTED_EDGE('',*,*,#5522,.T.);
#7516=ORIENTED_EDGE('',*,*,#5523,.T.);
#7517=ORIENTED_EDGE('',*,*,#5524,.T.);
#7518=ORIENTED_EDGE('',*,*,#5525,.T.);
#7519=ORIENTED_EDGE('',*,*,#5526,.F.);
#7520=ORIENTED_EDGE('',*,*,#5527,.T.);
#7521=ORIENTED_EDGE('',*,*,#5528,.F.);
#7522=ORIENTED_EDGE('',*,*,#5529,.F.);
#7523=ORIENTED_EDGE('',*,*,#5530,.T.);
#7524=ORIENTED_EDGE('',*,*,#5531,.T.);
#7525=ORIENTED_EDGE('',*,*,#5532,.F.);
#7526=ORIENTED_EDGE('',*,*,#5533,.T.);
#7527=ORIENTED_EDGE('',*,*,#5534,.T.);
#7528=ORIENTED_EDGE('',*,*,#5535,.T.);
#7529=ORIENTED_EDGE('',*,*,#5536,.T.);
#7530=ORIENTED_EDGE('',*,*,#5537,.T.);
#7531=ORIENTED_EDGE('',*,*,#5538,.T.);
#7532=ORIENTED_EDGE('',*,*,#5539,.T.);
#7533=ORIENTED_EDGE('',*,*,#5540,.T.);
#7534=ORIENTED_EDGE('',*,*,#5541,.T.);
#7535=ORIENTED_EDGE('',*,*,#5542,.T.);
#7536=ORIENTED_EDGE('',*,*,#5543,.T.);
#7537=ORIENTED_EDGE('',*,*,#5544,.T.);
#7538=ORIENTED_EDGE('',*,*,#5545,.T.);
#7539=ORIENTED_EDGE('',*,*,#5546,.T.);
#7540=ORIENTED_EDGE('',*,*,#5547,.T.);
#7541=ORIENTED_EDGE('',*,*,#5548,.T.);
#7542=ORIENTED_EDGE('',*,*,#5549,.T.);
#7543=ORIENTED_EDGE('',*,*,#5550,.T.);
#7544=ORIENTED_EDGE('',*,*,#5551,.T.);
#7545=ORIENTED_EDGE('',*,*,#5552,.T.);
#7546=ORIENTED_EDGE('',*,*,#5553,.T.);
#7547=ORIENTED_EDGE('',*,*,#5554,.T.);
#7548=ORIENTED_EDGE('',*,*,#5555,.T.);
#7549=ORIENTED_EDGE('',*,*,#5556,.T.);
#7550=ORIENTED_EDGE('',*,*,#5557,.T.);
#7551=ORIENTED_EDGE('',*,*,#5558,.T.);
#7552=ORIENTED_EDGE('',*,*,#5559,.T.);
#7553=ORIENTED_EDGE('',*,*,#5560,.T.);
#7554=ORIENTED_EDGE('',*,*,#5561,.T.);
#7555=ORIENTED_EDGE('',*,*,#5562,.T.);
#7556=ORIENTED_EDGE('',*,*,#5563,.T.);
#7557=ORIENTED_EDGE('',*,*,#5564,.F.);
#7558=ORIENTED_EDGE('',*,*,#5565,.T.);
#7559=ORIENTED_EDGE('',*,*,#5566,.T.);
#7560=ORIENTED_EDGE('',*,*,#5567,.F.);
#7561=ORIENTED_EDGE('',*,*,#5568,.F.);
#7562=ORIENTED_EDGE('',*,*,#5569,.T.);
#7563=ORIENTED_EDGE('',*,*,#5570,.F.);
#7564=ORIENTED_EDGE('',*,*,#5571,.T.);
#7565=ORIENTED_EDGE('',*,*,#5572,.T.);
#7566=ORIENTED_EDGE('',*,*,#5573,.T.);
#7567=ORIENTED_EDGE('',*,*,#5574,.T.);
#7568=ORIENTED_EDGE('',*,*,#5575,.T.);
#7569=ORIENTED_EDGE('',*,*,#5576,.T.);
#7570=ORIENTED_EDGE('',*,*,#5577,.T.);
#7571=ORIENTED_EDGE('',*,*,#5578,.F.);
#7572=ORIENTED_EDGE('',*,*,#5579,.F.);
#7573=ORIENTED_EDGE('',*,*,#5481,.T.);
#7574=ORIENTED_EDGE('',*,*,#5580,.T.);
#7575=ORIENTED_EDGE('',*,*,#5581,.T.);
#7576=ORIENTED_EDGE('',*,*,#5582,.T.);
#7577=ORIENTED_EDGE('',*,*,#5583,.T.);
#7578=ORIENTED_EDGE('',*,*,#5584,.T.);
#7579=ORIENTED_EDGE('',*,*,#5585,.T.);
#7580=ORIENTED_EDGE('',*,*,#5586,.T.);
#7581=ORIENTED_EDGE('',*,*,#5587,.T.);
#7582=ORIENTED_EDGE('',*,*,#5474,.F.);
#7583=ORIENTED_EDGE('',*,*,#5588,.T.);
#7584=ORIENTED_EDGE('',*,*,#5589,.F.);
#7585=ORIENTED_EDGE('',*,*,#5496,.F.);
#7586=ORIENTED_EDGE('',*,*,#5468,.F.);
#7587=ORIENTED_EDGE('',*,*,#5590,.T.);
#7588=ORIENTED_EDGE('',*,*,#5591,.F.);
#7589=ORIENTED_EDGE('',*,*,#5588,.F.);
#7590=ORIENTED_EDGE('',*,*,#5471,.F.);
#7591=ORIENTED_EDGE('',*,*,#5592,.T.);
#7592=ORIENTED_EDGE('',*,*,#5593,.F.);
#7593=ORIENTED_EDGE('',*,*,#5590,.F.);
#7594=ORIENTED_EDGE('',*,*,#5477,.F.);
#7595=ORIENTED_EDGE('',*,*,#5483,.T.);
#7596=ORIENTED_EDGE('',*,*,#5594,.F.);
#7597=ORIENTED_EDGE('',*,*,#5592,.F.);
#7598=ORIENTED_EDGE('',*,*,#5587,.F.);
#7599=ORIENTED_EDGE('',*,*,#5595,.T.);
#7600=ORIENTED_EDGE('',*,*,#5596,.T.);
#7601=ORIENTED_EDGE('',*,*,#5595,.F.);
#7602=ORIENTED_EDGE('',*,*,#5596,.F.);
#7603=ORIENTED_EDGE('',*,*,#5586,.F.);
#7604=ORIENTED_EDGE('',*,*,#5597,.T.);
#7605=ORIENTED_EDGE('',*,*,#5598,.T.);
#7606=ORIENTED_EDGE('',*,*,#5597,.F.);
#7607=ORIENTED_EDGE('',*,*,#5598,.F.);
#7608=ORIENTED_EDGE('',*,*,#5585,.F.);
#7609=ORIENTED_EDGE('',*,*,#5599,.T.);
#7610=ORIENTED_EDGE('',*,*,#5600,.T.);
#7611=ORIENTED_EDGE('',*,*,#5599,.F.);
#7612=ORIENTED_EDGE('',*,*,#5600,.F.);
#7613=ORIENTED_EDGE('',*,*,#5584,.F.);
#7614=ORIENTED_EDGE('',*,*,#5601,.T.);
#7615=ORIENTED_EDGE('',*,*,#5602,.T.);
#7616=ORIENTED_EDGE('',*,*,#5601,.F.);
#7617=ORIENTED_EDGE('',*,*,#5602,.F.);
#7618=ORIENTED_EDGE('',*,*,#5583,.F.);
#7619=ORIENTED_EDGE('',*,*,#5603,.T.);
#7620=ORIENTED_EDGE('',*,*,#5604,.T.);
#7621=ORIENTED_EDGE('',*,*,#5603,.F.);
#7622=ORIENTED_EDGE('',*,*,#5604,.F.);
#7623=ORIENTED_EDGE('',*,*,#5582,.F.);
#7624=ORIENTED_EDGE('',*,*,#5605,.T.);
#7625=ORIENTED_EDGE('',*,*,#5606,.T.);
#7626=ORIENTED_EDGE('',*,*,#5605,.F.);
#7627=ORIENTED_EDGE('',*,*,#5606,.F.);
#7628=ORIENTED_EDGE('',*,*,#5581,.F.);
#7629=ORIENTED_EDGE('',*,*,#5607,.T.);
#7630=ORIENTED_EDGE('',*,*,#5608,.T.);
#7631=ORIENTED_EDGE('',*,*,#5607,.F.);
#7632=ORIENTED_EDGE('',*,*,#5608,.F.);
#7633=ORIENTED_EDGE('',*,*,#5580,.F.);
#7634=ORIENTED_EDGE('',*,*,#5609,.T.);
#7635=ORIENTED_EDGE('',*,*,#5610,.T.);
#7636=ORIENTED_EDGE('',*,*,#5609,.F.);
#7637=ORIENTED_EDGE('',*,*,#5610,.F.);
#7638=ORIENTED_EDGE('',*,*,#5611,.F.);
#7639=ORIENTED_EDGE('',*,*,#5558,.F.);
#7640=ORIENTED_EDGE('',*,*,#5612,.F.);
#7641=ORIENTED_EDGE('',*,*,#4771,.F.);
#7642=ORIENTED_EDGE('',*,*,#5613,.F.);
#7643=ORIENTED_EDGE('',*,*,#5522,.F.);
#7644=ORIENTED_EDGE('',*,*,#5614,.F.);
#7645=ORIENTED_EDGE('',*,*,#4738,.F.);
#7646=ORIENTED_EDGE('',*,*,#5615,.F.);
#7647=ORIENTED_EDGE('',*,*,#5574,.F.);
#7648=ORIENTED_EDGE('',*,*,#5616,.F.);
#7649=ORIENTED_EDGE('',*,*,#5617,.F.);
#7650=ORIENTED_EDGE('',*,*,#5618,.F.);
#7651=ORIENTED_EDGE('',*,*,#5502,.F.);
#7652=ORIENTED_EDGE('',*,*,#5619,.F.);
#7653=ORIENTED_EDGE('',*,*,#5620,.F.);
#7654=ORIENTED_EDGE('',*,*,#5621,.F.);
#7655=ORIENTED_EDGE('',*,*,#5512,.F.);
#7656=ORIENTED_EDGE('',*,*,#5622,.F.);
#7657=ORIENTED_EDGE('',*,*,#5623,.F.);
#7658=ORIENTED_EDGE('',*,*,#4760,.F.);
#7659=ORIENTED_EDGE('',*,*,#5624,.F.);
#7660=ORIENTED_EDGE('',*,*,#5548,.F.);
#7661=ORIENTED_EDGE('',*,*,#5625,.F.);
#7662=ORIENTED_EDGE('',*,*,#4749,.F.);
#7663=ORIENTED_EDGE('',*,*,#5626,.F.);
#7664=ORIENTED_EDGE('',*,*,#5538,.F.);
#7665=ORIENTED_EDGE('',*,*,#5627,.F.);
#7666=ORIENTED_EDGE('',*,*,#5612,.T.);
#7667=ORIENTED_EDGE('',*,*,#5557,.F.);
#7668=ORIENTED_EDGE('',*,*,#5628,.T.);
#7669=ORIENTED_EDGE('',*,*,#4772,.T.);
#7670=ORIENTED_EDGE('',*,*,#5611,.T.);
#7671=ORIENTED_EDGE('',*,*,#4770,.T.);
#7672=ORIENTED_EDGE('',*,*,#5629,.F.);
#7673=ORIENTED_EDGE('',*,*,#5559,.F.);
#7674=ORIENTED_EDGE('',*,*,#5614,.T.);
#7675=ORIENTED_EDGE('',*,*,#5521,.F.);
#7676=ORIENTED_EDGE('',*,*,#5630,.T.);
#7677=ORIENTED_EDGE('',*,*,#4739,.T.);
#7678=ORIENTED_EDGE('',*,*,#5613,.T.);
#7679=ORIENTED_EDGE('',*,*,#4737,.T.);
#7680=ORIENTED_EDGE('',*,*,#5631,.F.);
#7681=ORIENTED_EDGE('',*,*,#5523,.F.);
#7682=ORIENTED_EDGE('',*,*,#5616,.T.);
#7683=ORIENTED_EDGE('',*,*,#5573,.F.);
#7684=ORIENTED_EDGE('',*,*,#5632,.T.);
#7685=ORIENTED_EDGE('',*,*,#5633,.T.);
#7686=ORIENTED_EDGE('',*,*,#5619,.T.);
#7687=ORIENTED_EDGE('',*,*,#5501,.F.);
#7688=ORIENTED_EDGE('',*,*,#5634,.T.);
#7689=ORIENTED_EDGE('',*,*,#5635,.T.);
#7690=ORIENTED_EDGE('',*,*,#5622,.T.);
#7691=ORIENTED_EDGE('',*,*,#5511,.F.);
#7692=ORIENTED_EDGE('',*,*,#5636,.T.);
#7693=ORIENTED_EDGE('',*,*,#5637,.T.);
#7694=ORIENTED_EDGE('',*,*,#5621,.T.);
#7695=ORIENTED_EDGE('',*,*,#5638,.T.);
#7696=ORIENTED_EDGE('',*,*,#5639,.F.);
#7697=ORIENTED_EDGE('',*,*,#5513,.F.);
#7698=ORIENTED_EDGE('',*,*,#5640,.F.);
#7699=ORIENTED_EDGE('',*,*,#5641,.F.);
#7700=ORIENTED_EDGE('',*,*,#5642,.F.);
#7701=ORIENTED_EDGE('',*,*,#5643,.F.);
#7702=ORIENTED_EDGE('',*,*,#5638,.F.);
#7703=ORIENTED_EDGE('',*,*,#5623,.T.);
#7704=ORIENTED_EDGE('',*,*,#5637,.F.);
#7705=ORIENTED_EDGE('',*,*,#5644,.F.);
#7706=ORIENTED_EDGE('',*,*,#5645,.T.);
#7707=ORIENTED_EDGE('',*,*,#5646,.F.);
#7708=ORIENTED_EDGE('',*,*,#4792,.T.);
#7709=ORIENTED_EDGE('',*,*,#5625,.T.);
#7710=ORIENTED_EDGE('',*,*,#5547,.F.);
#7711=ORIENTED_EDGE('',*,*,#5647,.T.);
#7712=ORIENTED_EDGE('',*,*,#4761,.T.);
#7713=ORIENTED_EDGE('',*,*,#5624,.T.);
#7714=ORIENTED_EDGE('',*,*,#4759,.T.);
#7715=ORIENTED_EDGE('',*,*,#5648,.F.);
#7716=ORIENTED_EDGE('',*,*,#5549,.F.);
#7717=ORIENTED_EDGE('',*,*,#5627,.T.);
#7718=ORIENTED_EDGE('',*,*,#5537,.F.);
#7719=ORIENTED_EDGE('',*,*,#5649,.T.);
#7720=ORIENTED_EDGE('',*,*,#4750,.T.);
#7721=ORIENTED_EDGE('',*,*,#5626,.T.);
#7722=ORIENTED_EDGE('',*,*,#4748,.T.);
#7723=ORIENTED_EDGE('',*,*,#5650,.F.);
#7724=ORIENTED_EDGE('',*,*,#5539,.F.);
#7725=ORIENTED_EDGE('',*,*,#4638,.T.);
#7726=ORIENTED_EDGE('',*,*,#5651,.F.);
#7727=ORIENTED_EDGE('',*,*,#5652,.F.);
#7728=ORIENTED_EDGE('',*,*,#4688,.F.);
#7729=ORIENTED_EDGE('',*,*,#4607,.T.);
#7730=ORIENTED_EDGE('',*,*,#5653,.F.);
#7731=ORIENTED_EDGE('',*,*,#5654,.F.);
#7732=ORIENTED_EDGE('',*,*,#5655,.F.);
#7733=ORIENTED_EDGE('',*,*,#5567,.T.);
#7734=ORIENTED_EDGE('',*,*,#5656,.T.);
#7735=ORIENTED_EDGE('',*,*,#4609,.T.);
#7736=ORIENTED_EDGE('',*,*,#5657,.F.);
#7737=ORIENTED_EDGE('',*,*,#5656,.F.);
#7738=ORIENTED_EDGE('',*,*,#5566,.F.);
#7739=ORIENTED_EDGE('',*,*,#5658,.T.);
#7740=ORIENTED_EDGE('',*,*,#4610,.T.);
#7741=ORIENTED_EDGE('',*,*,#5659,.F.);
#7742=ORIENTED_EDGE('',*,*,#5529,.T.);
#7743=ORIENTED_EDGE('',*,*,#5660,.T.);
#7744=ORIENTED_EDGE('',*,*,#4617,.T.);
#7745=ORIENTED_EDGE('',*,*,#5660,.F.);
#7746=ORIENTED_EDGE('',*,*,#5528,.T.);
#7747=ORIENTED_EDGE('',*,*,#5661,.T.);
#7748=ORIENTED_EDGE('',*,*,#5662,.F.);
#7749=ORIENTED_EDGE('',*,*,#4788,.T.);
#7750=ORIENTED_EDGE('',*,*,#4618,.T.);
#7751=ORIENTED_EDGE('',*,*,#5518,.T.);
#7752=ORIENTED_EDGE('',*,*,#5663,.T.);
#7753=ORIENTED_EDGE('',*,*,#4742,.T.);
#7754=ORIENTED_EDGE('',*,*,#5664,.T.);
#7755=ORIENTED_EDGE('',*,*,#5482,.T.);
#7756=ORIENTED_EDGE('',*,*,#5579,.T.);
#7757=ORIENTED_EDGE('',*,*,#5665,.F.);
#7758=ORIENTED_EDGE('',*,*,#5666,.T.);
#7759=ORIENTED_EDGE('',*,*,#5667,.F.);
#7760=ORIENTED_EDGE('',*,*,#5569,.F.);
#7761=ORIENTED_EDGE('',*,*,#5668,.F.);
#7762=ORIENTED_EDGE('',*,*,#5669,.F.);
#7763=ORIENTED_EDGE('',*,*,#5670,.F.);
#7764=ORIENTED_EDGE('',*,*,#4601,.T.);
#7765=ORIENTED_EDGE('',*,*,#5671,.T.);
#7766=ORIENTED_EDGE('',*,*,#5672,.F.);
#7767=ORIENTED_EDGE('',*,*,#5673,.F.);
#7768=ORIENTED_EDGE('',*,*,#4594,.T.);
#7769=ORIENTED_EDGE('',*,*,#4692,.T.);
#7770=ORIENTED_EDGE('',*,*,#5674,.F.);
#7771=ORIENTED_EDGE('',*,*,#4701,.F.);
#7772=ORIENTED_EDGE('',*,*,#4587,.T.);
#7773=ORIENTED_EDGE('',*,*,#4705,.T.);
#7774=ORIENTED_EDGE('',*,*,#5675,.F.);
#7775=ORIENTED_EDGE('',*,*,#4716,.F.);
#7776=ORIENTED_EDGE('',*,*,#4579,.T.);
#7777=ORIENTED_EDGE('',*,*,#4720,.T.);
#7778=ORIENTED_EDGE('',*,*,#5676,.F.);
#7779=ORIENTED_EDGE('',*,*,#4731,.T.);
#7780=ORIENTED_EDGE('',*,*,#4571,.T.);
#7781=ORIENTED_EDGE('',*,*,#4779,.T.);
#7782=ORIENTED_EDGE('',*,*,#5677,.F.);
#7783=ORIENTED_EDGE('',*,*,#5661,.F.);
#7784=ORIENTED_EDGE('',*,*,#5527,.F.);
#7785=ORIENTED_EDGE('',*,*,#5678,.F.);
#7786=ORIENTED_EDGE('',*,*,#4733,.F.);
#7787=ORIENTED_EDGE('',*,*,#5663,.F.);
#7788=ORIENTED_EDGE('',*,*,#5517,.T.);
#7789=ORIENTED_EDGE('',*,*,#5679,.F.);
#7790=ORIENTED_EDGE('',*,*,#5640,.T.);
#7791=ORIENTED_EDGE('',*,*,#5680,.F.);
#7792=ORIENTED_EDGE('',*,*,#5507,.T.);
#7793=ORIENTED_EDGE('',*,*,#5681,.F.);
#7794=ORIENTED_EDGE('',*,*,#5682,.T.);
#7795=ORIENTED_EDGE('',*,*,#5683,.F.);
#7796=ORIENTED_EDGE('',*,*,#5497,.T.);
#7797=ORIENTED_EDGE('',*,*,#5589,.T.);
#7798=ORIENTED_EDGE('',*,*,#5591,.T.);
#7799=ORIENTED_EDGE('',*,*,#5593,.T.);
#7800=ORIENTED_EDGE('',*,*,#5594,.T.);
#7801=ORIENTED_EDGE('',*,*,#5526,.T.);
#7802=ORIENTED_EDGE('',*,*,#5684,.T.);
#7803=ORIENTED_EDGE('',*,*,#4734,.T.);
#7804=ORIENTED_EDGE('',*,*,#5678,.T.);
#7805=ORIENTED_EDGE('',*,*,#5684,.F.);
#7806=ORIENTED_EDGE('',*,*,#5525,.F.);
#7807=ORIENTED_EDGE('',*,*,#5685,.T.);
#7808=ORIENTED_EDGE('',*,*,#4735,.T.);
#7809=ORIENTED_EDGE('',*,*,#5516,.T.);
#7810=ORIENTED_EDGE('',*,*,#5686,.T.);
#7811=ORIENTED_EDGE('',*,*,#5641,.T.);
#7812=ORIENTED_EDGE('',*,*,#5679,.T.);
#7813=ORIENTED_EDGE('',*,*,#5508,.T.);
#7814=ORIENTED_EDGE('',*,*,#5680,.T.);
#7815=ORIENTED_EDGE('',*,*,#5646,.T.);
#7816=ORIENTED_EDGE('',*,*,#5687,.T.);
#7817=ORIENTED_EDGE('',*,*,#5506,.T.);
#7818=ORIENTED_EDGE('',*,*,#5688,.T.);
#7819=ORIENTED_EDGE('',*,*,#5689,.T.);
#7820=ORIENTED_EDGE('',*,*,#5681,.T.);
#7821=ORIENTED_EDGE('',*,*,#5498,.T.);
#7822=ORIENTED_EDGE('',*,*,#5683,.T.);
#7823=ORIENTED_EDGE('',*,*,#5690,.T.);
#7824=ORIENTED_EDGE('',*,*,#5691,.T.);
#7825=ORIENTED_EDGE('',*,*,#5578,.T.);
#7826=ORIENTED_EDGE('',*,*,#5692,.T.);
#7827=ORIENTED_EDGE('',*,*,#5693,.T.);
#7828=ORIENTED_EDGE('',*,*,#5665,.T.);
#7829=ORIENTED_EDGE('',*,*,#5570,.T.);
#7830=ORIENTED_EDGE('',*,*,#5667,.T.);
#7831=ORIENTED_EDGE('',*,*,#5694,.T.);
#7832=ORIENTED_EDGE('',*,*,#5695,.T.);
#7833=ORIENTED_EDGE('',*,*,#5695,.F.);
#7834=ORIENTED_EDGE('',*,*,#5696,.F.);
#7835=ORIENTED_EDGE('',*,*,#5697,.F.);
#7836=ORIENTED_EDGE('',*,*,#5571,.F.);
#7837=ORIENTED_EDGE('',*,*,#5698,.F.);
#7838=ORIENTED_EDGE('',*,*,#5564,.T.);
#7839=ORIENTED_EDGE('',*,*,#5699,.T.);
#7840=ORIENTED_EDGE('',*,*,#4612,.T.);
#7841=ORIENTED_EDGE('',*,*,#5698,.T.);
#7842=ORIENTED_EDGE('',*,*,#4611,.T.);
#7843=ORIENTED_EDGE('',*,*,#5658,.F.);
#7844=ORIENTED_EDGE('',*,*,#5565,.F.);
#7845=ORIENTED_EDGE('',*,*,#5700,.F.);
#7846=ORIENTED_EDGE('',*,*,#5532,.T.);
#7847=ORIENTED_EDGE('',*,*,#5701,.T.);
#7848=ORIENTED_EDGE('',*,*,#4614,.T.);
#7849=ORIENTED_EDGE('',*,*,#5666,.F.);
#7850=ORIENTED_EDGE('',*,*,#5693,.F.);
#7851=ORIENTED_EDGE('',*,*,#5702,.T.);
#7852=ORIENTED_EDGE('',*,*,#5703,.F.);
#7853=ORIENTED_EDGE('',*,*,#5704,.F.);
#7854=ORIENTED_EDGE('',*,*,#5617,.T.);
#7855=ORIENTED_EDGE('',*,*,#5633,.F.);
#7856=ORIENTED_EDGE('',*,*,#5705,.F.);
#7857=ORIENTED_EDGE('',*,*,#5696,.T.);
#7858=ORIENTED_EDGE('',*,*,#5694,.F.);
#7859=ORIENTED_EDGE('',*,*,#4796,.T.);
#7860=ORIENTED_EDGE('',*,*,#5682,.F.);
#7861=ORIENTED_EDGE('',*,*,#5689,.F.);
#7862=ORIENTED_EDGE('',*,*,#5706,.F.);
#7863=ORIENTED_EDGE('',*,*,#5707,.F.);
#7864=ORIENTED_EDGE('',*,*,#5708,.F.);
#7865=ORIENTED_EDGE('',*,*,#5620,.T.);
#7866=ORIENTED_EDGE('',*,*,#5635,.F.);
#7867=ORIENTED_EDGE('',*,*,#5709,.F.);
#7868=ORIENTED_EDGE('',*,*,#5710,.T.);
#7869=ORIENTED_EDGE('',*,*,#5690,.F.);
#7870=ORIENTED_EDGE('',*,*,#4806,.T.);
#7871=ORIENTED_EDGE('',*,*,#5692,.F.);
#7872=ORIENTED_EDGE('',*,*,#5577,.F.);
#7873=ORIENTED_EDGE('',*,*,#5711,.T.);
#7874=ORIENTED_EDGE('',*,*,#5702,.F.);
#7875=ORIENTED_EDGE('',*,*,#5688,.F.);
#7876=ORIENTED_EDGE('',*,*,#5505,.F.);
#7877=ORIENTED_EDGE('',*,*,#5712,.T.);
#7878=ORIENTED_EDGE('',*,*,#5706,.T.);
#7879=ORIENTED_EDGE('',*,*,#5691,.F.);
#7880=ORIENTED_EDGE('',*,*,#5710,.F.);
#7881=ORIENTED_EDGE('',*,*,#5713,.F.);
#7882=ORIENTED_EDGE('',*,*,#5499,.F.);
#7883=ORIENTED_EDGE('',*,*,#5687,.F.);
#7884=ORIENTED_EDGE('',*,*,#5645,.F.);
#7885=ORIENTED_EDGE('',*,*,#5714,.F.);
#7886=ORIENTED_EDGE('',*,*,#5509,.F.);
#7887=ORIENTED_EDGE('',*,*,#5686,.F.);
#7888=ORIENTED_EDGE('',*,*,#5515,.F.);
#7889=ORIENTED_EDGE('',*,*,#5715,.T.);
#7890=ORIENTED_EDGE('',*,*,#5642,.T.);
#7891=ORIENTED_EDGE('',*,*,#5664,.F.);
#7892=ORIENTED_EDGE('',*,*,#4741,.F.);
#7893=ORIENTED_EDGE('',*,*,#5716,.F.);
#7894=ORIENTED_EDGE('',*,*,#5519,.F.);
#7895=ORIENTED_EDGE('',*,*,#4603,.T.);
#7896=ORIENTED_EDGE('',*,*,#5717,.F.);
#7897=ORIENTED_EDGE('',*,*,#5718,.F.);
#7898=ORIENTED_EDGE('',*,*,#5719,.F.);
#7899=ORIENTED_EDGE('',*,*,#4602,.T.);
#7900=ORIENTED_EDGE('',*,*,#5670,.T.);
#7901=ORIENTED_EDGE('',*,*,#5720,.F.);
#7902=ORIENTED_EDGE('',*,*,#5717,.T.);
#7903=ORIENTED_EDGE('',*,*,#4651,.T.);
#7904=ORIENTED_EDGE('',*,*,#5721,.T.);
#7905=ORIENTED_EDGE('',*,*,#5722,.F.);
#7906=ORIENTED_EDGE('',*,*,#4662,.T.);
#7907=ORIENTED_EDGE('',*,*,#4650,.T.);
#7908=ORIENTED_EDGE('',*,*,#5723,.F.);
#7909=ORIENTED_EDGE('',*,*,#5724,.F.);
#7910=ORIENTED_EDGE('',*,*,#5721,.F.);
#7911=ORIENTED_EDGE('',*,*,#4649,.T.);
#7912=ORIENTED_EDGE('',*,*,#5725,.T.);
#7913=ORIENTED_EDGE('',*,*,#5726,.F.);
#7914=ORIENTED_EDGE('',*,*,#5723,.T.);
#7915=ORIENTED_EDGE('',*,*,#4648,.T.);
#7916=ORIENTED_EDGE('',*,*,#4657,.F.);
#7917=ORIENTED_EDGE('',*,*,#5727,.F.);
#7918=ORIENTED_EDGE('',*,*,#5725,.F.);
#7919=ORIENTED_EDGE('',*,*,#4637,.T.);
#7920=ORIENTED_EDGE('',*,*,#5728,.F.);
#7921=ORIENTED_EDGE('',*,*,#5729,.F.);
#7922=ORIENTED_EDGE('',*,*,#5651,.T.);
#7923=ORIENTED_EDGE('',*,*,#4636,.T.);
#7924=ORIENTED_EDGE('',*,*,#5730,.F.);
#7925=ORIENTED_EDGE('',*,*,#5731,.F.);
#7926=ORIENTED_EDGE('',*,*,#5728,.T.);
#7927=ORIENTED_EDGE('',*,*,#4635,.T.);
#7928=ORIENTED_EDGE('',*,*,#5732,.F.);
#7929=ORIENTED_EDGE('',*,*,#5733,.F.);
#7930=ORIENTED_EDGE('',*,*,#5730,.T.);
#7931=ORIENTED_EDGE('',*,*,#4634,.T.);
#7932=ORIENTED_EDGE('',*,*,#5734,.F.);
#7933=ORIENTED_EDGE('',*,*,#5735,.F.);
#7934=ORIENTED_EDGE('',*,*,#5732,.T.);
#7935=ORIENTED_EDGE('',*,*,#4633,.T.);
#7936=ORIENTED_EDGE('',*,*,#5736,.F.);
#7937=ORIENTED_EDGE('',*,*,#5737,.F.);
#7938=ORIENTED_EDGE('',*,*,#5734,.T.);
#7939=ORIENTED_EDGE('',*,*,#4632,.T.);
#7940=ORIENTED_EDGE('',*,*,#5738,.F.);
#7941=ORIENTED_EDGE('',*,*,#5739,.F.);
#7942=ORIENTED_EDGE('',*,*,#5736,.T.);
#7943=ORIENTED_EDGE('',*,*,#4631,.T.);
#7944=ORIENTED_EDGE('',*,*,#4675,.F.);
#7945=ORIENTED_EDGE('',*,*,#5740,.F.);
#7946=ORIENTED_EDGE('',*,*,#5738,.T.);
#7947=ORIENTED_EDGE('',*,*,#5534,.F.);
#7948=ORIENTED_EDGE('',*,*,#5741,.T.);
#7949=ORIENTED_EDGE('',*,*,#4753,.T.);
#7950=ORIENTED_EDGE('',*,*,#5742,.F.);
#7951=ORIENTED_EDGE('',*,*,#5701,.F.);
#7952=ORIENTED_EDGE('',*,*,#5531,.F.);
#7953=ORIENTED_EDGE('',*,*,#5743,.T.);
#7954=ORIENTED_EDGE('',*,*,#4615,.T.);
#7955=ORIENTED_EDGE('',*,*,#5659,.T.);
#7956=ORIENTED_EDGE('',*,*,#4616,.T.);
#7957=ORIENTED_EDGE('',*,*,#5743,.F.);
#7958=ORIENTED_EDGE('',*,*,#5530,.F.);
#7959=ORIENTED_EDGE('',*,*,#5524,.F.);
#7960=ORIENTED_EDGE('',*,*,#5631,.T.);
#7961=ORIENTED_EDGE('',*,*,#4736,.T.);
#7962=ORIENTED_EDGE('',*,*,#5685,.F.);
#7963=ORIENTED_EDGE('',*,*,#5520,.F.);
#7964=ORIENTED_EDGE('',*,*,#5716,.T.);
#7965=ORIENTED_EDGE('',*,*,#4740,.T.);
#7966=ORIENTED_EDGE('',*,*,#5630,.F.);
#7967=ORIENTED_EDGE('',*,*,#5514,.F.);
#7968=ORIENTED_EDGE('',*,*,#5639,.T.);
#7969=ORIENTED_EDGE('',*,*,#5643,.T.);
#7970=ORIENTED_EDGE('',*,*,#5715,.F.);
#7971=ORIENTED_EDGE('',*,*,#5510,.F.);
#7972=ORIENTED_EDGE('',*,*,#5714,.T.);
#7973=ORIENTED_EDGE('',*,*,#5644,.T.);
#7974=ORIENTED_EDGE('',*,*,#5636,.F.);
#7975=ORIENTED_EDGE('',*,*,#5504,.F.);
#7976=ORIENTED_EDGE('',*,*,#5744,.T.);
#7977=ORIENTED_EDGE('',*,*,#5707,.T.);
#7978=ORIENTED_EDGE('',*,*,#5712,.F.);
#7979=ORIENTED_EDGE('',*,*,#5618,.T.);
#7980=ORIENTED_EDGE('',*,*,#5708,.T.);
#7981=ORIENTED_EDGE('',*,*,#5744,.F.);
#7982=ORIENTED_EDGE('',*,*,#5503,.F.);
#7983=ORIENTED_EDGE('',*,*,#5500,.F.);
#7984=ORIENTED_EDGE('',*,*,#5713,.T.);
#7985=ORIENTED_EDGE('',*,*,#5709,.T.);
#7986=ORIENTED_EDGE('',*,*,#5634,.F.);
#7987=ORIENTED_EDGE('',*,*,#5699,.F.);
#7988=ORIENTED_EDGE('',*,*,#5563,.F.);
#7989=ORIENTED_EDGE('',*,*,#5745,.T.);
#7990=ORIENTED_EDGE('',*,*,#4766,.F.);
#7991=ORIENTED_EDGE('',*,*,#5746,.F.);
#7992=ORIENTED_EDGE('',*,*,#5553,.F.);
#7993=ORIENTED_EDGE('',*,*,#5747,.T.);
#7994=ORIENTED_EDGE('',*,*,#4755,.F.);
#7995=ORIENTED_EDGE('',*,*,#5748,.F.);
#7996=ORIENTED_EDGE('',*,*,#5543,.F.);
#7997=ORIENTED_EDGE('',*,*,#5749,.T.);
#7998=ORIENTED_EDGE('',*,*,#4744,.F.);
#7999=ORIENTED_EDGE('',*,*,#5741,.F.);
#8000=ORIENTED_EDGE('',*,*,#5533,.F.);
#8001=ORIENTED_EDGE('',*,*,#5700,.T.);
#8002=ORIENTED_EDGE('',*,*,#4613,.T.);
#8003=ORIENTED_EDGE('',*,*,#5562,.F.);
#8004=ORIENTED_EDGE('',*,*,#5750,.T.);
#8005=ORIENTED_EDGE('',*,*,#4767,.T.);
#8006=ORIENTED_EDGE('',*,*,#5745,.F.);
#8007=ORIENTED_EDGE('',*,*,#5561,.F.);
#8008=ORIENTED_EDGE('',*,*,#5751,.T.);
#8009=ORIENTED_EDGE('',*,*,#4768,.T.);
#8010=ORIENTED_EDGE('',*,*,#5750,.F.);
#8011=ORIENTED_EDGE('',*,*,#5560,.F.);
#8012=ORIENTED_EDGE('',*,*,#5629,.T.);
#8013=ORIENTED_EDGE('',*,*,#4769,.T.);
#8014=ORIENTED_EDGE('',*,*,#5751,.F.);
#8015=ORIENTED_EDGE('',*,*,#5556,.F.);
#8016=ORIENTED_EDGE('',*,*,#5752,.T.);
#8017=ORIENTED_EDGE('',*,*,#4773,.T.);
#8018=ORIENTED_EDGE('',*,*,#5628,.F.);
#8019=ORIENTED_EDGE('',*,*,#5555,.F.);
#8020=ORIENTED_EDGE('',*,*,#5753,.T.);
#8021=ORIENTED_EDGE('',*,*,#4774,.T.);
#8022=ORIENTED_EDGE('',*,*,#5752,.F.);
#8023=ORIENTED_EDGE('',*,*,#5554,.F.);
#8024=ORIENTED_EDGE('',*,*,#5746,.T.);
#8025=ORIENTED_EDGE('',*,*,#4775,.T.);
#8026=ORIENTED_EDGE('',*,*,#5753,.F.);
#8027=ORIENTED_EDGE('',*,*,#5552,.F.);
#8028=ORIENTED_EDGE('',*,*,#5754,.T.);
#8029=ORIENTED_EDGE('',*,*,#4756,.T.);
#8030=ORIENTED_EDGE('',*,*,#5747,.F.);
#8031=ORIENTED_EDGE('',*,*,#5551,.F.);
#8032=ORIENTED_EDGE('',*,*,#5755,.T.);
#8033=ORIENTED_EDGE('',*,*,#4757,.T.);
#8034=ORIENTED_EDGE('',*,*,#5754,.F.);
#8035=ORIENTED_EDGE('',*,*,#5550,.F.);
#8036=ORIENTED_EDGE('',*,*,#5648,.T.);
#8037=ORIENTED_EDGE('',*,*,#4758,.T.);
#8038=ORIENTED_EDGE('',*,*,#5755,.F.);
#8039=ORIENTED_EDGE('',*,*,#5546,.F.);
#8040=ORIENTED_EDGE('',*,*,#5756,.T.);
#8041=ORIENTED_EDGE('',*,*,#4762,.T.);
#8042=ORIENTED_EDGE('',*,*,#5647,.F.);
#8043=ORIENTED_EDGE('',*,*,#5545,.F.);
#8044=ORIENTED_EDGE('',*,*,#5757,.T.);
#8045=ORIENTED_EDGE('',*,*,#4763,.T.);
#8046=ORIENTED_EDGE('',*,*,#5756,.F.);
#8047=ORIENTED_EDGE('',*,*,#5544,.F.);
#8048=ORIENTED_EDGE('',*,*,#5748,.T.);
#8049=ORIENTED_EDGE('',*,*,#4764,.T.);
#8050=ORIENTED_EDGE('',*,*,#5757,.F.);
#8051=ORIENTED_EDGE('',*,*,#5542,.F.);
#8052=ORIENTED_EDGE('',*,*,#5758,.T.);
#8053=ORIENTED_EDGE('',*,*,#4745,.T.);
#8054=ORIENTED_EDGE('',*,*,#5749,.F.);
#8055=ORIENTED_EDGE('',*,*,#5541,.F.);
#8056=ORIENTED_EDGE('',*,*,#5759,.T.);
#8057=ORIENTED_EDGE('',*,*,#4746,.T.);
#8058=ORIENTED_EDGE('',*,*,#5758,.F.);
#8059=ORIENTED_EDGE('',*,*,#5540,.F.);
#8060=ORIENTED_EDGE('',*,*,#5650,.T.);
#8061=ORIENTED_EDGE('',*,*,#4747,.T.);
#8062=ORIENTED_EDGE('',*,*,#5759,.F.);
#8063=ORIENTED_EDGE('',*,*,#5536,.F.);
#8064=ORIENTED_EDGE('',*,*,#5760,.T.);
#8065=ORIENTED_EDGE('',*,*,#4751,.T.);
#8066=ORIENTED_EDGE('',*,*,#5649,.F.);
#8067=ORIENTED_EDGE('',*,*,#5535,.F.);
#8068=ORIENTED_EDGE('',*,*,#5742,.T.);
#8069=ORIENTED_EDGE('',*,*,#4752,.T.);
#8070=ORIENTED_EDGE('',*,*,#5760,.F.);
#8071=ORIENTED_EDGE('',*,*,#5576,.F.);
#8072=ORIENTED_EDGE('',*,*,#5761,.T.);
#8073=ORIENTED_EDGE('',*,*,#5703,.T.);
#8074=ORIENTED_EDGE('',*,*,#5711,.F.);
#8075=ORIENTED_EDGE('',*,*,#5615,.T.);
#8076=ORIENTED_EDGE('',*,*,#5704,.T.);
#8077=ORIENTED_EDGE('',*,*,#5761,.F.);
#8078=ORIENTED_EDGE('',*,*,#5575,.F.);
#8079=ORIENTED_EDGE('',*,*,#5572,.F.);
#8080=ORIENTED_EDGE('',*,*,#5697,.T.);
#8081=ORIENTED_EDGE('',*,*,#5705,.T.);
#8082=ORIENTED_EDGE('',*,*,#5632,.F.);
#8083=ORIENTED_EDGE('',*,*,#4645,.T.);
#8084=ORIENTED_EDGE('',*,*,#5762,.F.);
#8085=ORIENTED_EDGE('',*,*,#5763,.F.);
#8086=ORIENTED_EDGE('',*,*,#4671,.T.);
#8087=ORIENTED_EDGE('',*,*,#4644,.T.);
#8088=ORIENTED_EDGE('',*,*,#5764,.F.);
#8089=ORIENTED_EDGE('',*,*,#5765,.F.);
#8090=ORIENTED_EDGE('',*,*,#5762,.T.);
#8091=ORIENTED_EDGE('',*,*,#4643,.T.);
#8092=ORIENTED_EDGE('',*,*,#5766,.F.);
#8093=ORIENTED_EDGE('',*,*,#5767,.F.);
#8094=ORIENTED_EDGE('',*,*,#5764,.T.);
#8095=ORIENTED_EDGE('',*,*,#5768,.T.);
#8096=ORIENTED_EDGE('',*,*,#5769,.T.);
#8097=ORIENTED_EDGE('',*,*,#5770,.T.);
#8098=ORIENTED_EDGE('',*,*,#5771,.T.);
#8099=ORIENTED_EDGE('',*,*,#5772,.T.);
#8100=ORIENTED_EDGE('',*,*,#5773,.T.);
#8101=ORIENTED_EDGE('',*,*,#5770,.F.);
#8102=ORIENTED_EDGE('',*,*,#5774,.T.);
#8103=ORIENTED_EDGE('',*,*,#5775,.T.);
#8104=ORIENTED_EDGE('',*,*,#5776,.T.);
#8105=ORIENTED_EDGE('',*,*,#5772,.F.);
#8106=ORIENTED_EDGE('',*,*,#5777,.T.);
#8107=ORIENTED_EDGE('',*,*,#5778,.T.);
#8108=ORIENTED_EDGE('',*,*,#5779,.T.);
#8109=ORIENTED_EDGE('',*,*,#5775,.F.);
#8110=ORIENTED_EDGE('',*,*,#5780,.T.);
#8111=ORIENTED_EDGE('',*,*,#5781,.T.);
#8112=ORIENTED_EDGE('',*,*,#5782,.T.);
#8113=ORIENTED_EDGE('',*,*,#5778,.F.);
#8114=ORIENTED_EDGE('',*,*,#5783,.T.);
#8115=ORIENTED_EDGE('',*,*,#5784,.T.);
#8116=ORIENTED_EDGE('',*,*,#5486,.T.);
#8117=ORIENTED_EDGE('',*,*,#5781,.F.);
#8118=ORIENTED_EDGE('',*,*,#5785,.T.);
#8119=ORIENTED_EDGE('',*,*,#5786,.T.);
#8120=ORIENTED_EDGE('',*,*,#5787,.T.);
#8121=ORIENTED_EDGE('',*,*,#5784,.F.);
#8122=ORIENTED_EDGE('',*,*,#5788,.T.);
#8123=ORIENTED_EDGE('',*,*,#5786,.F.);
#8124=ORIENTED_EDGE('',*,*,#5789,.T.);
#8125=ORIENTED_EDGE('',*,*,#5768,.F.);
#8126=ORIENTED_EDGE('',*,*,#5790,.T.);
#8127=ORIENTED_EDGE('',*,*,#5787,.F.);
#8128=ORIENTED_EDGE('',*,*,#5791,.T.);
#8129=ORIENTED_EDGE('',*,*,#5489,.T.);
#8130=ORIENTED_EDGE('',*,*,#5487,.T.);
#8131=ORIENTED_EDGE('',*,*,#5790,.F.);
#8132=ORIENTED_EDGE('',*,*,#5792,.F.);
#8133=ORIENTED_EDGE('',*,*,#5490,.F.);
#8134=ORIENTED_EDGE('',*,*,#5791,.F.);
#8135=ORIENTED_EDGE('',*,*,#5771,.F.);
#8136=ORIENTED_EDGE('',*,*,#5793,.T.);
#8137=ORIENTED_EDGE('',*,*,#5491,.T.);
#8138=ORIENTED_EDGE('',*,*,#5792,.T.);
#8139=ORIENTED_EDGE('',*,*,#5769,.F.);
#8140=ORIENTED_EDGE('',*,*,#5789,.F.);
#8141=ORIENTED_EDGE('',*,*,#5788,.F.);
#8142=ORIENTED_EDGE('',*,*,#5785,.F.);
#8143=ORIENTED_EDGE('',*,*,#5783,.F.);
#8144=ORIENTED_EDGE('',*,*,#5780,.F.);
#8145=ORIENTED_EDGE('',*,*,#5777,.F.);
#8146=ORIENTED_EDGE('',*,*,#5774,.F.);
#8147=ORIENTED_EDGE('',*,*,#5794,.F.);
#8148=ORIENTED_EDGE('',*,*,#5795,.F.);
#8149=ORIENTED_EDGE('',*,*,#5796,.F.);
#8150=ORIENTED_EDGE('',*,*,#5797,.F.);
#8151=ORIENTED_EDGE('',*,*,#5798,.F.);
#8152=ORIENTED_EDGE('',*,*,#5799,.F.);
#8153=ORIENTED_EDGE('',*,*,#5800,.F.);
#8154=ORIENTED_EDGE('',*,*,#5801,.F.);
#8155=ORIENTED_EDGE('',*,*,#5802,.F.);
#8156=ORIENTED_EDGE('',*,*,#5803,.F.);
#8157=ORIENTED_EDGE('',*,*,#5804,.F.);
#8158=ORIENTED_EDGE('',*,*,#5805,.F.);
#8159=ORIENTED_EDGE('',*,*,#5806,.F.);
#8160=ORIENTED_EDGE('',*,*,#5807,.F.);
#8161=ORIENTED_EDGE('',*,*,#5808,.F.);
#8162=ORIENTED_EDGE('',*,*,#5809,.F.);
#8163=ORIENTED_EDGE('',*,*,#5810,.F.);
#8164=ORIENTED_EDGE('',*,*,#5811,.F.);
#8165=ORIENTED_EDGE('',*,*,#5812,.F.);
#8166=ORIENTED_EDGE('',*,*,#5813,.F.);
#8167=ORIENTED_EDGE('',*,*,#5814,.F.);
#8168=ORIENTED_EDGE('',*,*,#5815,.F.);
#8169=ORIENTED_EDGE('',*,*,#5816,.F.);
#8170=ORIENTED_EDGE('',*,*,#5817,.F.);
#8171=ORIENTED_EDGE('',*,*,#5818,.F.);
#8172=ORIENTED_EDGE('',*,*,#5819,.F.);
#8173=ORIENTED_EDGE('',*,*,#5820,.F.);
#8174=ORIENTED_EDGE('',*,*,#5821,.F.);
#8175=ORIENTED_EDGE('',*,*,#5822,.F.);
#8176=ORIENTED_EDGE('',*,*,#5823,.F.);
#8177=ORIENTED_EDGE('',*,*,#5824,.F.);
#8178=ORIENTED_EDGE('',*,*,#5825,.F.);
#8179=ORIENTED_EDGE('',*,*,#5826,.F.);
#8180=ORIENTED_EDGE('',*,*,#5827,.F.);
#8181=ORIENTED_EDGE('',*,*,#5828,.F.);
#8182=ORIENTED_EDGE('',*,*,#5829,.F.);
#8183=ORIENTED_EDGE('',*,*,#5830,.F.);
#8184=ORIENTED_EDGE('',*,*,#5831,.F.);
#8185=ORIENTED_EDGE('',*,*,#5832,.F.);
#8186=ORIENTED_EDGE('',*,*,#5833,.F.);
#8187=ORIENTED_EDGE('',*,*,#5834,.F.);
#8188=ORIENTED_EDGE('',*,*,#5835,.F.);
#8189=ORIENTED_EDGE('',*,*,#5836,.F.);
#8190=ORIENTED_EDGE('',*,*,#5837,.F.);
#8191=ORIENTED_EDGE('',*,*,#5838,.F.);
#8192=ORIENTED_EDGE('',*,*,#5839,.F.);
#8193=ORIENTED_EDGE('',*,*,#5840,.F.);
#8194=ORIENTED_EDGE('',*,*,#5841,.F.);
#8195=ORIENTED_EDGE('',*,*,#5842,.F.);
#8196=ORIENTED_EDGE('',*,*,#5843,.F.);
#8197=ORIENTED_EDGE('',*,*,#5844,.F.);
#8198=ORIENTED_EDGE('',*,*,#5845,.F.);
#8199=ORIENTED_EDGE('',*,*,#5846,.F.);
#8200=ORIENTED_EDGE('',*,*,#5847,.F.);
#8201=ORIENTED_EDGE('',*,*,#5848,.F.);
#8202=ORIENTED_EDGE('',*,*,#5849,.F.);
#8203=ORIENTED_EDGE('',*,*,#5850,.F.);
#8204=ORIENTED_EDGE('',*,*,#5851,.F.);
#8205=ORIENTED_EDGE('',*,*,#5852,.F.);
#8206=ORIENTED_EDGE('',*,*,#5853,.F.);
#8207=ORIENTED_EDGE('',*,*,#5854,.F.);
#8208=ORIENTED_EDGE('',*,*,#5855,.F.);
#8209=ORIENTED_EDGE('',*,*,#5856,.F.);
#8210=ORIENTED_EDGE('',*,*,#5857,.F.);
#8211=ORIENTED_EDGE('',*,*,#5858,.F.);
#8212=ORIENTED_EDGE('',*,*,#5859,.F.);
#8213=ORIENTED_EDGE('',*,*,#5860,.F.);
#8214=ORIENTED_EDGE('',*,*,#5861,.F.);
#8215=ORIENTED_EDGE('',*,*,#5862,.F.);
#8216=ORIENTED_EDGE('',*,*,#5863,.F.);
#8217=ORIENTED_EDGE('',*,*,#5864,.F.);
#8218=ORIENTED_EDGE('',*,*,#5865,.F.);
#8219=ORIENTED_EDGE('',*,*,#5866,.F.);
#8220=ORIENTED_EDGE('',*,*,#5867,.F.);
#8221=ORIENTED_EDGE('',*,*,#5868,.F.);
#8222=ORIENTED_EDGE('',*,*,#5869,.F.);
#8223=ORIENTED_EDGE('',*,*,#5870,.F.);
#8224=ORIENTED_EDGE('',*,*,#5871,.F.);
#8225=ORIENTED_EDGE('',*,*,#5267,.T.);
#8226=ORIENTED_EDGE('',*,*,#5463,.T.);
#8227=ORIENTED_EDGE('',*,*,#5460,.T.);
#8228=ORIENTED_EDGE('',*,*,#5457,.T.);
#8229=ORIENTED_EDGE('',*,*,#5454,.T.);
#8230=ORIENTED_EDGE('',*,*,#5451,.T.);
#8231=ORIENTED_EDGE('',*,*,#5448,.T.);
#8232=ORIENTED_EDGE('',*,*,#5445,.T.);
#8233=ORIENTED_EDGE('',*,*,#5442,.T.);
#8234=ORIENTED_EDGE('',*,*,#5439,.T.);
#8235=ORIENTED_EDGE('',*,*,#5436,.T.);
#8236=ORIENTED_EDGE('',*,*,#5433,.T.);
#8237=ORIENTED_EDGE('',*,*,#5430,.T.);
#8238=ORIENTED_EDGE('',*,*,#5427,.T.);
#8239=ORIENTED_EDGE('',*,*,#5424,.T.);
#8240=ORIENTED_EDGE('',*,*,#5421,.T.);
#8241=ORIENTED_EDGE('',*,*,#5418,.T.);
#8242=ORIENTED_EDGE('',*,*,#5415,.T.);
#8243=ORIENTED_EDGE('',*,*,#5412,.T.);
#8244=ORIENTED_EDGE('',*,*,#5409,.T.);
#8245=ORIENTED_EDGE('',*,*,#5406,.T.);
#8246=ORIENTED_EDGE('',*,*,#5403,.T.);
#8247=ORIENTED_EDGE('',*,*,#5400,.T.);
#8248=ORIENTED_EDGE('',*,*,#5397,.T.);
#8249=ORIENTED_EDGE('',*,*,#5394,.T.);
#8250=ORIENTED_EDGE('',*,*,#5391,.T.);
#8251=ORIENTED_EDGE('',*,*,#5388,.T.);
#8252=ORIENTED_EDGE('',*,*,#5385,.T.);
#8253=ORIENTED_EDGE('',*,*,#5382,.T.);
#8254=ORIENTED_EDGE('',*,*,#5379,.T.);
#8255=ORIENTED_EDGE('',*,*,#5376,.T.);
#8256=ORIENTED_EDGE('',*,*,#5373,.T.);
#8257=ORIENTED_EDGE('',*,*,#5370,.T.);
#8258=ORIENTED_EDGE('',*,*,#5367,.T.);
#8259=ORIENTED_EDGE('',*,*,#5364,.T.);
#8260=ORIENTED_EDGE('',*,*,#5361,.T.);
#8261=ORIENTED_EDGE('',*,*,#5358,.T.);
#8262=ORIENTED_EDGE('',*,*,#5355,.T.);
#8263=ORIENTED_EDGE('',*,*,#5352,.T.);
#8264=ORIENTED_EDGE('',*,*,#5349,.T.);
#8265=ORIENTED_EDGE('',*,*,#5346,.T.);
#8266=ORIENTED_EDGE('',*,*,#5343,.T.);
#8267=ORIENTED_EDGE('',*,*,#5340,.T.);
#8268=ORIENTED_EDGE('',*,*,#5337,.T.);
#8269=ORIENTED_EDGE('',*,*,#5334,.T.);
#8270=ORIENTED_EDGE('',*,*,#5331,.T.);
#8271=ORIENTED_EDGE('',*,*,#5328,.T.);
#8272=ORIENTED_EDGE('',*,*,#5325,.T.);
#8273=ORIENTED_EDGE('',*,*,#5322,.T.);
#8274=ORIENTED_EDGE('',*,*,#5319,.T.);
#8275=ORIENTED_EDGE('',*,*,#5316,.T.);
#8276=ORIENTED_EDGE('',*,*,#5313,.T.);
#8277=ORIENTED_EDGE('',*,*,#5310,.T.);
#8278=ORIENTED_EDGE('',*,*,#5307,.T.);
#8279=ORIENTED_EDGE('',*,*,#5304,.T.);
#8280=ORIENTED_EDGE('',*,*,#5301,.T.);
#8281=ORIENTED_EDGE('',*,*,#5298,.T.);
#8282=ORIENTED_EDGE('',*,*,#5295,.T.);
#8283=ORIENTED_EDGE('',*,*,#5292,.T.);
#8284=ORIENTED_EDGE('',*,*,#5289,.T.);
#8285=ORIENTED_EDGE('',*,*,#5286,.T.);
#8286=ORIENTED_EDGE('',*,*,#5283,.T.);
#8287=ORIENTED_EDGE('',*,*,#5280,.T.);
#8288=ORIENTED_EDGE('',*,*,#5277,.T.);
#8289=ORIENTED_EDGE('',*,*,#5274,.T.);
#8290=ORIENTED_EDGE('',*,*,#5271,.T.);
#8291=ORIENTED_EDGE('',*,*,#5243,.T.);
#8292=ORIENTED_EDGE('',*,*,#5265,.T.);
#8293=ORIENTED_EDGE('',*,*,#5262,.T.);
#8294=ORIENTED_EDGE('',*,*,#5259,.T.);
#8295=ORIENTED_EDGE('',*,*,#5256,.T.);
#8296=ORIENTED_EDGE('',*,*,#5253,.T.);
#8297=ORIENTED_EDGE('',*,*,#5250,.T.);
#8298=ORIENTED_EDGE('',*,*,#5247,.T.);
#8299=ORIENTED_EDGE('',*,*,#5192,.T.);
#8300=ORIENTED_EDGE('',*,*,#5241,.T.);
#8301=ORIENTED_EDGE('',*,*,#5238,.T.);
#8302=ORIENTED_EDGE('',*,*,#5235,.T.);
#8303=ORIENTED_EDGE('',*,*,#5232,.T.);
#8304=ORIENTED_EDGE('',*,*,#5229,.T.);
#8305=ORIENTED_EDGE('',*,*,#5226,.T.);
#8306=ORIENTED_EDGE('',*,*,#5223,.T.);
#8307=ORIENTED_EDGE('',*,*,#5220,.T.);
#8308=ORIENTED_EDGE('',*,*,#5217,.T.);
#8309=ORIENTED_EDGE('',*,*,#5214,.T.);
#8310=ORIENTED_EDGE('',*,*,#5211,.T.);
#8311=ORIENTED_EDGE('',*,*,#5208,.T.);
#8312=ORIENTED_EDGE('',*,*,#5205,.T.);
#8313=ORIENTED_EDGE('',*,*,#5202,.T.);
#8314=ORIENTED_EDGE('',*,*,#5199,.T.);
#8315=ORIENTED_EDGE('',*,*,#5196,.T.);
#8316=ORIENTED_EDGE('',*,*,#5057,.T.);
#8317=ORIENTED_EDGE('',*,*,#5145,.T.);
#8318=ORIENTED_EDGE('',*,*,#5142,.T.);
#8319=ORIENTED_EDGE('',*,*,#5139,.T.);
#8320=ORIENTED_EDGE('',*,*,#5136,.T.);
#8321=ORIENTED_EDGE('',*,*,#5133,.T.);
#8322=ORIENTED_EDGE('',*,*,#5130,.T.);
#8323=ORIENTED_EDGE('',*,*,#5127,.T.);
#8324=ORIENTED_EDGE('',*,*,#5124,.T.);
#8325=ORIENTED_EDGE('',*,*,#5121,.T.);
#8326=ORIENTED_EDGE('',*,*,#5118,.T.);
#8327=ORIENTED_EDGE('',*,*,#5115,.T.);
#8328=ORIENTED_EDGE('',*,*,#5112,.T.);
#8329=ORIENTED_EDGE('',*,*,#5109,.T.);
#8330=ORIENTED_EDGE('',*,*,#5106,.T.);
#8331=ORIENTED_EDGE('',*,*,#5103,.T.);
#8332=ORIENTED_EDGE('',*,*,#5100,.T.);
#8333=ORIENTED_EDGE('',*,*,#5097,.T.);
#8334=ORIENTED_EDGE('',*,*,#5094,.T.);
#8335=ORIENTED_EDGE('',*,*,#5091,.T.);
#8336=ORIENTED_EDGE('',*,*,#5088,.T.);
#8337=ORIENTED_EDGE('',*,*,#5085,.T.);
#8338=ORIENTED_EDGE('',*,*,#5082,.T.);
#8339=ORIENTED_EDGE('',*,*,#5079,.T.);
#8340=ORIENTED_EDGE('',*,*,#5076,.T.);
#8341=ORIENTED_EDGE('',*,*,#5073,.T.);
#8342=ORIENTED_EDGE('',*,*,#5070,.T.);
#8343=ORIENTED_EDGE('',*,*,#5067,.T.);
#8344=ORIENTED_EDGE('',*,*,#5064,.T.);
#8345=ORIENTED_EDGE('',*,*,#5061,.T.);
#8346=ORIENTED_EDGE('',*,*,#5021,.T.);
#8347=ORIENTED_EDGE('',*,*,#5055,.T.);
#8348=ORIENTED_EDGE('',*,*,#5052,.T.);
#8349=ORIENTED_EDGE('',*,*,#5049,.T.);
#8350=ORIENTED_EDGE('',*,*,#5046,.T.);
#8351=ORIENTED_EDGE('',*,*,#5043,.T.);
#8352=ORIENTED_EDGE('',*,*,#5040,.T.);
#8353=ORIENTED_EDGE('',*,*,#5037,.T.);
#8354=ORIENTED_EDGE('',*,*,#5034,.T.);
#8355=ORIENTED_EDGE('',*,*,#5031,.T.);
#8356=ORIENTED_EDGE('',*,*,#5028,.T.);
#8357=ORIENTED_EDGE('',*,*,#5025,.T.);
#8358=ORIENTED_EDGE('',*,*,#4943,.T.);
#8359=ORIENTED_EDGE('',*,*,#5019,.T.);
#8360=ORIENTED_EDGE('',*,*,#5016,.T.);
#8361=ORIENTED_EDGE('',*,*,#5013,.T.);
#8362=ORIENTED_EDGE('',*,*,#5010,.T.);
#8363=ORIENTED_EDGE('',*,*,#5007,.T.);
#8364=ORIENTED_EDGE('',*,*,#5004,.T.);
#8365=ORIENTED_EDGE('',*,*,#5001,.T.);
#8366=ORIENTED_EDGE('',*,*,#4998,.T.);
#8367=ORIENTED_EDGE('',*,*,#4995,.T.);
#8368=ORIENTED_EDGE('',*,*,#4992,.T.);
#8369=ORIENTED_EDGE('',*,*,#4989,.T.);
#8370=ORIENTED_EDGE('',*,*,#4986,.T.);
#8371=ORIENTED_EDGE('',*,*,#4983,.T.);
#8372=ORIENTED_EDGE('',*,*,#4980,.T.);
#8373=ORIENTED_EDGE('',*,*,#4977,.T.);
#8374=ORIENTED_EDGE('',*,*,#4974,.T.);
#8375=ORIENTED_EDGE('',*,*,#4971,.T.);
#8376=ORIENTED_EDGE('',*,*,#4968,.T.);
#8377=ORIENTED_EDGE('',*,*,#4965,.T.);
#8378=ORIENTED_EDGE('',*,*,#4962,.T.);
#8379=ORIENTED_EDGE('',*,*,#4959,.T.);
#8380=ORIENTED_EDGE('',*,*,#4956,.T.);
#8381=ORIENTED_EDGE('',*,*,#4953,.T.);
#8382=ORIENTED_EDGE('',*,*,#4950,.T.);
#8383=ORIENTED_EDGE('',*,*,#4947,.T.);
#8384=ORIENTED_EDGE('',*,*,#4814,.T.);
#8385=ORIENTED_EDGE('',*,*,#4863,.T.);
#8386=ORIENTED_EDGE('',*,*,#4860,.T.);
#8387=ORIENTED_EDGE('',*,*,#4857,.T.);
#8388=ORIENTED_EDGE('',*,*,#4854,.T.);
#8389=ORIENTED_EDGE('',*,*,#4851,.T.);
#8390=ORIENTED_EDGE('',*,*,#4848,.T.);
#8391=ORIENTED_EDGE('',*,*,#4845,.T.);
#8392=ORIENTED_EDGE('',*,*,#4842,.T.);
#8393=ORIENTED_EDGE('',*,*,#4839,.T.);
#8394=ORIENTED_EDGE('',*,*,#4836,.T.);
#8395=ORIENTED_EDGE('',*,*,#4833,.T.);
#8396=ORIENTED_EDGE('',*,*,#4830,.T.);
#8397=ORIENTED_EDGE('',*,*,#4827,.T.);
#8398=ORIENTED_EDGE('',*,*,#4824,.T.);
#8399=ORIENTED_EDGE('',*,*,#4821,.T.);
#8400=ORIENTED_EDGE('',*,*,#4818,.T.);
#8401=ORIENTED_EDGE('',*,*,#5872,.T.);
#8402=ORIENTED_EDGE('',*,*,#5856,.T.);
#8403=ORIENTED_EDGE('',*,*,#5873,.T.);
#8404=ORIENTED_EDGE('',*,*,#5735,.T.);
#8405=ORIENTED_EDGE('',*,*,#5872,.F.);
#8406=ORIENTED_EDGE('',*,*,#5737,.T.);
#8407=ORIENTED_EDGE('',*,*,#5874,.T.);
#8408=ORIENTED_EDGE('',*,*,#5857,.T.);
#8409=ORIENTED_EDGE('',*,*,#5875,.T.);
#8410=ORIENTED_EDGE('',*,*,#5858,.T.);
#8411=ORIENTED_EDGE('',*,*,#5874,.F.);
#8412=ORIENTED_EDGE('',*,*,#5739,.T.);
#8413=ORIENTED_EDGE('',*,*,#5875,.F.);
#8414=ORIENTED_EDGE('',*,*,#5740,.T.);
#8415=ORIENTED_EDGE('',*,*,#5876,.T.);
#8416=ORIENTED_EDGE('',*,*,#5859,.T.);
#8417=ORIENTED_EDGE('',*,*,#5877,.T.);
#8418=ORIENTED_EDGE('',*,*,#5860,.T.);
#8419=ORIENTED_EDGE('',*,*,#5876,.F.);
#8420=ORIENTED_EDGE('',*,*,#4674,.T.);
#8421=ORIENTED_EDGE('',*,*,#5877,.F.);
#8422=ORIENTED_EDGE('',*,*,#4677,.T.);
#8423=ORIENTED_EDGE('',*,*,#5878,.T.);
#8424=ORIENTED_EDGE('',*,*,#5861,.T.);
#8425=ORIENTED_EDGE('',*,*,#5879,.T.);
#8426=ORIENTED_EDGE('',*,*,#5862,.T.);
#8427=ORIENTED_EDGE('',*,*,#5878,.F.);
#8428=ORIENTED_EDGE('',*,*,#4679,.T.);
#8429=ORIENTED_EDGE('',*,*,#5879,.F.);
#8430=ORIENTED_EDGE('',*,*,#4681,.T.);
#8431=ORIENTED_EDGE('',*,*,#5880,.T.);
#8432=ORIENTED_EDGE('',*,*,#5863,.T.);
#8433=ORIENTED_EDGE('',*,*,#5881,.T.);
#8434=ORIENTED_EDGE('',*,*,#5864,.T.);
#8435=ORIENTED_EDGE('',*,*,#5880,.F.);
#8436=ORIENTED_EDGE('',*,*,#4683,.T.);
#8437=ORIENTED_EDGE('',*,*,#5881,.F.);
#8438=ORIENTED_EDGE('',*,*,#4685,.T.);
#8439=ORIENTED_EDGE('',*,*,#5882,.T.);
#8440=ORIENTED_EDGE('',*,*,#5865,.T.);
#8441=ORIENTED_EDGE('',*,*,#5883,.T.);
#8442=ORIENTED_EDGE('',*,*,#5866,.T.);
#8443=ORIENTED_EDGE('',*,*,#5882,.F.);
#8444=ORIENTED_EDGE('',*,*,#4687,.T.);
#8445=ORIENTED_EDGE('',*,*,#5883,.F.);
#8446=ORIENTED_EDGE('',*,*,#4689,.T.);
#8447=ORIENTED_EDGE('',*,*,#5884,.T.);
#8448=ORIENTED_EDGE('',*,*,#5867,.T.);
#8449=ORIENTED_EDGE('',*,*,#5885,.T.);
#8450=ORIENTED_EDGE('',*,*,#5868,.T.);
#8451=ORIENTED_EDGE('',*,*,#5884,.F.);
#8452=ORIENTED_EDGE('',*,*,#5652,.T.);
#8453=ORIENTED_EDGE('',*,*,#5885,.F.);
#8454=ORIENTED_EDGE('',*,*,#5729,.T.);
#8455=ORIENTED_EDGE('',*,*,#5886,.T.);
#8456=ORIENTED_EDGE('',*,*,#5869,.T.);
#8457=ORIENTED_EDGE('',*,*,#5887,.T.);
#8458=ORIENTED_EDGE('',*,*,#5870,.T.);
#8459=ORIENTED_EDGE('',*,*,#5886,.F.);
#8460=ORIENTED_EDGE('',*,*,#5731,.T.);
#8461=ORIENTED_EDGE('',*,*,#5887,.F.);
#8462=ORIENTED_EDGE('',*,*,#5733,.T.);
#8463=ORIENTED_EDGE('',*,*,#5873,.F.);
#8464=ORIENTED_EDGE('',*,*,#5871,.T.);
#8465=ORIENTED_EDGE('',*,*,#5888,.T.);
#8466=ORIENTED_EDGE('',*,*,#5794,.T.);
#8467=ORIENTED_EDGE('',*,*,#5889,.T.);
#8468=ORIENTED_EDGE('',*,*,#5890,.T.);
#8469=ORIENTED_EDGE('',*,*,#5888,.F.);
#8470=ORIENTED_EDGE('',*,*,#4665,.T.);
#8471=ORIENTED_EDGE('',*,*,#5891,.T.);
#8472=ORIENTED_EDGE('',*,*,#5795,.T.);
#8473=ORIENTED_EDGE('',*,*,#5892,.T.);
#8474=ORIENTED_EDGE('',*,*,#5796,.T.);
#8475=ORIENTED_EDGE('',*,*,#5891,.F.);
#8476=ORIENTED_EDGE('',*,*,#4668,.T.);
#8477=ORIENTED_EDGE('',*,*,#5892,.F.);
#8478=ORIENTED_EDGE('',*,*,#4670,.T.);
#8479=ORIENTED_EDGE('',*,*,#5893,.T.);
#8480=ORIENTED_EDGE('',*,*,#5797,.T.);
#8481=ORIENTED_EDGE('',*,*,#5894,.T.);
#8482=ORIENTED_EDGE('',*,*,#5798,.T.);
#8483=ORIENTED_EDGE('',*,*,#5893,.F.);
#8484=ORIENTED_EDGE('',*,*,#4672,.T.);
#8485=ORIENTED_EDGE('',*,*,#5894,.F.);
#8486=ORIENTED_EDGE('',*,*,#5763,.T.);
#8487=ORIENTED_EDGE('',*,*,#5895,.T.);
#8488=ORIENTED_EDGE('',*,*,#5799,.T.);
#8489=ORIENTED_EDGE('',*,*,#5896,.T.);
#8490=ORIENTED_EDGE('',*,*,#5800,.T.);
#8491=ORIENTED_EDGE('',*,*,#5895,.F.);
#8492=ORIENTED_EDGE('',*,*,#5765,.T.);
#8493=ORIENTED_EDGE('',*,*,#5896,.F.);
#8494=ORIENTED_EDGE('',*,*,#5767,.T.);
#8495=ORIENTED_EDGE('',*,*,#5889,.F.);
#8496=ORIENTED_EDGE('',*,*,#5801,.T.);
#8497=ORIENTED_EDGE('',*,*,#4642,.T.);
#8498=ORIENTED_EDGE('',*,*,#4666,.F.);
#8499=ORIENTED_EDGE('',*,*,#5890,.F.);
#8500=ORIENTED_EDGE('',*,*,#5766,.T.);
#8501=ORIENTED_EDGE('',*,*,#5897,.T.);
#8502=ORIENTED_EDGE('',*,*,#5848,.T.);
#8503=ORIENTED_EDGE('',*,*,#5898,.T.);
#8504=ORIENTED_EDGE('',*,*,#5669,.T.);
#8505=ORIENTED_EDGE('',*,*,#5897,.F.);
#8506=ORIENTED_EDGE('',*,*,#5899,.T.);
#8507=ORIENTED_EDGE('',*,*,#5900,.T.);
#8508=ORIENTED_EDGE('',*,*,#5849,.T.);
#8509=ORIENTED_EDGE('',*,*,#5901,.T.);
#8510=ORIENTED_EDGE('',*,*,#5850,.T.);
#8511=ORIENTED_EDGE('',*,*,#5900,.F.);
#8512=ORIENTED_EDGE('',*,*,#5654,.T.);
#8513=ORIENTED_EDGE('',*,*,#5901,.F.);
#8514=ORIENTED_EDGE('',*,*,#5902,.T.);
#8515=ORIENTED_EDGE('',*,*,#5903,.T.);
#8516=ORIENTED_EDGE('',*,*,#5851,.T.);
#8517=ORIENTED_EDGE('',*,*,#5904,.T.);
#8518=ORIENTED_EDGE('',*,*,#5852,.T.);
#8519=ORIENTED_EDGE('',*,*,#5903,.F.);
#8520=ORIENTED_EDGE('',*,*,#5905,.T.);
#8521=ORIENTED_EDGE('',*,*,#5904,.F.);
#8522=ORIENTED_EDGE('',*,*,#5906,.T.);
#8523=ORIENTED_EDGE('',*,*,#5907,.T.);
#8524=ORIENTED_EDGE('',*,*,#5853,.T.);
#8525=ORIENTED_EDGE('',*,*,#5908,.T.);
#8526=ORIENTED_EDGE('',*,*,#5854,.T.);
#8527=ORIENTED_EDGE('',*,*,#5907,.F.);
#8528=ORIENTED_EDGE('',*,*,#5718,.T.);
#8529=ORIENTED_EDGE('',*,*,#5908,.F.);
#8530=ORIENTED_EDGE('',*,*,#5720,.T.);
#8531=ORIENTED_EDGE('',*,*,#5898,.F.);
#8532=ORIENTED_EDGE('',*,*,#5855,.T.);
#8533=ORIENTED_EDGE('',*,*,#4606,.T.);
#8534=ORIENTED_EDGE('',*,*,#5909,.T.);
#8535=ORIENTED_EDGE('',*,*,#5902,.F.);
#8536=ORIENTED_EDGE('',*,*,#5653,.T.);
#8537=ORIENTED_EDGE('',*,*,#4608,.T.);
#8538=ORIENTED_EDGE('',*,*,#5655,.T.);
#8539=ORIENTED_EDGE('',*,*,#5899,.F.);
#8540=ORIENTED_EDGE('',*,*,#5668,.T.);
#8541=ORIENTED_EDGE('',*,*,#5568,.T.);
#8542=ORIENTED_EDGE('',*,*,#5657,.T.);
#8543=ORIENTED_EDGE('',*,*,#5910,.T.);
#8544=ORIENTED_EDGE('',*,*,#5911,.T.);
#8545=ORIENTED_EDGE('',*,*,#5802,.T.);
#8546=ORIENTED_EDGE('',*,*,#5912,.T.);
#8547=ORIENTED_EDGE('',*,*,#5911,.F.);
#8548=ORIENTED_EDGE('',*,*,#5913,.T.);
#8549=ORIENTED_EDGE('',*,*,#5914,.T.);
#8550=ORIENTED_EDGE('',*,*,#5803,.T.);
#8551=ORIENTED_EDGE('',*,*,#5915,.T.);
#8552=ORIENTED_EDGE('',*,*,#5804,.T.);
#8553=ORIENTED_EDGE('',*,*,#5914,.F.);
#8554=ORIENTED_EDGE('',*,*,#5916,.T.);
#8555=ORIENTED_EDGE('',*,*,#5915,.F.);
#8556=ORIENTED_EDGE('',*,*,#5917,.T.);
#8557=ORIENTED_EDGE('',*,*,#5918,.T.);
#8558=ORIENTED_EDGE('',*,*,#5805,.T.);
#8559=ORIENTED_EDGE('',*,*,#5919,.T.);
#8560=ORIENTED_EDGE('',*,*,#5806,.T.);
#8561=ORIENTED_EDGE('',*,*,#5918,.F.);
#8562=ORIENTED_EDGE('',*,*,#5672,.T.);
#8563=ORIENTED_EDGE('',*,*,#5919,.F.);
#8564=ORIENTED_EDGE('',*,*,#5920,.T.);
#8565=ORIENTED_EDGE('',*,*,#5921,.T.);
#8566=ORIENTED_EDGE('',*,*,#5807,.T.);
#8567=ORIENTED_EDGE('',*,*,#5808,.T.);
#8568=ORIENTED_EDGE('',*,*,#5921,.F.);
#8569=ORIENTED_EDGE('',*,*,#5922,.T.);
#8570=ORIENTED_EDGE('',*,*,#5912,.F.);
#8571=ORIENTED_EDGE('',*,*,#4595,.T.);
#8572=ORIENTED_EDGE('',*,*,#5673,.T.);
#8573=ORIENTED_EDGE('',*,*,#5917,.F.);
#8574=ORIENTED_EDGE('',*,*,#5923,.T.);
#8575=ORIENTED_EDGE('',*,*,#4596,.T.);
#8576=ORIENTED_EDGE('',*,*,#5923,.F.);
#8577=ORIENTED_EDGE('',*,*,#5916,.F.);
#8578=ORIENTED_EDGE('',*,*,#5924,.T.);
#8579=ORIENTED_EDGE('',*,*,#4597,.T.);
#8580=ORIENTED_EDGE('',*,*,#5924,.F.);
#8581=ORIENTED_EDGE('',*,*,#5913,.F.);
#8582=ORIENTED_EDGE('',*,*,#5925,.T.);
#8583=ORIENTED_EDGE('',*,*,#4598,.T.);
#8584=ORIENTED_EDGE('',*,*,#5925,.F.);
#8585=ORIENTED_EDGE('',*,*,#5910,.F.);
#8586=ORIENTED_EDGE('',*,*,#5926,.F.);
#8587=ORIENTED_EDGE('',*,*,#4696,.T.);
#8588=ORIENTED_EDGE('',*,*,#5927,.T.);
#8589=ORIENTED_EDGE('',*,*,#5841,.T.);
#8590=ORIENTED_EDGE('',*,*,#5928,.T.);
#8591=ORIENTED_EDGE('',*,*,#5927,.F.);
#8592=ORIENTED_EDGE('',*,*,#4698,.T.);
#8593=ORIENTED_EDGE('',*,*,#5929,.T.);
#8594=ORIENTED_EDGE('',*,*,#5842,.T.);
#8595=ORIENTED_EDGE('',*,*,#5930,.T.);
#8596=ORIENTED_EDGE('',*,*,#5843,.T.);
#8597=ORIENTED_EDGE('',*,*,#5929,.F.);
#8598=ORIENTED_EDGE('',*,*,#4700,.T.);
#8599=ORIENTED_EDGE('',*,*,#5930,.F.);
#8600=ORIENTED_EDGE('',*,*,#4702,.T.);
#8601=ORIENTED_EDGE('',*,*,#5931,.T.);
#8602=ORIENTED_EDGE('',*,*,#5844,.T.);
#8603=ORIENTED_EDGE('',*,*,#5932,.T.);
#8604=ORIENTED_EDGE('',*,*,#5845,.T.);
#8605=ORIENTED_EDGE('',*,*,#5931,.F.);
#8606=ORIENTED_EDGE('',*,*,#5674,.T.);
#8607=ORIENTED_EDGE('',*,*,#5932,.F.);
#8608=ORIENTED_EDGE('',*,*,#4691,.T.);
#8609=ORIENTED_EDGE('',*,*,#5933,.T.);
#8610=ORIENTED_EDGE('',*,*,#5846,.T.);
#8611=ORIENTED_EDGE('',*,*,#5847,.T.);
#8612=ORIENTED_EDGE('',*,*,#5933,.F.);
#8613=ORIENTED_EDGE('',*,*,#4694,.T.);
#8614=ORIENTED_EDGE('',*,*,#5928,.F.);
#8615=ORIENTED_EDGE('',*,*,#5934,.T.);
#8616=ORIENTED_EDGE('',*,*,#5809,.T.);
#8617=ORIENTED_EDGE('',*,*,#5935,.T.);
#8618=ORIENTED_EDGE('',*,*,#4707,.T.);
#8619=ORIENTED_EDGE('',*,*,#5934,.F.);
#8620=ORIENTED_EDGE('',*,*,#4709,.T.);
#8621=ORIENTED_EDGE('',*,*,#5936,.T.);
#8622=ORIENTED_EDGE('',*,*,#5810,.T.);
#8623=ORIENTED_EDGE('',*,*,#5937,.T.);
#8624=ORIENTED_EDGE('',*,*,#5811,.T.);
#8625=ORIENTED_EDGE('',*,*,#5936,.F.);
#8626=ORIENTED_EDGE('',*,*,#4711,.T.);
#8627=ORIENTED_EDGE('',*,*,#5937,.F.);
#8628=ORIENTED_EDGE('',*,*,#4713,.T.);
#8629=ORIENTED_EDGE('',*,*,#5938,.T.);
#8630=ORIENTED_EDGE('',*,*,#5812,.T.);
#8631=ORIENTED_EDGE('',*,*,#5939,.T.);
#8632=ORIENTED_EDGE('',*,*,#5813,.T.);
#8633=ORIENTED_EDGE('',*,*,#5938,.F.);
#8634=ORIENTED_EDGE('',*,*,#4715,.T.);
#8635=ORIENTED_EDGE('',*,*,#5939,.F.);
#8636=ORIENTED_EDGE('',*,*,#4717,.T.);
#8637=ORIENTED_EDGE('',*,*,#5940,.T.);
#8638=ORIENTED_EDGE('',*,*,#5814,.T.);
#8639=ORIENTED_EDGE('',*,*,#5941,.T.);
#8640=ORIENTED_EDGE('',*,*,#5815,.T.);
#8641=ORIENTED_EDGE('',*,*,#5940,.F.);
#8642=ORIENTED_EDGE('',*,*,#5675,.T.);
#8643=ORIENTED_EDGE('',*,*,#5941,.F.);
#8644=ORIENTED_EDGE('',*,*,#4704,.T.);
#8645=ORIENTED_EDGE('',*,*,#5935,.F.);
#8646=ORIENTED_EDGE('',*,*,#5816,.T.);
#8647=ORIENTED_EDGE('',*,*,#5942,.T.);
#8648=ORIENTED_EDGE('',*,*,#5833,.T.);
#8649=ORIENTED_EDGE('',*,*,#5943,.T.);
#8650=ORIENTED_EDGE('',*,*,#5724,.T.);
#8651=ORIENTED_EDGE('',*,*,#5942,.F.);
#8652=ORIENTED_EDGE('',*,*,#5726,.T.);
#8653=ORIENTED_EDGE('',*,*,#5944,.T.);
#8654=ORIENTED_EDGE('',*,*,#5834,.T.);
#8655=ORIENTED_EDGE('',*,*,#5945,.T.);
#8656=ORIENTED_EDGE('',*,*,#5835,.T.);
#8657=ORIENTED_EDGE('',*,*,#5944,.F.);
#8658=ORIENTED_EDGE('',*,*,#5727,.T.);
#8659=ORIENTED_EDGE('',*,*,#5945,.F.);
#8660=ORIENTED_EDGE('',*,*,#4656,.T.);
#8661=ORIENTED_EDGE('',*,*,#5946,.T.);
#8662=ORIENTED_EDGE('',*,*,#5836,.T.);
#8663=ORIENTED_EDGE('',*,*,#5947,.T.);
#8664=ORIENTED_EDGE('',*,*,#5837,.T.);
#8665=ORIENTED_EDGE('',*,*,#5946,.F.);
#8666=ORIENTED_EDGE('',*,*,#4659,.T.);
#8667=ORIENTED_EDGE('',*,*,#5947,.F.);
#8668=ORIENTED_EDGE('',*,*,#4661,.T.);
#8669=ORIENTED_EDGE('',*,*,#5948,.T.);
#8670=ORIENTED_EDGE('',*,*,#5838,.T.);
#8671=ORIENTED_EDGE('',*,*,#5949,.T.);
#8672=ORIENTED_EDGE('',*,*,#5839,.T.);
#8673=ORIENTED_EDGE('',*,*,#5948,.F.);
#8674=ORIENTED_EDGE('',*,*,#4663,.T.);
#8675=ORIENTED_EDGE('',*,*,#5949,.F.);
#8676=ORIENTED_EDGE('',*,*,#5722,.T.);
#8677=ORIENTED_EDGE('',*,*,#5943,.F.);
#8678=ORIENTED_EDGE('',*,*,#5840,.T.);
#8679=ORIENTED_EDGE('',*,*,#5950,.T.);
#8680=ORIENTED_EDGE('',*,*,#4728,.T.);
#8681=ORIENTED_EDGE('',*,*,#5951,.T.);
#8682=ORIENTED_EDGE('',*,*,#5817,.T.);
#8683=ORIENTED_EDGE('',*,*,#5950,.F.);
#8684=ORIENTED_EDGE('',*,*,#5824,.T.);
#8685=ORIENTED_EDGE('',*,*,#5952,.T.);
#8686=ORIENTED_EDGE('',*,*,#4726,.T.);
#8687=ORIENTED_EDGE('',*,*,#5953,.T.);
#8688=ORIENTED_EDGE('',*,*,#4724,.T.);
#8689=ORIENTED_EDGE('',*,*,#5952,.F.);
#8690=ORIENTED_EDGE('',*,*,#5823,.T.);
#8691=ORIENTED_EDGE('',*,*,#5953,.F.);
#8692=ORIENTED_EDGE('',*,*,#5822,.T.);
#8693=ORIENTED_EDGE('',*,*,#5954,.T.);
#8694=ORIENTED_EDGE('',*,*,#4722,.T.);
#8695=ORIENTED_EDGE('',*,*,#5955,.T.);
#8696=ORIENTED_EDGE('',*,*,#4719,.T.);
#8697=ORIENTED_EDGE('',*,*,#5954,.F.);
#8698=ORIENTED_EDGE('',*,*,#5821,.T.);
#8699=ORIENTED_EDGE('',*,*,#5955,.F.);
#8700=ORIENTED_EDGE('',*,*,#5820,.T.);
#8701=ORIENTED_EDGE('',*,*,#5956,.T.);
#8702=ORIENTED_EDGE('',*,*,#5676,.T.);
#8703=ORIENTED_EDGE('',*,*,#5957,.T.);
#8704=ORIENTED_EDGE('',*,*,#4732,.T.);
#8705=ORIENTED_EDGE('',*,*,#5956,.F.);
#8706=ORIENTED_EDGE('',*,*,#5819,.T.);
#8707=ORIENTED_EDGE('',*,*,#5957,.F.);
#8708=ORIENTED_EDGE('',*,*,#5818,.T.);
#8709=ORIENTED_EDGE('',*,*,#5951,.F.);
#8710=ORIENTED_EDGE('',*,*,#4730,.T.);
#8711=ORIENTED_EDGE('',*,*,#5958,.T.);
#8712=ORIENTED_EDGE('',*,*,#5825,.T.);
#8713=ORIENTED_EDGE('',*,*,#5959,.T.);
#8714=ORIENTED_EDGE('',*,*,#4785,.T.);
#8715=ORIENTED_EDGE('',*,*,#5958,.F.);
#8716=ORIENTED_EDGE('',*,*,#4787,.T.);
#8717=ORIENTED_EDGE('',*,*,#5960,.T.);
#8718=ORIENTED_EDGE('',*,*,#5826,.T.);
#8719=ORIENTED_EDGE('',*,*,#5961,.T.);
#8720=ORIENTED_EDGE('',*,*,#5827,.T.);
#8721=ORIENTED_EDGE('',*,*,#5960,.F.);
#8722=ORIENTED_EDGE('',*,*,#4789,.T.);
#8723=ORIENTED_EDGE('',*,*,#5961,.F.);
#8724=ORIENTED_EDGE('',*,*,#5662,.T.);
#8725=ORIENTED_EDGE('',*,*,#5962,.T.);
#8726=ORIENTED_EDGE('',*,*,#5828,.T.);
#8727=ORIENTED_EDGE('',*,*,#5963,.T.);
#8728=ORIENTED_EDGE('',*,*,#5829,.T.);
#8729=ORIENTED_EDGE('',*,*,#5962,.F.);
#8730=ORIENTED_EDGE('',*,*,#5677,.T.);
#8731=ORIENTED_EDGE('',*,*,#5963,.F.);
#8732=ORIENTED_EDGE('',*,*,#4778,.T.);
#8733=ORIENTED_EDGE('',*,*,#5964,.T.);
#8734=ORIENTED_EDGE('',*,*,#5830,.T.);
#8735=ORIENTED_EDGE('',*,*,#5965,.T.);
#8736=ORIENTED_EDGE('',*,*,#5831,.T.);
#8737=ORIENTED_EDGE('',*,*,#5964,.F.);
#8738=ORIENTED_EDGE('',*,*,#4781,.T.);
#8739=ORIENTED_EDGE('',*,*,#5965,.F.);
#8740=ORIENTED_EDGE('',*,*,#4783,.T.);
#8741=ORIENTED_EDGE('',*,*,#5959,.F.);
#8742=ORIENTED_EDGE('',*,*,#5832,.T.);
#8743=ORIENTED_EDGE('',*,*,#4605,.T.);
#8744=ORIENTED_EDGE('',*,*,#5966,.F.);
#8745=ORIENTED_EDGE('',*,*,#5905,.F.);
#8746=ORIENTED_EDGE('',*,*,#5909,.F.);
#8747=ORIENTED_EDGE('',*,*,#4604,.T.);
#8748=ORIENTED_EDGE('',*,*,#5719,.T.);
#8749=ORIENTED_EDGE('',*,*,#5906,.F.);
#8750=ORIENTED_EDGE('',*,*,#5966,.T.);
#8751=ORIENTED_EDGE('',*,*,#4600,.T.);
#8752=ORIENTED_EDGE('',*,*,#5967,.F.);
#8753=ORIENTED_EDGE('',*,*,#5920,.F.);
#8754=ORIENTED_EDGE('',*,*,#5671,.F.);
#8755=ORIENTED_EDGE('',*,*,#4599,.T.);
#8756=ORIENTED_EDGE('',*,*,#5926,.T.);
#8757=ORIENTED_EDGE('',*,*,#5922,.F.);
#8758=ORIENTED_EDGE('',*,*,#5967,.T.);
#8759=ORIENTED_EDGE('',*,*,#5776,.F.);
#8760=ORIENTED_EDGE('',*,*,#5968,.T.);
#8761=ORIENTED_EDGE('',*,*,#5493,.T.);
#8762=ORIENTED_EDGE('',*,*,#5969,.T.);
#8763=ORIENTED_EDGE('',*,*,#5779,.F.);
#8764=ORIENTED_EDGE('',*,*,#5970,.F.);
#8765=ORIENTED_EDGE('',*,*,#5494,.F.);
#8766=ORIENTED_EDGE('',*,*,#5968,.F.);
#8767=ORIENTED_EDGE('',*,*,#5782,.F.);
#8768=ORIENTED_EDGE('',*,*,#5485,.T.);
#8769=ORIENTED_EDGE('',*,*,#5495,.T.);
#8770=ORIENTED_EDGE('',*,*,#5970,.T.);
#8771=ORIENTED_EDGE('',*,*,#5773,.F.);
#8772=ORIENTED_EDGE('',*,*,#5969,.F.);
#8773=ORIENTED_EDGE('',*,*,#5492,.F.);
#8774=ORIENTED_EDGE('',*,*,#5793,.F.);
#8775=PLANE('',#9492);
#8776=PLANE('',#9539);
#8777=PLANE('',#9542);
#8778=PLANE('',#9545);
#8779=PLANE('',#9548);
#8780=PLANE('',#9549);
#8781=PLANE('',#9552);
#8782=PLANE('',#9555);
#8783=PLANE('',#9558);
#8784=PLANE('',#9563);
#8785=PLANE('',#9564);
#8786=PLANE('',#9567);
#8787=PLANE('',#9572);
#8788=PLANE('',#9575);
#8789=PLANE('',#9578);
#8790=PLANE('',#9583);
#8791=PLANE('',#9586);
#8792=PLANE('',#9589);
#8793=PLANE('',#9592);
#8794=PLANE('',#9599);
#8795=PLANE('',#9606);
#8796=PLANE('',#9613);
#8797=PLANE('',#9622);
#8798=PLANE('',#9625);
#8799=PLANE('',#9628);
#8800=PLANE('',#9653);
#8801=PLANE('',#9654);
#8802=PLANE('',#9655);
#8803=PLANE('',#9656);
#8804=PLANE('',#9657);
#8805=PLANE('',#9658);
#8806=PLANE('',#9659);
#8807=PLANE('',#9660);
#8808=PLANE('',#9661);
#8809=PLANE('',#9662);
#8810=PLANE('',#9663);
#8811=PLANE('',#9664);
#8812=PLANE('',#9665);
#8813=PLANE('',#9666);
#8814=PLANE('',#9667);
#8815=PLANE('',#9668);
#8816=PLANE('',#9669);
#8817=PLANE('',#9670);
#8818=PLANE('',#9671);
#8819=PLANE('',#9672);
#8820=PLANE('',#9673);
#8821=PLANE('',#9674);
#8822=PLANE('',#9675);
#8823=PLANE('',#9676);
#8824=PLANE('',#9677);
#8825=PLANE('',#9678);
#8826=PLANE('',#9679);
#8827=PLANE('',#9680);
#8828=PLANE('',#9681);
#8829=PLANE('',#9682);
#8830=PLANE('',#9683);
#8831=PLANE('',#9684);
#8832=PLANE('',#9685);
#8833=PLANE('',#9686);
#8834=PLANE('',#9687);
#8835=PLANE('',#9688);
#8836=PLANE('',#9689);
#8837=PLANE('',#9690);
#8838=PLANE('',#9691);
#8839=PLANE('',#9692);
#8840=PLANE('',#9693);
#8841=PLANE('',#9694);
#8842=PLANE('',#9695);
#8843=PLANE('',#9696);
#8844=PLANE('',#9697);
#8845=PLANE('',#9698);
#8846=PLANE('',#9699);
#8847=PLANE('',#9700);
#8848=PLANE('',#9701);
#8849=PLANE('',#9702);
#8850=PLANE('',#9703);
#8851=PLANE('',#9704);
#8852=PLANE('',#9705);
#8853=PLANE('',#9706);
#8854=PLANE('',#9707);
#8855=PLANE('',#9708);
#8856=PLANE('',#9709);
#8857=PLANE('',#9710);
#8858=PLANE('',#9711);
#8859=PLANE('',#9712);
#8860=PLANE('',#9713);
#8861=PLANE('',#9714);
#8862=PLANE('',#9715);
#8863=PLANE('',#9716);
#8864=PLANE('',#9717);
#8865=PLANE('',#9718);
#8866=PLANE('',#9722);
#8867=PLANE('',#9723);
#8868=PLANE('',#9727);
#8869=PLANE('',#9728);
#8870=PLANE('',#9729);
#8871=PLANE('',#9730);
#8872=PLANE('',#9786);
#8873=PLANE('',#9789);
#8874=PLANE('',#9794);
#8875=PLANE('',#9797);
#8876=PLANE('',#9800);
#8877=PLANE('',#9803);
#8878=PLANE('',#9806);
#8879=PLANE('',#9809);
#8880=PLANE('',#9812);
#8881=PLANE('',#9815);
#8882=PLANE('',#9826);
#8883=PLANE('',#9827);
#8884=PLANE('',#9828);
#8885=PLANE('',#9829);
#8886=PLANE('',#9830);
#8887=PLANE('',#9831);
#8888=PLANE('',#9832);
#8889=PLANE('',#9833);
#8890=PLANE('',#9834);
#8891=PLANE('',#9839);
#8892=PLANE('',#9840);
#8893=PLANE('',#9841);
#8894=PLANE('',#9842);
#8895=PLANE('',#9843);
#8896=PLANE('',#9844);
#8897=PLANE('',#9851);
#8898=PLANE('',#9853);
#8899=PLANE('',#9864);
#8900=PLANE('',#9866);
#8901=PLANE('',#9868);
#8902=PLANE('',#9871);
#8903=PLANE('',#9874);
#8904=PLANE('',#9875);
#8905=PLANE('',#9876);
#8906=PLANE('',#9877);
#8907=PLANE('',#9878);
#8908=PLANE('',#9879);
#8909=PLANE('',#9880);
#8910=PLANE('',#9885);
#8911=PLANE('',#9888);
#8912=PLANE('',#9891);
#8913=PLANE('',#9894);
#8914=PLANE('',#9897);
#8915=PLANE('',#9901);
#8916=PLANE('',#9908);
#8917=PLANE('',#9910);
#8918=PLANE('',#9912);
#8919=PLANE('',#9915);
#8920=PLANE('',#9918);
#8921=PLANE('',#9921);
#8922=PLANE('',#9924);
#8923=PLANE('',#9927);
#8924=PLANE('',#9929);
#8925=PLANE('',#9933);
#8926=PLANE('',#9961);
#8927=PLANE('',#9963);
#8928=PLANE('',#10002);
#8929=PLANE('',#10004);
#8930=PLANE('',#10006);
#8931=PLANE('',#10008);
#8932=PLANE('',#10010);
#8933=PLANE('',#10012);
#8934=PLANE('',#10014);
#8935=PLANE('',#10016);
#8936=PLANE('',#10018);
#8937=PLANE('',#10020);
#8938=PLANE('',#10022);
#8939=PLANE('',#10024);
#8940=PLANE('',#10026);
#8941=PLANE('',#10027);
#8942=PLANE('',#10030);
#8943=PLANE('',#10033);
#8944=PLANE('',#10036);
#8945=PLANE('',#10040);
#8946=PLANE('',#10043);
#8947=PLANE('',#10046);
#8948=PLANE('',#10049);
#8949=PLANE('',#10051);
#8950=PLANE('',#10053);
#8951=PLANE('',#10054);
#8952=PLANE('',#10056);
#8953=PLANE('',#10058);
#8954=PLANE('',#10060);
#8955=PLANE('',#10061);
#8956=PLANE('',#10063);
#8957=PLANE('',#10065);
#8958=PLANE('',#10067);
#8959=PLANE('',#10069);
#8960=PLANE('',#10071);
#8961=PLANE('',#10073);
#8962=PLANE('',#10075);
#8963=PLANE('',#10078);
#8964=PLANE('',#10080);
#8965=PLANE('',#10082);
#8966=PLANE('',#10084);
#8967=PLANE('',#10085);
#8968=PLANE('',#10087);
#8969=PLANE('',#10089);
#8970=PLANE('',#10091);
#8971=PLANE('',#10093);
#8972=PLANE('',#10096);
#8973=PLANE('',#10098);
#8974=PLANE('',#10100);
#8975=ADVANCED_FACE('',(#686,#650,#651,#652),#8775,.T.);
#8976=ADVANCED_FACE('',(#687),#546,.F.);
#8977=ADVANCED_FACE('',(#688),#8776,.T.);
#8978=ADVANCED_FACE('',(#689),#547,.F.);
#8979=ADVANCED_FACE('',(#690),#8777,.T.);
#8980=ADVANCED_FACE('',(#691),#548,.F.);
#8981=ADVANCED_FACE('',(#692),#8778,.T.);
#8982=ADVANCED_FACE('',(#693),#549,.F.);
#8983=ADVANCED_FACE('',(#694),#8779,.T.);
#8984=ADVANCED_FACE('',(#695),#8780,.T.);
#8985=ADVANCED_FACE('',(#696),#550,.F.);
#8986=ADVANCED_FACE('',(#697),#8781,.T.);
#8987=ADVANCED_FACE('',(#698),#551,.T.);
#8988=ADVANCED_FACE('',(#699),#8782,.T.);
#8989=ADVANCED_FACE('',(#700),#552,.F.);
#8990=ADVANCED_FACE('',(#701),#8783,.T.);
#8991=ADVANCED_FACE('',(#702),#553,.F.);
#8992=ADVANCED_FACE('',(#703),#554,.F.);
#8993=ADVANCED_FACE('',(#704),#8784,.T.);
#8994=ADVANCED_FACE('',(#705),#8785,.T.);
#8995=ADVANCED_FACE('',(#706),#555,.F.);
#8996=ADVANCED_FACE('',(#707),#8786,.T.);
#8997=ADVANCED_FACE('',(#708),#556,.F.);
#8998=ADVANCED_FACE('',(#709),#557,.F.);
#8999=ADVANCED_FACE('',(#710),#8787,.T.);
#9000=ADVANCED_FACE('',(#711),#558,.F.);
#9001=ADVANCED_FACE('',(#712),#8788,.T.);
#9002=ADVANCED_FACE('',(#713),#559,.F.);
#9003=ADVANCED_FACE('',(#714),#8789,.T.);
#9004=ADVANCED_FACE('',(#715),#560,.F.);
#9005=ADVANCED_FACE('',(#716),#561,.F.);
#9006=ADVANCED_FACE('',(#717),#8790,.T.);
#9007=ADVANCED_FACE('',(#718),#562,.F.);
#9008=ADVANCED_FACE('',(#719),#8791,.T.);
#9009=ADVANCED_FACE('',(#720),#563,.F.);
#9010=ADVANCED_FACE('',(#721),#8792,.T.);
#9011=ADVANCED_FACE('',(#722),#564,.F.);
#9012=ADVANCED_FACE('',(#723,#653),#8793,.T.);
#9013=ADVANCED_FACE('',(#724,#654),#8794,.T.);
#9014=ADVANCED_FACE('',(#725,#655),#8795,.T.);
#9015=ADVANCED_FACE('',(#726,#656),#8796,.T.);
#9016=ADVANCED_FACE('',(#727),#565,.F.);
#9017=ADVANCED_FACE('',(#728),#8797,.T.);
#9018=ADVANCED_FACE('',(#729),#566,.F.);
#9019=ADVANCED_FACE('',(#730),#8798,.T.);
#9020=ADVANCED_FACE('',(#731),#567,.F.);
#9021=ADVANCED_FACE('',(#732),#8799,.T.);
#9022=ADVANCED_FACE('',(#733),#499,.F.);
#9023=ADVANCED_FACE('',(#734),#568,.F.);
#9024=ADVANCED_FACE('',(#735),#500,.F.);
#9025=ADVANCED_FACE('',(#736),#569,.F.);
#9026=ADVANCED_FACE('',(#737),#501,.F.);
#9027=ADVANCED_FACE('',(#738),#570,.F.);
#9028=ADVANCED_FACE('',(#739),#502,.F.);
#9029=ADVANCED_FACE('',(#740),#571,.F.);
#9030=ADVANCED_FACE('',(#741),#503,.F.);
#9031=ADVANCED_FACE('',(#742),#572,.F.);
#9032=ADVANCED_FACE('',(#743),#504,.F.);
#9033=ADVANCED_FACE('',(#744),#573,.F.);
#9034=ADVANCED_FACE('',(#745),#505,.F.);
#9035=ADVANCED_FACE('',(#746),#574,.F.);
#9036=ADVANCED_FACE('',(#747),#339,.F.);
#9037=ADVANCED_FACE('',(#748),#8800,.F.);
#9038=ADVANCED_FACE('',(#749),#8801,.F.);
#9039=ADVANCED_FACE('',(#750),#8802,.F.);
#9040=ADVANCED_FACE('',(#751),#340,.F.);
#9041=ADVANCED_FACE('',(#752),#341,.F.);
#9042=ADVANCED_FACE('',(#753),#8803,.F.);
#9043=ADVANCED_FACE('',(#754),#8804,.F.);
#9044=ADVANCED_FACE('',(#755),#8805,.F.);
#9045=ADVANCED_FACE('',(#756),#8806,.F.);
#9046=ADVANCED_FACE('',(#757),#8807,.F.);
#9047=ADVANCED_FACE('',(#758),#8808,.F.);
#9048=ADVANCED_FACE('',(#759),#8809,.F.);
#9049=ADVANCED_FACE('',(#760),#8810,.F.);
#9050=ADVANCED_FACE('',(#761),#8811,.F.);
#9051=ADVANCED_FACE('',(#762),#8812,.F.);
#9052=ADVANCED_FACE('',(#763),#342,.F.);
#9053=ADVANCED_FACE('',(#764),#8813,.T.);
#9054=ADVANCED_FACE('',(#765),#343,.F.);
#9055=ADVANCED_FACE('',(#766),#344,.F.);
#9056=ADVANCED_FACE('',(#767),#345,.F.);
#9057=ADVANCED_FACE('',(#768),#346,.F.);
#9058=ADVANCED_FACE('',(#769),#347,.F.);
#9059=ADVANCED_FACE('',(#770),#8814,.F.);
#9060=ADVANCED_FACE('',(#771),#348,.F.);
#9061=ADVANCED_FACE('',(#772),#349,.F.);
#9062=ADVANCED_FACE('',(#773),#350,.F.);
#9063=ADVANCED_FACE('',(#774),#351,.F.);
#9064=ADVANCED_FACE('',(#775),#352,.F.);
#9065=ADVANCED_FACE('',(#776),#353,.F.);
#9066=ADVANCED_FACE('',(#777),#354,.F.);
#9067=ADVANCED_FACE('',(#778),#355,.F.);
#9068=ADVANCED_FACE('',(#779),#356,.F.);
#9069=ADVANCED_FACE('',(#780),#357,.F.);
#9070=ADVANCED_FACE('',(#781),#358,.F.);
#9071=ADVANCED_FACE('',(#782),#359,.F.);
#9072=ADVANCED_FACE('',(#783),#8815,.F.);
#9073=ADVANCED_FACE('',(#784),#360,.F.);
#9074=ADVANCED_FACE('',(#785),#361,.F.);
#9075=ADVANCED_FACE('',(#786),#362,.F.);
#9076=ADVANCED_FACE('',(#787),#363,.F.);
#9077=ADVANCED_FACE('',(#788),#364,.F.);
#9078=ADVANCED_FACE('',(#789),#365,.F.);
#9079=ADVANCED_FACE('',(#790),#366,.F.);
#9080=ADVANCED_FACE('',(#791),#367,.F.);
#9081=ADVANCED_FACE('',(#792),#368,.F.);
#9082=ADVANCED_FACE('',(#793),#369,.F.);
#9083=ADVANCED_FACE('',(#794),#370,.F.);
#9084=ADVANCED_FACE('',(#795),#8816,.F.);
#9085=ADVANCED_FACE('',(#796),#371,.F.);
#9086=ADVANCED_FACE('',(#797),#372,.F.);
#9087=ADVANCED_FACE('',(#798),#373,.F.);
#9088=ADVANCED_FACE('',(#799),#374,.F.);
#9089=ADVANCED_FACE('',(#800),#375,.F.);
#9090=ADVANCED_FACE('',(#801),#376,.F.);
#9091=ADVANCED_FACE('',(#802),#377,.F.);
#9092=ADVANCED_FACE('',(#803),#378,.F.);
#9093=ADVANCED_FACE('',(#804),#379,.F.);
#9094=ADVANCED_FACE('',(#805),#380,.F.);
#9095=ADVANCED_FACE('',(#806),#381,.F.);
#9096=ADVANCED_FACE('',(#807),#382,.F.);
#9097=ADVANCED_FACE('',(#808),#8817,.F.);
#9098=ADVANCED_FACE('',(#809),#383,.F.);
#9099=ADVANCED_FACE('',(#810),#384,.F.);
#9100=ADVANCED_FACE('',(#811),#385,.F.);
#9101=ADVANCED_FACE('',(#812),#386,.F.);
#9102=ADVANCED_FACE('',(#813),#387,.F.);
#9103=ADVANCED_FACE('',(#814),#388,.F.);
#9104=ADVANCED_FACE('',(#815),#389,.F.);
#9105=ADVANCED_FACE('',(#816),#390,.F.);
#9106=ADVANCED_FACE('',(#817,#657),#8818,.T.);
#9107=ADVANCED_FACE('',(#818),#8819,.F.);
#9108=ADVANCED_FACE('',(#819),#8820,.F.);
#9109=ADVANCED_FACE('',(#820),#8821,.F.);
#9110=ADVANCED_FACE('',(#821),#8822,.F.);
#9111=ADVANCED_FACE('',(#822),#8823,.F.);
#9112=ADVANCED_FACE('',(#823),#8824,.F.);
#9113=ADVANCED_FACE('',(#824),#8825,.F.);
#9114=ADVANCED_FACE('',(#825),#8826,.F.);
#9115=ADVANCED_FACE('',(#826),#8827,.F.);
#9116=ADVANCED_FACE('',(#827),#8828,.F.);
#9117=ADVANCED_FACE('',(#828),#8829,.F.);
#9118=ADVANCED_FACE('',(#829),#8830,.F.);
#9119=ADVANCED_FACE('',(#830),#8831,.F.);
#9120=ADVANCED_FACE('',(#831),#391,.F.);
#9121=ADVANCED_FACE('',(#832),#392,.F.);
#9122=ADVANCED_FACE('',(#833),#393,.F.);
#9123=ADVANCED_FACE('',(#834),#394,.F.);
#9124=ADVANCED_FACE('',(#835),#8832,.F.);
#9125=ADVANCED_FACE('',(#836),#8833,.F.);
#9126=ADVANCED_FACE('',(#837),#8834,.F.);
#9127=ADVANCED_FACE('',(#838),#395,.F.);
#9128=ADVANCED_FACE('',(#839),#396,.F.);
#9129=ADVANCED_FACE('',(#840),#397,.F.);
#9130=ADVANCED_FACE('',(#841),#398,.F.);
#9131=ADVANCED_FACE('',(#842),#399,.F.);
#9132=ADVANCED_FACE('',(#843),#400,.F.);
#9133=ADVANCED_FACE('',(#844),#401,.F.);
#9134=ADVANCED_FACE('',(#845),#402,.F.);
#9135=ADVANCED_FACE('',(#846),#403,.F.);
#9136=ADVANCED_FACE('',(#847),#404,.F.);
#9137=ADVANCED_FACE('',(#848),#405,.F.);
#9138=ADVANCED_FACE('',(#849),#406,.F.);
#9139=ADVANCED_FACE('',(#850),#8835,.F.);
#9140=ADVANCED_FACE('',(#851),#8836,.F.);
#9141=ADVANCED_FACE('',(#852),#8837,.F.);
#9142=ADVANCED_FACE('',(#853),#407,.F.);
#9143=ADVANCED_FACE('',(#854),#408,.F.);
#9144=ADVANCED_FACE('',(#855),#409,.F.);
#9145=ADVANCED_FACE('',(#856),#410,.F.);
#9146=ADVANCED_FACE('',(#857),#411,.F.);
#9147=ADVANCED_FACE('',(#858),#412,.F.);
#9148=ADVANCED_FACE('',(#859),#413,.F.);
#9149=ADVANCED_FACE('',(#860),#414,.F.);
#9150=ADVANCED_FACE('',(#861),#8838,.T.);
#9151=ADVANCED_FACE('',(#862),#415,.F.);
#9152=ADVANCED_FACE('',(#863),#416,.F.);
#9153=ADVANCED_FACE('',(#864),#417,.F.);
#9154=ADVANCED_FACE('',(#865),#418,.F.);
#9155=ADVANCED_FACE('',(#866),#419,.F.);
#9156=ADVANCED_FACE('',(#867),#420,.F.);
#9157=ADVANCED_FACE('',(#868),#421,.F.);
#9158=ADVANCED_FACE('',(#869),#422,.F.);
#9159=ADVANCED_FACE('',(#870),#423,.F.);
#9160=ADVANCED_FACE('',(#871),#424,.F.);
#9161=ADVANCED_FACE('',(#872),#425,.F.);
#9162=ADVANCED_FACE('',(#873),#426,.F.);
#9163=ADVANCED_FACE('',(#874),#8839,.F.);
#9164=ADVANCED_FACE('',(#875),#8840,.F.);
#9165=ADVANCED_FACE('',(#876),#8841,.F.);
#9166=ADVANCED_FACE('',(#877),#427,.F.);
#9167=ADVANCED_FACE('',(#878),#428,.F.);
#9168=ADVANCED_FACE('',(#879),#429,.F.);
#9169=ADVANCED_FACE('',(#880),#430,.F.);
#9170=ADVANCED_FACE('',(#881),#431,.F.);
#9171=ADVANCED_FACE('',(#882),#432,.F.);
#9172=ADVANCED_FACE('',(#883),#433,.F.);
#9173=ADVANCED_FACE('',(#884),#434,.F.);
#9174=ADVANCED_FACE('',(#885),#435,.F.);
#9175=ADVANCED_FACE('',(#886),#436,.F.);
#9176=ADVANCED_FACE('',(#887),#437,.F.);
#9177=ADVANCED_FACE('',(#888),#438,.F.);
#9178=ADVANCED_FACE('',(#889),#8842,.F.);
#9179=ADVANCED_FACE('',(#890),#8843,.F.);
#9180=ADVANCED_FACE('',(#891),#8844,.F.);
#9181=ADVANCED_FACE('',(#892),#8845,.F.);
#9182=ADVANCED_FACE('',(#893),#8846,.F.);
#9183=ADVANCED_FACE('',(#894,#658),#8847,.T.);
#9184=ADVANCED_FACE('',(#895),#8848,.F.);
#9185=ADVANCED_FACE('',(#896),#8849,.F.);
#9186=ADVANCED_FACE('',(#897),#8850,.F.);
#9187=ADVANCED_FACE('',(#898),#8851,.F.);
#9188=ADVANCED_FACE('',(#899),#8852,.F.);
#9189=ADVANCED_FACE('',(#900),#8853,.F.);
#9190=ADVANCED_FACE('',(#901),#8854,.F.);
#9191=ADVANCED_FACE('',(#902),#8855,.F.);
#9192=ADVANCED_FACE('',(#903),#8856,.F.);
#9193=ADVANCED_FACE('',(#904),#439,.F.);
#9194=ADVANCED_FACE('',(#905),#440,.F.);
#9195=ADVANCED_FACE('',(#906),#441,.F.);
#9196=ADVANCED_FACE('',(#907),#442,.F.);
#9197=ADVANCED_FACE('',(#908),#443,.F.);
#9198=ADVANCED_FACE('',(#909),#444,.F.);
#9199=ADVANCED_FACE('',(#910),#445,.F.);
#9200=ADVANCED_FACE('',(#911),#446,.F.);
#9201=ADVANCED_FACE('',(#912),#447,.F.);
#9202=ADVANCED_FACE('',(#913),#448,.F.);
#9203=ADVANCED_FACE('',(#914),#449,.F.);
#9204=ADVANCED_FACE('',(#915),#450,.F.);
#9205=ADVANCED_FACE('',(#916),#451,.F.);
#9206=ADVANCED_FACE('',(#917),#452,.F.);
#9207=ADVANCED_FACE('',(#918),#453,.F.);
#9208=ADVANCED_FACE('',(#919),#454,.F.);
#9209=ADVANCED_FACE('',(#920),#455,.F.);
#9210=ADVANCED_FACE('',(#921),#456,.F.);
#9211=ADVANCED_FACE('',(#922),#457,.F.);
#9212=ADVANCED_FACE('',(#923),#458,.F.);
#9213=ADVANCED_FACE('',(#924),#459,.F.);
#9214=ADVANCED_FACE('',(#925),#460,.F.);
#9215=ADVANCED_FACE('',(#926),#8857,.F.);
#9216=ADVANCED_FACE('',(#927),#8858,.F.);
#9217=ADVANCED_FACE('',(#928),#8859,.F.);
#9218=ADVANCED_FACE('',(#929),#461,.F.);
#9219=ADVANCED_FACE('',(#930),#462,.F.);
#9220=ADVANCED_FACE('',(#931),#463,.F.);
#9221=ADVANCED_FACE('',(#932),#464,.F.);
#9222=ADVANCED_FACE('',(#933),#465,.F.);
#9223=ADVANCED_FACE('',(#934),#466,.F.);
#9224=ADVANCED_FACE('',(#935),#467,.F.);
#9225=ADVANCED_FACE('',(#936),#468,.F.);
#9226=ADVANCED_FACE('',(#937),#469,.F.);
#9227=ADVANCED_FACE('',(#938),#470,.F.);
#9228=ADVANCED_FACE('',(#939),#471,.F.);
#9229=ADVANCED_FACE('',(#940),#472,.F.);
#9230=ADVANCED_FACE('',(#941),#473,.F.);
#9231=ADVANCED_FACE('',(#942),#474,.F.);
#9232=ADVANCED_FACE('',(#943),#475,.F.);
#9233=ADVANCED_FACE('',(#944),#476,.F.);
#9234=ADVANCED_FACE('',(#945),#477,.F.);
#9235=ADVANCED_FACE('',(#946),#478,.F.);
#9236=ADVANCED_FACE('',(#947),#479,.F.);
#9237=ADVANCED_FACE('',(#948),#480,.F.);
#9238=ADVANCED_FACE('',(#949),#481,.F.);
#9239=ADVANCED_FACE('',(#950),#482,.F.);
#9240=ADVANCED_FACE('',(#951),#483,.F.);
#9241=ADVANCED_FACE('',(#952),#484,.F.);
#9242=ADVANCED_FACE('',(#953),#485,.F.);
#9243=ADVANCED_FACE('',(#954),#486,.F.);
#9244=ADVANCED_FACE('',(#955),#487,.F.);
#9245=ADVANCED_FACE('',(#956),#488,.F.);
#9246=ADVANCED_FACE('',(#957),#489,.F.);
#9247=ADVANCED_FACE('',(#958),#490,.F.);
#9248=ADVANCED_FACE('',(#959),#8860,.F.);
#9249=ADVANCED_FACE('',(#960),#8861,.F.);
#9250=ADVANCED_FACE('',(#961),#8862,.F.);
#9251=ADVANCED_FACE('',(#962),#491,.F.);
#9252=ADVANCED_FACE('',(#963),#492,.F.);
#9253=ADVANCED_FACE('',(#964),#493,.F.);
#9254=ADVANCED_FACE('',(#965),#494,.F.);
#9255=ADVANCED_FACE('',(#966),#495,.F.);
#9256=ADVANCED_FACE('',(#967),#496,.F.);
#9257=ADVANCED_FACE('',(#968),#497,.F.);
#9258=ADVANCED_FACE('',(#969),#498,.F.);
#9259=ADVANCED_FACE('',(#970),#8863,.T.);
#9260=ADVANCED_FACE('',(#971),#8864,.T.);
#9261=ADVANCED_FACE('',(#972),#8865,.T.);
#9262=ADVANCED_FACE('',(#973),#506,.F.);
#9263=ADVANCED_FACE('',(#974),#8866,.T.);
#9264=ADVANCED_FACE('',(#975),#8867,.T.);
#9265=ADVANCED_FACE('',(#976),#507,.F.);
#9266=ADVANCED_FACE('',(#977),#8868,.T.);
#9267=ADVANCED_FACE('',(#978),#8869,.F.);
#9268=ADVANCED_FACE('',(#979),#8870,.T.);
#9269=ADVANCED_FACE('',(#980,#659,#660,#661,#662,#663,#664,#665,#666),#8871,
 .F.);
#9270=ADVANCED_FACE('',(#981),#8872,.F.);
#9271=ADVANCED_FACE('',(#982),#575,.F.);
#9272=ADVANCED_FACE('',(#983),#8873,.F.);
#9273=ADVANCED_FACE('',(#984),#576,.F.);
#9274=ADVANCED_FACE('',(#985),#577,.F.);
#9275=ADVANCED_FACE('',(#986),#8874,.T.);
#9276=ADVANCED_FACE('',(#987),#578,.F.);
#9277=ADVANCED_FACE('',(#988),#8875,.T.);
#9278=ADVANCED_FACE('',(#989),#579,.F.);
#9279=ADVANCED_FACE('',(#990),#8876,.T.);
#9280=ADVANCED_FACE('',(#991),#580,.F.);
#9281=ADVANCED_FACE('',(#992),#8877,.T.);
#9282=ADVANCED_FACE('',(#993),#581,.F.);
#9283=ADVANCED_FACE('',(#994),#8878,.T.);
#9284=ADVANCED_FACE('',(#995),#582,.F.);
#9285=ADVANCED_FACE('',(#996),#8879,.T.);
#9286=ADVANCED_FACE('',(#997),#583,.F.);
#9287=ADVANCED_FACE('',(#998),#8880,.T.);
#9288=ADVANCED_FACE('',(#999),#584,.F.);
#9289=ADVANCED_FACE('',(#1000),#8881,.T.);
#9290=ADVANCED_FACE('',(#1001),#585,.F.);
#9291=ADVANCED_FACE('',(#1002),#586,.F.);
#9292=ADVANCED_FACE('',(#1003),#587,.F.);
#9293=ADVANCED_FACE('',(#1004),#588,.F.);
#9294=ADVANCED_FACE('',(#1005),#589,.F.);
#9295=ADVANCED_FACE('',(#1006),#590,.F.);
#9296=ADVANCED_FACE('',(#1007),#591,.F.);
#9297=ADVANCED_FACE('',(#1008),#8882,.F.);
#9298=ADVANCED_FACE('',(#1009),#8883,.F.);
#9299=ADVANCED_FACE('',(#1010),#8884,.F.);
#9300=ADVANCED_FACE('',(#1011),#8885,.F.);
#9301=ADVANCED_FACE('',(#1012),#8886,.F.);
#9302=ADVANCED_FACE('',(#1013),#8887,.F.);
#9303=ADVANCED_FACE('',(#1014),#8888,.F.);
#9304=ADVANCED_FACE('',(#1015),#8889,.F.);
#9305=ADVANCED_FACE('',(#1016,#667),#8890,.T.);
#9306=ADVANCED_FACE('',(#1017),#8891,.F.);
#9307=ADVANCED_FACE('',(#1018),#8892,.F.);
#9308=ADVANCED_FACE('',(#1019),#8893,.F.);
#9309=ADVANCED_FACE('',(#1020),#8894,.F.);
#9310=ADVANCED_FACE('',(#1021),#8895,.T.);
#9311=ADVANCED_FACE('',(#1022),#8896,.T.);
#9312=ADVANCED_FACE('',(#1023),#592,.T.);
#9313=ADVANCED_FACE('',(#1024),#593,.F.);
#9314=ADVANCED_FACE('',(#1025),#594,.T.);
#9315=ADVANCED_FACE('',(#1026),#595,.F.);
#9316=ADVANCED_FACE('',(#1027),#596,.T.);
#9317=ADVANCED_FACE('',(#1028),#8897,.T.);
#9318=ADVANCED_FACE('',(#1029),#597,.T.);
#9319=ADVANCED_FACE('',(#1030),#8898,.F.);
#9320=ADVANCED_FACE('',(#1031),#598,.T.);
#9321=ADVANCED_FACE('',(#1032),#599,.T.);
#9322=ADVANCED_FACE('',(#1033),#600,.T.);
#9323=ADVANCED_FACE('',(#1034),#601,.T.);
#9324=ADVANCED_FACE('',(#1035),#602,.T.);
#9325=ADVANCED_FACE('',(#1036),#603,.T.);
#9326=ADVANCED_FACE('',(#1037),#8899,.F.);
#9327=ADVANCED_FACE('',(#1038),#604,.F.);
#9328=ADVANCED_FACE('',(#1039),#8900,.F.);
#9329=ADVANCED_FACE('',(#1040),#605,.F.);
#9330=ADVANCED_FACE('',(#1041,#668),#8901,.T.);
#9331=ADVANCED_FACE('',(#1042,#669),#8902,.T.);
#9332=ADVANCED_FACE('',(#1043),#8903,.F.);
#9333=ADVANCED_FACE('',(#1044),#8904,.F.);
#9334=ADVANCED_FACE('',(#1045),#8905,.F.);
#9335=ADVANCED_FACE('',(#1046),#8906,.F.);
#9336=ADVANCED_FACE('',(#1047),#8907,.F.);
#9337=ADVANCED_FACE('',(#1048),#8908,.F.);
#9338=ADVANCED_FACE('',(#1049),#8909,.T.);
#9339=ADVANCED_FACE('',(#1050),#606,.F.);
#9340=ADVANCED_FACE('',(#1051),#607,.F.);
#9341=ADVANCED_FACE('',(#1052),#8910,.T.);
#9342=ADVANCED_FACE('',(#1053),#608,.F.);
#9343=ADVANCED_FACE('',(#1054),#8911,.T.);
#9344=ADVANCED_FACE('',(#1055),#609,.F.);
#9345=ADVANCED_FACE('',(#1056),#8912,.T.);
#9346=ADVANCED_FACE('',(#1057),#610,.F.);
#9347=ADVANCED_FACE('',(#1058),#8913,.T.);
#9348=ADVANCED_FACE('',(#1059),#611,.T.);
#9349=ADVANCED_FACE('',(#1060),#8914,.T.);
#9350=ADVANCED_FACE('',(#1061),#612,.F.);
#9351=ADVANCED_FACE('',(#1062),#613,.T.);
#9352=ADVANCED_FACE('',(#1063),#8915,.F.);
#9353=ADVANCED_FACE('',(#1064),#614,.F.);
#9354=ADVANCED_FACE('',(#1065),#615,.F.);
#9355=ADVANCED_FACE('',(#1066),#616,.F.);
#9356=ADVANCED_FACE('',(#1067),#617,.F.);
#9357=ADVANCED_FACE('',(#1068),#618,.F.);
#9358=ADVANCED_FACE('',(#1069),#619,.F.);
#9359=ADVANCED_FACE('',(#1070),#8916,.F.);
#9360=ADVANCED_FACE('',(#1071),#620,.F.);
#9361=ADVANCED_FACE('',(#1072),#8917,.F.);
#9362=ADVANCED_FACE('',(#1073),#621,.T.);
#9363=ADVANCED_FACE('',(#1074),#8918,.F.);
#9364=ADVANCED_FACE('',(#1075),#622,.F.);
#9365=ADVANCED_FACE('',(#1076),#623,.F.);
#9366=ADVANCED_FACE('',(#1077),#8919,.F.);
#9367=ADVANCED_FACE('',(#1078),#624,.T.);
#9368=ADVANCED_FACE('',(#1079),#625,.T.);
#9369=ADVANCED_FACE('',(#1080),#8920,.F.);
#9370=ADVANCED_FACE('',(#1081),#626,.F.);
#9371=ADVANCED_FACE('',(#1082),#627,.F.);
#9372=ADVANCED_FACE('',(#1083),#8921,.F.);
#9373=ADVANCED_FACE('',(#1084),#628,.T.);
#9374=ADVANCED_FACE('',(#1085),#629,.T.);
#9375=ADVANCED_FACE('',(#1086),#8922,.F.);
#9376=ADVANCED_FACE('',(#1087),#630,.F.);
#9377=ADVANCED_FACE('',(#1088),#631,.F.);
#9378=ADVANCED_FACE('',(#1089),#8923,.F.);
#9379=ADVANCED_FACE('',(#1090),#632,.F.);
#9380=ADVANCED_FACE('',(#1091),#8924,.F.);
#9381=ADVANCED_FACE('',(#1092),#633,.F.);
#9382=ADVANCED_FACE('',(#1093),#634,.F.);
#9383=ADVANCED_FACE('',(#1094),#8925,.T.);
#9384=ADVANCED_FACE('',(#1095),#635,.F.);
#9385=ADVANCED_FACE('',(#1096),#15,.T.);
#9386=ADVANCED_FACE('',(#1097),#636,.T.);
#9387=ADVANCED_FACE('',(#1098),#16,.T.);
#9388=ADVANCED_FACE('',(#1099),#637,.T.);
#9389=ADVANCED_FACE('',(#1100),#17,.T.);
#9390=ADVANCED_FACE('',(#1101),#638,.T.);
#9391=ADVANCED_FACE('',(#1102),#18,.T.);
#9392=ADVANCED_FACE('',(#1103),#639,.T.);
#9393=ADVANCED_FACE('',(#1104),#640,.T.);
#9394=ADVANCED_FACE('',(#1105),#8926,.T.);
#9395=ADVANCED_FACE('',(#1106),#641,.T.);
#9396=ADVANCED_FACE('',(#1107,#670,#671,#672,#673,#674,#675,#676,#677,#678,
#679,#680,#681,#682,#683,#684,#685),#8927,.T.);
#9397=ADVANCED_FACE('',(#1108),#8928,.T.);
#9398=ADVANCED_FACE('',(#1109),#508,.T.);
#9399=ADVANCED_FACE('',(#1110),#8929,.T.);
#9400=ADVANCED_FACE('',(#1111),#509,.F.);
#9401=ADVANCED_FACE('',(#1112),#8930,.T.);
#9402=ADVANCED_FACE('',(#1113),#510,.F.);
#9403=ADVANCED_FACE('',(#1114),#8931,.T.);
#9404=ADVANCED_FACE('',(#1115),#511,.T.);
#9405=ADVANCED_FACE('',(#1116),#8932,.T.);
#9406=ADVANCED_FACE('',(#1117),#512,.F.);
#9407=ADVANCED_FACE('',(#1118),#8933,.T.);
#9408=ADVANCED_FACE('',(#1119),#513,.F.);
#9409=ADVANCED_FACE('',(#1120),#8934,.T.);
#9410=ADVANCED_FACE('',(#1121),#514,.F.);
#9411=ADVANCED_FACE('',(#1122),#8935,.T.);
#9412=ADVANCED_FACE('',(#1123),#515,.F.);
#9413=ADVANCED_FACE('',(#1124),#8936,.T.);
#9414=ADVANCED_FACE('',(#1125),#516,.F.);
#9415=ADVANCED_FACE('',(#1126),#8937,.T.);
#9416=ADVANCED_FACE('',(#1127),#517,.F.);
#9417=ADVANCED_FACE('',(#1128),#8938,.T.);
#9418=ADVANCED_FACE('',(#1129),#518,.F.);
#9419=ADVANCED_FACE('',(#1130),#8939,.T.);
#9420=ADVANCED_FACE('',(#1131),#519,.F.);
#9421=ADVANCED_FACE('',(#1132),#8940,.T.);
#9422=ADVANCED_FACE('',(#1133),#8941,.T.);
#9423=ADVANCED_FACE('',(#1134),#520,.F.);
#9424=ADVANCED_FACE('',(#1135),#8942,.T.);
#9425=ADVANCED_FACE('',(#1136),#521,.F.);
#9426=ADVANCED_FACE('',(#1137),#8943,.T.);
#9427=ADVANCED_FACE('',(#1138),#522,.F.);
#9428=ADVANCED_FACE('',(#1139),#8944,.T.);
#9429=ADVANCED_FACE('',(#1140),#523,.F.);
#9430=ADVANCED_FACE('',(#1141),#642,.F.);
#9431=ADVANCED_FACE('',(#1142),#643,.F.);
#9432=ADVANCED_FACE('',(#1143),#8945,.T.);
#9433=ADVANCED_FACE('',(#1144),#524,.F.);
#9434=ADVANCED_FACE('',(#1145),#8946,.T.);
#9435=ADVANCED_FACE('',(#1146),#525,.F.);
#9436=ADVANCED_FACE('',(#1147),#8947,.T.);
#9437=ADVANCED_FACE('',(#1148),#526,.F.);
#9438=ADVANCED_FACE('',(#1149),#8948,.T.);
#9439=ADVANCED_FACE('',(#1150),#644,.F.);
#9440=ADVANCED_FACE('',(#1151),#8949,.T.);
#9441=ADVANCED_FACE('',(#1152),#645,.F.);
#9442=ADVANCED_FACE('',(#1153),#8950,.T.);
#9443=ADVANCED_FACE('',(#1154),#8951,.T.);
#9444=ADVANCED_FACE('',(#1155),#527,.F.);
#9445=ADVANCED_FACE('',(#1156),#8952,.T.);
#9446=ADVANCED_FACE('',(#1157),#528,.F.);
#9447=ADVANCED_FACE('',(#1158),#8953,.T.);
#9448=ADVANCED_FACE('',(#1159),#529,.F.);
#9449=ADVANCED_FACE('',(#1160),#8954,.T.);
#9450=ADVANCED_FACE('',(#1161),#8955,.T.);
#9451=ADVANCED_FACE('',(#1162),#530,.F.);
#9452=ADVANCED_FACE('',(#1163),#8956,.T.);
#9453=ADVANCED_FACE('',(#1164),#531,.F.);
#9454=ADVANCED_FACE('',(#1165),#8957,.T.);
#9455=ADVANCED_FACE('',(#1166),#532,.F.);
#9456=ADVANCED_FACE('',(#1167),#8958,.T.);
#9457=ADVANCED_FACE('',(#1168),#533,.F.);
#9458=ADVANCED_FACE('',(#1169),#8959,.T.);
#9459=ADVANCED_FACE('',(#1170),#534,.F.);
#9460=ADVANCED_FACE('',(#1171),#8960,.T.);
#9461=ADVANCED_FACE('',(#1172),#535,.F.);
#9462=ADVANCED_FACE('',(#1173),#8961,.T.);
#9463=ADVANCED_FACE('',(#1174),#536,.F.);
#9464=ADVANCED_FACE('',(#1175),#8962,.T.);
#9465=ADVANCED_FACE('',(#1176),#537,.F.);
#9466=ADVANCED_FACE('',(#1177),#538,.F.);
#9467=ADVANCED_FACE('',(#1178),#8963,.T.);
#9468=ADVANCED_FACE('',(#1179),#539,.F.);
#9469=ADVANCED_FACE('',(#1180),#8964,.T.);
#9470=ADVANCED_FACE('',(#1181),#540,.F.);
#9471=ADVANCED_FACE('',(#1182),#8965,.T.);
#9472=ADVANCED_FACE('',(#1183),#541,.F.);
#9473=ADVANCED_FACE('',(#1184),#8966,.T.);
#9474=ADVANCED_FACE('',(#1185),#8967,.T.);
#9475=ADVANCED_FACE('',(#1186),#542,.F.);
#9476=ADVANCED_FACE('',(#1187),#8968,.T.);
#9477=ADVANCED_FACE('',(#1188),#543,.F.);
#9478=ADVANCED_FACE('',(#1189),#8969,.T.);
#9479=ADVANCED_FACE('',(#1190),#544,.F.);
#9480=ADVANCED_FACE('',(#1191),#8970,.T.);
#9481=ADVANCED_FACE('',(#1192),#545,.F.);
#9482=ADVANCED_FACE('',(#1193),#8971,.T.);
#9483=ADVANCED_FACE('',(#1194),#646,.F.);
#9484=ADVANCED_FACE('',(#1195),#647,.F.);
#9485=ADVANCED_FACE('',(#1196),#8972,.T.);
#9486=ADVANCED_FACE('',(#1197),#648,.T.);
#9487=ADVANCED_FACE('',(#1198),#8973,.T.);
#9488=ADVANCED_FACE('',(#1199),#649,.T.);
#9489=ADVANCED_FACE('',(#1200),#8974,.T.);
#9490=CLOSED_SHELL('',(#8975,#8976,#8977,#8978,#8979,#8980,#8981,#8982,
#8983,#8984,#8985,#8986,#8987,#8988,#8989,#8990,#8991,#8992,#8993,#8994,
#8995,#8996,#8997,#8998,#8999,#9000,#9001,#9002,#9003,#9004,#9005,#9006,
#9007,#9008,#9009,#9010,#9011,#9012,#9013,#9014,#9015,#9016,#9017,#9018,
#9019,#9020,#9021,#9022,#9023,#9024,#9025,#9026,#9027,#9028,#9029,#9030,
#9031,#9032,#9033,#9034,#9035,#9036,#9037,#9038,#9039,#9040,#9041,#9042,
#9043,#9044,#9045,#9046,#9047,#9048,#9049,#9050,#9051,#9052,#9053,#9054,
#9055,#9056,#9057,#9058,#9059,#9060,#9061,#9062,#9063,#9064,#9065,#9066,
#9067,#9068,#9069,#9070,#9071,#9072,#9073,#9074,#9075,#9076,#9077,#9078,
#9079,#9080,#9081,#9082,#9083,#9084,#9085,#9086,#9087,#9088,#9089,#9090,
#9091,#9092,#9093,#9094,#9095,#9096,#9097,#9098,#9099,#9100,#9101,#9102,
#9103,#9104,#9105,#9106,#9107,#9108,#9109,#9110,#9111,#9112,#9113,#9114,
#9115,#9116,#9117,#9118,#9119,#9120,#9121,#9122,#9123,#9124,#9125,#9126,
#9127,#9128,#9129,#9130,#9131,#9132,#9133,#9134,#9135,#9136,#9137,#9138,
#9139,#9140,#9141,#9142,#9143,#9144,#9145,#9146,#9147,#9148,#9149,#9150,
#9151,#9152,#9153,#9154,#9155,#9156,#9157,#9158,#9159,#9160,#9161,#9162,
#9163,#9164,#9165,#9166,#9167,#9168,#9169,#9170,#9171,#9172,#9173,#9174,
#9175,#9176,#9177,#9178,#9179,#9180,#9181,#9182,#9183,#9184,#9185,#9186,
#9187,#9188,#9189,#9190,#9191,#9192,#9193,#9194,#9195,#9196,#9197,#9198,
#9199,#9200,#9201,#9202,#9203,#9204,#9205,#9206,#9207,#9208,#9209,#9210,
#9211,#9212,#9213,#9214,#9215,#9216,#9217,#9218,#9219,#9220,#9221,#9222,
#9223,#9224,#9225,#9226,#9227,#9228,#9229,#9230,#9231,#9232,#9233,#9234,
#9235,#9236,#9237,#9238,#9239,#9240,#9241,#9242,#9243,#9244,#9245,#9246,
#9247,#9248,#9249,#9250,#9251,#9252,#9253,#9254,#9255,#9256,#9257,#9258,
#9259,#9260,#9261,#9262,#9263,#9264,#9265,#9266,#9267,#9268,#9269,#9270,
#9271,#9272,#9273,#9274,#9275,#9276,#9277,#9278,#9279,#9280,#9281,#9282,
#9283,#9284,#9285,#9286,#9287,#9288,#9289,#9290,#9291,#9292,#9293,#9294,
#9295,#9296,#9297,#9298,#9299,#9300,#9301,#9302,#9303,#9304,#9305,#9306,
#9307,#9308,#9309,#9310,#9311,#9312,#9313,#9314,#9315,#9316,#9317,#9318,
#9319,#9320,#9321,#9322,#9323,#9324,#9325,#9326,#9327,#9328,#9329,#9330,
#9331,#9332,#9333,#9334,#9335,#9336,#9337,#9338,#9339,#9340,#9341,#9342,
#9343,#9344,#9345,#9346,#9347,#9348,#9349,#9350,#9351,#9352,#9353,#9354,
#9355,#9356,#9357,#9358,#9359,#9360,#9361,#9362,#9363,#9364,#9365,#9366,
#9367,#9368,#9369,#9370,#9371,#9372,#9373,#9374,#9375,#9376,#9377,#9378,
#9379,#9380,#9381,#9382,#9383,#9384,#9385,#9386,#9387,#9388,#9389,#9390,
#9391,#9392,#9393,#9394,#9395,#9396,#9397,#9398,#9399,#9400,#9401,#9402,
#9403,#9404,#9405,#9406,#9407,#9408,#9409,#9410,#9411,#9412,#9413,#9414,
#9415,#9416,#9417,#9418,#9419,#9420,#9421,#9422,#9423,#9424,#9425,#9426,
#9427,#9428,#9429,#9430,#9431,#9432,#9433,#9434,#9435,#9436,#9437,#9438,
#9439,#9440,#9441,#9442,#9443,#9444,#9445,#9446,#9447,#9448,#9449,#9450,
#9451,#9452,#9453,#9454,#9455,#9456,#9457,#9458,#9459,#9460,#9461,#9462,
#9463,#9464,#9465,#9466,#9467,#9468,#9469,#9470,#9471,#9472,#9473,#9474,
#9475,#9476,#9477,#9478,#9479,#9480,#9481,#9482,#9483,#9484,#9485,#9486,
#9487,#9488,#9489));
#9491=AXIS2_PLACEMENT_3D('',#12149,#10101,#10102);
#9492=AXIS2_PLACEMENT_3D('',#12150,#10103,#10104);
#9493=AXIS2_PLACEMENT_3D('',#12155,#10106,#10107);
#9494=AXIS2_PLACEMENT_3D('',#12159,#10109,#10110);
#9495=AXIS2_PLACEMENT_3D('',#12163,#10112,#10113);
#9496=AXIS2_PLACEMENT_3D('',#12167,#10115,#10116);
#9497=AXIS2_PLACEMENT_3D('',#12171,#10118,#10119);
#9498=AXIS2_PLACEMENT_3D('',#12175,#10121,#10122);
#9499=AXIS2_PLACEMENT_3D('',#12179,#10124,#10125);
#9500=AXIS2_PLACEMENT_3D('',#12183,#10127,#10128);
#9501=AXIS2_PLACEMENT_3D('',#12187,#10130,#10131);
#9502=AXIS2_PLACEMENT_3D('',#12191,#10133,#10134);
#9503=AXIS2_PLACEMENT_3D('',#12195,#10136,#10137);
#9504=AXIS2_PLACEMENT_3D('',#12201,#10140,#10141);
#9505=AXIS2_PLACEMENT_3D('',#12205,#10143,#10144);
#9506=AXIS2_PLACEMENT_3D('',#12209,#10146,#10147);
#9507=AXIS2_PLACEMENT_3D('',#12215,#10150,#10151);
#9508=AXIS2_PLACEMENT_3D('',#12219,#10153,#10154);
#9509=AXIS2_PLACEMENT_3D('',#12223,#10156,#10157);
#9510=AXIS2_PLACEMENT_3D('',#12227,#10159,#10160);
#9511=AXIS2_PLACEMENT_3D('',#12231,#10162,#10163);
#9512=AXIS2_PLACEMENT_3D('',#12233,#10164,#10165);
#9513=AXIS2_PLACEMENT_3D('',#12235,#10166,#10167);
#9514=AXIS2_PLACEMENT_3D('',#12239,#10169,#10170);
#9515=AXIS2_PLACEMENT_3D('',#12243,#10172,#10173);
#9516=AXIS2_PLACEMENT_3D('',#12247,#10175,#10176);
#9517=AXIS2_PLACEMENT_3D('',#12249,#10177,#10178);
#9518=AXIS2_PLACEMENT_3D('',#12251,#10179,#10180);
#9519=AXIS2_PLACEMENT_3D('',#12255,#10182,#10183);
#9520=AXIS2_PLACEMENT_3D('',#12258,#10185,#10186);
#9521=AXIS2_PLACEMENT_3D('',#12261,#10187,#10188);
#9522=AXIS2_PLACEMENT_3D('',#12265,#10190,#10191);
#9523=AXIS2_PLACEMENT_3D('',#12269,#10193,#10194);
#9524=AXIS2_PLACEMENT_3D('',#12273,#10196,#10197);
#9525=AXIS2_PLACEMENT_3D('',#12277,#10199,#10200);
#9526=AXIS2_PLACEMENT_3D('',#12281,#10202,#10203);
#9527=AXIS2_PLACEMENT_3D('',#12285,#10205,#10206);
#9528=AXIS2_PLACEMENT_3D('',#12289,#10208,#10209);
#9529=AXIS2_PLACEMENT_3D('',#12293,#10211,#10212);
#9530=AXIS2_PLACEMENT_3D('',#12297,#10214,#10215);
#9531=AXIS2_PLACEMENT_3D('',#12301,#10217,#10218);
#9532=AXIS2_PLACEMENT_3D('',#12305,#10220,#10221);
#9533=AXIS2_PLACEMENT_3D('',#12309,#10223,#10224);
#9534=AXIS2_PLACEMENT_3D('',#12313,#10226,#10227);
#9535=AXIS2_PLACEMENT_3D('',#12317,#10229,#10230);
#9536=AXIS2_PLACEMENT_3D('',#12321,#10232,#10233);
#9537=AXIS2_PLACEMENT_3D('',#12323,#10235,#10236);
#9538=AXIS2_PLACEMENT_3D('',#12327,#10238,#10239);
#9539=AXIS2_PLACEMENT_3D('',#12329,#10241,#10242);
#9540=AXIS2_PLACEMENT_3D('',#12333,#10245,#10246);
#9541=AXIS2_PLACEMENT_3D('',#12336,#10248,#10249);
#9542=AXIS2_PLACEMENT_3D('',#12337,#10250,#10251);
#9543=AXIS2_PLACEMENT_3D('',#12341,#10254,#10255);
#9544=AXIS2_PLACEMENT_3D('',#12345,#10257,#10258);
#9545=AXIS2_PLACEMENT_3D('',#12347,#10260,#10261);
#9546=AXIS2_PLACEMENT_3D('',#12351,#10264,#10265);
#9547=AXIS2_PLACEMENT_3D('',#12354,#10267,#10268);
#9548=AXIS2_PLACEMENT_3D('',#12355,#10269,#10270);
#9549=AXIS2_PLACEMENT_3D('',#12359,#10273,#10274);
#9550=AXIS2_PLACEMENT_3D('',#12365,#10278,#10279);
#9551=AXIS2_PLACEMENT_3D('',#12368,#10281,#10282);
#9552=AXIS2_PLACEMENT_3D('',#12369,#10283,#10284);
#9553=AXIS2_PLACEMENT_3D('',#12373,#10287,#10288);
#9554=AXIS2_PLACEMENT_3D('',#12376,#10290,#10291);
#9555=AXIS2_PLACEMENT_3D('',#12377,#10292,#10293);
#9556=AXIS2_PLACEMENT_3D('',#12381,#10296,#10297);
#9557=AXIS2_PLACEMENT_3D('',#12384,#10299,#10300);
#9558=AXIS2_PLACEMENT_3D('',#12385,#10301,#10302);
#9559=AXIS2_PLACEMENT_3D('',#12389,#10305,#10306);
#9560=AXIS2_PLACEMENT_3D('',#12392,#10308,#10309);
#9561=AXIS2_PLACEMENT_3D('',#12393,#10310,#10311);
#9562=AXIS2_PLACEMENT_3D('',#12397,#10313,#10314);
#9563=AXIS2_PLACEMENT_3D('',#12399,#10316,#10317);
#9564=AXIS2_PLACEMENT_3D('',#12403,#10320,#10321);
#9565=AXIS2_PLACEMENT_3D('',#12407,#10324,#10325);
#9566=AXIS2_PLACEMENT_3D('',#12410,#10327,#10328);
#9567=AXIS2_PLACEMENT_3D('',#12411,#10329,#10330);
#9568=AXIS2_PLACEMENT_3D('',#12415,#10333,#10334);
#9569=AXIS2_PLACEMENT_3D('',#12418,#10336,#10337);
#9570=AXIS2_PLACEMENT_3D('',#12419,#10338,#10339);
#9571=AXIS2_PLACEMENT_3D('',#12423,#10341,#10342);
#9572=AXIS2_PLACEMENT_3D('',#12425,#10344,#10345);
#9573=AXIS2_PLACEMENT_3D('',#12429,#10348,#10349);
#9574=AXIS2_PLACEMENT_3D('',#12432,#10351,#10352);
#9575=AXIS2_PLACEMENT_3D('',#12433,#10353,#10354);
#9576=AXIS2_PLACEMENT_3D('',#12437,#10357,#10358);
#9577=AXIS2_PLACEMENT_3D('',#12440,#10360,#10361);
#9578=AXIS2_PLACEMENT_3D('',#12441,#10362,#10363);
#9579=AXIS2_PLACEMENT_3D('',#12445,#10366,#10367);
#9580=AXIS2_PLACEMENT_3D('',#12448,#10369,#10370);
#9581=AXIS2_PLACEMENT_3D('',#12449,#10371,#10372);
#9582=AXIS2_PLACEMENT_3D('',#12453,#10374,#10375);
#9583=AXIS2_PLACEMENT_3D('',#12455,#10377,#10378);
#9584=AXIS2_PLACEMENT_3D('',#12459,#10381,#10382);
#9585=AXIS2_PLACEMENT_3D('',#12462,#10384,#10385);
#9586=AXIS2_PLACEMENT_3D('',#12463,#10386,#10387);
#9587=AXIS2_PLACEMENT_3D('',#12467,#10390,#10391);
#9588=AXIS2_PLACEMENT_3D('',#12470,#10393,#10394);
#9589=AXIS2_PLACEMENT_3D('',#12471,#10395,#10396);
#9590=AXIS2_PLACEMENT_3D('',#12475,#10399,#10400);
#9591=AXIS2_PLACEMENT_3D('',#12478,#10402,#10403);
#9592=AXIS2_PLACEMENT_3D('',#12479,#10404,#10405);
#9593=AXIS2_PLACEMENT_3D('',#12484,#10407,#10408);
#9594=AXIS2_PLACEMENT_3D('',#12488,#10410,#10411);
#9595=AXIS2_PLACEMENT_3D('',#12492,#10413,#10414);
#9596=AXIS2_PLACEMENT_3D('',#12496,#10416,#10417);
#9597=AXIS2_PLACEMENT_3D('',#12499,#10419,#10420);
#9598=AXIS2_PLACEMENT_3D('',#12501,#10421,#10422);
#9599=AXIS2_PLACEMENT_3D('',#12502,#10423,#10424);
#9600=AXIS2_PLACEMENT_3D('',#12507,#10426,#10427);
#9601=AXIS2_PLACEMENT_3D('',#12511,#10429,#10430);
#9602=AXIS2_PLACEMENT_3D('',#12515,#10432,#10433);
#9603=AXIS2_PLACEMENT_3D('',#12519,#10435,#10436);
#9604=AXIS2_PLACEMENT_3D('',#12522,#10438,#10439);
#9605=AXIS2_PLACEMENT_3D('',#12524,#10440,#10441);
#9606=AXIS2_PLACEMENT_3D('',#12525,#10442,#10443);
#9607=AXIS2_PLACEMENT_3D('',#12530,#10445,#10446);
#9608=AXIS2_PLACEMENT_3D('',#12534,#10448,#10449);
#9609=AXIS2_PLACEMENT_3D('',#12538,#10451,#10452);
#9610=AXIS2_PLACEMENT_3D('',#12542,#10454,#10455);
#9611=AXIS2_PLACEMENT_3D('',#12545,#10457,#10458);
#9612=AXIS2_PLACEMENT_3D('',#12547,#10459,#10460);
#9613=AXIS2_PLACEMENT_3D('',#12548,#10461,#10462);
#9614=AXIS2_PLACEMENT_3D('',#12553,#10464,#10465);
#9615=AXIS2_PLACEMENT_3D('',#12557,#10467,#10468);
#9616=AXIS2_PLACEMENT_3D('',#12561,#10470,#10471);
#9617=AXIS2_PLACEMENT_3D('',#12565,#10473,#10474);
#9618=AXIS2_PLACEMENT_3D('',#12568,#10476,#10477);
#9619=AXIS2_PLACEMENT_3D('',#12570,#10478,#10479);
#9620=AXIS2_PLACEMENT_3D('',#12571,#10480,#10481);
#9621=AXIS2_PLACEMENT_3D('',#12575,#10483,#10484);
#9622=AXIS2_PLACEMENT_3D('',#12577,#10486,#10487);
#9623=AXIS2_PLACEMENT_3D('',#12581,#10490,#10491);
#9624=AXIS2_PLACEMENT_3D('',#12584,#10493,#10494);
#9625=AXIS2_PLACEMENT_3D('',#12585,#10495,#10496);
#9626=AXIS2_PLACEMENT_3D('',#12589,#10499,#10500);
#9627=AXIS2_PLACEMENT_3D('',#12592,#10502,#10503);
#9628=AXIS2_PLACEMENT_3D('',#12593,#10504,#10505);
#9629=AXIS2_PLACEMENT_3D('',#12597,#10508,#10509);
#9630=AXIS2_PLACEMENT_3D('',#12599,#10510,#10511);
#9631=AXIS2_PLACEMENT_3D('',#12602,#10513,#10514);
#9632=AXIS2_PLACEMENT_3D('',#12604,#10515,#10516);
#9633=AXIS2_PLACEMENT_3D('',#12606,#10518,#10519);
#9634=AXIS2_PLACEMENT_3D('',#12608,#10520,#10521);
#9635=AXIS2_PLACEMENT_3D('',#12611,#10523,#10524);
#9636=AXIS2_PLACEMENT_3D('',#12613,#10525,#10526);
#9637=AXIS2_PLACEMENT_3D('',#12615,#10528,#10529);
#9638=AXIS2_PLACEMENT_3D('',#12617,#10530,#10531);
#9639=AXIS2_PLACEMENT_3D('',#12620,#10533,#10534);
#9640=AXIS2_PLACEMENT_3D('',#12622,#10536,#10537);
#9641=AXIS2_PLACEMENT_3D('',#12624,#10538,#10539);
#9642=AXIS2_PLACEMENT_3D('',#12627,#10541,#10542);
#9643=AXIS2_PLACEMENT_3D('',#12629,#10544,#10545);
#9644=AXIS2_PLACEMENT_3D('',#12631,#10546,#10547);
#9645=AXIS2_PLACEMENT_3D('',#12634,#10549,#10550);
#9646=AXIS2_PLACEMENT_3D('',#12636,#10551,#10552);
#9647=AXIS2_PLACEMENT_3D('',#12638,#10554,#10555);
#9648=AXIS2_PLACEMENT_3D('',#12640,#10556,#10557);
#9649=AXIS2_PLACEMENT_3D('',#12643,#10559,#10560);
#9650=AXIS2_PLACEMENT_3D('',#12645,#10562,#10563);
#9651=AXIS2_PLACEMENT_3D('',#12647,#10564,#10565);
#9652=AXIS2_PLACEMENT_3D('',#12650,#10567,#10568);
#9653=AXIS2_PLACEMENT_3D('',#12670,#10572,#10573);
#9654=AXIS2_PLACEMENT_3D('',#12676,#10577,#10578);
#9655=AXIS2_PLACEMENT_3D('',#12682,#10582,#10583);
#9656=AXIS2_PLACEMENT_3D('',#12718,#10589,#10590);
#9657=AXIS2_PLACEMENT_3D('',#12724,#10594,#10595);
#9658=AXIS2_PLACEMENT_3D('',#12730,#10599,#10600);
#9659=AXIS2_PLACEMENT_3D('',#12736,#10604,#10605);
#9660=AXIS2_PLACEMENT_3D('',#12742,#10609,#10610);
#9661=AXIS2_PLACEMENT_3D('',#12748,#10614,#10615);
#9662=AXIS2_PLACEMENT_3D('',#12754,#10619,#10620);
#9663=AXIS2_PLACEMENT_3D('',#12760,#10624,#10625);
#9664=AXIS2_PLACEMENT_3D('',#12766,#10629,#10630);
#9665=AXIS2_PLACEMENT_3D('',#12772,#10634,#10635);
#9666=AXIS2_PLACEMENT_3D('',#12790,#10639,#10640);
#9667=AXIS2_PLACEMENT_3D('',#12869,#10647,#10648);
#9668=AXIS2_PLACEMENT_3D('',#13055,#10664,#10665);
#9669=AXIS2_PLACEMENT_3D('',#13226,#10680,#10681);
#9670=AXIS2_PLACEMENT_3D('',#13412,#10697,#10698);
#9671=AXIS2_PLACEMENT_3D('',#13535,#10709,#10710);
#9672=AXIS2_PLACEMENT_3D('',#13536,#10711,#10712);
#9673=AXIS2_PLACEMENT_3D('',#13545,#10717,#10718);
#9674=AXIS2_PLACEMENT_3D('',#13551,#10722,#10723);
#9675=AXIS2_PLACEMENT_3D('',#13557,#10727,#10728);
#9676=AXIS2_PLACEMENT_3D('',#13563,#10732,#10733);
#9677=AXIS2_PLACEMENT_3D('',#13569,#10737,#10738);
#9678=AXIS2_PLACEMENT_3D('',#13575,#10742,#10743);
#9679=AXIS2_PLACEMENT_3D('',#13581,#10747,#10748);
#9680=AXIS2_PLACEMENT_3D('',#13587,#10752,#10753);
#9681=AXIS2_PLACEMENT_3D('',#13593,#10757,#10758);
#9682=AXIS2_PLACEMENT_3D('',#13599,#10762,#10763);
#9683=AXIS2_PLACEMENT_3D('',#13605,#10767,#10768);
#9684=AXIS2_PLACEMENT_3D('',#13608,#10771,#10772);
#9685=AXIS2_PLACEMENT_3D('',#13672,#10778,#10779);
#9686=AXIS2_PLACEMENT_3D('',#13678,#10783,#10784);
#9687=AXIS2_PLACEMENT_3D('',#13684,#10788,#10789);
#9688=AXIS2_PLACEMENT_3D('',#13870,#10805,#10806);
#9689=AXIS2_PLACEMENT_3D('',#13876,#10810,#10811);
#9690=AXIS2_PLACEMENT_3D('',#13882,#10815,#10816);
#9691=AXIS2_PLACEMENT_3D('',#14005,#10827,#10828);
#9692=AXIS2_PLACEMENT_3D('',#14189,#10842,#10843);
#9693=AXIS2_PLACEMENT_3D('',#14195,#10847,#10848);
#9694=AXIS2_PLACEMENT_3D('',#14201,#10852,#10853);
#9695=AXIS2_PLACEMENT_3D('',#14387,#10869,#10870);
#9696=AXIS2_PLACEMENT_3D('',#14393,#10874,#10875);
#9697=AXIS2_PLACEMENT_3D('',#14399,#10879,#10880);
#9698=AXIS2_PLACEMENT_3D('',#14405,#10884,#10885);
#9699=AXIS2_PLACEMENT_3D('',#14411,#10889,#10890);
#9700=AXIS2_PLACEMENT_3D('',#14414,#10893,#10894);
#9701=AXIS2_PLACEMENT_3D('',#14415,#10895,#10896);
#9702=AXIS2_PLACEMENT_3D('',#14424,#10901,#10902);
#9703=AXIS2_PLACEMENT_3D('',#14430,#10906,#10907);
#9704=AXIS2_PLACEMENT_3D('',#14436,#10911,#10912);
#9705=AXIS2_PLACEMENT_3D('',#14442,#10916,#10917);
#9706=AXIS2_PLACEMENT_3D('',#14448,#10921,#10922);
#9707=AXIS2_PLACEMENT_3D('',#14454,#10926,#10927);
#9708=AXIS2_PLACEMENT_3D('',#14460,#10931,#10932);
#9709=AXIS2_PLACEMENT_3D('',#14463,#10935,#10936);
#9710=AXIS2_PLACEMENT_3D('',#14797,#10960,#10961);
#9711=AXIS2_PLACEMENT_3D('',#14803,#10965,#10966);
#9712=AXIS2_PLACEMENT_3D('',#14809,#10970,#10971);
#9713=AXIS2_PLACEMENT_3D('',#15265,#11005,#11006);
#9714=AXIS2_PLACEMENT_3D('',#15271,#11010,#11011);
#9715=AXIS2_PLACEMENT_3D('',#15277,#11015,#11016);
#9716=AXIS2_PLACEMENT_3D('',#15400,#11027,#11028);
#9717=AXIS2_PLACEMENT_3D('',#15401,#11029,#11030);
#9718=AXIS2_PLACEMENT_3D('',#15402,#11031,#11032);
#9719=AXIS2_PLACEMENT_3D('',#15403,#11033,#11034);
#9720=AXIS2_PLACEMENT_3D('',#15408,#11036,#11037);
#9721=AXIS2_PLACEMENT_3D('',#15411,#11039,#11040);
#9722=AXIS2_PLACEMENT_3D('',#15412,#11041,#11042);
#9723=AXIS2_PLACEMENT_3D('',#15418,#11046,#11047);
#9724=AXIS2_PLACEMENT_3D('',#15424,#11051,#11052);
#9725=AXIS2_PLACEMENT_3D('',#15426,#11053,#11054);
#9726=AXIS2_PLACEMENT_3D('',#15429,#11056,#11057);
#9727=AXIS2_PLACEMENT_3D('',#15430,#11058,#11059);
#9728=AXIS2_PLACEMENT_3D('',#15436,#11063,#11064);
#9729=AXIS2_PLACEMENT_3D('',#15442,#11068,#11069);
#9730=AXIS2_PLACEMENT_3D('',#15452,#11075,#11076);
#9731=AXIS2_PLACEMENT_3D('',#15454,#11077,#11078);
#9732=AXIS2_PLACEMENT_3D('',#15458,#11080,#11081);
#9733=AXIS2_PLACEMENT_3D('',#15462,#11083,#11084);
#9734=AXIS2_PLACEMENT_3D('',#15465,#11086,#11087);
#9735=AXIS2_PLACEMENT_3D('',#15471,#11090,#11091);
#9736=AXIS2_PLACEMENT_3D('',#15475,#11093,#11094);
#9737=AXIS2_PLACEMENT_3D('',#15479,#11096,#11097);
#9738=AXIS2_PLACEMENT_3D('',#15483,#11099,#11100);
#9739=AXIS2_PLACEMENT_3D('',#15487,#11102,#11103);
#9740=AXIS2_PLACEMENT_3D('',#15491,#11105,#11106);
#9741=AXIS2_PLACEMENT_3D('',#15495,#11108,#11109);
#9742=AXIS2_PLACEMENT_3D('',#15499,#11111,#11112);
#9743=AXIS2_PLACEMENT_3D('',#15503,#11114,#11115);
#9744=AXIS2_PLACEMENT_3D('',#15507,#11117,#11118);
#9745=AXIS2_PLACEMENT_3D('',#15511,#11120,#11121);
#9746=AXIS2_PLACEMENT_3D('',#15515,#11123,#11124);
#9747=AXIS2_PLACEMENT_3D('',#15519,#11126,#11127);
#9748=AXIS2_PLACEMENT_3D('',#15523,#11129,#11130);
#9749=AXIS2_PLACEMENT_3D('',#15527,#11132,#11133);
#9750=AXIS2_PLACEMENT_3D('',#15531,#11135,#11136);
#9751=AXIS2_PLACEMENT_3D('',#15533,#11137,#11138);
#9752=AXIS2_PLACEMENT_3D('',#15535,#11139,#11140);
#9753=AXIS2_PLACEMENT_3D('',#15539,#11142,#11143);
#9754=AXIS2_PLACEMENT_3D('',#15543,#11145,#11146);
#9755=AXIS2_PLACEMENT_3D('',#15547,#11148,#11149);
#9756=AXIS2_PLACEMENT_3D('',#15551,#11151,#11152);
#9757=AXIS2_PLACEMENT_3D('',#15555,#11154,#11155);
#9758=AXIS2_PLACEMENT_3D('',#15559,#11157,#11158);
#9759=AXIS2_PLACEMENT_3D('',#15563,#11160,#11161);
#9760=AXIS2_PLACEMENT_3D('',#15567,#11163,#11164);
#9761=AXIS2_PLACEMENT_3D('',#15571,#11166,#11167);
#9762=AXIS2_PLACEMENT_3D('',#15575,#11169,#11170);
#9763=AXIS2_PLACEMENT_3D('',#15579,#11172,#11173);
#9764=AXIS2_PLACEMENT_3D('',#15583,#11175,#11176);
#9765=AXIS2_PLACEMENT_3D('',#15587,#11178,#11179);
#9766=AXIS2_PLACEMENT_3D('',#15591,#11181,#11182);
#9767=AXIS2_PLACEMENT_3D('',#15595,#11184,#11185);
#9768=AXIS2_PLACEMENT_3D('',#15599,#11187,#11188);
#9769=AXIS2_PLACEMENT_3D('',#15603,#11190,#11191);
#9770=AXIS2_PLACEMENT_3D('',#15607,#11193,#11194);
#9771=AXIS2_PLACEMENT_3D('',#15609,#11195,#11196);
#9772=AXIS2_PLACEMENT_3D('',#15611,#11197,#11198);
#9773=AXIS2_PLACEMENT_3D('',#15615,#11200,#11201);
#9774=AXIS2_PLACEMENT_3D('',#15619,#11203,#11204);
#9775=AXIS2_PLACEMENT_3D('',#15623,#11206,#11207);
#9776=AXIS2_PLACEMENT_3D('',#15627,#11209,#11210);
#9777=AXIS2_PLACEMENT_3D('',#15631,#11212,#11213);
#9778=AXIS2_PLACEMENT_3D('',#15634,#11215,#11216);
#9779=AXIS2_PLACEMENT_3D('',#15636,#11217,#11218);
#9780=AXIS2_PLACEMENT_3D('',#15638,#11219,#11220);
#9781=AXIS2_PLACEMENT_3D('',#15640,#11221,#11222);
#9782=AXIS2_PLACEMENT_3D('',#15642,#11223,#11224);
#9783=AXIS2_PLACEMENT_3D('',#15644,#11225,#11226);
#9784=AXIS2_PLACEMENT_3D('',#15646,#11227,#11228);
#9785=AXIS2_PLACEMENT_3D('',#15648,#11229,#11230);
#9786=AXIS2_PLACEMENT_3D('',#15649,#11231,#11232);
#9787=AXIS2_PLACEMENT_3D('',#15653,#11235,#11236);
#9788=AXIS2_PLACEMENT_3D('',#15656,#11238,#11239);
#9789=AXIS2_PLACEMENT_3D('',#15657,#11240,#11241);
#9790=AXIS2_PLACEMENT_3D('',#15661,#11244,#11245);
#9791=AXIS2_PLACEMENT_3D('',#15662,#11246,#11247);
#9792=AXIS2_PLACEMENT_3D('',#15663,#11248,#11249);
#9793=AXIS2_PLACEMENT_3D('',#15666,#11251,#11252);
#9794=AXIS2_PLACEMENT_3D('',#15667,#11253,#11254);
#9795=AXIS2_PLACEMENT_3D('',#15668,#11255,#11256);
#9796=AXIS2_PLACEMENT_3D('',#15671,#11258,#11259);
#9797=AXIS2_PLACEMENT_3D('',#15672,#11260,#11261);
#9798=AXIS2_PLACEMENT_3D('',#15673,#11262,#11263);
#9799=AXIS2_PLACEMENT_3D('',#15676,#11265,#11266);
#9800=AXIS2_PLACEMENT_3D('',#15677,#11267,#11268);
#9801=AXIS2_PLACEMENT_3D('',#15678,#11269,#11270);
#9802=AXIS2_PLACEMENT_3D('',#15681,#11272,#11273);
#9803=AXIS2_PLACEMENT_3D('',#15682,#11274,#11275);
#9804=AXIS2_PLACEMENT_3D('',#15683,#11276,#11277);
#9805=AXIS2_PLACEMENT_3D('',#15686,#11279,#11280);
#9806=AXIS2_PLACEMENT_3D('',#15687,#11281,#11282);
#9807=AXIS2_PLACEMENT_3D('',#15688,#11283,#11284);
#9808=AXIS2_PLACEMENT_3D('',#15691,#11286,#11287);
#9809=AXIS2_PLACEMENT_3D('',#15692,#11288,#11289);
#9810=AXIS2_PLACEMENT_3D('',#15693,#11290,#11291);
#9811=AXIS2_PLACEMENT_3D('',#15696,#11293,#11294);
#9812=AXIS2_PLACEMENT_3D('',#15697,#11295,#11296);
#9813=AXIS2_PLACEMENT_3D('',#15698,#11297,#11298);
#9814=AXIS2_PLACEMENT_3D('',#15701,#11300,#11301);
#9815=AXIS2_PLACEMENT_3D('',#15702,#11302,#11303);
#9816=AXIS2_PLACEMENT_3D('',#15703,#11304,#11305);
#9817=AXIS2_PLACEMENT_3D('',#15706,#11308,#11309);
#9818=AXIS2_PLACEMENT_3D('',#15709,#11312,#11313);
#9819=AXIS2_PLACEMENT_3D('',#15714,#11316,#11317);
#9820=AXIS2_PLACEMENT_3D('',#15715,#11318,#11319);
#9821=AXIS2_PLACEMENT_3D('',#15720,#11322,#11323);
#9822=AXIS2_PLACEMENT_3D('',#15721,#11324,#11325);
#9823=AXIS2_PLACEMENT_3D('',#15726,#11328,#11329);
#9824=AXIS2_PLACEMENT_3D('',#15727,#11330,#11331);
#9825=AXIS2_PLACEMENT_3D('',#15730,#11334,#11335);
#9826=AXIS2_PLACEMENT_3D('',#15733,#11338,#11339);
#9827=AXIS2_PLACEMENT_3D('',#15735,#11341,#11342);
#9828=AXIS2_PLACEMENT_3D('',#15737,#11344,#11345);
#9829=AXIS2_PLACEMENT_3D('',#15739,#11347,#11348);
#9830=AXIS2_PLACEMENT_3D('',#15741,#11350,#11351);
#9831=AXIS2_PLACEMENT_3D('',#15745,#11354,#11355);
#9832=AXIS2_PLACEMENT_3D('',#15749,#11358,#11359);
#9833=AXIS2_PLACEMENT_3D('',#15753,#11362,#11363);
#9834=AXIS2_PLACEMENT_3D('',#15757,#11366,#11367);
#9835=AXIS2_PLACEMENT_3D('',#15762,#11369,#11370);
#9836=AXIS2_PLACEMENT_3D('',#15765,#11372,#11373);
#9837=AXIS2_PLACEMENT_3D('',#15767,#11374,#11375);
#9838=AXIS2_PLACEMENT_3D('',#15770,#11377,#11378);
#9839=AXIS2_PLACEMENT_3D('',#15771,#11379,#11380);
#9840=AXIS2_PLACEMENT_3D('',#15773,#11382,#11383);
#9841=AXIS2_PLACEMENT_3D('',#15775,#11385,#11386);
#9842=AXIS2_PLACEMENT_3D('',#15777,#11388,#11389);
#9843=AXIS2_PLACEMENT_3D('',#15779,#11391,#11392);
#9844=AXIS2_PLACEMENT_3D('',#15783,#11395,#11396);
#9845=AXIS2_PLACEMENT_3D('',#15789,#11400,#11401);
#9846=AXIS2_PLACEMENT_3D('',#15792,#11404,#11405);
#9847=AXIS2_PLACEMENT_3D('',#15794,#11407,#11408);
#9848=AXIS2_PLACEMENT_3D('',#15797,#11411,#11412);
#9849=AXIS2_PLACEMENT_3D('',#15800,#11414,#11415);
#9850=AXIS2_PLACEMENT_3D('',#15801,#11416,#11417);
#9851=AXIS2_PLACEMENT_3D('',#15804,#11420,#11421);
#9852=AXIS2_PLACEMENT_3D('',#15832,#11441,#11442);
#9853=AXIS2_PLACEMENT_3D('',#15834,#11444,#11445);
#9854=AXIS2_PLACEMENT_3D('',#15836,#11447,#11448);
#9855=AXIS2_PLACEMENT_3D('',#15838,#11450,#11451);
#9856=AXIS2_PLACEMENT_3D('',#15840,#11453,#11454);
#9857=AXIS2_PLACEMENT_3D('',#15843,#11456,#11457);
#9858=AXIS2_PLACEMENT_3D('',#15844,#11458,#11459);
#9859=AXIS2_PLACEMENT_3D('',#15846,#11460,#11461);
#9860=AXIS2_PLACEMENT_3D('',#15848,#11463,#11464);
#9861=AXIS2_PLACEMENT_3D('',#15851,#11466,#11467);
#9862=AXIS2_PLACEMENT_3D('',#15852,#11468,#11469);
#9863=AXIS2_PLACEMENT_3D('',#15854,#11470,#11471);
#9864=AXIS2_PLACEMENT_3D('',#15856,#11473,#11474);
#9865=AXIS2_PLACEMENT_3D('',#15860,#11477,#11478);
#9866=AXIS2_PLACEMENT_3D('',#15863,#11481,#11482);
#9867=AXIS2_PLACEMENT_3D('',#15864,#11483,#11484);
#9868=AXIS2_PLACEMENT_3D('',#15867,#11487,#11488);
#9869=AXIS2_PLACEMENT_3D('',#15871,#11490,#11491);
#9870=AXIS2_PLACEMENT_3D('',#15873,#11493,#11494);
#9871=AXIS2_PLACEMENT_3D('',#15874,#11495,#11496);
#9872=AXIS2_PLACEMENT_3D('',#15878,#11498,#11499);
#9873=AXIS2_PLACEMENT_3D('',#15881,#11501,#11502);
#9874=AXIS2_PLACEMENT_3D('',#15883,#11504,#11505);
#9875=AXIS2_PLACEMENT_3D('',#15885,#11507,#11508);
#9876=AXIS2_PLACEMENT_3D('',#15887,#11510,#11511);
#9877=AXIS2_PLACEMENT_3D('',#15889,#11513,#11514);
#9878=AXIS2_PLACEMENT_3D('',#15891,#11516,#11517);
#9879=AXIS2_PLACEMENT_3D('',#15893,#11519,#11520);
#9880=AXIS2_PLACEMENT_3D('',#15895,#11522,#11523);
#9881=AXIS2_PLACEMENT_3D('',#15901,#11527,#11528);
#9882=AXIS2_PLACEMENT_3D('',#15902,#11529,#11530);
#9883=AXIS2_PLACEMENT_3D('',#15903,#11531,#11532);
#9884=AXIS2_PLACEMENT_3D('',#15906,#11534,#11535);
#9885=AXIS2_PLACEMENT_3D('',#15907,#11536,#11537);
#9886=AXIS2_PLACEMENT_3D('',#15911,#11540,#11541);
#9887=AXIS2_PLACEMENT_3D('',#15914,#11543,#11544);
#9888=AXIS2_PLACEMENT_3D('',#15915,#11545,#11546);
#9889=AXIS2_PLACEMENT_3D('',#15917,#11548,#11549);
#9890=AXIS2_PLACEMENT_3D('',#15920,#11551,#11552);
#9891=AXIS2_PLACEMENT_3D('',#15921,#11553,#11554);
#9892=AXIS2_PLACEMENT_3D('',#15925,#11557,#11558);
#9893=AXIS2_PLACEMENT_3D('',#15928,#11560,#11561);
#9894=AXIS2_PLACEMENT_3D('',#15929,#11562,#11563);
#9895=AXIS2_PLACEMENT_3D('',#15933,#11566,#11567);
#9896=AXIS2_PLACEMENT_3D('',#15936,#11569,#11570);
#9897=AXIS2_PLACEMENT_3D('',#15937,#11571,#11572);
#9898=AXIS2_PLACEMENT_3D('',#15941,#11575,#11576);
#9899=AXIS2_PLACEMENT_3D('',#15942,#11577,#11578);
#9900=AXIS2_PLACEMENT_3D('',#15943,#11579,#11580);
#9901=AXIS2_PLACEMENT_3D('',#15946,#11583,#11584);
#9902=AXIS2_PLACEMENT_3D('',#15948,#11586,#11587);
#9903=AXIS2_PLACEMENT_3D('',#15949,#11588,#11589);
#9904=AXIS2_PLACEMENT_3D('',#15950,#11590,#11591);
#9905=AXIS2_PLACEMENT_3D('',#15951,#11592,#11593);
#9906=AXIS2_PLACEMENT_3D('',#15952,#11594,#11595);
#9907=AXIS2_PLACEMENT_3D('',#15953,#11596,#11597);
#9908=AXIS2_PLACEMENT_3D('',#15955,#11599,#11600);
#9909=AXIS2_PLACEMENT_3D('',#15956,#11601,#11602);
#9910=AXIS2_PLACEMENT_3D('',#15957,#11603,#11604);
#9911=AXIS2_PLACEMENT_3D('',#15963,#11610,#11611);
#9912=AXIS2_PLACEMENT_3D('',#15965,#11613,#11614);
#9913=AXIS2_PLACEMENT_3D('',#15967,#11616,#11617);
#9914=AXIS2_PLACEMENT_3D('',#15968,#11618,#11619);
#9915=AXIS2_PLACEMENT_3D('',#15970,#11621,#11622);
#9916=AXIS2_PLACEMENT_3D('',#15972,#11624,#11625);
#9917=AXIS2_PLACEMENT_3D('',#15973,#11626,#11627);
#9918=AXIS2_PLACEMENT_3D('',#15975,#11629,#11630);
#9919=AXIS2_PLACEMENT_3D('',#15977,#11632,#11633);
#9920=AXIS2_PLACEMENT_3D('',#15978,#11634,#11635);
#9921=AXIS2_PLACEMENT_3D('',#15980,#11637,#11638);
#9922=AXIS2_PLACEMENT_3D('',#15982,#11640,#11641);
#9923=AXIS2_PLACEMENT_3D('',#15983,#11642,#11643);
#9924=AXIS2_PLACEMENT_3D('',#15985,#11645,#11646);
#9925=AXIS2_PLACEMENT_3D('',#15987,#11648,#11649);
#9926=AXIS2_PLACEMENT_3D('',#15988,#11650,#11651);
#9927=AXIS2_PLACEMENT_3D('',#15990,#11653,#11654);
#9928=AXIS2_PLACEMENT_3D('',#15991,#11655,#11656);
#9929=AXIS2_PLACEMENT_3D('',#15993,#11658,#11659);
#9930=AXIS2_PLACEMENT_3D('',#15994,#11660,#11661);
#9931=AXIS2_PLACEMENT_3D('',#15995,#11662,#11663);
#9932=AXIS2_PLACEMENT_3D('',#15998,#11665,#11666);
#9933=AXIS2_PLACEMENT_3D('',#15999,#11667,#11668);
#9934=AXIS2_PLACEMENT_3D('',#16003,#11671,#11672);
#9935=AXIS2_PLACEMENT_3D('',#16006,#11674,#11675);
#9936=AXIS2_PLACEMENT_3D('',#16007,#11676,#11677);
#9937=AXIS2_PLACEMENT_3D('',#16010,#11678,#11679);
#9938=AXIS2_PLACEMENT_3D('',#16012,#11680,#11681);
#9939=AXIS2_PLACEMENT_3D('',#16014,#11682,#11683);
#9940=AXIS2_PLACEMENT_3D('',#16015,#11684,#11685);
#9941=AXIS2_PLACEMENT_3D('',#16016,#11686,#11687);
#9942=AXIS2_PLACEMENT_3D('',#16019,#11688,#11689);
#9943=AXIS2_PLACEMENT_3D('',#16022,#11692,#11693);
#9944=AXIS2_PLACEMENT_3D('',#16025,#11694,#11695);
#9945=AXIS2_PLACEMENT_3D('',#16026,#11696,#11697);
#9946=AXIS2_PLACEMENT_3D('',#16027,#11698,#11699);
#9947=AXIS2_PLACEMENT_3D('',#16028,#11700,#11701);
#9948=AXIS2_PLACEMENT_3D('',#16031,#11702,#11703);
#9949=AXIS2_PLACEMENT_3D('',#16034,#11706,#11707);
#9950=AXIS2_PLACEMENT_3D('',#16036,#11708,#11709);
#9951=AXIS2_PLACEMENT_3D('',#16037,#11710,#11711);
#9952=AXIS2_PLACEMENT_3D('',#16038,#11712,#11713);
#9953=AXIS2_PLACEMENT_3D('',#16039,#11714,#11715);
#9954=AXIS2_PLACEMENT_3D('',#16041,#11716,#11717);
#9955=AXIS2_PLACEMENT_3D('',#16043,#11719,#11720);
#9956=AXIS2_PLACEMENT_3D('',#16046,#11721,#11722);
#9957=AXIS2_PLACEMENT_3D('',#16047,#11723,#11724);
#9958=AXIS2_PLACEMENT_3D('',#16048,#11725,#11726);
#9959=AXIS2_PLACEMENT_3D('',#16049,#11727,#11728);
#9960=AXIS2_PLACEMENT_3D('',#16052,#11731,#11732);
#9961=AXIS2_PLACEMENT_3D('',#16054,#11734,#11735);
#9962=AXIS2_PLACEMENT_3D('',#16056,#11737,#11738);
#9963=AXIS2_PLACEMENT_3D('',#16058,#11740,#11741);
#9964=AXIS2_PLACEMENT_3D('',#16063,#11743,#11744);
#9965=AXIS2_PLACEMENT_3D('',#16067,#11746,#11747);
#9966=AXIS2_PLACEMENT_3D('',#16071,#11749,#11750);
#9967=AXIS2_PLACEMENT_3D('',#16074,#11752,#11753);
#9968=AXIS2_PLACEMENT_3D('',#16079,#11755,#11756);
#9969=AXIS2_PLACEMENT_3D('',#16083,#11758,#11759);
#9970=AXIS2_PLACEMENT_3D('',#16087,#11761,#11762);
#9971=AXIS2_PLACEMENT_3D('',#16093,#11765,#11766);
#9972=AXIS2_PLACEMENT_3D('',#16097,#11768,#11769);
#9973=AXIS2_PLACEMENT_3D('',#16101,#11771,#11772);
#9974=AXIS2_PLACEMENT_3D('',#16104,#11774,#11775);
#9975=AXIS2_PLACEMENT_3D('',#16107,#11776,#11777);
#9976=AXIS2_PLACEMENT_3D('',#16111,#11779,#11780);
#9977=AXIS2_PLACEMENT_3D('',#16115,#11782,#11783);
#9978=AXIS2_PLACEMENT_3D('',#16119,#11785,#11786);
#9979=AXIS2_PLACEMENT_3D('',#16125,#11789,#11790);
#9980=AXIS2_PLACEMENT_3D('',#16129,#11792,#11793);
#9981=AXIS2_PLACEMENT_3D('',#16133,#11795,#11796);
#9982=AXIS2_PLACEMENT_3D('',#16136,#11798,#11799);
#9983=AXIS2_PLACEMENT_3D('',#16141,#11801,#11802);
#9984=AXIS2_PLACEMENT_3D('',#16145,#11804,#11805);
#9985=AXIS2_PLACEMENT_3D('',#16149,#11807,#11808);
#9986=AXIS2_PLACEMENT_3D('',#16152,#11810,#11811);
#9987=AXIS2_PLACEMENT_3D('',#16157,#11813,#11814);
#9988=AXIS2_PLACEMENT_3D('',#16161,#11816,#11817);
#9989=AXIS2_PLACEMENT_3D('',#16165,#11819,#11820);
#9990=AXIS2_PLACEMENT_3D('',#16171,#11823,#11824);
#9991=AXIS2_PLACEMENT_3D('',#16175,#11826,#11827);
#9992=AXIS2_PLACEMENT_3D('',#16179,#11829,#11830);
#9993=AXIS2_PLACEMENT_3D('',#16182,#11832,#11833);
#9994=AXIS2_PLACEMENT_3D('',#16187,#11835,#11836);
#9995=AXIS2_PLACEMENT_3D('',#16191,#11838,#11839);
#9996=AXIS2_PLACEMENT_3D('',#16195,#11841,#11842);
#9997=AXIS2_PLACEMENT_3D('',#16199,#11844,#11845);
#9998=AXIS2_PLACEMENT_3D('',#16203,#11847,#11848);
#9999=AXIS2_PLACEMENT_3D('',#16207,#11850,#11851);
#10000=AXIS2_PLACEMENT_3D('',#16211,#11853,#11854);
#10001=AXIS2_PLACEMENT_3D('',#16214,#11856,#11857);
#10002=AXIS2_PLACEMENT_3D('',#16215,#11858,#11859);
#10003=AXIS2_PLACEMENT_3D('',#16218,#11862,#11863);
#10004=AXIS2_PLACEMENT_3D('',#16220,#11865,#11866);
#10005=AXIS2_PLACEMENT_3D('',#16222,#11868,#11869);
#10006=AXIS2_PLACEMENT_3D('',#16224,#11871,#11872);
#10007=AXIS2_PLACEMENT_3D('',#16226,#11874,#11875);
#10008=AXIS2_PLACEMENT_3D('',#16228,#11877,#11878);
#10009=AXIS2_PLACEMENT_3D('',#16230,#11880,#11881);
#10010=AXIS2_PLACEMENT_3D('',#16232,#11883,#11884);
#10011=AXIS2_PLACEMENT_3D('',#16234,#11886,#11887);
#10012=AXIS2_PLACEMENT_3D('',#16236,#11889,#11890);
#10013=AXIS2_PLACEMENT_3D('',#16238,#11892,#11893);
#10014=AXIS2_PLACEMENT_3D('',#16240,#11895,#11896);
#10015=AXIS2_PLACEMENT_3D('',#16242,#11898,#11899);
#10016=AXIS2_PLACEMENT_3D('',#16244,#11901,#11902);
#10017=AXIS2_PLACEMENT_3D('',#16246,#11904,#11905);
#10018=AXIS2_PLACEMENT_3D('',#16247,#11906,#11907);
#10019=AXIS2_PLACEMENT_3D('',#16251,#11911,#11912);
#10020=AXIS2_PLACEMENT_3D('',#16253,#11914,#11915);
#10021=AXIS2_PLACEMENT_3D('',#16255,#11917,#11918);
#10022=AXIS2_PLACEMENT_3D('',#16257,#11920,#11921);
#10023=AXIS2_PLACEMENT_3D('',#16259,#11923,#11924);
#10024=AXIS2_PLACEMENT_3D('',#16261,#11926,#11927);
#10025=AXIS2_PLACEMENT_3D('',#16263,#11929,#11930);
#10026=AXIS2_PLACEMENT_3D('',#16264,#11931,#11932);
#10027=AXIS2_PLACEMENT_3D('',#16265,#11933,#11934);
#10028=AXIS2_PLACEMENT_3D('',#16268,#11937,#11938);
#10029=AXIS2_PLACEMENT_3D('',#16269,#11939,#11940);
#10030=AXIS2_PLACEMENT_3D('',#16271,#11942,#11943);
#10031=AXIS2_PLACEMENT_3D('',#16273,#11945,#11946);
#10032=AXIS2_PLACEMENT_3D('',#16275,#11947,#11948);
#10033=AXIS2_PLACEMENT_3D('',#16277,#11950,#11951);
#10034=AXIS2_PLACEMENT_3D('',#16281,#11954,#11955);
#10035=AXIS2_PLACEMENT_3D('',#16282,#11956,#11957);
#10036=AXIS2_PLACEMENT_3D('',#16284,#11959,#11960);
#10037=AXIS2_PLACEMENT_3D('',#16286,#11962,#11963);
#10038=AXIS2_PLACEMENT_3D('',#16287,#11964,#11965);
#10039=AXIS2_PLACEMENT_3D('',#16289,#11967,#11968);
#10040=AXIS2_PLACEMENT_3D('',#16290,#11969,#11970);
#10041=AXIS2_PLACEMENT_3D('',#16296,#11974,#11975);
#10042=AXIS2_PLACEMENT_3D('',#16298,#11976,#11977);
#10043=AXIS2_PLACEMENT_3D('',#16300,#11979,#11980);
#10044=AXIS2_PLACEMENT_3D('',#16304,#11983,#11984);
#10045=AXIS2_PLACEMENT_3D('',#16305,#11985,#11986);
#10046=AXIS2_PLACEMENT_3D('',#16307,#11988,#11989);
#10047=AXIS2_PLACEMENT_3D('',#16309,#11991,#11992);
#10048=AXIS2_PLACEMENT_3D('',#16311,#11993,#11994);
#10049=AXIS2_PLACEMENT_3D('',#16313,#11996,#11997);
#10050=AXIS2_PLACEMENT_3D('',#16315,#11999,#12000);
#10051=AXIS2_PLACEMENT_3D('',#16317,#12002,#12003);
#10052=AXIS2_PLACEMENT_3D('',#16319,#12005,#12006);
#10053=AXIS2_PLACEMENT_3D('',#16321,#12008,#12009);
#10054=AXIS2_PLACEMENT_3D('',#16323,#12011,#12012);
#10055=AXIS2_PLACEMENT_3D('',#16326,#12015,#12016);
#10056=AXIS2_PLACEMENT_3D('',#16328,#12018,#12019);
#10057=AXIS2_PLACEMENT_3D('',#16330,#12021,#12022);
#10058=AXIS2_PLACEMENT_3D('',#16332,#12024,#12025);
#10059=AXIS2_PLACEMENT_3D('',#16334,#12027,#12028);
#10060=AXIS2_PLACEMENT_3D('',#16336,#12030,#12031);
#10061=AXIS2_PLACEMENT_3D('',#16337,#12032,#12033);
#10062=AXIS2_PLACEMENT_3D('',#16340,#12036,#12037);
#10063=AXIS2_PLACEMENT_3D('',#16342,#12039,#12040);
#10064=AXIS2_PLACEMENT_3D('',#16344,#12042,#12043);
#10065=AXIS2_PLACEMENT_3D('',#16346,#12045,#12046);
#10066=AXIS2_PLACEMENT_3D('',#16348,#12048,#12049);
#10067=AXIS2_PLACEMENT_3D('',#16350,#12051,#12052);
#10068=AXIS2_PLACEMENT_3D('',#16352,#12054,#12055);
#10069=AXIS2_PLACEMENT_3D('',#16353,#12056,#12057);
#10070=AXIS2_PLACEMENT_3D('',#16356,#12060,#12061);
#10071=AXIS2_PLACEMENT_3D('',#16358,#12063,#12064);
#10072=AXIS2_PLACEMENT_3D('',#16360,#12066,#12067);
#10073=AXIS2_PLACEMENT_3D('',#16362,#12069,#12070);
#10074=AXIS2_PLACEMENT_3D('',#16364,#12072,#12073);
#10075=AXIS2_PLACEMENT_3D('',#16366,#12075,#12076);
#10076=AXIS2_PLACEMENT_3D('',#16368,#12078,#12079);
#10077=AXIS2_PLACEMENT_3D('',#16369,#12080,#12081);
#10078=AXIS2_PLACEMENT_3D('',#16372,#12084,#12085);
#10079=AXIS2_PLACEMENT_3D('',#16374,#12087,#12088);
#10080=AXIS2_PLACEMENT_3D('',#16376,#12090,#12091);
#10081=AXIS2_PLACEMENT_3D('',#16378,#12093,#12094);
#10082=AXIS2_PLACEMENT_3D('',#16380,#12096,#12097);
#10083=AXIS2_PLACEMENT_3D('',#16382,#12099,#12100);
#10084=AXIS2_PLACEMENT_3D('',#16384,#12102,#12103);
#10085=AXIS2_PLACEMENT_3D('',#16385,#12104,#12105);
#10086=AXIS2_PLACEMENT_3D('',#16388,#12108,#12109);
#10087=AXIS2_PLACEMENT_3D('',#16390,#12111,#12112);
#10088=AXIS2_PLACEMENT_3D('',#16392,#12114,#12115);
#10089=AXIS2_PLACEMENT_3D('',#16394,#12117,#12118);
#10090=AXIS2_PLACEMENT_3D('',#16396,#12120,#12121);
#10091=AXIS2_PLACEMENT_3D('',#16398,#12123,#12124);
#10092=AXIS2_PLACEMENT_3D('',#16400,#12126,#12127);
#10093=AXIS2_PLACEMENT_3D('',#16401,#12128,#12129);
#10094=AXIS2_PLACEMENT_3D('',#16403,#12131,#12132);
#10095=AXIS2_PLACEMENT_3D('',#16404,#12133,#12134);
#10096=AXIS2_PLACEMENT_3D('',#16406,#12136,#12137);
#10097=AXIS2_PLACEMENT_3D('',#16407,#12138,#12139);
#10098=AXIS2_PLACEMENT_3D('',#16410,#12142,#12143);
#10099=AXIS2_PLACEMENT_3D('',#16412,#12145,#12146);
#10100=AXIS2_PLACEMENT_3D('',#16413,#12147,#12148);
#10101=DIRECTION('axis',(0.,0.,1.));
#10102=DIRECTION('refdir',(1.,0.,0.));
#10103=DIRECTION('center_axis',(0.,0.,-1.));
#10104=DIRECTION('ref_axis',(1.,0.,0.));
#10105=DIRECTION('',(0.,-1.,0.));
#10106=DIRECTION('center_axis',(0.,0.,-1.));
#10107=DIRECTION('ref_axis',(0.707106781186552,0.707106781186543,0.));
#10108=DIRECTION('',(-1.,0.,0.));
#10109=DIRECTION('center_axis',(0.,0.,-1.));
#10110=DIRECTION('ref_axis',(-0.707106781186552,0.707106781186543,0.));
#10111=DIRECTION('',(0.,1.,0.));
#10112=DIRECTION('center_axis',(0.,0.,-1.));
#10113=DIRECTION('ref_axis',(-0.707106781186552,-0.707106781186543,0.));
#10114=DIRECTION('',(-1.,0.,0.));
#10115=DIRECTION('center_axis',(0.,0.,-1.));
#10116=DIRECTION('ref_axis',(0.70710678118655,-0.707106781186545,0.));
#10117=DIRECTION('',(0.,-1.,0.));
#10118=DIRECTION('center_axis',(0.,0.,-1.));
#10119=DIRECTION('ref_axis',(0.707106781186548,0.707106781186548,0.));
#10120=DIRECTION('',(-1.,0.,0.));
#10121=DIRECTION('center_axis',(0.,0.,-1.));
#10122=DIRECTION('ref_axis',(-0.707106781186548,0.707106781186548,0.));
#10123=DIRECTION('',(0.,1.,0.));
#10124=DIRECTION('center_axis',(0.,0.,-1.));
#10125=DIRECTION('ref_axis',(-0.707106781186548,-0.707106781186548,0.));
#10126=DIRECTION('',(-1.,0.,0.));
#10127=DIRECTION('center_axis',(0.,0.,-1.));
#10128=DIRECTION('ref_axis',(0.707106781186549,-0.707106781186546,0.));
#10129=DIRECTION('',(0.,-1.,0.));
#10130=DIRECTION('center_axis',(0.,0.,-1.));
#10131=DIRECTION('ref_axis',(0.707106781186546,0.707106781186549,0.));
#10132=DIRECTION('',(-1.,0.,0.));
#10133=DIRECTION('center_axis',(0.,0.,-1.));
#10134=DIRECTION('ref_axis',(-0.707106781186546,0.707106781186549,0.));
#10135=DIRECTION('',(0.,1.,0.));
#10136=DIRECTION('center_axis',(0.,0.,-1.));
#10137=DIRECTION('ref_axis',(-0.707106781186547,-0.707106781186548,0.));
#10138=DIRECTION('',(-1.,0.,0.));
#10139=DIRECTION('',(0.,-1.,0.));
#10140=DIRECTION('center_axis',(0.,0.,-1.));
#10141=DIRECTION('ref_axis',(0.707106781186552,0.707106781186543,0.));
#10142=DIRECTION('',(-1.,0.,0.));
#10143=DIRECTION('center_axis',(0.,0.,-1.));
#10144=DIRECTION('ref_axis',(-0.707106781186543,0.707106781186552,0.));
#10145=DIRECTION('',(0.,1.,0.));
#10146=DIRECTION('center_axis',(0.,0.,-1.));
#10147=DIRECTION('ref_axis',(-0.707106781186552,-0.707106781186543,0.));
#10148=DIRECTION('',(-1.,0.,0.));
#10149=DIRECTION('',(0.,-1.,0.));
#10150=DIRECTION('center_axis',(0.,0.,-1.));
#10151=DIRECTION('ref_axis',(0.707106781186552,0.707106781186543,0.));
#10152=DIRECTION('',(-1.,0.,0.));
#10153=DIRECTION('center_axis',(0.,0.,-1.));
#10154=DIRECTION('ref_axis',(-0.707106781186543,0.707106781186552,0.));
#10155=DIRECTION('',(0.,1.,0.));
#10156=DIRECTION('center_axis',(0.,0.,-1.));
#10157=DIRECTION('ref_axis',(-0.707106781186552,-0.707106781186543,0.));
#10158=DIRECTION('',(-1.,0.,0.));
#10159=DIRECTION('center_axis',(0.,0.,-1.));
#10160=DIRECTION('ref_axis',(0.707106781186545,-0.70710678118655,0.));
#10161=DIRECTION('',(0.,-1.,0.));
#10162=DIRECTION('center_axis',(0.,0.,-1.));
#10163=DIRECTION('ref_axis',(0.707106781186543,0.707106781186552,0.));
#10164=DIRECTION('center_axis',(0.,0.,-1.));
#10165=DIRECTION('ref_axis',(-0.771409215377131,-0.636339392487405,0.));
#10166=DIRECTION('center_axis',(0.,0.,1.));
#10167=DIRECTION('ref_axis',(0.771409215377092,0.636339392487452,0.));
#10168=DIRECTION('',(0.,1.,0.));
#10169=DIRECTION('center_axis',(0.,0.,1.));
#10170=DIRECTION('ref_axis',(1.,0.,0.));
#10171=DIRECTION('',(1.,-5.90079637995425E-16,0.));
#10172=DIRECTION('center_axis',(0.,0.,1.));
#10173=DIRECTION('ref_axis',(0.,-1.,0.));
#10174=DIRECTION('',(-3.07979850760986E-16,-1.,0.));
#10175=DIRECTION('center_axis',(0.,0.,1.));
#10176=DIRECTION('ref_axis',(-1.,5.32907051819992E-14,0.));
#10177=DIRECTION('center_axis',(0.,0.,-1.));
#10178=DIRECTION('ref_axis',(0.999186993154869,-0.0403156633348771,0.));
#10179=DIRECTION('center_axis',(0.,0.,-1.));
#10180=DIRECTION('ref_axis',(-0.707106781186543,0.707106781186552,0.));
#10181=DIRECTION('',(0.,1.,0.));
#10182=DIRECTION('center_axis',(0.,0.,-1.));
#10183=DIRECTION('ref_axis',(-0.707106781186543,-0.707106781186552,0.));
#10184=DIRECTION('',(-1.,0.,0.));
#10185=DIRECTION('center_axis',(0.,0.,-1.));
#10186=DIRECTION('ref_axis',(0.707106781186545,-0.70710678118655,0.));
#10187=DIRECTION('center_axis',(0.,0.,-1.));
#10188=DIRECTION('ref_axis',(0.707106781186543,-0.707106781186552,0.));
#10189=DIRECTION('',(0.,-1.,0.));
#10190=DIRECTION('center_axis',(0.,0.,-1.));
#10191=DIRECTION('ref_axis',(0.707106781186543,0.707106781186552,0.));
#10192=DIRECTION('',(1.,0.,0.));
#10193=DIRECTION('center_axis',(0.,0.,1.));
#10194=DIRECTION('ref_axis',(-0.707106781186543,-0.707106781186552,0.));
#10195=DIRECTION('',(0.,-1.,0.));
#10196=DIRECTION('center_axis',(0.,0.,-1.));
#10197=DIRECTION('ref_axis',(0.707106781186552,0.707106781186543,0.));
#10198=DIRECTION('',(1.,0.,0.));
#10199=DIRECTION('center_axis',(0.,0.,-1.));
#10200=DIRECTION('ref_axis',(-0.707106781186545,0.70710678118655,0.));
#10201=DIRECTION('',(0.,1.,0.));
#10202=DIRECTION('center_axis',(0.,0.,1.));
#10203=DIRECTION('ref_axis',(0.707106781186552,-0.707106781186543,0.));
#10204=DIRECTION('',(1.,0.,0.));
#10205=DIRECTION('center_axis',(0.,0.,-1.));
#10206=DIRECTION('ref_axis',(-0.707106781186543,0.707106781186552,0.));
#10207=DIRECTION('',(0.,1.,0.));
#10208=DIRECTION('center_axis',(0.,0.,-1.));
#10209=DIRECTION('ref_axis',(-0.707106781186552,-0.707106781186543,0.));
#10210=DIRECTION('',(-1.,0.,0.));
#10211=DIRECTION('center_axis',(0.,0.,-1.));
#10212=DIRECTION('ref_axis',(0.707106781186543,0.707106781186552,0.));
#10213=DIRECTION('',(1.,0.,0.));
#10214=DIRECTION('center_axis',(0.,0.,-1.));
#10215=DIRECTION('ref_axis',(-0.707106781186545,0.70710678118655,0.));
#10216=DIRECTION('',(0.,1.,0.));
#10217=DIRECTION('center_axis',(0.,0.,-1.));
#10218=DIRECTION('ref_axis',(-0.707106781186553,-0.707106781186543,0.));
#10219=DIRECTION('',(-1.,5.73264900839152E-17,0.));
#10220=DIRECTION('center_axis',(0.,0.,-1.));
#10221=DIRECTION('ref_axis',(0.707106781186544,-0.707106781186551,0.));
#10222=DIRECTION('',(0.,-1.,0.));
#10223=DIRECTION('center_axis',(0.,0.,-1.));
#10224=DIRECTION('ref_axis',(0.707106781186552,-0.707106781186543,0.));
#10225=DIRECTION('',(0.,-1.,0.));
#10226=DIRECTION('center_axis',(0.,0.,-1.));
#10227=DIRECTION('ref_axis',(0.707106781186545,0.70710678118655,0.));
#10228=DIRECTION('',(1.,-3.09793118498268E-17,0.));
#10229=DIRECTION('center_axis',(0.,0.,-1.));
#10230=DIRECTION('ref_axis',(-0.707106781186543,0.707106781186552,0.));
#10231=DIRECTION('',(0.,1.,0.));
#10232=DIRECTION('center_axis',(0.,0.,-1.));
#10233=DIRECTION('ref_axis',(-0.707106781186527,-0.707106781186568,0.));
#10234=DIRECTION('',(-1.,0.,0.));
#10235=DIRECTION('center_axis',(0.,0.,-1.));
#10236=DIRECTION('ref_axis',(0.707106781186552,-0.707106781186543,0.));
#10237=DIRECTION('',(0.,0.,-1.));
#10238=DIRECTION('center_axis',(0.,0.,-1.));
#10239=DIRECTION('ref_axis',(0.707106781186552,-0.707106781186543,0.));
#10240=DIRECTION('',(0.,0.,-1.));
#10241=DIRECTION('center_axis',(0.,1.,0.));
#10242=DIRECTION('ref_axis',(-1.,0.,0.));
#10243=DIRECTION('',(0.,0.,-1.));
#10244=DIRECTION('',(-1.,0.,0.));
#10245=DIRECTION('center_axis',(0.,0.,1.));
#10246=DIRECTION('ref_axis',(-0.707106781186527,-0.707106781186568,0.));
#10247=DIRECTION('',(0.,0.,1.));
#10248=DIRECTION('center_axis',(0.,0.,-1.));
#10249=DIRECTION('ref_axis',(-0.707106781186527,-0.707106781186568,0.));
#10250=DIRECTION('center_axis',(1.,0.,0.));
#10251=DIRECTION('ref_axis',(0.,1.,0.));
#10252=DIRECTION('',(0.,0.,-1.));
#10253=DIRECTION('',(0.,1.,0.));
#10254=DIRECTION('center_axis',(0.,0.,1.));
#10255=DIRECTION('ref_axis',(-0.707106781186545,0.70710678118655,0.));
#10256=DIRECTION('',(0.,0.,-1.));
#10257=DIRECTION('center_axis',(0.,0.,-1.));
#10258=DIRECTION('ref_axis',(-0.707106781186545,0.70710678118655,0.));
#10259=DIRECTION('',(0.,0.,-1.));
#10260=DIRECTION('center_axis',(0.,-1.,0.));
#10261=DIRECTION('ref_axis',(1.,0.,0.));
#10262=DIRECTION('',(0.,0.,-1.));
#10263=DIRECTION('',(1.,0.,0.));
#10264=DIRECTION('center_axis',(0.,0.,1.));
#10265=DIRECTION('ref_axis',(0.707106781186543,0.707106781186552,0.));
#10266=DIRECTION('',(0.,0.,-1.));
#10267=DIRECTION('center_axis',(0.,0.,-1.));
#10268=DIRECTION('ref_axis',(0.707106781186543,0.707106781186552,0.));
#10269=DIRECTION('center_axis',(-1.,0.,0.));
#10270=DIRECTION('ref_axis',(0.,-1.,0.));
#10271=DIRECTION('',(0.,0.,-1.));
#10272=DIRECTION('',(0.,-1.,0.));
#10273=DIRECTION('center_axis',(0.,-1.,0.));
#10274=DIRECTION('ref_axis',(1.,0.,0.));
#10275=DIRECTION('',(0.,0.,-1.));
#10276=DIRECTION('',(1.,0.,0.));
#10277=DIRECTION('',(0.,0.,-1.));
#10278=DIRECTION('center_axis',(0.,0.,1.));
#10279=DIRECTION('ref_axis',(0.707106781186552,0.707106781186543,0.));
#10280=DIRECTION('',(0.,0.,-1.));
#10281=DIRECTION('center_axis',(0.,0.,-1.));
#10282=DIRECTION('ref_axis',(0.707106781186552,0.707106781186543,0.));
#10283=DIRECTION('center_axis',(-1.,0.,0.));
#10284=DIRECTION('ref_axis',(0.,-1.,0.));
#10285=DIRECTION('',(0.,0.,-1.));
#10286=DIRECTION('',(0.,-1.,0.));
#10287=DIRECTION('center_axis',(0.,0.,1.));
#10288=DIRECTION('ref_axis',(-0.707106781186543,-0.707106781186552,0.));
#10289=DIRECTION('',(0.,0.,-1.));
#10290=DIRECTION('center_axis',(0.,0.,1.));
#10291=DIRECTION('ref_axis',(-0.707106781186543,-0.707106781186552,0.));
#10292=DIRECTION('center_axis',(0.,-1.,0.));
#10293=DIRECTION('ref_axis',(1.,0.,0.));
#10294=DIRECTION('',(0.,0.,-1.));
#10295=DIRECTION('',(1.,0.,0.));
#10296=DIRECTION('center_axis',(0.,0.,1.));
#10297=DIRECTION('ref_axis',(0.707106781186543,0.707106781186552,0.));
#10298=DIRECTION('',(0.,0.,-1.));
#10299=DIRECTION('center_axis',(0.,0.,-1.));
#10300=DIRECTION('ref_axis',(0.707106781186543,0.707106781186552,0.));
#10301=DIRECTION('center_axis',(-1.,0.,0.));
#10302=DIRECTION('ref_axis',(0.,-1.,0.));
#10303=DIRECTION('',(0.,0.,-1.));
#10304=DIRECTION('',(0.,-1.,0.));
#10305=DIRECTION('center_axis',(0.,0.,1.));
#10306=DIRECTION('ref_axis',(0.707106781186543,-0.707106781186552,0.));
#10307=DIRECTION('',(0.,0.,1.));
#10308=DIRECTION('center_axis',(0.,0.,-1.));
#10309=DIRECTION('ref_axis',(0.707106781186543,-0.707106781186552,0.));
#10310=DIRECTION('center_axis',(0.,0.,1.));
#10311=DIRECTION('ref_axis',(0.707106781186552,0.707106781186543,0.));
#10312=DIRECTION('',(0.,0.,1.));
#10313=DIRECTION('center_axis',(0.,0.,-1.));
#10314=DIRECTION('ref_axis',(0.707106781186552,0.707106781186543,0.));
#10315=DIRECTION('',(0.,0.,1.));
#10316=DIRECTION('center_axis',(-1.,0.,0.));
#10317=DIRECTION('ref_axis',(0.,-1.,0.));
#10318=DIRECTION('',(0.,0.,1.));
#10319=DIRECTION('',(0.,-1.,0.));
#10320=DIRECTION('center_axis',(0.,1.,0.));
#10321=DIRECTION('ref_axis',(-1.,0.,0.));
#10322=DIRECTION('',(0.,0.,-1.));
#10323=DIRECTION('',(-1.,0.,0.));
#10324=DIRECTION('center_axis',(0.,0.,1.));
#10325=DIRECTION('ref_axis',(-0.707106781186547,-0.707106781186548,0.));
#10326=DIRECTION('',(0.,0.,1.));
#10327=DIRECTION('center_axis',(0.,0.,-1.));
#10328=DIRECTION('ref_axis',(-0.707106781186547,-0.707106781186548,0.));
#10329=DIRECTION('center_axis',(1.,0.,0.));
#10330=DIRECTION('ref_axis',(0.,1.,0.));
#10331=DIRECTION('',(0.,0.,-1.));
#10332=DIRECTION('',(0.,1.,0.));
#10333=DIRECTION('center_axis',(0.,0.,-1.));
#10334=DIRECTION('ref_axis',(-0.707106781186546,0.707106781186549,0.));
#10335=DIRECTION('',(0.,0.,1.));
#10336=DIRECTION('center_axis',(0.,0.,-1.));
#10337=DIRECTION('ref_axis',(-0.707106781186546,0.707106781186549,0.));
#10338=DIRECTION('center_axis',(0.,0.,1.));
#10339=DIRECTION('ref_axis',(0.707106781186546,0.707106781186549,0.));
#10340=DIRECTION('',(0.,0.,-1.));
#10341=DIRECTION('center_axis',(0.,0.,-1.));
#10342=DIRECTION('ref_axis',(0.707106781186546,0.707106781186549,0.));
#10343=DIRECTION('',(0.,0.,1.));
#10344=DIRECTION('center_axis',(-1.,0.,0.));
#10345=DIRECTION('ref_axis',(0.,-1.,0.));
#10346=DIRECTION('',(0.,0.,-1.));
#10347=DIRECTION('',(0.,-1.,0.));
#10348=DIRECTION('center_axis',(0.,0.,1.));
#10349=DIRECTION('ref_axis',(0.707106781186549,-0.707106781186546,0.));
#10350=DIRECTION('',(0.,0.,-1.));
#10351=DIRECTION('center_axis',(0.,0.,-1.));
#10352=DIRECTION('ref_axis',(0.707106781186549,-0.707106781186546,0.));
#10353=DIRECTION('center_axis',(0.,1.,0.));
#10354=DIRECTION('ref_axis',(-1.,0.,0.));
#10355=DIRECTION('',(0.,0.,-1.));
#10356=DIRECTION('',(-1.,0.,0.));
#10357=DIRECTION('center_axis',(0.,0.,1.));
#10358=DIRECTION('ref_axis',(-0.707106781186548,-0.707106781186548,0.));
#10359=DIRECTION('',(0.,0.,-1.));
#10360=DIRECTION('center_axis',(0.,0.,-1.));
#10361=DIRECTION('ref_axis',(-0.707106781186548,-0.707106781186548,0.));
#10362=DIRECTION('center_axis',(1.,0.,0.));
#10363=DIRECTION('ref_axis',(0.,1.,0.));
#10364=DIRECTION('',(0.,0.,-1.));
#10365=DIRECTION('',(0.,1.,0.));
#10366=DIRECTION('center_axis',(0.,0.,-1.));
#10367=DIRECTION('ref_axis',(-0.707106781186548,0.707106781186548,0.));
#10368=DIRECTION('',(0.,0.,1.));
#10369=DIRECTION('center_axis',(0.,0.,-1.));
#10370=DIRECTION('ref_axis',(-0.707106781186548,0.707106781186548,0.));
#10371=DIRECTION('center_axis',(0.,0.,1.));
#10372=DIRECTION('ref_axis',(0.707106781186548,0.707106781186548,0.));
#10373=DIRECTION('',(0.,0.,-1.));
#10374=DIRECTION('center_axis',(0.,0.,-1.));
#10375=DIRECTION('ref_axis',(0.707106781186548,0.707106781186548,0.));
#10376=DIRECTION('',(0.,0.,1.));
#10377=DIRECTION('center_axis',(-1.,0.,0.));
#10378=DIRECTION('ref_axis',(0.,-1.,0.));
#10379=DIRECTION('',(0.,0.,-1.));
#10380=DIRECTION('',(0.,-1.,0.));
#10381=DIRECTION('center_axis',(0.,0.,1.));
#10382=DIRECTION('ref_axis',(0.70710678118655,-0.707106781186545,0.));
#10383=DIRECTION('',(0.,0.,-1.));
#10384=DIRECTION('center_axis',(0.,0.,-1.));
#10385=DIRECTION('ref_axis',(0.70710678118655,-0.707106781186545,0.));
#10386=DIRECTION('center_axis',(0.,1.,0.));
#10387=DIRECTION('ref_axis',(-1.,0.,0.));
#10388=DIRECTION('',(0.,0.,-1.));
#10389=DIRECTION('',(-1.,0.,0.));
#10390=DIRECTION('center_axis',(0.,0.,1.));
#10391=DIRECTION('ref_axis',(-0.707106781186552,-0.707106781186543,0.));
#10392=DIRECTION('',(0.,0.,-1.));
#10393=DIRECTION('center_axis',(0.,0.,-1.));
#10394=DIRECTION('ref_axis',(-0.707106781186552,-0.707106781186543,0.));
#10395=DIRECTION('center_axis',(1.,0.,0.));
#10396=DIRECTION('ref_axis',(0.,1.,0.));
#10397=DIRECTION('',(0.,0.,-1.));
#10398=DIRECTION('',(0.,1.,0.));
#10399=DIRECTION('center_axis',(0.,0.,-1.));
#10400=DIRECTION('ref_axis',(-0.707106781186552,0.707106781186543,0.));
#10401=DIRECTION('',(0.,0.,-1.));
#10402=DIRECTION('center_axis',(0.,0.,-1.));
#10403=DIRECTION('ref_axis',(-0.707106781186552,0.707106781186543,0.));
#10404=DIRECTION('center_axis',(0.,0.,-1.));
#10405=DIRECTION('ref_axis',(1.,0.,0.));
#10406=DIRECTION('',(-1.,0.,0.));
#10407=DIRECTION('center_axis',(0.,0.,1.));
#10408=DIRECTION('ref_axis',(0.382683432365089,-0.923879532511287,0.));
#10409=DIRECTION('',(-0.707106781186547,-0.707106781186547,0.));
#10410=DIRECTION('center_axis',(0.,0.,1.));
#10411=DIRECTION('ref_axis',(-0.707106781186551,0.707106781186544,0.));
#10412=DIRECTION('',(-1.,0.,0.));
#10413=DIRECTION('center_axis',(0.,0.,-1.));
#10414=DIRECTION('ref_axis',(1.,0.,0.));
#10415=DIRECTION('',(-1.,0.,0.));
#10416=DIRECTION('center_axis',(0.,0.,1.));
#10417=DIRECTION('ref_axis',(7.10542735760113E-15,1.,0.));
#10418=DIRECTION('',(0.707106781186548,-0.707106781186548,0.));
#10419=DIRECTION('center_axis',(0.,0.,1.));
#10420=DIRECTION('ref_axis',(-0.382683432365094,-0.923879532511285,0.));
#10421=DIRECTION('center_axis',(0.,0.,1.));
#10422=DIRECTION('ref_axis',(-1.,0.,0.));
#10423=DIRECTION('center_axis',(0.,0.,-1.));
#10424=DIRECTION('ref_axis',(1.,0.,0.));
#10425=DIRECTION('',(1.,-5.90079637995425E-16,0.));
#10426=DIRECTION('center_axis',(0.,0.,-1.));
#10427=DIRECTION('ref_axis',(-0.707106781186636,0.707106781186459,0.));
#10428=DIRECTION('',(0.707106781186585,0.70710678118651,0.));
#10429=DIRECTION('center_axis',(0.,0.,1.));
#10430=DIRECTION('ref_axis',(0.707106781186533,-0.707106781186562,0.));
#10431=DIRECTION('',(1.,3.29327159576937E-17,0.));
#10432=DIRECTION('center_axis',(0.,0.,-1.));
#10433=DIRECTION('ref_axis',(1.,0.,0.));
#10434=DIRECTION('',(1.,3.29327159576937E-17,0.));
#10435=DIRECTION('center_axis',(0.,0.,1.));
#10436=DIRECTION('ref_axis',(-2.84217094304034E-14,-1.,0.));
#10437=DIRECTION('',(0.707106781186575,-0.70710678118652,0.));
#10438=DIRECTION('center_axis',(0.,0.,-1.));
#10439=DIRECTION('ref_axis',(0.,1.,0.));
#10440=DIRECTION('center_axis',(0.,0.,1.));
#10441=DIRECTION('ref_axis',(-1.,0.,0.));
#10442=DIRECTION('center_axis',(0.,0.,-1.));
#10443=DIRECTION('ref_axis',(1.,0.,0.));
#10444=DIRECTION('',(1.,-5.90079637995425E-16,0.));
#10445=DIRECTION('center_axis',(0.,0.,-1.));
#10446=DIRECTION('ref_axis',(-0.707106781186503,0.707106781186592,0.));
#10447=DIRECTION('',(0.707106781186573,0.707106781186522,0.));
#10448=DIRECTION('center_axis',(0.,0.,1.));
#10449=DIRECTION('ref_axis',(0.707106781186537,-0.707106781186558,0.));
#10450=DIRECTION('',(1.,3.29327159576937E-17,0.));
#10451=DIRECTION('center_axis',(0.,0.,-1.));
#10452=DIRECTION('ref_axis',(1.,0.,0.));
#10453=DIRECTION('',(1.,3.29327159576937E-17,0.));
#10454=DIRECTION('center_axis',(0.,0.,1.));
#10455=DIRECTION('ref_axis',(0.,-1.,0.));
#10456=DIRECTION('',(0.707106781186565,-0.70710678118653,0.));
#10457=DIRECTION('center_axis',(0.,0.,-1.));
#10458=DIRECTION('ref_axis',(0.,1.,0.));
#10459=DIRECTION('center_axis',(0.,0.,1.));
#10460=DIRECTION('ref_axis',(-1.,0.,0.));
#10461=DIRECTION('center_axis',(0.,0.,-1.));
#10462=DIRECTION('ref_axis',(1.,0.,0.));
#10463=DIRECTION('',(1.,-5.90079637995425E-16,0.));
#10464=DIRECTION('center_axis',(0.,0.,-1.));
#10465=DIRECTION('ref_axis',(-0.707106781186592,0.707106781186503,0.));
#10466=DIRECTION('',(0.707106781186579,0.707106781186516,0.));
#10467=DIRECTION('center_axis',(0.,0.,1.));
#10468=DIRECTION('ref_axis',(0.707106781186556,-0.707106781186539,0.));
#10469=DIRECTION('',(1.,3.29327159576937E-17,0.));
#10470=DIRECTION('center_axis',(0.,0.,-1.));
#10471=DIRECTION('ref_axis',(1.,0.,0.));
#10472=DIRECTION('',(1.,3.29327159576937E-17,0.));
#10473=DIRECTION('center_axis',(0.,0.,1.));
#10474=DIRECTION('ref_axis',(-7.10542735760083E-15,-1.,0.));
#10475=DIRECTION('',(0.707106781186569,-0.707106781186527,0.));
#10476=DIRECTION('center_axis',(0.,0.,-1.));
#10477=DIRECTION('ref_axis',(0.,1.,0.));
#10478=DIRECTION('center_axis',(0.,0.,1.));
#10479=DIRECTION('ref_axis',(-1.,0.,0.));
#10480=DIRECTION('center_axis',(0.,0.,1.));
#10481=DIRECTION('ref_axis',(0.707106781186552,0.707106781186543,0.));
#10482=DIRECTION('',(0.,0.,-1.));
#10483=DIRECTION('center_axis',(0.,0.,-1.));
#10484=DIRECTION('ref_axis',(0.707106781186552,0.707106781186543,0.));
#10485=DIRECTION('',(0.,0.,1.));
#10486=DIRECTION('center_axis',(-1.,0.,0.));
#10487=DIRECTION('ref_axis',(0.,-1.,0.));
#10488=DIRECTION('',(0.,0.,-1.));
#10489=DIRECTION('',(0.,-1.,0.));
#10490=DIRECTION('center_axis',(0.,0.,1.));
#10491=DIRECTION('ref_axis',(0.707106781186545,-0.70710678118655,0.));
#10492=DIRECTION('',(0.,0.,-1.));
#10493=DIRECTION('center_axis',(0.,0.,-1.));
#10494=DIRECTION('ref_axis',(0.707106781186545,-0.70710678118655,0.));
#10495=DIRECTION('center_axis',(0.,1.,0.));
#10496=DIRECTION('ref_axis',(-1.,0.,0.));
#10497=DIRECTION('',(0.,0.,-1.));
#10498=DIRECTION('',(-1.,0.,0.));
#10499=DIRECTION('center_axis',(0.,0.,1.));
#10500=DIRECTION('ref_axis',(-0.707106781186543,-0.707106781186552,0.));
#10501=DIRECTION('',(0.,0.,-1.));
#10502=DIRECTION('center_axis',(0.,0.,-1.));
#10503=DIRECTION('ref_axis',(-0.707106781186543,-0.707106781186552,0.));
#10504=DIRECTION('center_axis',(1.,0.,0.));
#10505=DIRECTION('ref_axis',(0.,1.,0.));
#10506=DIRECTION('',(0.,0.,-1.));
#10507=DIRECTION('',(0.,1.,0.));
#10508=DIRECTION('center_axis',(0.,0.,-1.));
#10509=DIRECTION('ref_axis',(-1.,0.,0.));
#10510=DIRECTION('center_axis',(0.,0.,1.));
#10511=DIRECTION('ref_axis',(-1.,0.,0.));
#10512=DIRECTION('',(-0.857167300702112,-1.04972719113862E-16,0.515038074910054));
#10513=DIRECTION('center_axis',(0.,0.,1.));
#10514=DIRECTION('ref_axis',(-1.,0.,0.));
#10515=DIRECTION('center_axis',(0.,0.,1.));
#10516=DIRECTION('ref_axis',(-1.,0.,0.));
#10517=DIRECTION('',(0.,0.,1.));
#10518=DIRECTION('center_axis',(0.,0.,-1.));
#10519=DIRECTION('ref_axis',(-1.,0.,0.));
#10520=DIRECTION('center_axis',(0.,0.,1.));
#10521=DIRECTION('ref_axis',(-1.,0.,0.));
#10522=DIRECTION('',(-0.857167300702112,-1.04972719113862E-16,0.515038074910054));
#10523=DIRECTION('center_axis',(0.,0.,1.));
#10524=DIRECTION('ref_axis',(-1.,0.,0.));
#10525=DIRECTION('center_axis',(0.,0.,1.));
#10526=DIRECTION('ref_axis',(-1.,0.,0.));
#10527=DIRECTION('',(0.,0.,1.));
#10528=DIRECTION('center_axis',(0.,0.,-1.));
#10529=DIRECTION('ref_axis',(-1.,0.,0.));
#10530=DIRECTION('center_axis',(0.,0.,1.));
#10531=DIRECTION('ref_axis',(-1.,0.,0.));
#10532=DIRECTION('',(-0.857167300702112,-1.04972719113862E-16,0.515038074910054));
#10533=DIRECTION('center_axis',(0.,0.,1.));
#10534=DIRECTION('ref_axis',(-1.,0.,0.));
#10535=DIRECTION('',(0.,0.,1.));
#10536=DIRECTION('center_axis',(0.,0.,-1.));
#10537=DIRECTION('ref_axis',(-1.,0.,0.));
#10538=DIRECTION('center_axis',(0.,0.,1.));
#10539=DIRECTION('ref_axis',(-1.,0.,0.));
#10540=DIRECTION('',(-0.857167300702112,-1.04972719113862E-16,0.515038074910054));
#10541=DIRECTION('center_axis',(0.,0.,1.));
#10542=DIRECTION('ref_axis',(-1.,0.,0.));
#10543=DIRECTION('',(0.,0.,1.));
#10544=DIRECTION('center_axis',(0.,0.,-1.));
#10545=DIRECTION('ref_axis',(-1.,0.,0.));
#10546=DIRECTION('center_axis',(0.,0.,1.));
#10547=DIRECTION('ref_axis',(-1.,0.,0.));
#10548=DIRECTION('',(-0.857167300702112,-1.04972719113862E-16,0.515038074910054));
#10549=DIRECTION('center_axis',(0.,0.,1.));
#10550=DIRECTION('ref_axis',(-1.,0.,0.));
#10551=DIRECTION('center_axis',(0.,0.,1.));
#10552=DIRECTION('ref_axis',(-1.,0.,0.));
#10553=DIRECTION('',(0.,0.,1.));
#10554=DIRECTION('center_axis',(0.,0.,-1.));
#10555=DIRECTION('ref_axis',(-1.,0.,0.));
#10556=DIRECTION('center_axis',(0.,0.,1.));
#10557=DIRECTION('ref_axis',(-1.,0.,0.));
#10558=DIRECTION('',(-0.857167300702112,-1.04972719113862E-16,0.515038074910054));
#10559=DIRECTION('center_axis',(0.,0.,1.));
#10560=DIRECTION('ref_axis',(-1.,0.,0.));
#10561=DIRECTION('',(0.,0.,1.));
#10562=DIRECTION('center_axis',(0.,0.,-1.));
#10563=DIRECTION('ref_axis',(-1.,0.,0.));
#10564=DIRECTION('center_axis',(0.,0.,1.));
#10565=DIRECTION('ref_axis',(-1.,0.,0.));
#10566=DIRECTION('',(-0.857167300702112,-1.04972719113862E-16,0.515038074910054));
#10567=DIRECTION('center_axis',(0.,0.,1.));
#10568=DIRECTION('ref_axis',(-1.,0.,0.));
#10569=DIRECTION('',(0.,0.,1.));
#10570=DIRECTION('',(0.,0.,-1.));
#10571=DIRECTION('',(0.,0.,-1.));
#10572=DIRECTION('center_axis',(-0.967349876772913,-0.253444699900059,0.));
#10573=DIRECTION('ref_axis',(-0.253444699900059,0.967349876772913,0.));
#10574=DIRECTION('',(-0.253444699900059,0.967349876772913,0.));
#10575=DIRECTION('',(0.,0.,-1.));
#10576=DIRECTION('',(-0.253444699900059,0.967349876772913,0.));
#10577=DIRECTION('center_axis',(0.,-1.,0.));
#10578=DIRECTION('ref_axis',(-1.,0.,0.));
#10579=DIRECTION('',(-1.,0.,0.));
#10580=DIRECTION('',(0.,0.,-1.));
#10581=DIRECTION('',(-1.,0.,0.));
#10582=DIRECTION('center_axis',(0.967215871911972,-0.253955620377979,0.));
#10583=DIRECTION('ref_axis',(-0.253955620377979,-0.967215871911972,0.));
#10584=DIRECTION('',(-0.253955620377979,-0.967215871911972,0.));
#10585=DIRECTION('',(0.,0.,-1.));
#10586=DIRECTION('',(-0.253955620377979,-0.967215871911972,0.));
#10587=DIRECTION('',(0.,0.,-1.));
#10588=DIRECTION('',(0.,0.,-1.));
#10589=DIRECTION('center_axis',(-1.,0.,0.));
#10590=DIRECTION('ref_axis',(0.,1.,0.));
#10591=DIRECTION('',(0.,1.,0.));
#10592=DIRECTION('',(0.,0.,-1.));
#10593=DIRECTION('',(0.,1.,0.));
#10594=DIRECTION('center_axis',(0.,-1.,0.));
#10595=DIRECTION('ref_axis',(-1.,0.,0.));
#10596=DIRECTION('',(-1.,0.,0.));
#10597=DIRECTION('',(0.,0.,-1.));
#10598=DIRECTION('',(-1.,0.,0.));
#10599=DIRECTION('center_axis',(1.,0.,0.));
#10600=DIRECTION('ref_axis',(0.,-1.,0.));
#10601=DIRECTION('',(0.,-1.,0.));
#10602=DIRECTION('',(0.,0.,-1.));
#10603=DIRECTION('',(0.,-1.,0.));
#10604=DIRECTION('center_axis',(1.02774786032461E-15,1.,0.));
#10605=DIRECTION('ref_axis',(1.,-1.02774786032461E-15,0.));
#10606=DIRECTION('',(1.,-1.02774786032461E-15,0.));
#10607=DIRECTION('',(0.,0.,-1.));
#10608=DIRECTION('',(1.,-1.02774786032461E-15,0.));
#10609=DIRECTION('center_axis',(-0.967446924172053,0.253073998881818,0.));
#10610=DIRECTION('ref_axis',(0.253073998881818,0.967446924172053,0.));
#10611=DIRECTION('',(0.253073998881818,0.967446924172053,0.));
#10612=DIRECTION('',(0.,0.,-1.));
#10613=DIRECTION('',(0.253073998881818,0.967446924172053,0.));
#10614=DIRECTION('center_axis',(0.967446998739712,0.253073713825682,0.));
#10615=DIRECTION('ref_axis',(0.253073713825682,-0.967446998739712,0.));
#10616=DIRECTION('',(0.253073713825682,-0.967446998739712,0.));
#10617=DIRECTION('',(0.,0.,-1.));
#10618=DIRECTION('',(0.253073713825682,-0.967446998739712,0.));
#10619=DIRECTION('center_axis',(1.02542178804207E-15,1.,0.));
#10620=DIRECTION('ref_axis',(1.,-1.02542178804207E-15,0.));
#10621=DIRECTION('',(1.,-1.02542178804207E-15,0.));
#10622=DIRECTION('',(0.,0.,-1.));
#10623=DIRECTION('',(1.,-1.02542178804207E-15,0.));
#10624=DIRECTION('center_axis',(-1.,0.,0.));
#10625=DIRECTION('ref_axis',(0.,1.,0.));
#10626=DIRECTION('',(0.,1.,0.));
#10627=DIRECTION('',(0.,0.,-1.));
#10628=DIRECTION('',(0.,1.,0.));
#10629=DIRECTION('center_axis',(0.,-1.,0.));
#10630=DIRECTION('ref_axis',(-1.,0.,0.));
#10631=DIRECTION('',(-1.,0.,0.));
#10632=DIRECTION('',(0.,0.,-1.));
#10633=DIRECTION('',(-1.,0.,0.));
#10634=DIRECTION('center_axis',(1.,0.,0.));
#10635=DIRECTION('ref_axis',(0.,-1.,0.));
#10636=DIRECTION('',(0.,-1.,0.));
#10637=DIRECTION('',(0.,0.,-1.));
#10638=DIRECTION('',(0.,-1.,0.));
#10639=DIRECTION('center_axis',(0.,0.,1.));
#10640=DIRECTION('ref_axis',(-1.,0.,0.));
#10641=DIRECTION('',(0.,0.,-1.));
#10642=DIRECTION('',(0.,0.,-1.));
#10643=DIRECTION('',(0.,0.,-1.));
#10644=DIRECTION('',(0.,0.,-1.));
#10645=DIRECTION('',(0.,0.,-1.));
#10646=DIRECTION('',(0.,0.,-1.));
#10647=DIRECTION('center_axis',(1.,0.,0.));
#10648=DIRECTION('ref_axis',(0.,-1.,0.));
#10649=DIRECTION('',(0.,-1.,0.));
#10650=DIRECTION('',(0.,0.,-1.));
#10651=DIRECTION('',(0.,-1.,0.));
#10652=DIRECTION('',(0.,0.,-1.));
#10653=DIRECTION('',(0.,0.,-1.));
#10654=DIRECTION('',(0.,0.,-1.));
#10655=DIRECTION('',(0.,0.,-1.));
#10656=DIRECTION('',(0.,0.,-1.));
#10657=DIRECTION('',(0.,0.,-1.));
#10658=DIRECTION('',(0.,0.,-1.));
#10659=DIRECTION('',(0.,0.,-1.));
#10660=DIRECTION('',(0.,0.,-1.));
#10661=DIRECTION('',(0.,0.,-1.));
#10662=DIRECTION('',(0.,0.,-1.));
#10663=DIRECTION('',(0.,0.,-1.));
#10664=DIRECTION('center_axis',(-1.,0.,0.));
#10665=DIRECTION('ref_axis',(0.,1.,0.));
#10666=DIRECTION('',(0.,1.,0.));
#10667=DIRECTION('',(0.,0.,-1.));
#10668=DIRECTION('',(0.,1.,0.));
#10669=DIRECTION('',(0.,0.,-1.));
#10670=DIRECTION('',(0.,0.,-1.));
#10671=DIRECTION('',(0.,0.,-1.));
#10672=DIRECTION('',(0.,0.,-1.));
#10673=DIRECTION('',(0.,0.,-1.));
#10674=DIRECTION('',(0.,0.,-1.));
#10675=DIRECTION('',(0.,0.,-1.));
#10676=DIRECTION('',(0.,0.,-1.));
#10677=DIRECTION('',(0.,0.,-1.));
#10678=DIRECTION('',(0.,0.,-1.));
#10679=DIRECTION('',(0.,0.,-1.));
#10680=DIRECTION('center_axis',(1.,0.,0.));
#10681=DIRECTION('ref_axis',(0.,-1.,0.));
#10682=DIRECTION('',(0.,-1.,0.));
#10683=DIRECTION('',(0.,0.,-1.));
#10684=DIRECTION('',(0.,-1.,0.));
#10685=DIRECTION('',(0.,0.,-1.));
#10686=DIRECTION('',(0.,0.,-1.));
#10687=DIRECTION('',(0.,0.,-1.));
#10688=DIRECTION('',(0.,0.,-1.));
#10689=DIRECTION('',(0.,0.,-1.));
#10690=DIRECTION('',(0.,0.,-1.));
#10691=DIRECTION('',(0.,0.,-1.));
#10692=DIRECTION('',(0.,0.,-1.));
#10693=DIRECTION('',(0.,0.,-1.));
#10694=DIRECTION('',(0.,0.,-1.));
#10695=DIRECTION('',(0.,0.,-1.));
#10696=DIRECTION('',(0.,0.,-1.));
#10697=DIRECTION('center_axis',(-1.,0.,0.));
#10698=DIRECTION('ref_axis',(0.,1.,0.));
#10699=DIRECTION('',(0.,1.,0.));
#10700=DIRECTION('',(0.,0.,-1.));
#10701=DIRECTION('',(0.,1.,0.));
#10702=DIRECTION('',(0.,0.,-1.));
#10703=DIRECTION('',(0.,0.,-1.));
#10704=DIRECTION('',(0.,0.,-1.));
#10705=DIRECTION('',(0.,0.,-1.));
#10706=DIRECTION('',(0.,0.,-1.));
#10707=DIRECTION('',(0.,0.,-1.));
#10708=DIRECTION('',(0.,0.,-1.));
#10709=DIRECTION('center_axis',(0.,0.,1.));
#10710=DIRECTION('ref_axis',(-1.,0.,0.));
#10711=DIRECTION('center_axis',(1.,0.,0.));
#10712=DIRECTION('ref_axis',(0.,-1.,0.));
#10713=DIRECTION('',(0.,-1.,0.));
#10714=DIRECTION('',(0.,0.,-1.));
#10715=DIRECTION('',(0.,-1.,0.));
#10716=DIRECTION('',(0.,0.,-1.));
#10717=DIRECTION('center_axis',(0.,-1.,0.));
#10718=DIRECTION('ref_axis',(-1.,0.,0.));
#10719=DIRECTION('',(-1.,0.,0.));
#10720=DIRECTION('',(0.,0.,-1.));
#10721=DIRECTION('',(-1.,0.,0.));
#10722=DIRECTION('center_axis',(1.,0.,0.));
#10723=DIRECTION('ref_axis',(0.,-1.,0.));
#10724=DIRECTION('',(0.,-1.,0.));
#10725=DIRECTION('',(0.,0.,-1.));
#10726=DIRECTION('',(0.,-1.,0.));
#10727=DIRECTION('center_axis',(0.,1.,0.));
#10728=DIRECTION('ref_axis',(1.,0.,0.));
#10729=DIRECTION('',(1.,0.,0.));
#10730=DIRECTION('',(0.,0.,-1.));
#10731=DIRECTION('',(1.,0.,0.));
#10732=DIRECTION('center_axis',(-1.,0.,0.));
#10733=DIRECTION('ref_axis',(0.,1.,0.));
#10734=DIRECTION('',(0.,1.,0.));
#10735=DIRECTION('',(0.,0.,-1.));
#10736=DIRECTION('',(0.,1.,0.));
#10737=DIRECTION('center_axis',(0.,-1.,0.));
#10738=DIRECTION('ref_axis',(-1.,0.,0.));
#10739=DIRECTION('',(-1.,0.,0.));
#10740=DIRECTION('',(0.,0.,-1.));
#10741=DIRECTION('',(-1.,0.,0.));
#10742=DIRECTION('center_axis',(-1.,0.,0.));
#10743=DIRECTION('ref_axis',(0.,1.,0.));
#10744=DIRECTION('',(0.,1.,0.));
#10745=DIRECTION('',(0.,0.,-1.));
#10746=DIRECTION('',(0.,1.,0.));
#10747=DIRECTION('center_axis',(0.,1.,0.));
#10748=DIRECTION('ref_axis',(1.,0.,0.));
#10749=DIRECTION('',(1.,0.,0.));
#10750=DIRECTION('',(0.,0.,-1.));
#10751=DIRECTION('',(1.,0.,0.));
#10752=DIRECTION('center_axis',(-1.,0.,0.));
#10753=DIRECTION('ref_axis',(0.,1.,0.));
#10754=DIRECTION('',(0.,1.,0.));
#10755=DIRECTION('',(0.,0.,-1.));
#10756=DIRECTION('',(0.,1.,0.));
#10757=DIRECTION('center_axis',(0.,-1.,0.));
#10758=DIRECTION('ref_axis',(-1.,0.,0.));
#10759=DIRECTION('',(-1.,0.,0.));
#10760=DIRECTION('',(0.,0.,-1.));
#10761=DIRECTION('',(-1.,0.,0.));
#10762=DIRECTION('center_axis',(1.,0.,0.));
#10763=DIRECTION('ref_axis',(0.,-1.,0.));
#10764=DIRECTION('',(0.,-1.,0.));
#10765=DIRECTION('',(0.,0.,-1.));
#10766=DIRECTION('',(0.,-1.,0.));
#10767=DIRECTION('center_axis',(0.,1.,0.));
#10768=DIRECTION('ref_axis',(1.,0.,0.));
#10769=DIRECTION('',(1.,0.,0.));
#10770=DIRECTION('',(1.,0.,0.));
#10771=DIRECTION('center_axis',(0.,0.,-1.));
#10772=DIRECTION('ref_axis',(-1.,0.,0.));
#10773=DIRECTION('',(0.,0.,-1.));
#10774=DIRECTION('',(0.,0.,-1.));
#10775=DIRECTION('',(0.,0.,-1.));
#10776=DIRECTION('',(0.,0.,-1.));
#10777=DIRECTION('',(0.,0.,-1.));
#10778=DIRECTION('center_axis',(1.,0.,0.));
#10779=DIRECTION('ref_axis',(0.,-1.,0.));
#10780=DIRECTION('',(0.,-1.,0.));
#10781=DIRECTION('',(0.,0.,-1.));
#10782=DIRECTION('',(0.,-1.,0.));
#10783=DIRECTION('center_axis',(2.53204434253217E-15,1.,0.));
#10784=DIRECTION('ref_axis',(1.,-2.53204434253217E-15,0.));
#10785=DIRECTION('',(1.,-2.53204434253217E-15,0.));
#10786=DIRECTION('',(0.,0.,-1.));
#10787=DIRECTION('',(1.,-2.53204434253217E-15,0.));
#10788=DIRECTION('center_axis',(-1.,0.,0.));
#10789=DIRECTION('ref_axis',(0.,1.,0.));
#10790=DIRECTION('',(0.,1.,0.));
#10791=DIRECTION('',(0.,0.,-1.));
#10792=DIRECTION('',(0.,1.,0.));
#10793=DIRECTION('',(0.,0.,-1.));
#10794=DIRECTION('',(0.,0.,-1.));
#10795=DIRECTION('',(0.,0.,-1.));
#10796=DIRECTION('',(0.,0.,-1.));
#10797=DIRECTION('',(0.,0.,-1.));
#10798=DIRECTION('',(0.,0.,-1.));
#10799=DIRECTION('',(0.,0.,-1.));
#10800=DIRECTION('',(0.,0.,-1.));
#10801=DIRECTION('',(0.,0.,-1.));
#10802=DIRECTION('',(0.,0.,-1.));
#10803=DIRECTION('',(0.,0.,-1.));
#10804=DIRECTION('',(0.,0.,-1.));
#10805=DIRECTION('center_axis',(1.,0.,0.));
#10806=DIRECTION('ref_axis',(0.,-1.,0.));
#10807=DIRECTION('',(0.,-1.,0.));
#10808=DIRECTION('',(0.,0.,-1.));
#10809=DIRECTION('',(0.,-1.,0.));
#10810=DIRECTION('center_axis',(1.26249651047762E-15,1.,0.));
#10811=DIRECTION('ref_axis',(1.,-1.26249651047762E-15,0.));
#10812=DIRECTION('',(1.,-1.26249651047762E-15,0.));
#10813=DIRECTION('',(0.,0.,-1.));
#10814=DIRECTION('',(1.,-1.26249651047762E-15,0.));
#10815=DIRECTION('center_axis',(-1.,0.,0.));
#10816=DIRECTION('ref_axis',(0.,1.,0.));
#10817=DIRECTION('',(0.,1.,0.));
#10818=DIRECTION('',(0.,0.,-1.));
#10819=DIRECTION('',(0.,1.,0.));
#10820=DIRECTION('',(0.,0.,-1.));
#10821=DIRECTION('',(0.,0.,-1.));
#10822=DIRECTION('',(0.,0.,-1.));
#10823=DIRECTION('',(0.,0.,-1.));
#10824=DIRECTION('',(0.,0.,-1.));
#10825=DIRECTION('',(0.,0.,-1.));
#10826=DIRECTION('',(0.,0.,-1.));
#10827=DIRECTION('center_axis',(0.,0.,1.));
#10828=DIRECTION('ref_axis',(-1.,0.,0.));
#10829=DIRECTION('',(0.,0.,-1.));
#10830=DIRECTION('',(0.,0.,-1.));
#10831=DIRECTION('',(0.,0.,-1.));
#10832=DIRECTION('',(0.,0.,-1.));
#10833=DIRECTION('',(0.,0.,-1.));
#10834=DIRECTION('',(0.,0.,-1.));
#10835=DIRECTION('',(0.,0.,-1.));
#10836=DIRECTION('',(0.,0.,-1.));
#10837=DIRECTION('',(0.,0.,-1.));
#10838=DIRECTION('',(0.,0.,-1.));
#10839=DIRECTION('',(0.,0.,-1.));
#10840=DIRECTION('',(0.,0.,-1.));
#10841=DIRECTION('',(0.,0.,-1.));
#10842=DIRECTION('center_axis',(0.,1.,0.));
#10843=DIRECTION('ref_axis',(1.,0.,0.));
#10844=DIRECTION('',(1.,0.,0.));
#10845=DIRECTION('',(0.,0.,-1.));
#10846=DIRECTION('',(1.,0.,0.));
#10847=DIRECTION('center_axis',(1.,0.,0.));
#10848=DIRECTION('ref_axis',(0.,-1.,0.));
#10849=DIRECTION('',(0.,-1.,0.));
#10850=DIRECTION('',(0.,0.,-1.));
#10851=DIRECTION('',(0.,-1.,0.));
#10852=DIRECTION('center_axis',(-1.01499691730934E-6,-0.999999999999485,
0.));
#10853=DIRECTION('ref_axis',(-0.999999999999485,1.01499691730934E-6,0.));
#10854=DIRECTION('',(-0.999999999999485,1.01499691730934E-6,0.));
#10855=DIRECTION('',(-0.999999999999485,1.01499691730934E-6,0.));
#10856=DIRECTION('',(0.,0.,-1.));
#10857=DIRECTION('',(0.,0.,-1.));
#10858=DIRECTION('',(0.,0.,-1.));
#10859=DIRECTION('',(0.,0.,-1.));
#10860=DIRECTION('',(0.,0.,-1.));
#10861=DIRECTION('',(0.,0.,-1.));
#10862=DIRECTION('',(0.,0.,-1.));
#10863=DIRECTION('',(0.,0.,-1.));
#10864=DIRECTION('',(0.,0.,-1.));
#10865=DIRECTION('',(0.,0.,-1.));
#10866=DIRECTION('',(0.,0.,-1.));
#10867=DIRECTION('',(0.,0.,-1.));
#10868=DIRECTION('',(0.,0.,-1.));
#10869=DIRECTION('center_axis',(-5.59551303071786E-16,1.,0.));
#10870=DIRECTION('ref_axis',(1.,5.59551303071786E-16,0.));
#10871=DIRECTION('',(1.,5.59551303071786E-16,0.));
#10872=DIRECTION('',(0.,0.,-1.));
#10873=DIRECTION('',(1.,5.59551303071786E-16,0.));
#10874=DIRECTION('center_axis',(-1.,0.,0.));
#10875=DIRECTION('ref_axis',(0.,1.,0.));
#10876=DIRECTION('',(0.,1.,0.));
#10877=DIRECTION('',(0.,0.,-1.));
#10878=DIRECTION('',(0.,1.,0.));
#10879=DIRECTION('center_axis',(0.,-1.,0.));
#10880=DIRECTION('ref_axis',(-1.,0.,0.));
#10881=DIRECTION('',(-1.,0.,0.));
#10882=DIRECTION('',(0.,0.,-1.));
#10883=DIRECTION('',(-1.,0.,0.));
#10884=DIRECTION('center_axis',(1.,0.,0.));
#10885=DIRECTION('ref_axis',(0.,-1.,0.));
#10886=DIRECTION('',(0.,-1.,0.));
#10887=DIRECTION('',(0.,0.,-1.));
#10888=DIRECTION('',(0.,-1.,0.));
#10889=DIRECTION('center_axis',(0.,-1.,0.));
#10890=DIRECTION('ref_axis',(-1.,0.,0.));
#10891=DIRECTION('',(-1.,0.,0.));
#10892=DIRECTION('',(-1.,0.,0.));
#10893=DIRECTION('center_axis',(0.,0.,1.));
#10894=DIRECTION('ref_axis',(-1.,0.,0.));
#10895=DIRECTION('center_axis',(1.,0.,0.));
#10896=DIRECTION('ref_axis',(0.,-1.,0.));
#10897=DIRECTION('',(0.,-1.,0.));
#10898=DIRECTION('',(0.,0.,-1.));
#10899=DIRECTION('',(0.,-1.,0.));
#10900=DIRECTION('',(0.,0.,-1.));
#10901=DIRECTION('center_axis',(-2.56645787939781E-16,1.,0.));
#10902=DIRECTION('ref_axis',(1.,2.56645787939781E-16,0.));
#10903=DIRECTION('',(1.,2.56645787939781E-16,0.));
#10904=DIRECTION('',(0.,0.,-1.));
#10905=DIRECTION('',(1.,2.56645787939781E-16,0.));
#10906=DIRECTION('center_axis',(-1.,-2.25210732145931E-14,0.));
#10907=DIRECTION('ref_axis',(-2.25210732145931E-14,1.,0.));
#10908=DIRECTION('',(-2.25210732145931E-14,1.,0.));
#10909=DIRECTION('',(0.,0.,-1.));
#10910=DIRECTION('',(-2.25210732145931E-14,1.,0.));
#10911=DIRECTION('center_axis',(1.28943565914383E-15,-1.,0.));
#10912=DIRECTION('ref_axis',(-1.,-1.28943565914383E-15,0.));
#10913=DIRECTION('',(-1.,-1.28943565914383E-15,0.));
#10914=DIRECTION('',(0.,0.,-1.));
#10915=DIRECTION('',(-1.,-1.28943565914383E-15,0.));
#10916=DIRECTION('center_axis',(-1.,0.,0.));
#10917=DIRECTION('ref_axis',(0.,1.,0.));
#10918=DIRECTION('',(0.,1.,0.));
#10919=DIRECTION('',(0.,0.,-1.));
#10920=DIRECTION('',(0.,1.,0.));
#10921=DIRECTION('center_axis',(0.,-1.,0.));
#10922=DIRECTION('ref_axis',(-1.,0.,0.));
#10923=DIRECTION('',(-1.,0.,0.));
#10924=DIRECTION('',(0.,0.,-1.));
#10925=DIRECTION('',(-1.,0.,0.));
#10926=DIRECTION('center_axis',(1.,0.,0.));
#10927=DIRECTION('ref_axis',(0.,-1.,0.));
#10928=DIRECTION('',(0.,-1.,0.));
#10929=DIRECTION('',(0.,0.,-1.));
#10930=DIRECTION('',(0.,-1.,0.));
#10931=DIRECTION('center_axis',(0.,-1.,0.));
#10932=DIRECTION('ref_axis',(-1.,0.,0.));
#10933=DIRECTION('',(-1.,0.,0.));
#10934=DIRECTION('',(-1.,0.,0.));
#10935=DIRECTION('center_axis',(0.,0.,-1.));
#10936=DIRECTION('ref_axis',(-1.,0.,0.));
#10937=DIRECTION('',(0.,0.,-1.));
#10938=DIRECTION('',(0.,0.,-1.));
#10939=DIRECTION('',(0.,0.,-1.));
#10940=DIRECTION('',(0.,0.,-1.));
#10941=DIRECTION('',(0.,0.,-1.));
#10942=DIRECTION('',(0.,0.,-1.));
#10943=DIRECTION('',(0.,0.,-1.));
#10944=DIRECTION('',(0.,0.,-1.));
#10945=DIRECTION('',(0.,0.,-1.));
#10946=DIRECTION('',(0.,0.,-1.));
#10947=DIRECTION('',(0.,0.,-1.));
#10948=DIRECTION('',(0.,0.,-1.));
#10949=DIRECTION('',(0.,0.,-1.));
#10950=DIRECTION('',(0.,0.,-1.));
#10951=DIRECTION('',(0.,0.,-1.));
#10952=DIRECTION('',(0.,0.,-1.));
#10953=DIRECTION('',(0.,0.,-1.));
#10954=DIRECTION('',(0.,0.,-1.));
#10955=DIRECTION('',(0.,0.,-1.));
#10956=DIRECTION('',(0.,0.,-1.));
#10957=DIRECTION('',(0.,0.,-1.));
#10958=DIRECTION('',(0.,0.,-1.));
#10959=DIRECTION('',(0.,0.,-1.));
#10960=DIRECTION('center_axis',(-1.,0.,0.));
#10961=DIRECTION('ref_axis',(0.,1.,0.));
#10962=DIRECTION('',(0.,1.,0.));
#10963=DIRECTION('',(0.,0.,-1.));
#10964=DIRECTION('',(0.,1.,0.));
#10965=DIRECTION('center_axis',(-2.52499302095523E-15,-1.,0.));
#10966=DIRECTION('ref_axis',(-1.,2.52499302095523E-15,0.));
#10967=DIRECTION('',(-1.,2.52499302095523E-15,0.));
#10968=DIRECTION('',(0.,0.,-1.));
#10969=DIRECTION('',(-1.,2.52499302095523E-15,0.));
#10970=DIRECTION('center_axis',(1.,0.,0.));
#10971=DIRECTION('ref_axis',(0.,-1.,0.));
#10972=DIRECTION('',(0.,-1.,0.));
#10973=DIRECTION('',(0.,0.,-1.));
#10974=DIRECTION('',(0.,-1.,0.));
#10975=DIRECTION('',(0.,0.,-1.));
#10976=DIRECTION('',(0.,0.,-1.));
#10977=DIRECTION('',(0.,0.,-1.));
#10978=DIRECTION('',(0.,0.,-1.));
#10979=DIRECTION('',(0.,0.,-1.));
#10980=DIRECTION('',(0.,0.,-1.));
#10981=DIRECTION('',(0.,0.,-1.));
#10982=DIRECTION('',(0.,0.,-1.));
#10983=DIRECTION('',(0.,0.,-1.));
#10984=DIRECTION('',(0.,0.,-1.));
#10985=DIRECTION('',(0.,0.,-1.));
#10986=DIRECTION('',(0.,0.,-1.));
#10987=DIRECTION('',(0.,0.,-1.));
#10988=DIRECTION('',(0.,0.,-1.));
#10989=DIRECTION('',(0.,0.,-1.));
#10990=DIRECTION('',(0.,0.,-1.));
#10991=DIRECTION('',(0.,0.,-1.));
#10992=DIRECTION('',(0.,0.,-1.));
#10993=DIRECTION('',(0.,0.,-1.));
#10994=DIRECTION('',(0.,0.,-1.));
#10995=DIRECTION('',(0.,0.,-1.));
#10996=DIRECTION('',(0.,0.,-1.));
#10997=DIRECTION('',(0.,0.,-1.));
#10998=DIRECTION('',(0.,0.,-1.));
#10999=DIRECTION('',(0.,0.,-1.));
#11000=DIRECTION('',(0.,0.,-1.));
#11001=DIRECTION('',(0.,0.,-1.));
#11002=DIRECTION('',(0.,0.,-1.));
#11003=DIRECTION('',(0.,0.,-1.));
#11004=DIRECTION('',(0.,0.,-1.));
#11005=DIRECTION('center_axis',(1.,0.,0.));
#11006=DIRECTION('ref_axis',(0.,-1.,0.));
#11007=DIRECTION('',(0.,-1.,0.));
#11008=DIRECTION('',(0.,0.,-1.));
#11009=DIRECTION('',(0.,-1.,0.));
#11010=DIRECTION('center_axis',(0.,1.,0.));
#11011=DIRECTION('ref_axis',(1.,0.,0.));
#11012=DIRECTION('',(1.,0.,0.));
#11013=DIRECTION('',(0.,0.,-1.));
#11014=DIRECTION('',(1.,0.,0.));
#11015=DIRECTION('center_axis',(-1.,0.,0.));
#11016=DIRECTION('ref_axis',(0.,1.,0.));
#11017=DIRECTION('',(0.,1.,0.));
#11018=DIRECTION('',(0.,0.,-1.));
#11019=DIRECTION('',(0.,1.,0.));
#11020=DIRECTION('',(0.,0.,-1.));
#11021=DIRECTION('',(0.,0.,-1.));
#11022=DIRECTION('',(0.,0.,-1.));
#11023=DIRECTION('',(0.,0.,-1.));
#11024=DIRECTION('',(0.,0.,-1.));
#11025=DIRECTION('',(0.,0.,-1.));
#11026=DIRECTION('',(0.,0.,-1.));
#11027=DIRECTION('center_axis',(0.,0.,1.));
#11028=DIRECTION('ref_axis',(-1.,0.,0.));
#11029=DIRECTION('center_axis',(0.,0.,1.));
#11030=DIRECTION('ref_axis',(1.,0.,0.));
#11031=DIRECTION('center_axis',(0.,0.,1.));
#11032=DIRECTION('ref_axis',(1.,0.,0.));
#11033=DIRECTION('center_axis',(0.,1.,0.));
#11034=DIRECTION('ref_axis',(-1.,0.,-5.22931134787218E-15));
#11035=DIRECTION('',(-0.707106781186541,0.707106781186554,-3.92523114670949E-15));
#11036=DIRECTION('center_axis',(0.,1.,0.));
#11037=DIRECTION('ref_axis',(-1.,0.,-5.22931134787219E-15));
#11038=DIRECTION('',(0.,-0.707106781186558,-0.707106781186537));
#11039=DIRECTION('center_axis',(0.,-1.,0.));
#11040=DIRECTION('ref_axis',(-1.,0.,-5.22931134787219E-15));
#11041=DIRECTION('center_axis',(8.43531048719791E-16,0.707106781186549,
-0.707106781186546));
#11042=DIRECTION('ref_axis',(-1.,0.,-1.19293304938233E-15));
#11043=DIRECTION('',(1.,0.,1.19293304938233E-15));
#11044=DIRECTION('',(0.,-0.707106781186546,-0.707106781186549));
#11045=DIRECTION('',(-1.,0.,-1.19293304938233E-15));
#11046=DIRECTION('center_axis',(0.707106781186541,0.707106781186554,-1.04672830578917E-14));
#11047=DIRECTION('ref_axis',(-1.48029736616687E-14,0.,-1.));
#11048=DIRECTION('',(-0.707106781186554,0.707106781186541,0.));
#11049=DIRECTION('',(1.48029736616687E-14,0.,1.));
#11050=DIRECTION('',(-1.48029736616687E-14,0.,-1.));
#11051=DIRECTION('center_axis',(0.,1.,0.));
#11052=DIRECTION('ref_axis',(0.,0.,1.));
#11053=DIRECTION('center_axis',(0.,1.,0.));
#11054=DIRECTION('ref_axis',(0.,0.,1.));
#11055=DIRECTION('',(-0.707106781186554,-0.707106781186541,-3.92523114670942E-15));
#11056=DIRECTION('center_axis',(0.,-1.,0.));
#11057=DIRECTION('ref_axis',(0.,0.,1.));
#11058=DIRECTION('center_axis',(-0.707106781186541,0.707106781186554,1.04672830578917E-14));
#11059=DIRECTION('ref_axis',(1.48029736616687E-14,0.,1.));
#11060=DIRECTION('',(-0.707106781186554,-0.707106781186541,0.));
#11061=DIRECTION('',(1.48029736616687E-14,0.,1.));
#11062=DIRECTION('',(-1.48029736616687E-14,0.,-1.));
#11063=DIRECTION('center_axis',(1.,0.,-1.48029736616687E-14));
#11064=DIRECTION('ref_axis',(1.48029736616687E-14,0.,1.));
#11065=DIRECTION('',(0.,1.,0.));
#11066=DIRECTION('',(-1.48029736616687E-14,0.,-1.));
#11067=DIRECTION('',(0.,-1.,0.));
#11068=DIRECTION('center_axis',(0.,1.,0.));
#11069=DIRECTION('ref_axis',(-1.,0.,0.));
#11070=DIRECTION('',(1.,0.,0.));
#11071=DIRECTION('',(0.,0.,-1.));
#11072=DIRECTION('',(-1.,0.,0.));
#11073=DIRECTION('',(0.,0.,1.));
#11074=DIRECTION('',(1.,0.,0.));
#11075=DIRECTION('center_axis',(0.,0.,1.));
#11076=DIRECTION('ref_axis',(1.,0.,0.));
#11077=DIRECTION('center_axis',(0.,0.,1.));
#11078=DIRECTION('ref_axis',(0.707106781186543,0.707106781186552,0.));
#11079=DIRECTION('',(0.,-1.,0.));
#11080=DIRECTION('center_axis',(0.,0.,1.));
#11081=DIRECTION('ref_axis',(0.707106781186543,-0.707106781186552,0.));
#11082=DIRECTION('',(-1.,0.,0.));
#11083=DIRECTION('center_axis',(0.,0.,1.));
#11084=DIRECTION('ref_axis',(-0.707106781186552,-0.707106781186543,0.));
#11085=DIRECTION('',(0.,1.,0.));
#11086=DIRECTION('center_axis',(0.,0.,1.));
#11087=DIRECTION('ref_axis',(-0.707106781186543,0.707106781186552,0.));
#11088=DIRECTION('',(0.,-1.,0.));
#11089=DIRECTION('',(1.,2.57794975161729E-17,0.));
#11090=DIRECTION('center_axis',(0.,0.,1.));
#11091=DIRECTION('ref_axis',(-0.382683432365092,-0.923879532511286,0.));
#11092=DIRECTION('',(-0.707106781186545,0.70710678118655,0.));
#11093=DIRECTION('center_axis',(0.,0.,1.));
#11094=DIRECTION('ref_axis',(2.66453525910029E-14,1.,0.));
#11095=DIRECTION('',(-1.,0.,0.));
#11096=DIRECTION('center_axis',(0.,0.,1.));
#11097=DIRECTION('ref_axis',(1.,0.,0.));
#11098=DIRECTION('',(-1.,0.,0.));
#11099=DIRECTION('center_axis',(0.,0.,1.));
#11100=DIRECTION('ref_axis',(-0.707106781186562,0.707106781186533,0.));
#11101=DIRECTION('',(-0.707106781186548,-0.707106781186547,0.));
#11102=DIRECTION('center_axis',(0.,0.,1.));
#11103=DIRECTION('ref_axis',(0.38268343236509,-0.923879532511287,0.));
#11104=DIRECTION('',(1.,2.57794975161729E-17,0.));
#11105=DIRECTION('center_axis',(0.,0.,1.));
#11106=DIRECTION('ref_axis',(-0.382683432365092,-0.923879532511286,0.));
#11107=DIRECTION('',(-0.707106781186545,0.70710678118655,0.));
#11108=DIRECTION('center_axis',(0.,0.,1.));
#11109=DIRECTION('ref_axis',(3.55271367880059E-15,1.,0.));
#11110=DIRECTION('',(-1.,0.,0.));
#11111=DIRECTION('center_axis',(0.,0.,1.));
#11112=DIRECTION('ref_axis',(1.,0.,0.));
#11113=DIRECTION('',(-1.,0.,0.));
#11114=DIRECTION('center_axis',(0.,0.,1.));
#11115=DIRECTION('ref_axis',(-0.707106781186556,0.707106781186539,0.));
#11116=DIRECTION('',(-0.707106781186547,-0.707106781186548,0.));
#11117=DIRECTION('center_axis',(0.,0.,1.));
#11118=DIRECTION('ref_axis',(0.382683432365089,-0.923879532511287,0.));
#11119=DIRECTION('',(1.,2.57794975161729E-17,0.));
#11120=DIRECTION('center_axis',(0.,0.,1.));
#11121=DIRECTION('ref_axis',(-0.382683432365094,-0.923879532511285,0.));
#11122=DIRECTION('',(-0.707106781186548,0.707106781186548,0.));
#11123=DIRECTION('center_axis',(0.,0.,1.));
#11124=DIRECTION('ref_axis',(7.10542735760113E-15,1.,0.));
#11125=DIRECTION('',(-1.,0.,0.));
#11126=DIRECTION('center_axis',(0.,0.,1.));
#11127=DIRECTION('ref_axis',(1.,0.,0.));
#11128=DIRECTION('',(-1.,0.,0.));
#11129=DIRECTION('center_axis',(0.,0.,1.));
#11130=DIRECTION('ref_axis',(-0.707106781186551,0.707106781186544,0.));
#11131=DIRECTION('',(-0.707106781186547,-0.707106781186548,0.));
#11132=DIRECTION('center_axis',(0.,0.,1.));
#11133=DIRECTION('ref_axis',(0.382683432365089,-0.923879532511287,0.));
#11134=DIRECTION('',(-1.,0.,0.));
#11135=DIRECTION('center_axis',(0.,0.,-1.));
#11136=DIRECTION('ref_axis',(-0.707106781186543,0.707106781186552,0.));
#11137=DIRECTION('center_axis',(0.,0.,1.));
#11138=DIRECTION('ref_axis',(-0.999186993154869,0.0403156633348771,0.));
#11139=DIRECTION('center_axis',(0.,0.,1.));
#11140=DIRECTION('ref_axis',(-1.,0.,0.));
#11141=DIRECTION('',(0.,-1.,0.));
#11142=DIRECTION('center_axis',(0.,0.,-1.));
#11143=DIRECTION('ref_axis',(-0.707106781186541,-0.707106781186554,0.));
#11144=DIRECTION('',(1.,0.,0.));
#11145=DIRECTION('center_axis',(0.,0.,-1.));
#11146=DIRECTION('ref_axis',(0.,1.,0.));
#11147=DIRECTION('',(0.707106781186575,-0.70710678118652,0.));
#11148=DIRECTION('center_axis',(0.,0.,1.));
#11149=DIRECTION('ref_axis',(-2.84217094304034E-14,-1.,0.));
#11150=DIRECTION('',(1.,3.29327159576937E-17,0.));
#11151=DIRECTION('center_axis',(0.,0.,1.));
#11152=DIRECTION('ref_axis',(1.,0.,0.));
#11153=DIRECTION('',(1.,3.29327159576937E-17,0.));
#11154=DIRECTION('center_axis',(0.,0.,1.));
#11155=DIRECTION('ref_axis',(0.707106781186533,-0.707106781186562,0.));
#11156=DIRECTION('',(0.707106781186585,0.70710678118651,0.));
#11157=DIRECTION('center_axis',(0.,0.,-1.));
#11158=DIRECTION('ref_axis',(-0.707106781186636,0.707106781186459,0.));
#11159=DIRECTION('',(1.,-7.02603969882617E-16,0.));
#11160=DIRECTION('center_axis',(0.,0.,-1.));
#11161=DIRECTION('ref_axis',(0.,1.,0.));
#11162=DIRECTION('',(0.707106781186565,-0.70710678118653,0.));
#11163=DIRECTION('center_axis',(0.,0.,1.));
#11164=DIRECTION('ref_axis',(0.,-1.,0.));
#11165=DIRECTION('',(1.,3.29327159576937E-17,0.));
#11166=DIRECTION('center_axis',(0.,0.,1.));
#11167=DIRECTION('ref_axis',(1.,0.,0.));
#11168=DIRECTION('',(1.,3.29327159576937E-17,0.));
#11169=DIRECTION('center_axis',(0.,0.,1.));
#11170=DIRECTION('ref_axis',(0.707106781186537,-0.707106781186558,0.));
#11171=DIRECTION('',(0.707106781186573,0.707106781186522,0.));
#11172=DIRECTION('center_axis',(0.,0.,-1.));
#11173=DIRECTION('ref_axis',(-0.707106781186503,0.707106781186592,0.));
#11174=DIRECTION('',(1.,1.10666289958232E-16,0.));
#11175=DIRECTION('center_axis',(0.,0.,-1.));
#11176=DIRECTION('ref_axis',(0.,1.,0.));
#11177=DIRECTION('',(0.707106781186569,-0.707106781186527,0.));
#11178=DIRECTION('center_axis',(0.,0.,1.));
#11179=DIRECTION('ref_axis',(-7.10542735760083E-15,-1.,0.));
#11180=DIRECTION('',(1.,3.29327159576937E-17,0.));
#11181=DIRECTION('center_axis',(0.,0.,1.));
#11182=DIRECTION('ref_axis',(1.,0.,0.));
#11183=DIRECTION('',(1.,3.29327159576937E-17,0.));
#11184=DIRECTION('center_axis',(0.,0.,1.));
#11185=DIRECTION('ref_axis',(0.707106781186556,-0.707106781186539,0.));
#11186=DIRECTION('',(0.707106781186579,0.707106781186516,0.));
#11187=DIRECTION('center_axis',(0.,0.,-1.));
#11188=DIRECTION('ref_axis',(-0.707106781186592,0.707106781186503,0.));
#11189=DIRECTION('',(1.,0.,0.));
#11190=DIRECTION('center_axis',(0.,0.,-1.));
#11191=DIRECTION('ref_axis',(0.707106781186541,-0.707106781186554,0.));
#11192=DIRECTION('',(0.,1.,0.));
#11193=DIRECTION('center_axis',(0.,0.,1.));
#11194=DIRECTION('ref_axis',(0.707106781186491,0.707106781186604,0.));
#11195=DIRECTION('center_axis',(0.,0.,1.));
#11196=DIRECTION('ref_axis',(0.99918699315487,0.0403156633348535,0.));
#11197=DIRECTION('center_axis',(0.,0.,-1.));
#11198=DIRECTION('ref_axis',(0.707106781186543,0.707106781186552,0.));
#11199=DIRECTION('',(-1.,0.,0.));
#11200=DIRECTION('center_axis',(0.,0.,1.));
#11201=DIRECTION('ref_axis',(-0.382683432365082,-0.92387953251129,0.));
#11202=DIRECTION('',(-0.707106781186556,0.70710678118654,0.));
#11203=DIRECTION('center_axis',(0.,0.,1.));
#11204=DIRECTION('ref_axis',(-3.55271367880084E-14,1.,0.));
#11205=DIRECTION('',(-1.,0.,0.));
#11206=DIRECTION('center_axis',(0.,0.,1.));
#11207=DIRECTION('ref_axis',(1.,0.,0.));
#11208=DIRECTION('',(-1.,0.,0.));
#11209=DIRECTION('center_axis',(0.,0.,1.));
#11210=DIRECTION('ref_axis',(-0.707106781186583,0.707106781186512,0.));
#11211=DIRECTION('',(-0.707106781186551,-0.707106781186544,0.));
#11212=DIRECTION('center_axis',(0.,0.,1.));
#11213=DIRECTION('ref_axis',(0.382683432365089,-0.923879532511287,0.));
#11214=DIRECTION('',(1.,2.57794975161729E-17,0.));
#11215=DIRECTION('center_axis',(0.,0.,-1.));
#11216=DIRECTION('ref_axis',(-1.,2.2597147724795E-47,0.));
#11217=DIRECTION('center_axis',(0.,0.,-1.));
#11218=DIRECTION('ref_axis',(-1.,2.2597147724795E-47,0.));
#11219=DIRECTION('center_axis',(0.,0.,-1.));
#11220=DIRECTION('ref_axis',(-1.,2.2597147724795E-47,0.));
#11221=DIRECTION('center_axis',(0.,0.,-1.));
#11222=DIRECTION('ref_axis',(-1.,2.2597147724795E-47,0.));
#11223=DIRECTION('center_axis',(0.,0.,-1.));
#11224=DIRECTION('ref_axis',(-1.,2.2597147724795E-47,0.));
#11225=DIRECTION('center_axis',(0.,0.,-1.));
#11226=DIRECTION('ref_axis',(-1.,2.2597147724795E-47,0.));
#11227=DIRECTION('center_axis',(0.,0.,-1.));
#11228=DIRECTION('ref_axis',(-1.,2.2597147724795E-47,0.));
#11229=DIRECTION('center_axis',(0.,0.,-1.));
#11230=DIRECTION('ref_axis',(-1.,2.2597147724795E-47,0.));
#11231=DIRECTION('center_axis',(-1.,0.,1.48029736616687E-14));
#11232=DIRECTION('ref_axis',(-1.48029736616687E-14,0.,-1.));
#11233=DIRECTION('',(0.,-1.,0.));
#11234=DIRECTION('',(1.48029736616687E-14,0.,1.));
#11235=DIRECTION('center_axis',(0.,-1.,0.));
#11236=DIRECTION('ref_axis',(-1.,0.,-5.22931134787219E-15));
#11237=DIRECTION('',(0.,-1.,0.));
#11238=DIRECTION('center_axis',(0.,1.,0.));
#11239=DIRECTION('ref_axis',(-1.,0.,-5.22931134787219E-15));
#11240=DIRECTION('center_axis',(-1.19293304938233E-15,0.,1.));
#11241=DIRECTION('ref_axis',(-1.,0.,-1.19293304938233E-15));
#11242=DIRECTION('',(0.,-1.,0.));
#11243=DIRECTION('',(1.,0.,1.19293304938233E-15));
#11244=DIRECTION('center_axis',(0.,-1.,0.));
#11245=DIRECTION('ref_axis',(0.,0.,1.));
#11246=DIRECTION('center_axis',(0.,1.,0.));
#11247=DIRECTION('ref_axis',(0.,0.,1.));
#11248=DIRECTION('center_axis',(0.,1.91006111763468E-16,1.));
#11249=DIRECTION('ref_axis',(-1.,2.2597147724795E-47,0.));
#11250=DIRECTION('',(0.,1.91006111763468E-16,1.));
#11251=DIRECTION('center_axis',(-1.18305888309889E-31,2.29791827973613E-16,
1.));
#11252=DIRECTION('ref_axis',(-1.,2.2597147724795E-47,0.));
#11253=DIRECTION('center_axis',(1.18305888309889E-31,-2.29791827973613E-16,
-1.));
#11254=DIRECTION('ref_axis',(-1.,0.,-1.18305888309889E-31));
#11255=DIRECTION('center_axis',(0.,1.91006111763468E-16,1.));
#11256=DIRECTION('ref_axis',(-1.,2.2597147724795E-47,0.));
#11257=DIRECTION('',(0.,1.91006111763468E-16,1.));
#11258=DIRECTION('center_axis',(-1.18305888309889E-31,2.29791827973613E-16,
1.));
#11259=DIRECTION('ref_axis',(-1.,2.2597147724795E-47,0.));
#11260=DIRECTION('center_axis',(1.18305888309889E-31,-2.29791827973613E-16,
-1.));
#11261=DIRECTION('ref_axis',(-1.,0.,-1.18305888309889E-31));
#11262=DIRECTION('center_axis',(0.,1.91006111763468E-16,1.));
#11263=DIRECTION('ref_axis',(-1.,2.2597147724795E-47,0.));
#11264=DIRECTION('',(0.,1.91006111763468E-16,1.));
#11265=DIRECTION('center_axis',(-1.18305888309889E-31,2.29791827973613E-16,
1.));
#11266=DIRECTION('ref_axis',(-1.,2.2597147724795E-47,0.));
#11267=DIRECTION('center_axis',(1.18305888309889E-31,-2.29791827973613E-16,
-1.));
#11268=DIRECTION('ref_axis',(-1.,0.,-1.18305888309889E-31));
#11269=DIRECTION('center_axis',(0.,1.91006111763468E-16,1.));
#11270=DIRECTION('ref_axis',(-1.,2.2597147724795E-47,0.));
#11271=DIRECTION('',(0.,1.91006111763468E-16,1.));
#11272=DIRECTION('center_axis',(-1.18305888309889E-31,2.29791827973613E-16,
1.));
#11273=DIRECTION('ref_axis',(-1.,2.2597147724795E-47,0.));
#11274=DIRECTION('center_axis',(1.18305888309889E-31,-2.29791827973613E-16,
-1.));
#11275=DIRECTION('ref_axis',(-1.,0.,-1.18305888309889E-31));
#11276=DIRECTION('center_axis',(0.,1.91006111763468E-16,1.));
#11277=DIRECTION('ref_axis',(-1.,2.2597147724795E-47,0.));
#11278=DIRECTION('',(0.,1.91006111763468E-16,1.));
#11279=DIRECTION('center_axis',(-1.18305888309889E-31,2.29791827973613E-16,
1.));
#11280=DIRECTION('ref_axis',(-1.,2.2597147724795E-47,0.));
#11281=DIRECTION('center_axis',(1.18305888309889E-31,-2.29791827973613E-16,
-1.));
#11282=DIRECTION('ref_axis',(-1.,0.,-1.18305888309889E-31));
#11283=DIRECTION('center_axis',(0.,1.91006111763468E-16,1.));
#11284=DIRECTION('ref_axis',(-1.,2.2597147724795E-47,0.));
#11285=DIRECTION('',(0.,1.91006111763468E-16,1.));
#11286=DIRECTION('center_axis',(-1.18305888309889E-31,2.29791827973613E-16,
1.));
#11287=DIRECTION('ref_axis',(-1.,2.2597147724795E-47,0.));
#11288=DIRECTION('center_axis',(1.18305888309889E-31,-2.29791827973613E-16,
-1.));
#11289=DIRECTION('ref_axis',(-1.,0.,-1.18305888309889E-31));
#11290=DIRECTION('center_axis',(0.,1.91006111763468E-16,1.));
#11291=DIRECTION('ref_axis',(-1.,2.2597147724795E-47,0.));
#11292=DIRECTION('',(0.,1.91006111763468E-16,1.));
#11293=DIRECTION('center_axis',(-1.18305888309889E-31,2.29791827973613E-16,
1.));
#11294=DIRECTION('ref_axis',(-1.,2.2597147724795E-47,0.));
#11295=DIRECTION('center_axis',(1.18305888309889E-31,-2.29791827973613E-16,
-1.));
#11296=DIRECTION('ref_axis',(-1.,0.,-1.18305888309889E-31));
#11297=DIRECTION('center_axis',(0.,1.91006111763468E-16,1.));
#11298=DIRECTION('ref_axis',(-1.,2.2597147724795E-47,0.));
#11299=DIRECTION('',(0.,1.91006111763468E-16,1.));
#11300=DIRECTION('center_axis',(-1.18305888309889E-31,2.29791827973613E-16,
1.));
#11301=DIRECTION('ref_axis',(-1.,2.2597147724795E-47,0.));
#11302=DIRECTION('center_axis',(1.18305888309889E-31,-2.29791827973613E-16,
-1.));
#11303=DIRECTION('ref_axis',(-1.,0.,-1.18305888309889E-31));
#11304=DIRECTION('center_axis',(0.,0.,-1.));
#11305=DIRECTION('ref_axis',(1.,0.,0.));
#11306=DIRECTION('',(0.,0.,1.));
#11307=DIRECTION('',(0.,0.,-1.));
#11308=DIRECTION('center_axis',(0.,0.,-1.));
#11309=DIRECTION('ref_axis',(1.,0.,0.));
#11310=DIRECTION('',(0.,0.,1.));
#11311=DIRECTION('',(0.,0.,-1.));
#11312=DIRECTION('center_axis',(0.,0.,-1.));
#11313=DIRECTION('ref_axis',(1.,0.,0.));
#11314=DIRECTION('',(0.,0.,1.));
#11315=DIRECTION('',(0.,0.,-1.));
#11316=DIRECTION('center_axis',(0.,0.,-1.));
#11317=DIRECTION('ref_axis',(1.,0.,0.));
#11318=DIRECTION('center_axis',(0.,0.,-1.));
#11319=DIRECTION('ref_axis',(1.,0.,0.));
#11320=DIRECTION('',(0.,0.,1.));
#11321=DIRECTION('',(0.,0.,-1.));
#11322=DIRECTION('center_axis',(0.,0.,-1.));
#11323=DIRECTION('ref_axis',(1.,0.,0.));
#11324=DIRECTION('center_axis',(0.,0.,-1.));
#11325=DIRECTION('ref_axis',(1.,0.,0.));
#11326=DIRECTION('',(0.,0.,1.));
#11327=DIRECTION('',(0.,0.,-1.));
#11328=DIRECTION('center_axis',(0.,0.,-1.));
#11329=DIRECTION('ref_axis',(1.,0.,0.));
#11330=DIRECTION('center_axis',(0.,0.,-1.));
#11331=DIRECTION('ref_axis',(1.,0.,0.));
#11332=DIRECTION('',(0.,0.,1.));
#11333=DIRECTION('',(0.,0.,-1.));
#11334=DIRECTION('center_axis',(0.,0.,-1.));
#11335=DIRECTION('ref_axis',(1.,0.,0.));
#11336=DIRECTION('',(0.,0.,1.));
#11337=DIRECTION('',(0.,0.,-1.));
#11338=DIRECTION('center_axis',(3.29327159576937E-17,-1.,0.));
#11339=DIRECTION('ref_axis',(1.,3.29327159576937E-17,0.));
#11340=DIRECTION('',(0.,0.,1.));
#11341=DIRECTION('center_axis',(3.29327159576937E-17,-1.,0.));
#11342=DIRECTION('ref_axis',(1.,3.29327159576937E-17,0.));
#11343=DIRECTION('',(0.,0.,1.));
#11344=DIRECTION('center_axis',(0.,1.,0.));
#11345=DIRECTION('ref_axis',(-1.,0.,0.));
#11346=DIRECTION('',(0.,0.,1.));
#11347=DIRECTION('center_axis',(0.,1.,0.));
#11348=DIRECTION('ref_axis',(-1.,0.,0.));
#11349=DIRECTION('',(0.,0.,1.));
#11350=DIRECTION('center_axis',(0.,1.,0.));
#11351=DIRECTION('ref_axis',(-1.,0.,0.));
#11352=DIRECTION('',(0.,0.,1.));
#11353=DIRECTION('',(-1.,0.,0.));
#11354=DIRECTION('center_axis',(0.,1.,0.));
#11355=DIRECTION('ref_axis',(-1.,0.,0.));
#11356=DIRECTION('',(0.,0.,1.));
#11357=DIRECTION('',(-1.,0.,0.));
#11358=DIRECTION('center_axis',(0.,1.,0.));
#11359=DIRECTION('ref_axis',(-1.,0.,0.));
#11360=DIRECTION('',(0.,0.,1.));
#11361=DIRECTION('',(-1.,0.,0.));
#11362=DIRECTION('center_axis',(0.,1.,0.));
#11363=DIRECTION('ref_axis',(-1.,0.,0.));
#11364=DIRECTION('',(-1.,0.,0.));
#11365=DIRECTION('',(0.,0.,1.));
#11366=DIRECTION('center_axis',(0.,0.,-1.));
#11367=DIRECTION('ref_axis',(1.,0.,0.));
#11368=DIRECTION('',(1.,0.,0.));
#11369=DIRECTION('center_axis',(0.,0.,1.));
#11370=DIRECTION('ref_axis',(0.382683432365089,-0.923879532511287,0.));
#11371=DIRECTION('',(-0.707106781186546,-0.707106781186549,0.));
#11372=DIRECTION('center_axis',(0.,0.,1.));
#11373=DIRECTION('ref_axis',(-0.707106781186556,0.707106781186539,0.));
#11374=DIRECTION('center_axis',(0.,0.,1.));
#11375=DIRECTION('ref_axis',(3.55271367880059E-15,1.,0.));
#11376=DIRECTION('',(0.707106781186544,-0.707106781186551,0.));
#11377=DIRECTION('center_axis',(0.,0.,1.));
#11378=DIRECTION('ref_axis',(-0.382683432365092,-0.923879532511286,0.));
#11379=DIRECTION('center_axis',(3.29327159576937E-17,-1.,0.));
#11380=DIRECTION('ref_axis',(1.,3.29327159576937E-17,0.));
#11381=DIRECTION('',(0.,0.,1.));
#11382=DIRECTION('center_axis',(3.29327159576937E-17,-1.,0.));
#11383=DIRECTION('ref_axis',(1.,3.29327159576937E-17,0.));
#11384=DIRECTION('',(0.,0.,1.));
#11385=DIRECTION('center_axis',(3.29327159576937E-17,-1.,0.));
#11386=DIRECTION('ref_axis',(1.,3.29327159576937E-17,0.));
#11387=DIRECTION('',(0.,0.,1.));
#11388=DIRECTION('center_axis',(3.29327159576937E-17,-1.,0.));
#11389=DIRECTION('ref_axis',(1.,3.29327159576937E-17,0.));
#11390=DIRECTION('',(0.,0.,1.));
#11391=DIRECTION('center_axis',(0.,1.,0.));
#11392=DIRECTION('ref_axis',(-1.,0.,0.));
#11393=DIRECTION('',(0.,0.,-1.));
#11394=DIRECTION('',(-1.,0.,0.));
#11395=DIRECTION('center_axis',(-1.,0.,0.));
#11396=DIRECTION('ref_axis',(0.,-1.,0.));
#11397=DIRECTION('',(0.,0.,-1.));
#11398=DIRECTION('',(0.,-1.,0.));
#11399=DIRECTION('',(0.,0.,1.));
#11400=DIRECTION('center_axis',(0.,0.,1.));
#11401=DIRECTION('ref_axis',(0.99918699315487,0.0403156633348535,0.));
#11402=DIRECTION('',(0.,0.,1.));
#11403=DIRECTION('',(0.,0.,1.));
#11404=DIRECTION('center_axis',(0.,0.,1.));
#11405=DIRECTION('ref_axis',(0.707106781186491,0.707106781186604,0.));
#11406=DIRECTION('',(0.,0.,1.));
#11407=DIRECTION('center_axis',(0.,0.,-1.));
#11408=DIRECTION('ref_axis',(-0.999186993154869,0.0403156633348771,0.));
#11409=DIRECTION('',(0.,0.,1.));
#11410=DIRECTION('',(0.,0.,1.));
#11411=DIRECTION('center_axis',(0.,0.,1.));
#11412=DIRECTION('ref_axis',(-0.707106781186543,0.707106781186552,0.));
#11413=DIRECTION('',(0.,0.,1.));
#11414=DIRECTION('center_axis',(0.,0.,-1.));
#11415=DIRECTION('ref_axis',(-0.707106781186543,0.707106781186552,0.));
#11416=DIRECTION('center_axis',(0.,0.,1.));
#11417=DIRECTION('ref_axis',(-0.382683432365094,-0.923879532511285,0.));
#11418=DIRECTION('',(0.,0.,1.));
#11419=DIRECTION('',(0.,0.,-1.));
#11420=DIRECTION('center_axis',(0.,-1.,0.));
#11421=DIRECTION('ref_axis',(1.,0.,0.));
#11422=DIRECTION('',(0.,0.,-1.));
#11423=DIRECTION('',(1.,0.,0.));
#11424=DIRECTION('',(0.,0.,1.));
#11425=DIRECTION('',(0.,0.,-1.));
#11426=DIRECTION('',(1.,0.,0.));
#11427=DIRECTION('',(0.,0.,1.));
#11428=DIRECTION('',(0.,0.,1.));
#11429=DIRECTION('',(1.,0.,0.));
#11430=DIRECTION('',(0.,0.,1.));
#11431=DIRECTION('',(1.,0.,0.));
#11432=DIRECTION('',(1.,0.,0.));
#11433=DIRECTION('',(1.,0.,0.));
#11434=DIRECTION('',(1.,0.,0.));
#11435=DIRECTION('',(0.,0.,-1.));
#11436=DIRECTION('',(0.,0.,-1.));
#11437=DIRECTION('',(0.,0.,1.));
#11438=DIRECTION('',(0.,0.,-1.));
#11439=DIRECTION('',(1.,0.,0.));
#11440=DIRECTION('',(0.,0.,1.));
#11441=DIRECTION('center_axis',(0.,0.,1.));
#11442=DIRECTION('ref_axis',(0.382683432365089,-0.923879532511287,0.));
#11443=DIRECTION('',(0.,0.,1.));
#11444=DIRECTION('center_axis',(-0.707106781186548,0.707106781186548,0.));
#11445=DIRECTION('ref_axis',(-0.707106781186548,-0.707106781186548,0.));
#11446=DIRECTION('',(0.,0.,1.));
#11447=DIRECTION('center_axis',(0.,0.,1.));
#11448=DIRECTION('ref_axis',(0.382683432365089,-0.923879532511287,0.));
#11449=DIRECTION('',(0.,0.,1.));
#11450=DIRECTION('center_axis',(0.,0.,1.));
#11451=DIRECTION('ref_axis',(-0.382683432365092,-0.923879532511286,0.));
#11452=DIRECTION('',(0.,0.,-1.));
#11453=DIRECTION('center_axis',(0.,0.,1.));
#11454=DIRECTION('ref_axis',(0.38268343236509,-0.923879532511287,0.));
#11455=DIRECTION('',(0.,0.,1.));
#11456=DIRECTION('center_axis',(0.,0.,1.));
#11457=DIRECTION('ref_axis',(0.38268343236509,-0.923879532511287,0.));
#11458=DIRECTION('center_axis',(0.,0.,1.));
#11459=DIRECTION('ref_axis',(-0.382683432365092,-0.923879532511286,0.));
#11460=DIRECTION('center_axis',(0.,0.,1.));
#11461=DIRECTION('ref_axis',(-0.382683432365092,-0.923879532511286,0.));
#11462=DIRECTION('',(0.,0.,-1.));
#11463=DIRECTION('center_axis',(0.,0.,1.));
#11464=DIRECTION('ref_axis',(0.382683432365089,-0.923879532511287,0.));
#11465=DIRECTION('',(0.,0.,1.));
#11466=DIRECTION('center_axis',(0.,0.,1.));
#11467=DIRECTION('ref_axis',(0.382683432365089,-0.923879532511287,0.));
#11468=DIRECTION('center_axis',(0.,0.,1.));
#11469=DIRECTION('ref_axis',(-0.382683432365082,-0.92387953251129,0.));
#11470=DIRECTION('center_axis',(0.,0.,1.));
#11471=DIRECTION('ref_axis',(-0.382683432365082,-0.92387953251129,0.));
#11472=DIRECTION('',(0.,0.,-1.));
#11473=DIRECTION('center_axis',(0.70710678118654,0.707106781186556,0.));
#11474=DIRECTION('ref_axis',(-0.707106781186556,0.70710678118654,0.));
#11475=DIRECTION('',(0.707106781186557,-0.707106781186538,0.));
#11476=DIRECTION('',(0.,0.,1.));
#11477=DIRECTION('center_axis',(0.,0.,1.));
#11478=DIRECTION('ref_axis',(0.707106781186541,-0.707106781186554,0.));
#11479=DIRECTION('',(0.,0.,1.));
#11480=DIRECTION('',(0.,0.,1.));
#11481=DIRECTION('center_axis',(1.,0.,0.));
#11482=DIRECTION('ref_axis',(0.,1.,0.));
#11483=DIRECTION('center_axis',(0.,0.,1.));
#11484=DIRECTION('ref_axis',(-0.707106781186541,-0.707106781186554,0.));
#11485=DIRECTION('',(0.,0.,1.));
#11486=DIRECTION('',(0.,0.,1.));
#11487=DIRECTION('center_axis',(0.,0.,-1.));
#11488=DIRECTION('ref_axis',(1.,0.,0.));
#11489=DIRECTION('',(0.707106781186551,0.707106781186544,0.));
#11490=DIRECTION('center_axis',(0.,0.,1.));
#11491=DIRECTION('ref_axis',(-0.707106781186583,0.707106781186512,0.));
#11492=DIRECTION('',(-1.,0.,0.));
#11493=DIRECTION('center_axis',(0.,0.,1.));
#11494=DIRECTION('ref_axis',(-3.55271367880084E-14,1.,0.));
#11495=DIRECTION('center_axis',(0.,0.,-1.));
#11496=DIRECTION('ref_axis',(1.,0.,0.));
#11497=DIRECTION('',(-0.707106781186548,-0.707106781186547,0.));
#11498=DIRECTION('center_axis',(0.,0.,1.));
#11499=DIRECTION('ref_axis',(-0.707106781186562,0.707106781186533,0.));
#11500=DIRECTION('',(-1.,0.,0.));
#11501=DIRECTION('center_axis',(0.,0.,1.));
#11502=DIRECTION('ref_axis',(2.66453525910029E-14,1.,0.));
#11503=DIRECTION('',(0.707106781186545,-0.70710678118655,0.));
#11504=DIRECTION('center_axis',(-0.707106781186544,0.707106781186551,0.));
#11505=DIRECTION('ref_axis',(-0.707106781186551,-0.707106781186544,0.));
#11506=DIRECTION('',(0.,0.,1.));
#11507=DIRECTION('center_axis',(-0.707106781186547,0.707106781186548,0.));
#11508=DIRECTION('ref_axis',(-0.707106781186548,-0.707106781186547,0.));
#11509=DIRECTION('',(0.,0.,1.));
#11510=DIRECTION('center_axis',(0.70710678118655,0.707106781186545,0.));
#11511=DIRECTION('ref_axis',(-0.707106781186545,0.70710678118655,0.));
#11512=DIRECTION('',(0.,0.,1.));
#11513=DIRECTION('center_axis',(0.70710678118655,0.707106781186545,0.));
#11514=DIRECTION('ref_axis',(-0.707106781186545,0.70710678118655,0.));
#11515=DIRECTION('',(0.,0.,1.));
#11516=DIRECTION('center_axis',(-0.707106781186549,0.707106781186546,0.));
#11517=DIRECTION('ref_axis',(-0.707106781186546,-0.707106781186549,0.));
#11518=DIRECTION('',(0.,0.,1.));
#11519=DIRECTION('center_axis',(0.707106781186548,0.707106781186548,0.));
#11520=DIRECTION('ref_axis',(-0.707106781186548,0.707106781186548,0.));
#11521=DIRECTION('',(0.,0.,1.));
#11522=DIRECTION('center_axis',(1.,0.,0.));
#11523=DIRECTION('ref_axis',(0.,1.,0.));
#11524=DIRECTION('',(0.,0.,-1.));
#11525=DIRECTION('',(0.,1.,0.));
#11526=DIRECTION('',(0.,0.,1.));
#11527=DIRECTION('center_axis',(0.,0.,-1.));
#11528=DIRECTION('ref_axis',(-0.707106781186543,0.707106781186552,0.));
#11529=DIRECTION('center_axis',(0.,0.,-1.));
#11530=DIRECTION('ref_axis',(-0.707106781186543,0.707106781186552,0.));
#11531=DIRECTION('center_axis',(0.,0.,1.));
#11532=DIRECTION('ref_axis',(-0.707106781186543,0.707106781186552,0.));
#11533=DIRECTION('',(0.,0.,1.));
#11534=DIRECTION('center_axis',(0.,0.,-1.));
#11535=DIRECTION('ref_axis',(-0.707106781186543,0.707106781186552,0.));
#11536=DIRECTION('center_axis',(-3.09793118498268E-17,-1.,0.));
#11537=DIRECTION('ref_axis',(1.,-3.09793118498268E-17,0.));
#11538=DIRECTION('',(0.,0.,-1.));
#11539=DIRECTION('',(1.,-3.09793118498268E-17,0.));
#11540=DIRECTION('center_axis',(0.,0.,1.));
#11541=DIRECTION('ref_axis',(0.707106781186545,0.70710678118655,0.));
#11542=DIRECTION('',(0.,0.,1.));
#11543=DIRECTION('center_axis',(0.,0.,-1.));
#11544=DIRECTION('ref_axis',(0.707106781186545,0.70710678118655,0.));
#11545=DIRECTION('center_axis',(-1.,0.,0.));
#11546=DIRECTION('ref_axis',(0.,-1.,0.));
#11547=DIRECTION('',(0.,-1.,0.));
#11548=DIRECTION('center_axis',(0.,0.,1.));
#11549=DIRECTION('ref_axis',(-0.707106781186552,-0.707106781186543,0.));
#11550=DIRECTION('',(0.,0.,-1.));
#11551=DIRECTION('center_axis',(0.,0.,-1.));
#11552=DIRECTION('ref_axis',(-0.707106781186552,-0.707106781186543,0.));
#11553=DIRECTION('center_axis',(1.,0.,0.));
#11554=DIRECTION('ref_axis',(0.,1.,0.));
#11555=DIRECTION('',(0.,0.,-1.));
#11556=DIRECTION('',(0.,1.,0.));
#11557=DIRECTION('center_axis',(0.,0.,1.));
#11558=DIRECTION('ref_axis',(-0.707106781186543,0.707106781186552,0.));
#11559=DIRECTION('',(0.,0.,-1.));
#11560=DIRECTION('center_axis',(0.,0.,-1.));
#11561=DIRECTION('ref_axis',(-0.707106781186543,0.707106781186552,0.));
#11562=DIRECTION('center_axis',(0.,-1.,0.));
#11563=DIRECTION('ref_axis',(1.,0.,0.));
#11564=DIRECTION('',(0.,0.,-1.));
#11565=DIRECTION('',(1.,0.,0.));
#11566=DIRECTION('center_axis',(0.,0.,1.));
#11567=DIRECTION('ref_axis',(0.707106781186552,-0.707106781186543,0.));
#11568=DIRECTION('',(0.,0.,-1.));
#11569=DIRECTION('center_axis',(0.,0.,1.));
#11570=DIRECTION('ref_axis',(0.707106781186552,-0.707106781186543,0.));
#11571=DIRECTION('center_axis',(1.,0.,0.));
#11572=DIRECTION('ref_axis',(0.,1.,0.));
#11573=DIRECTION('',(0.,0.,-1.));
#11574=DIRECTION('',(0.,1.,0.));
#11575=DIRECTION('center_axis',(0.,0.,1.));
#11576=DIRECTION('ref_axis',(-0.707106781186545,0.70710678118655,0.));
#11577=DIRECTION('center_axis',(0.,0.,-1.));
#11578=DIRECTION('ref_axis',(-0.707106781186545,0.70710678118655,0.));
#11579=DIRECTION('center_axis',(0.,0.,1.));
#11580=DIRECTION('ref_axis',(0.,1.,0.));
#11581=DIRECTION('',(0.,0.,1.));
#11582=DIRECTION('',(0.,0.,1.));
#11583=DIRECTION('center_axis',(-1.,3.13987404551543E-16,0.));
#11584=DIRECTION('ref_axis',(-3.13987404551543E-16,-1.,0.));
#11585=DIRECTION('',(0.,0.,1.));
#11586=DIRECTION('center_axis',(0.,0.,1.));
#11587=DIRECTION('ref_axis',(-1.,0.,0.));
#11588=DIRECTION('center_axis',(0.,0.,1.));
#11589=DIRECTION('ref_axis',(-0.707106781186551,0.707106781186544,0.));
#11590=DIRECTION('center_axis',(0.,0.,1.));
#11591=DIRECTION('ref_axis',(7.10542735760113E-15,1.,0.));
#11592=DIRECTION('center_axis',(0.,0.,1.));
#11593=DIRECTION('ref_axis',(-0.707106781186556,0.707106781186539,0.));
#11594=DIRECTION('center_axis',(0.,0.,1.));
#11595=DIRECTION('ref_axis',(3.55271367880059E-15,1.,0.));
#11596=DIRECTION('center_axis',(0.,0.,1.));
#11597=DIRECTION('ref_axis',(-0.707106781186562,0.707106781186533,0.));
#11598=DIRECTION('',(0.,0.,1.));
#11599=DIRECTION('center_axis',(0.,1.,0.));
#11600=DIRECTION('ref_axis',(-1.,0.,0.));
#11601=DIRECTION('center_axis',(0.,0.,1.));
#11602=DIRECTION('ref_axis',(2.66453525910029E-14,1.,0.));
#11603=DIRECTION('center_axis',(-3.1838262845828E-16,-1.,0.));
#11604=DIRECTION('ref_axis',(1.,-3.1838262845828E-16,0.));
#11605=DIRECTION('',(0.,0.,1.));
#11606=DIRECTION('',(0.,0.,1.));
#11607=DIRECTION('',(0.,0.,1.));
#11608=DIRECTION('',(0.,0.,1.));
#11609=DIRECTION('',(0.,0.,1.));
#11610=DIRECTION('center_axis',(0.,0.,1.));
#11611=DIRECTION('ref_axis',(-0.707106781186592,0.707106781186503,0.));
#11612=DIRECTION('',(0.,0.,1.));
#11613=DIRECTION('center_axis',(0.707106781186516,-0.707106781186579,0.));
#11614=DIRECTION('ref_axis',(0.707106781186579,0.707106781186516,0.));
#11615=DIRECTION('',(0.,0.,1.));
#11616=DIRECTION('center_axis',(0.,0.,1.));
#11617=DIRECTION('ref_axis',(0.707106781186556,-0.707106781186539,0.));
#11618=DIRECTION('center_axis',(0.,0.,1.));
#11619=DIRECTION('ref_axis',(-7.10542735760083E-15,-1.,0.));
#11620=DIRECTION('',(0.,0.,1.));
#11621=DIRECTION('center_axis',(-0.707106781186527,-0.707106781186569,0.));
#11622=DIRECTION('ref_axis',(0.707106781186569,-0.707106781186527,0.));
#11623=DIRECTION('',(0.,0.,1.));
#11624=DIRECTION('center_axis',(0.,0.,1.));
#11625=DIRECTION('ref_axis',(0.,1.,0.));
#11626=DIRECTION('center_axis',(0.,0.,1.));
#11627=DIRECTION('ref_axis',(-0.707106781186503,0.707106781186592,0.));
#11628=DIRECTION('',(0.,0.,1.));
#11629=DIRECTION('center_axis',(0.707106781186522,-0.707106781186573,0.));
#11630=DIRECTION('ref_axis',(0.707106781186573,0.707106781186522,0.));
#11631=DIRECTION('',(0.,0.,1.));
#11632=DIRECTION('center_axis',(0.,0.,1.));
#11633=DIRECTION('ref_axis',(0.707106781186537,-0.707106781186558,0.));
#11634=DIRECTION('center_axis',(0.,0.,1.));
#11635=DIRECTION('ref_axis',(0.,-1.,0.));
#11636=DIRECTION('',(0.,0.,1.));
#11637=DIRECTION('center_axis',(-0.70710678118653,-0.707106781186565,0.));
#11638=DIRECTION('ref_axis',(0.707106781186565,-0.70710678118653,0.));
#11639=DIRECTION('',(0.,0.,1.));
#11640=DIRECTION('center_axis',(0.,0.,1.));
#11641=DIRECTION('ref_axis',(0.,1.,0.));
#11642=DIRECTION('center_axis',(0.,0.,1.));
#11643=DIRECTION('ref_axis',(-0.707106781186636,0.707106781186459,0.));
#11644=DIRECTION('',(0.,0.,1.));
#11645=DIRECTION('center_axis',(0.70710678118651,-0.707106781186585,0.));
#11646=DIRECTION('ref_axis',(0.707106781186585,0.70710678118651,0.));
#11647=DIRECTION('',(0.,0.,1.));
#11648=DIRECTION('center_axis',(0.,0.,1.));
#11649=DIRECTION('ref_axis',(0.707106781186533,-0.707106781186562,0.));
#11650=DIRECTION('center_axis',(0.,0.,1.));
#11651=DIRECTION('ref_axis',(-2.84217094304034E-14,-1.,0.));
#11652=DIRECTION('',(0.,0.,1.));
#11653=DIRECTION('center_axis',(-0.70710678118652,-0.707106781186575,0.));
#11654=DIRECTION('ref_axis',(0.707106781186575,-0.70710678118652,0.));
#11655=DIRECTION('center_axis',(0.,0.,1.));
#11656=DIRECTION('ref_axis',(-0.707106781186583,0.707106781186512,0.));
#11657=DIRECTION('',(0.,0.,1.));
#11658=DIRECTION('center_axis',(0.,1.,0.));
#11659=DIRECTION('ref_axis',(-1.,0.,0.));
#11660=DIRECTION('center_axis',(0.,0.,1.));
#11661=DIRECTION('ref_axis',(-3.55271367880084E-14,1.,0.));
#11662=DIRECTION('center_axis',(0.,0.,1.));
#11663=DIRECTION('ref_axis',(0.707106781186544,-0.707106781186551,0.));
#11664=DIRECTION('',(0.,0.,-1.));
#11665=DIRECTION('center_axis',(0.,0.,-1.));
#11666=DIRECTION('ref_axis',(0.707106781186544,-0.707106781186551,0.));
#11667=DIRECTION('center_axis',(5.73264900839152E-17,1.,0.));
#11668=DIRECTION('ref_axis',(-1.,5.73264900839152E-17,0.));
#11669=DIRECTION('',(0.,0.,-1.));
#11670=DIRECTION('',(-1.,5.73264900839152E-17,0.));
#11671=DIRECTION('center_axis',(0.,0.,1.));
#11672=DIRECTION('ref_axis',(-0.707106781186553,-0.707106781186543,0.));
#11673=DIRECTION('',(0.,0.,-1.));
#11674=DIRECTION('center_axis',(0.,0.,-1.));
#11675=DIRECTION('ref_axis',(-0.707106781186553,-0.707106781186543,0.));
#11676=DIRECTION('center_axis',(0.,0.,-1.));
#11677=DIRECTION('ref_axis',(-1.,0.,0.));
#11678=DIRECTION('center_axis',(0.,-1.,0.));
#11679=DIRECTION('ref_axis',(1.,0.,0.));
#11680=DIRECTION('center_axis',(0.,0.,-1.));
#11681=DIRECTION('ref_axis',(0.707106781186548,-0.707106781186548,0.));
#11682=DIRECTION('center_axis',(1.,0.,0.));
#11683=DIRECTION('ref_axis',(0.,0.,1.));
#11684=DIRECTION('center_axis',(0.,0.,1.));
#11685=DIRECTION('ref_axis',(0.707106781186548,-0.707106781186548,0.));
#11686=DIRECTION('center_axis',(1.,0.,0.));
#11687=DIRECTION('ref_axis',(0.,-0.707106781186547,0.707106781186548));
#11688=DIRECTION('center_axis',(1.,0.,0.));
#11689=DIRECTION('ref_axis',(0.,0.,1.));
#11690=DIRECTION('',(1.,0.,0.));
#11691=DIRECTION('',(-1.,0.,0.));
#11692=DIRECTION('center_axis',(0.,0.,-1.));
#11693=DIRECTION('ref_axis',(-1.,0.,0.));
#11694=DIRECTION('center_axis',(0.,-1.,0.));
#11695=DIRECTION('ref_axis',(0.,0.,1.));
#11696=DIRECTION('center_axis',(0.,0.,1.));
#11697=DIRECTION('ref_axis',(-0.707106781186547,-0.707106781186547,0.));
#11698=DIRECTION('center_axis',(0.,0.,-1.));
#11699=DIRECTION('ref_axis',(-0.707106781186548,-0.707106781186548,0.));
#11700=DIRECTION('center_axis',(0.,-1.,0.));
#11701=DIRECTION('ref_axis',(-0.707106781186553,0.,0.707106781186542));
#11702=DIRECTION('center_axis',(0.,-1.,0.));
#11703=DIRECTION('ref_axis',(0.,0.,1.));
#11704=DIRECTION('',(0.,-1.,0.));
#11705=DIRECTION('',(0.,1.,0.));
#11706=DIRECTION('center_axis',(0.,0.,-1.));
#11707=DIRECTION('ref_axis',(-1.,0.,0.));
#11708=DIRECTION('center_axis',(-1.,0.,0.));
#11709=DIRECTION('ref_axis',(0.,0.,1.));
#11710=DIRECTION('center_axis',(0.,0.,1.));
#11711=DIRECTION('ref_axis',(-0.707106781186548,0.707106781186548,0.));
#11712=DIRECTION('center_axis',(0.,0.,-1.));
#11713=DIRECTION('ref_axis',(-0.707106781186548,0.707106781186548,0.));
#11714=DIRECTION('center_axis',(-1.,0.,0.));
#11715=DIRECTION('ref_axis',(0.,0.707106781186547,0.707106781186548));
#11716=DIRECTION('center_axis',(-1.,0.,0.));
#11717=DIRECTION('ref_axis',(0.,0.,1.));
#11718=DIRECTION('',(1.,0.,0.));
#11719=DIRECTION('center_axis',(0.,0.,-1.));
#11720=DIRECTION('ref_axis',(-1.,0.,0.));
#11721=DIRECTION('center_axis',(0.,1.,0.));
#11722=DIRECTION('ref_axis',(0.,0.,1.));
#11723=DIRECTION('center_axis',(0.,0.,1.));
#11724=DIRECTION('ref_axis',(0.707106781186546,0.707106781186549,0.));
#11725=DIRECTION('center_axis',(0.,0.,-1.));
#11726=DIRECTION('ref_axis',(0.707106781186546,0.707106781186549,0.));
#11727=DIRECTION('center_axis',(0.,1.,0.));
#11728=DIRECTION('ref_axis',(0.707106781186553,0.,0.707106781186542));
#11729=DIRECTION('',(0.,-1.,0.));
#11730=DIRECTION('',(0.,1.,0.));
#11731=DIRECTION('center_axis',(0.,0.,1.));
#11732=DIRECTION('ref_axis',(0.707106781186543,0.707106781186552,0.));
#11733=DIRECTION('',(0.,0.,-1.));
#11734=DIRECTION('center_axis',(1.,0.,0.));
#11735=DIRECTION('ref_axis',(0.,1.,0.));
#11736=DIRECTION('',(0.,0.,1.));
#11737=DIRECTION('center_axis',(0.,0.,1.));
#11738=DIRECTION('ref_axis',(0.707106781186543,-0.707106781186552,0.));
#11739=DIRECTION('',(0.,0.,-1.));
#11740=DIRECTION('center_axis',(0.,0.,1.));
#11741=DIRECTION('ref_axis',(1.,0.,0.));
#11742=DIRECTION('',(0.,-1.,0.));
#11743=DIRECTION('center_axis',(0.,0.,1.));
#11744=DIRECTION('ref_axis',(-0.707106781186545,0.70710678118655,0.));
#11745=DIRECTION('',(-1.,0.,0.));
#11746=DIRECTION('center_axis',(0.,0.,1.));
#11747=DIRECTION('ref_axis',(0.707106781186543,0.707106781186552,0.));
#11748=DIRECTION('',(0.,1.,0.));
#11749=DIRECTION('center_axis',(0.,0.,1.));
#11750=DIRECTION('ref_axis',(0.707106781186544,-0.707106781186551,0.));
#11751=DIRECTION('',(1.,-5.73264900839152E-17,0.));
#11752=DIRECTION('center_axis',(0.,0.,1.));
#11753=DIRECTION('ref_axis',(-0.707106781186553,-0.707106781186543,0.));
#11754=DIRECTION('',(1.,0.,0.));
#11755=DIRECTION('center_axis',(0.,0.,1.));
#11756=DIRECTION('ref_axis',(-0.707106781186552,-0.707106781186543,0.));
#11757=DIRECTION('',(0.,-1.,0.));
#11758=DIRECTION('center_axis',(0.,0.,1.));
#11759=DIRECTION('ref_axis',(-0.707106781186543,0.707106781186552,0.));
#11760=DIRECTION('',(-1.,0.,0.));
#11761=DIRECTION('center_axis',(0.,0.,1.));
#11762=DIRECTION('ref_axis',(0.707106781186552,0.707106781186543,0.));
#11763=DIRECTION('',(0.,1.,0.));
#11764=DIRECTION('',(0.,1.,0.));
#11765=DIRECTION('center_axis',(0.,0.,1.));
#11766=DIRECTION('ref_axis',(0.707106781186549,-0.707106781186546,0.));
#11767=DIRECTION('',(1.,0.,0.));
#11768=DIRECTION('center_axis',(0.,0.,1.));
#11769=DIRECTION('ref_axis',(-0.707106781186548,-0.707106781186548,0.));
#11770=DIRECTION('',(0.,-1.,0.));
#11771=DIRECTION('center_axis',(0.,0.,1.));
#11772=DIRECTION('ref_axis',(-0.707106781186548,0.707106781186548,0.));
#11773=DIRECTION('',(-1.,0.,0.));
#11774=DIRECTION('center_axis',(0.,0.,1.));
#11775=DIRECTION('ref_axis',(0.707106781186546,0.707106781186549,0.));
#11776=DIRECTION('center_axis',(0.,0.,1.));
#11777=DIRECTION('ref_axis',(-0.707106781186552,-0.707106781186543,0.));
#11778=DIRECTION('',(0.,-1.,0.));
#11779=DIRECTION('center_axis',(0.,0.,1.));
#11780=DIRECTION('ref_axis',(-0.707106781186552,0.707106781186543,0.));
#11781=DIRECTION('',(-1.,0.,0.));
#11782=DIRECTION('center_axis',(0.,0.,1.));
#11783=DIRECTION('ref_axis',(0.707106781186548,0.707106781186548,0.));
#11784=DIRECTION('',(0.,1.,0.));
#11785=DIRECTION('center_axis',(0.,0.,1.));
#11786=DIRECTION('ref_axis',(0.70710678118655,-0.707106781186545,0.));
#11787=DIRECTION('',(1.,0.,0.));
#11788=DIRECTION('',(1.,0.,0.));
#11789=DIRECTION('center_axis',(0.,0.,1.));
#11790=DIRECTION('ref_axis',(-0.707106781186543,-0.707106781186552,0.));
#11791=DIRECTION('',(0.,-1.,0.));
#11792=DIRECTION('center_axis',(0.,0.,1.));
#11793=DIRECTION('ref_axis',(-0.707106781186543,0.707106781186552,0.));
#11794=DIRECTION('',(-1.,0.,0.));
#11795=DIRECTION('center_axis',(0.,0.,1.));
#11796=DIRECTION('ref_axis',(0.707106781186552,0.707106781186543,0.));
#11797=DIRECTION('',(0.,1.,0.));
#11798=DIRECTION('center_axis',(0.,0.,1.));
#11799=DIRECTION('ref_axis',(0.707106781186545,-0.70710678118655,0.));
#11800=DIRECTION('',(-1.,3.09793118498268E-17,0.));
#11801=DIRECTION('center_axis',(0.,0.,1.));
#11802=DIRECTION('ref_axis',(0.707106781186545,0.70710678118655,0.));
#11803=DIRECTION('',(0.,1.,0.));
#11804=DIRECTION('center_axis',(0.,0.,1.));
#11805=DIRECTION('ref_axis',(0.707106781186552,-0.707106781186543,0.));
#11806=DIRECTION('',(1.,0.,0.));
#11807=DIRECTION('center_axis',(0.,0.,1.));
#11808=DIRECTION('ref_axis',(-0.707106781186527,-0.707106781186568,0.));
#11809=DIRECTION('',(0.,-1.,0.));
#11810=DIRECTION('center_axis',(0.,0.,1.));
#11811=DIRECTION('ref_axis',(-0.707106781186543,0.707106781186552,0.));
#11812=DIRECTION('',(1.,0.,0.));
#11813=DIRECTION('center_axis',(0.,0.,1.));
#11814=DIRECTION('ref_axis',(-0.707106781186547,-0.707106781186548,0.));
#11815=DIRECTION('',(0.,-1.,0.));
#11816=DIRECTION('center_axis',(0.,0.,1.));
#11817=DIRECTION('ref_axis',(-0.707106781186546,0.707106781186549,0.));
#11818=DIRECTION('',(-1.,0.,0.));
#11819=DIRECTION('center_axis',(0.,0.,1.));
#11820=DIRECTION('ref_axis',(0.707106781186552,0.707106781186543,0.));
#11821=DIRECTION('',(0.,1.,0.));
#11822=DIRECTION('',(-1.,0.,0.));
#11823=DIRECTION('center_axis',(0.,0.,1.));
#11824=DIRECTION('ref_axis',(0.707106781186543,0.707106781186552,0.));
#11825=DIRECTION('',(0.,1.,0.));
#11826=DIRECTION('center_axis',(0.,0.,1.));
#11827=DIRECTION('ref_axis',(0.707106781186545,-0.70710678118655,0.));
#11828=DIRECTION('',(1.,0.,0.));
#11829=DIRECTION('center_axis',(0.,0.,1.));
#11830=DIRECTION('ref_axis',(-0.707106781186552,-0.707106781186543,0.));
#11831=DIRECTION('',(0.,-1.,0.));
#11832=DIRECTION('center_axis',(0.,0.,1.));
#11833=DIRECTION('ref_axis',(-0.707106781186543,0.707106781186552,0.));
#11834=DIRECTION('',(-1.,0.,0.));
#11835=DIRECTION('center_axis',(0.,0.,-1.));
#11836=DIRECTION('ref_axis',(0.707106781186552,-0.707106781186543,0.));
#11837=DIRECTION('',(0.,-1.,0.));
#11838=DIRECTION('center_axis',(0.,0.,1.));
#11839=DIRECTION('ref_axis',(-0.707106781186545,0.70710678118655,0.));
#11840=DIRECTION('',(-1.,0.,0.));
#11841=DIRECTION('center_axis',(0.,0.,1.));
#11842=DIRECTION('ref_axis',(0.707106781186552,0.707106781186543,0.));
#11843=DIRECTION('',(0.,1.,0.));
#11844=DIRECTION('center_axis',(0.,0.,-1.));
#11845=DIRECTION('ref_axis',(-0.707106781186543,-0.707106781186552,0.));
#11846=DIRECTION('',(-1.,0.,0.));
#11847=DIRECTION('center_axis',(0.,0.,1.));
#11848=DIRECTION('ref_axis',(0.707106781186543,0.707106781186552,0.));
#11849=DIRECTION('',(0.,1.,0.));
#11850=DIRECTION('center_axis',(0.,0.,1.));
#11851=DIRECTION('ref_axis',(0.707106781186543,-0.707106781186552,0.));
#11852=DIRECTION('',(1.,0.,0.));
#11853=DIRECTION('center_axis',(0.,0.,1.));
#11854=DIRECTION('ref_axis',(-0.707106781186552,-0.707106781186543,0.));
#11855=DIRECTION('',(0.,-1.,0.));
#11856=DIRECTION('center_axis',(0.,0.,1.));
#11857=DIRECTION('ref_axis',(-0.707106781186543,0.707106781186552,0.));
#11858=DIRECTION('center_axis',(0.,-0.707106781186549,0.707106781186546));
#11859=DIRECTION('ref_axis',(1.,0.,0.));
#11860=DIRECTION('',(0.,0.707106781186546,0.707106781186549));
#11861=DIRECTION('',(0.,-0.707106781186546,-0.707106781186549));
#11862=DIRECTION('center_axis',(0.,0.,-1.));
#11863=DIRECTION('ref_axis',(0.707106781186552,-0.707106781186543,0.));
#11864=DIRECTION('',(-0.707106781186552,0.,0.707106781186543));
#11865=DIRECTION('center_axis',(0.707106781186543,0.,0.707106781186552));
#11866=DIRECTION('ref_axis',(0.707106781186552,0.,-0.707106781186543));
#11867=DIRECTION('',(-0.707106781186552,0.,0.707106781186543));
#11868=DIRECTION('center_axis',(0.,0.,1.));
#11869=DIRECTION('ref_axis',(-0.707106781186545,0.70710678118655,0.));
#11870=DIRECTION('',(0.,0.707106781186546,0.707106781186549));
#11871=DIRECTION('center_axis',(0.,-0.707106781186549,0.707106781186546));
#11872=DIRECTION('ref_axis',(1.,0.,0.));
#11873=DIRECTION('',(0.,0.707106781186546,0.707106781186549));
#11874=DIRECTION('center_axis',(0.,0.,1.));
#11875=DIRECTION('ref_axis',(0.707106781186552,0.707106781186543,0.));
#11876=DIRECTION('',(0.70710678118654,0.,0.707106781186555));
#11877=DIRECTION('center_axis',(-0.707106781186543,0.,0.707106781186552));
#11878=DIRECTION('ref_axis',(0.707106781186552,0.,0.707106781186543));
#11879=DIRECTION('',(0.707106781186552,0.,0.707106781186543));
#11880=DIRECTION('center_axis',(0.,0.,-1.));
#11881=DIRECTION('ref_axis',(-0.707106781186543,-0.707106781186552,0.));
#11882=DIRECTION('',(0.,0.707106781186546,0.707106781186549));
#11883=DIRECTION('center_axis',(0.,-0.707106781186549,0.707106781186546));
#11884=DIRECTION('ref_axis',(1.,0.,0.));
#11885=DIRECTION('',(0.,0.707106781186546,0.707106781186549));
#11886=DIRECTION('center_axis',(0.,0.,1.));
#11887=DIRECTION('ref_axis',(0.707106781186543,0.707106781186552,0.));
#11888=DIRECTION('',(0.707106781186552,0.,0.707106781186543));
#11889=DIRECTION('center_axis',(-0.707106781186543,0.,0.707106781186552));
#11890=DIRECTION('ref_axis',(0.707106781186552,0.,0.707106781186543));
#11891=DIRECTION('',(0.707106781186552,0.,0.707106781186543));
#11892=DIRECTION('center_axis',(0.,0.,1.));
#11893=DIRECTION('ref_axis',(0.707106781186543,-0.707106781186552,0.));
#11894=DIRECTION('',(0.,-0.707106781186552,0.707106781186543));
#11895=DIRECTION('center_axis',(0.,0.707106781186549,0.707106781186546));
#11896=DIRECTION('ref_axis',(1.,0.,0.));
#11897=DIRECTION('',(0.,-0.707106781186546,0.707106781186549));
#11898=DIRECTION('center_axis',(0.,0.,1.));
#11899=DIRECTION('ref_axis',(-0.707106781186552,-0.707106781186543,0.));
#11900=DIRECTION('',(-0.70710678118654,0.,0.707106781186555));
#11901=DIRECTION('center_axis',(0.707106781186543,0.,0.707106781186552));
#11902=DIRECTION('ref_axis',(0.707106781186552,0.,-0.707106781186543));
#11903=DIRECTION('',(-0.707106781186552,0.,0.707106781186543));
#11904=DIRECTION('center_axis',(0.,0.,1.));
#11905=DIRECTION('ref_axis',(-0.707106781186543,0.707106781186552,0.));
#11906=DIRECTION('center_axis',(0.707106781186543,0.,0.707106781186552));
#11907=DIRECTION('ref_axis',(0.707106781186552,0.,-0.707106781186543));
#11908=DIRECTION('',(-0.707106781186552,0.,0.707106781186543));
#11909=DIRECTION('',(0.707106781186552,0.,-0.707106781186543));
#11910=DIRECTION('',(0.,1.,0.));
#11911=DIRECTION('center_axis',(0.,0.,1.));
#11912=DIRECTION('ref_axis',(-0.707106781186545,0.70710678118655,0.));
#11913=DIRECTION('',(0.,0.707106781186546,0.707106781186549));
#11914=DIRECTION('center_axis',(0.,-0.707106781186549,0.707106781186546));
#11915=DIRECTION('ref_axis',(1.,0.,0.));
#11916=DIRECTION('',(0.,0.707106781186546,0.707106781186549));
#11917=DIRECTION('center_axis',(0.,0.,1.));
#11918=DIRECTION('ref_axis',(0.707106781186543,0.707106781186552,0.));
#11919=DIRECTION('',(0.707106781186552,0.,0.707106781186543));
#11920=DIRECTION('center_axis',(-0.707106781186543,0.,0.707106781186552));
#11921=DIRECTION('ref_axis',(0.707106781186552,0.,0.707106781186543));
#11922=DIRECTION('',(0.707106781186552,0.,0.707106781186543));
#11923=DIRECTION('center_axis',(0.,0.,1.));
#11924=DIRECTION('ref_axis',(0.707106781186544,-0.707106781186551,0.));
#11925=DIRECTION('',(0.,-0.707106781186557,0.707106781186538));
#11926=DIRECTION('center_axis',(4.05359498799598E-17,0.707106781186548,
0.707106781186548));
#11927=DIRECTION('ref_axis',(1.,0.,-5.73264900839152E-17));
#11928=DIRECTION('',(0.,-0.707106781186547,0.707106781186547));
#11929=DIRECTION('center_axis',(0.,0.,1.));
#11930=DIRECTION('ref_axis',(-0.707106781186553,-0.707106781186543,0.));
#11931=DIRECTION('center_axis',(1.,0.,0.));
#11932=DIRECTION('ref_axis',(0.,1.,0.));
#11933=DIRECTION('center_axis',(0.,-0.707106781186549,0.707106781186546));
#11934=DIRECTION('ref_axis',(1.,0.,0.));
#11935=DIRECTION('',(0.,0.707106781186546,0.707106781186549));
#11936=DIRECTION('',(0.,-0.707106781186546,-0.707106781186549));
#11937=DIRECTION('center_axis',(0.,0.,1.));
#11938=DIRECTION('ref_axis',(0.707106781186543,0.707106781186552,0.));
#11939=DIRECTION('center_axis',(0.,0.,-1.));
#11940=DIRECTION('ref_axis',(0.707106781186543,0.707106781186552,0.));
#11941=DIRECTION('',(0.707106781186577,0.,0.707106781186518));
#11942=DIRECTION('center_axis',(-0.707106781186543,0.,0.707106781186552));
#11943=DIRECTION('ref_axis',(0.707106781186552,0.,0.707106781186543));
#11944=DIRECTION('',(0.707106781186552,0.,0.707106781186543));
#11945=DIRECTION('center_axis',(0.,0.,1.));
#11946=DIRECTION('ref_axis',(0.707106781186545,-0.70710678118655,0.));
#11947=DIRECTION('center_axis',(0.,0.,-1.));
#11948=DIRECTION('ref_axis',(0.707106781186545,-0.70710678118655,0.));
#11949=DIRECTION('',(0.,-0.707106781186555,0.70710678118654));
#11950=DIRECTION('center_axis',(0.,0.707106781186549,0.707106781186546));
#11951=DIRECTION('ref_axis',(1.,0.,0.));
#11952=DIRECTION('',(0.,-0.707106781186546,0.707106781186549));
#11953=DIRECTION('',(-1.,0.,0.));
#11954=DIRECTION('center_axis',(0.,0.,1.));
#11955=DIRECTION('ref_axis',(-0.707106781186552,-0.707106781186543,0.));
#11956=DIRECTION('center_axis',(0.,0.,-1.));
#11957=DIRECTION('ref_axis',(-0.707106781186552,-0.707106781186543,0.));
#11958=DIRECTION('',(-0.70710678118654,0.,0.707106781186555));
#11959=DIRECTION('center_axis',(0.707106781186543,0.,0.707106781186552));
#11960=DIRECTION('ref_axis',(0.707106781186552,0.,-0.707106781186543));
#11961=DIRECTION('',(-0.707106781186552,0.,0.707106781186543));
#11962=DIRECTION('center_axis',(0.,0.,1.));
#11963=DIRECTION('ref_axis',(-0.707106781186543,0.707106781186552,0.));
#11964=DIRECTION('center_axis',(0.,0.,1.));
#11965=DIRECTION('ref_axis',(0.707106781186545,-0.70710678118655,0.));
#11966=DIRECTION('',(0.,0.,1.));
#11967=DIRECTION('center_axis',(0.,0.,1.));
#11968=DIRECTION('ref_axis',(0.707106781186543,0.707106781186552,0.));
#11969=DIRECTION('center_axis',(0.,0.707106781186549,0.707106781186546));
#11970=DIRECTION('ref_axis',(1.,0.,0.));
#11971=DIRECTION('',(-1.,0.,0.));
#11972=DIRECTION('',(0.,-0.707106781186546,0.707106781186549));
#11973=DIRECTION('',(-0.577350269189632,0.577350269189622,-0.577350269189624));
#11974=DIRECTION('center_axis',(0.,0.,1.));
#11975=DIRECTION('ref_axis',(-0.707106781186552,-0.707106781186543,0.));
#11976=DIRECTION('center_axis',(0.,0.,-1.));
#11977=DIRECTION('ref_axis',(-0.707106781186552,-0.707106781186543,0.));
#11978=DIRECTION('',(-0.70710678118654,0.,0.707106781186555));
#11979=DIRECTION('center_axis',(0.707106781186543,0.,0.707106781186552));
#11980=DIRECTION('ref_axis',(0.707106781186552,0.,-0.707106781186543));
#11981=DIRECTION('',(-0.707106781186552,0.,0.707106781186543));
#11982=DIRECTION('',(0.,1.,0.));
#11983=DIRECTION('center_axis',(0.,0.,1.));
#11984=DIRECTION('ref_axis',(-0.707106781186543,0.707106781186552,0.));
#11985=DIRECTION('center_axis',(0.,0.,-1.));
#11986=DIRECTION('ref_axis',(-0.707106781186543,0.707106781186552,0.));
#11987=DIRECTION('',(0.,0.707106781186546,0.707106781186549));
#11988=DIRECTION('center_axis',(0.,-0.707106781186549,0.707106781186546));
#11989=DIRECTION('ref_axis',(1.,0.,0.));
#11990=DIRECTION('',(0.,0.707106781186546,0.707106781186549));
#11991=DIRECTION('center_axis',(0.,0.,1.));
#11992=DIRECTION('ref_axis',(0.707106781186552,0.707106781186543,0.));
#11993=DIRECTION('center_axis',(0.,0.,-1.));
#11994=DIRECTION('ref_axis',(0.707106781186552,0.707106781186543,0.));
#11995=DIRECTION('',(0.707106781186527,0.,0.707106781186568));
#11996=DIRECTION('center_axis',(-0.707106781186543,0.,0.707106781186552));
#11997=DIRECTION('ref_axis',(0.707106781186552,0.,0.707106781186543));
#11998=DIRECTION('',(0.,-1.,0.));
#11999=DIRECTION('center_axis',(0.,0.,-1.));
#12000=DIRECTION('ref_axis',(-0.707106781186543,0.707106781186552,0.));
#12001=DIRECTION('',(0.,0.,-1.));
#12002=DIRECTION('center_axis',(1.,0.,0.));
#12003=DIRECTION('ref_axis',(0.,1.,0.));
#12004=DIRECTION('',(0.,0.,-1.));
#12005=DIRECTION('center_axis',(0.,0.,1.));
#12006=DIRECTION('ref_axis',(-0.707106781186552,-0.707106781186543,0.));
#12007=DIRECTION('',(0.,0.,-1.));
#12008=DIRECTION('center_axis',(0.,1.,0.));
#12009=DIRECTION('ref_axis',(-1.,0.,0.));
#12010=DIRECTION('',(0.,0.,1.));
#12011=DIRECTION('center_axis',(0.,0.707106781186549,0.707106781186546));
#12012=DIRECTION('ref_axis',(1.,0.,0.));
#12013=DIRECTION('',(0.,-0.707106781186546,0.707106781186549));
#12014=DIRECTION('',(-0.577350269189632,0.577350269189622,-0.577350269189624));
#12015=DIRECTION('center_axis',(0.,0.,1.));
#12016=DIRECTION('ref_axis',(-0.707106781186547,-0.707106781186548,0.));
#12017=DIRECTION('',(-0.707106781186547,0.,0.707106781186548));
#12018=DIRECTION('center_axis',(0.707106781186548,0.,0.707106781186548));
#12019=DIRECTION('ref_axis',(0.707106781186548,0.,-0.707106781186548));
#12020=DIRECTION('',(-0.707106781186547,0.,0.707106781186547));
#12021=DIRECTION('center_axis',(0.,0.,1.));
#12022=DIRECTION('ref_axis',(-0.707106781186546,0.707106781186549,0.));
#12023=DIRECTION('',(0.,0.707106781186546,0.707106781186549));
#12024=DIRECTION('center_axis',(0.,-0.707106781186549,0.707106781186546));
#12025=DIRECTION('ref_axis',(1.,0.,0.));
#12026=DIRECTION('',(0.,0.707106781186546,0.707106781186549));
#12027=DIRECTION('center_axis',(0.,0.,1.));
#12028=DIRECTION('ref_axis',(0.707106781186552,0.707106781186543,0.));
#12029=DIRECTION('',(0.707106781186527,0.,0.707106781186568));
#12030=DIRECTION('center_axis',(-0.707106781186543,0.,0.707106781186552));
#12031=DIRECTION('ref_axis',(0.707106781186552,0.,0.707106781186543));
#12032=DIRECTION('center_axis',(-0.707106781186548,0.,0.707106781186548));
#12033=DIRECTION('ref_axis',(0.707106781186548,0.,0.707106781186548));
#12034=DIRECTION('',(0.707106781186547,0.,0.707106781186547));
#12035=DIRECTION('',(-0.707106781186547,0.,-0.707106781186547));
#12036=DIRECTION('center_axis',(0.,0.,1.));
#12037=DIRECTION('ref_axis',(0.707106781186549,-0.707106781186546,0.));
#12038=DIRECTION('',(0.,-0.707106781186546,0.707106781186549));
#12039=DIRECTION('center_axis',(0.,0.707106781186549,0.707106781186546));
#12040=DIRECTION('ref_axis',(1.,0.,0.));
#12041=DIRECTION('',(0.,-0.707106781186546,0.707106781186549));
#12042=DIRECTION('center_axis',(0.,0.,1.));
#12043=DIRECTION('ref_axis',(-0.707106781186548,-0.707106781186548,0.));
#12044=DIRECTION('',(-0.70710678118654,0.,0.707106781186555));
#12045=DIRECTION('center_axis',(0.707106781186549,0.,0.707106781186546));
#12046=DIRECTION('ref_axis',(0.707106781186546,0.,-0.707106781186549));
#12047=DIRECTION('',(-0.707106781186546,0.,0.707106781186549));
#12048=DIRECTION('center_axis',(0.,0.,1.));
#12049=DIRECTION('ref_axis',(-0.707106781186548,0.707106781186548,0.));
#12050=DIRECTION('',(0.,0.70710678118654,0.707106781186555));
#12051=DIRECTION('center_axis',(0.,-0.707106781186549,0.707106781186546));
#12052=DIRECTION('ref_axis',(1.,0.,0.));
#12053=DIRECTION('',(0.,0.707106781186546,0.707106781186549));
#12054=DIRECTION('center_axis',(0.,0.,1.));
#12055=DIRECTION('ref_axis',(0.707106781186546,0.707106781186549,0.));
#12056=DIRECTION('center_axis',(-2.19056814855052E-17,-0.707106781186546,
0.707106781186549));
#12057=DIRECTION('ref_axis',(1.,0.,3.09793118498266E-17));
#12058=DIRECTION('',(0.,0.707106781186549,0.707106781186546));
#12059=DIRECTION('',(0.,-0.707106781186549,-0.707106781186546));
#12060=DIRECTION('center_axis',(0.,0.,1.));
#12061=DIRECTION('ref_axis',(0.707106781186545,0.70710678118655,0.));
#12062=DIRECTION('',(0.707106781186565,0.,0.70710678118653));
#12063=DIRECTION('center_axis',(-0.707106781186543,0.,0.707106781186552));
#12064=DIRECTION('ref_axis',(0.707106781186552,0.,0.707106781186543));
#12065=DIRECTION('',(0.707106781186552,0.,0.707106781186543));
#12066=DIRECTION('center_axis',(0.,0.,1.));
#12067=DIRECTION('ref_axis',(0.707106781186552,-0.707106781186543,0.));
#12068=DIRECTION('',(0.,-0.707106781186546,0.707106781186549));
#12069=DIRECTION('center_axis',(0.,0.707106781186549,0.707106781186546));
#12070=DIRECTION('ref_axis',(1.,0.,0.));
#12071=DIRECTION('',(0.,-0.707106781186546,0.707106781186549));
#12072=DIRECTION('center_axis',(0.,0.,1.));
#12073=DIRECTION('ref_axis',(-0.707106781186527,-0.707106781186568,0.));
#12074=DIRECTION('',(-0.707106781186602,0.,0.707106781186493));
#12075=DIRECTION('center_axis',(0.707106781186543,0.,0.707106781186552));
#12076=DIRECTION('ref_axis',(0.707106781186552,0.,-0.707106781186543));
#12077=DIRECTION('',(-0.707106781186552,0.,0.707106781186543));
#12078=DIRECTION('center_axis',(0.,0.,1.));
#12079=DIRECTION('ref_axis',(-0.707106781186543,0.707106781186552,0.));
#12080=DIRECTION('center_axis',(0.,0.,1.));
#12081=DIRECTION('ref_axis',(-0.707106781186552,-0.707106781186543,0.));
#12082=DIRECTION('',(0.,0.707106781186543,-0.707106781186552));
#12083=DIRECTION('',(-0.70710678118654,0.,0.707106781186555));
#12084=DIRECTION('center_axis',(0.,0.707106781186549,0.707106781186546));
#12085=DIRECTION('ref_axis',(1.,0.,0.));
#12086=DIRECTION('',(0.,0.707106781186546,-0.707106781186549));
#12087=DIRECTION('center_axis',(0.,0.,1.));
#12088=DIRECTION('ref_axis',(0.70710678118655,-0.707106781186545,0.));
#12089=DIRECTION('',(-0.707106781186546,0.,-0.707106781186549));
#12090=DIRECTION('center_axis',(-0.707106781186549,0.,0.707106781186546));
#12091=DIRECTION('ref_axis',(0.707106781186546,0.,0.707106781186549));
#12092=DIRECTION('',(-0.707106781186546,0.,-0.707106781186549));
#12093=DIRECTION('center_axis',(0.,0.,1.));
#12094=DIRECTION('ref_axis',(0.707106781186548,0.707106781186548,0.));
#12095=DIRECTION('',(0.,-0.70710678118654,-0.707106781186555));
#12096=DIRECTION('center_axis',(0.,-0.707106781186549,0.707106781186546));
#12097=DIRECTION('ref_axis',(1.,0.,0.));
#12098=DIRECTION('',(0.,-0.707106781186546,-0.707106781186549));
#12099=DIRECTION('center_axis',(0.,0.,1.));
#12100=DIRECTION('ref_axis',(-0.707106781186552,0.707106781186543,0.));
#12101=DIRECTION('',(0.70710678118654,0.,-0.707106781186555));
#12102=DIRECTION('center_axis',(0.707106781186543,0.,0.707106781186552));
#12103=DIRECTION('ref_axis',(0.707106781186552,0.,-0.707106781186543));
#12104=DIRECTION('center_axis',(0.,0.707106781186549,0.707106781186546));
#12105=DIRECTION('ref_axis',(1.,0.,0.));
#12106=DIRECTION('',(0.,-0.707106781186546,0.707106781186549));
#12107=DIRECTION('',(0.,0.707106781186546,-0.707106781186549));
#12108=DIRECTION('center_axis',(0.,0.,1.));
#12109=DIRECTION('ref_axis',(-0.707106781186543,-0.707106781186552,0.));
#12110=DIRECTION('',(-0.707106781186552,0.,0.707106781186543));
#12111=DIRECTION('center_axis',(0.707106781186543,0.,0.707106781186552));
#12112=DIRECTION('ref_axis',(0.707106781186552,0.,-0.707106781186543));
#12113=DIRECTION('',(-0.707106781186552,0.,0.707106781186543));
#12114=DIRECTION('center_axis',(0.,0.,1.));
#12115=DIRECTION('ref_axis',(-0.707106781186543,0.707106781186552,0.));
#12116=DIRECTION('',(0.,0.707106781186552,0.707106781186543));
#12117=DIRECTION('center_axis',(0.,-0.707106781186549,0.707106781186546));
#12118=DIRECTION('ref_axis',(1.,0.,0.));
#12119=DIRECTION('',(0.,0.707106781186546,0.707106781186549));
#12120=DIRECTION('center_axis',(0.,0.,1.));
#12121=DIRECTION('ref_axis',(0.707106781186552,0.707106781186543,0.));
#12122=DIRECTION('',(0.70710678118654,0.,0.707106781186555));
#12123=DIRECTION('center_axis',(-0.707106781186543,0.,0.707106781186552));
#12124=DIRECTION('ref_axis',(0.707106781186552,0.,0.707106781186543));
#12125=DIRECTION('',(0.707106781186552,0.,0.707106781186543));
#12126=DIRECTION('center_axis',(0.,0.,1.));
#12127=DIRECTION('ref_axis',(0.707106781186545,-0.70710678118655,0.));
#12128=DIRECTION('center_axis',(0.,1.,0.));
#12129=DIRECTION('ref_axis',(-1.,0.,0.));
#12130=DIRECTION('',(0.,0.,-1.));
#12131=DIRECTION('center_axis',(0.,0.,1.));
#12132=DIRECTION('ref_axis',(-0.707106781186552,-0.707106781186543,0.));
#12133=DIRECTION('center_axis',(0.,0.,1.));
#12134=DIRECTION('ref_axis',(0.707106781186552,0.707106781186543,0.));
#12135=DIRECTION('',(0.,0.,-1.));
#12136=DIRECTION('center_axis',(-1.,0.,0.));
#12137=DIRECTION('ref_axis',(0.,-1.,0.));
#12138=DIRECTION('center_axis',(0.,0.,-1.));
#12139=DIRECTION('ref_axis',(-0.707106781186552,-0.707106781186543,0.));
#12140=DIRECTION('',(0.,0.,-1.));
#12141=DIRECTION('',(0.,0.,1.));
#12142=DIRECTION('center_axis',(-1.,0.,0.));
#12143=DIRECTION('ref_axis',(0.,-1.,0.));
#12144=DIRECTION('',(0.,0.,1.));
#12145=DIRECTION('center_axis',(0.,0.,1.));
#12146=DIRECTION('ref_axis',(-0.707106781186543,0.707106781186552,0.));
#12147=DIRECTION('center_axis',(0.,-1.,0.));
#12148=DIRECTION('ref_axis',(1.,0.,0.));
#12149=CARTESIAN_POINT('',(0.,0.,0.));
#12150=CARTESIAN_POINT('Origin',(-2.57891607289984,-3.30614290756682,1.3));
#12151=CARTESIAN_POINT('',(-156.8851660729,55.9626070924332,1.3));
#12152=CARTESIAN_POINT('',(-156.8851660729,38.9626070924332,1.3));
#12153=CARTESIAN_POINT('',(-156.8851660729,27.0782320924332,1.3));
#12154=CARTESIAN_POINT('',(-158.3851660729,57.4626070924332,1.3));
#12155=CARTESIAN_POINT('Origin',(-158.3851660729,55.9626070924332,1.3));
#12156=CARTESIAN_POINT('',(-151.5726660729,57.4626070924332,1.3));
#12157=CARTESIAN_POINT('',(-158.3851660729,57.4626070924332,1.3));
#12158=CARTESIAN_POINT('',(-153.0726660729,55.9626070924332,1.3));
#12159=CARTESIAN_POINT('Origin',(-151.5726660729,55.9626070924332,1.3));
#12160=CARTESIAN_POINT('',(-153.0726660729,38.9626070924332,1.3));
#12161=CARTESIAN_POINT('',(-153.0726660729,17.0782320924332,1.3));
#12162=CARTESIAN_POINT('',(-151.5726660729,37.4626070924332,1.3));
#12163=CARTESIAN_POINT('Origin',(-151.5726660729,38.9626070924332,1.3));
#12164=CARTESIAN_POINT('',(-77.4226660728998,37.4626070924332,1.3));
#12165=CARTESIAN_POINT('',(-39.2507910728998,37.4626070924332,1.3));
#12166=CARTESIAN_POINT('',(-75.9226660728997,38.9626070924332,1.3));
#12167=CARTESIAN_POINT('Origin',(-77.4226660728998,38.9626070924332,1.3));
#12168=CARTESIAN_POINT('',(-75.9226660728997,55.9626070924332,1.3));
#12169=CARTESIAN_POINT('',(-75.9226660728998,27.0782320924332,1.3));
#12170=CARTESIAN_POINT('',(-77.4226660728998,57.4626070924332,1.3));
#12171=CARTESIAN_POINT('Origin',(-77.4226660728998,55.9626070924332,1.3));
#12172=CARTESIAN_POINT('',(-70.6101660728998,57.4626070924332,1.3));
#12173=CARTESIAN_POINT('',(-77.4226660728998,57.4626070924332,1.3));
#12174=CARTESIAN_POINT('',(-72.1101660728998,55.9626070924332,1.3));
#12175=CARTESIAN_POINT('Origin',(-70.6101660728998,55.9626070924332,1.3));
#12176=CARTESIAN_POINT('',(-72.1101660728998,38.9626070924332,1.3));
#12177=CARTESIAN_POINT('',(-72.1101660728998,17.0782320924332,1.3));
#12178=CARTESIAN_POINT('',(-70.6101660728998,37.4626070924332,1.3));
#12179=CARTESIAN_POINT('Origin',(-70.6101660728998,38.9626070924332,1.3));
#12180=CARTESIAN_POINT('',(3.5398339271002,37.4626070924332,1.3));
#12181=CARTESIAN_POINT('',(1.23045892710017,37.4626070924332,1.3));
#12182=CARTESIAN_POINT('',(5.03983392710019,38.9626070924332,1.3));
#12183=CARTESIAN_POINT('Origin',(3.53983392710018,38.9626070924332,1.3));
#12184=CARTESIAN_POINT('',(5.03983392710019,55.9626070924332,1.3));
#12185=CARTESIAN_POINT('',(5.03983392710018,27.0782320924332,1.3));
#12186=CARTESIAN_POINT('',(3.5398339271002,57.4626070924332,1.3));
#12187=CARTESIAN_POINT('Origin',(3.53983392710019,55.9626070924332,1.3));
#12188=CARTESIAN_POINT('',(10.3523339271002,57.4626070924332,1.3));
#12189=CARTESIAN_POINT('',(3.53983392710019,57.4626070924332,1.3));
#12190=CARTESIAN_POINT('',(8.85233392710017,55.9626070924332,1.3));
#12191=CARTESIAN_POINT('Origin',(10.3523339271002,55.9626070924332,1.3));
#12192=CARTESIAN_POINT('',(8.85233392710017,38.9626070924332,1.3));
#12193=CARTESIAN_POINT('',(8.85233392710018,17.0782320924332,1.3));
#12194=CARTESIAN_POINT('',(10.3523339271002,37.4626070924332,1.3));
#12195=CARTESIAN_POINT('Origin',(10.3523339271002,38.9626070924332,1.3));
#12196=CARTESIAN_POINT('',(86.0023339271002,37.4626070924332,1.3));
#12197=CARTESIAN_POINT('',(41.7117089271002,37.4626070924332,1.3));
#12198=CARTESIAN_POINT('',(86.0023339271002,55.9626070924332,1.3));
#12199=CARTESIAN_POINT('',(86.0023339271002,27.0782320924332,1.3));
#12200=CARTESIAN_POINT('',(84.5023339271002,57.4626070924332,1.3));
#12201=CARTESIAN_POINT('Origin',(84.5023339271002,55.9626070924332,1.3));
#12202=CARTESIAN_POINT('',(91.3148339271002,57.4626070924332,1.3));
#12203=CARTESIAN_POINT('',(84.5023339271002,57.4626070924332,1.3));
#12204=CARTESIAN_POINT('',(89.8148339271002,55.9626070924332,1.3));
#12205=CARTESIAN_POINT('Origin',(91.3148339271002,55.9626070924332,1.3));
#12206=CARTESIAN_POINT('',(89.8148339271002,38.9626070924332,1.3));
#12207=CARTESIAN_POINT('',(89.8148339271002,17.0782320924332,1.3));
#12208=CARTESIAN_POINT('',(91.3148339271002,37.4626070924332,1.3));
#12209=CARTESIAN_POINT('Origin',(91.3148339271002,38.9626070924332,1.3));
#12210=CARTESIAN_POINT('',(109.8148339271,37.4626070924332,1.3));
#12211=CARTESIAN_POINT('',(53.6179589271002,37.4626070924332,1.3));
#12212=CARTESIAN_POINT('',(109.8148339271,55.9626070924332,1.3));
#12213=CARTESIAN_POINT('',(109.8148339271,27.0782320924332,1.3));
#12214=CARTESIAN_POINT('',(108.3148339271,57.4626070924332,1.3));
#12215=CARTESIAN_POINT('Origin',(108.3148339271,55.9626070924332,1.3));
#12216=CARTESIAN_POINT('',(115.1273339271,57.4626070924332,1.3));
#12217=CARTESIAN_POINT('',(108.3148339271,57.4626070924332,1.3));
#12218=CARTESIAN_POINT('',(113.6273339271,55.9626070924332,1.3));
#12219=CARTESIAN_POINT('Origin',(115.1273339271,55.9626070924332,1.3));
#12220=CARTESIAN_POINT('',(113.6273339271,38.9626070924332,1.3));
#12221=CARTESIAN_POINT('',(113.6273339271,17.0782320924332,1.3));
#12222=CARTESIAN_POINT('',(115.1273339271,37.4626070924332,1.3));
#12223=CARTESIAN_POINT('Origin',(115.1273339271,38.9626070924332,1.3));
#12224=CARTESIAN_POINT('',(170.2273339271,37.4626070924332,1.3));
#12225=CARTESIAN_POINT('',(84.5742089271002,37.4626070924332,1.3));
#12226=CARTESIAN_POINT('',(171.7273339271,38.9626070924332,1.3));
#12227=CARTESIAN_POINT('Origin',(170.2273339271,38.9626070924332,1.3));
#12228=CARTESIAN_POINT('',(171.7273339271,55.9626070924332,1.3));
#12229=CARTESIAN_POINT('',(171.7273339271,27.0782320924332,1.3));
#12230=CARTESIAN_POINT('',(171.726114416833,56.0230805874355,1.3));
#12231=CARTESIAN_POINT('Origin',(170.2273339271,55.9626070924332,1.3));
#12232=CARTESIAN_POINT('',(172.409447750166,54.2350093999777,1.3));
#12233=CARTESIAN_POINT('Origin',(174.723675396297,56.1440275774401,1.3));
#12234=CARTESIAN_POINT('',(172.7523339271,53.2805003112463,1.3));
#12235=CARTESIAN_POINT('Origin',(171.2523339271,53.2805003112468,1.3));
#12236=CARTESIAN_POINT('',(172.7523339271,-62.0748929075668,1.3));
#12237=CARTESIAN_POINT('',(172.7523339271,53.2805003112463,1.3));
#12238=CARTESIAN_POINT('',(170.7523339271,-64.0748929075668,1.3));
#12239=CARTESIAN_POINT('Origin',(170.7523339271,-62.0748929075668,1.3));
#12240=CARTESIAN_POINT('',(-175.9101660729,-64.0748929075668,1.3));
#12241=CARTESIAN_POINT('',(170.7523339271,-64.0748929075668,1.3));
#12242=CARTESIAN_POINT('',(-177.9101660729,-62.0748929075668,1.3));
#12243=CARTESIAN_POINT('Origin',(-175.9101660729,-62.0748929075668,1.3));
#12244=CARTESIAN_POINT('',(-177.9101660729,53.2805003112466,1.3));
#12245=CARTESIAN_POINT('',(-177.9101660729,-62.0748929075668,1.3));
#12246=CARTESIAN_POINT('',(-177.567279895965,54.2350093999778,1.3));
#12247=CARTESIAN_POINT('Origin',(-176.4101660729,53.2805003112465,1.3));
#12248=CARTESIAN_POINT('',(-176.883946562632,56.0230805874355,1.3));
#12249=CARTESIAN_POINT('Origin',(-179.881507542097,56.1440275774401,1.3));
#12250=CARTESIAN_POINT('',(-176.8851660729,55.9626070924332,1.3));
#12251=CARTESIAN_POINT('Origin',(-175.3851660729,55.9626070924332,1.3));
#12252=CARTESIAN_POINT('',(-176.8851660729,38.9626070924332,1.3));
#12253=CARTESIAN_POINT('',(-176.8851660729,25.0652411768199,1.3));
#12254=CARTESIAN_POINT('',(-175.3851660729,37.4626070924332,1.3));
#12255=CARTESIAN_POINT('Origin',(-175.3851660729,38.9626070924332,1.3));
#12256=CARTESIAN_POINT('',(-158.3851660729,37.4626070924332,1.3));
#12257=CARTESIAN_POINT('',(-79.7320410728998,37.4626070924332,1.3));
#12258=CARTESIAN_POINT('Origin',(-158.3851660729,38.9626070924332,1.3));
#12259=CARTESIAN_POINT('',(171.7273339271,-61.0498929075668,1.3));
#12260=CARTESIAN_POINT('',(170.2273339271,-62.5498929075668,1.3));
#12261=CARTESIAN_POINT('Origin',(170.2273339271,-61.0498929075668,1.3));
#12262=CARTESIAN_POINT('',(171.7273339271,-44.0498929075668,1.3));
#12263=CARTESIAN_POINT('',(171.7273339271,27.0782320924332,1.3));
#12264=CARTESIAN_POINT('',(170.2273339271,-42.5498929075668,1.3));
#12265=CARTESIAN_POINT('Origin',(170.2273339271,-44.0498929075668,1.3));
#12266=CARTESIAN_POINT('',(154.1773339271,-42.5498929075668,1.3));
#12267=CARTESIAN_POINT('',(75.0492089271002,-42.5498929075668,1.3));
#12268=CARTESIAN_POINT('',(152.6773339271,-41.0498929075668,1.3));
#12269=CARTESIAN_POINT('Origin',(154.1773339271,-41.0498929075668,1.3));
#12270=CARTESIAN_POINT('',(152.6773339271,-24.9998929075668,1.3));
#12271=CARTESIAN_POINT('',(152.6773339271,-13.4030179075668,1.3));
#12272=CARTESIAN_POINT('',(151.1773339271,-23.4998929075668,1.3));
#12273=CARTESIAN_POINT('Origin',(151.1773339271,-24.9998929075668,1.3));
#12274=CARTESIAN_POINT('',(134.1773339271,-23.4998929075668,1.3));
#12275=CARTESIAN_POINT('',(65.0492089271002,-23.4998929075668,1.3));
#12276=CARTESIAN_POINT('',(132.6773339271,-24.9998929075668,1.3));
#12277=CARTESIAN_POINT('Origin',(134.1773339271,-24.9998929075668,1.3));
#12278=CARTESIAN_POINT('',(132.6773339271,-41.0498929075668,1.3));
#12279=CARTESIAN_POINT('',(132.6773339271,-22.9280179075668,1.3));
#12280=CARTESIAN_POINT('',(131.1773339271,-42.5498929075668,1.3));
#12281=CARTESIAN_POINT('Origin',(131.1773339271,-41.0498929075668,1.3));
#12282=CARTESIAN_POINT('',(115.1273339271,-42.5498929075668,1.3));
#12283=CARTESIAN_POINT('',(55.5242089271002,-42.5498929075668,1.3));
#12284=CARTESIAN_POINT('',(113.6273339271,-44.0498929075668,1.3));
#12285=CARTESIAN_POINT('Origin',(115.1273339271,-44.0498929075668,1.3));
#12286=CARTESIAN_POINT('',(113.6273339271,-61.0498929075668,1.3));
#12287=CARTESIAN_POINT('',(113.6273339271,-32.9280179075668,1.3));
#12288=CARTESIAN_POINT('',(115.1273339271,-62.5498929075668,1.3));
#12289=CARTESIAN_POINT('Origin',(115.1273339271,-61.0498929075668,1.3));
#12290=CARTESIAN_POINT('',(84.5742089271002,-62.5498929075668,1.3));
#12291=CARTESIAN_POINT('',(170.2273339271,33.6501070924332,1.3));
#12292=CARTESIAN_POINT('',(171.7273339271,32.1501070924332,1.3));
#12293=CARTESIAN_POINT('Origin',(170.2273339271,32.1501070924332,1.3));
#12294=CARTESIAN_POINT('',(115.1273339271,33.6501070924332,1.3));
#12295=CARTESIAN_POINT('',(55.5242089271002,33.6501070924332,1.3));
#12296=CARTESIAN_POINT('',(113.6273339271,32.1501070924332,1.3));
#12297=CARTESIAN_POINT('Origin',(115.1273339271,32.1501070924332,1.3));
#12298=CARTESIAN_POINT('',(113.6273339271,-3.89989290756676,1.3));
#12299=CARTESIAN_POINT('',(113.6273339271,-4.35301790756679,1.3));
#12300=CARTESIAN_POINT('',(115.1273339271,-5.39989290756677,1.3));
#12301=CARTESIAN_POINT('Origin',(115.1273339271,-3.89989290756677,1.3));
#12302=CARTESIAN_POINT('',(170.2273339271,-5.39989290756676,1.3));
#12303=CARTESIAN_POINT('',(84.5742089271002,-5.39989290756677,1.3));
#12304=CARTESIAN_POINT('',(171.7273339271,-3.89989290756677,1.3));
#12305=CARTESIAN_POINT('Origin',(170.2273339271,-3.89989290756677,1.3));
#12306=CARTESIAN_POINT('',(171.7273339271,27.0782320924332,1.3));
#12307=CARTESIAN_POINT('',(109.8153339271,-61.0498929075668,1.3));
#12308=CARTESIAN_POINT('',(108.3153339271,-62.5498929075668,1.3));
#12309=CARTESIAN_POINT('Origin',(108.3153339271,-61.0498929075668,1.3));
#12310=CARTESIAN_POINT('',(109.8153339271,32.1501070924332,1.3));
#12311=CARTESIAN_POINT('',(109.8153339271,15.1719820924332,1.3));
#12312=CARTESIAN_POINT('',(108.3153339271,33.6501070924332,1.3));
#12313=CARTESIAN_POINT('Origin',(108.3153339271,32.1501070924332,1.3));
#12314=CARTESIAN_POINT('',(-175.3851660729,33.6501070924332,1.3));
#12315=CARTESIAN_POINT('',(-89.7320410728998,33.6501070924332,1.3));
#12316=CARTESIAN_POINT('',(-176.8851660729,32.1501070924332,1.3));
#12317=CARTESIAN_POINT('Origin',(-175.3851660729,32.1501070924332,1.3));
#12318=CARTESIAN_POINT('',(-176.8851660729,-61.0498929075668,1.3));
#12319=CARTESIAN_POINT('',(-176.8851660729,25.0652411768199,1.3));
#12320=CARTESIAN_POINT('',(-175.3851660729,-62.5498929075668,1.3));
#12321=CARTESIAN_POINT('Origin',(-175.3851660729,-61.0498929075668,1.3));
#12322=CARTESIAN_POINT('',(84.5742089271002,-62.5498929075668,1.3));
#12323=CARTESIAN_POINT('Origin',(108.3153339271,-61.0498929075668,0.));
#12324=CARTESIAN_POINT('',(108.3153339271,-62.5498929075668,7.3));
#12325=CARTESIAN_POINT('',(108.3153339271,-62.5498929075668,0.));
#12326=CARTESIAN_POINT('',(109.8153339271,-61.0498929075668,7.3));
#12327=CARTESIAN_POINT('Origin',(108.3153339271,-61.0498929075668,7.3));
#12328=CARTESIAN_POINT('',(109.8153339271,-61.0498929075668,0.));
#12329=CARTESIAN_POINT('Origin',(171.7273339271,-62.5498929075668,0.));
#12330=CARTESIAN_POINT('',(-175.3851660729,-62.5498929075668,7.3));
#12331=CARTESIAN_POINT('',(-175.3851660729,-62.5498929075668,0.));
#12332=CARTESIAN_POINT('',(84.5742089271002,-62.5498929075668,7.3));
#12333=CARTESIAN_POINT('Origin',(-175.3851660729,-61.0498929075668,0.));
#12334=CARTESIAN_POINT('',(-176.8851660729,-61.0498929075668,7.3));
#12335=CARTESIAN_POINT('',(-176.8851660729,-61.0498929075668,0.));
#12336=CARTESIAN_POINT('Origin',(-175.3851660729,-61.0498929075668,7.3));
#12337=CARTESIAN_POINT('Origin',(-176.8851660729,53.4366252612065,0.));
#12338=CARTESIAN_POINT('',(-176.8851660729,32.1501070924332,7.3));
#12339=CARTESIAN_POINT('',(-176.8851660729,32.1501070924332,0.));
#12340=CARTESIAN_POINT('',(-176.8851660729,-32.5467679075668,7.3));
#12341=CARTESIAN_POINT('Origin',(115.1273339271,32.1501070924332,0.));
#12342=CARTESIAN_POINT('',(115.1273339271,33.6501070924332,7.3));
#12343=CARTESIAN_POINT('',(115.1273339271,33.6501070924332,0.));
#12344=CARTESIAN_POINT('',(113.6273339271,32.1501070924332,7.3));
#12345=CARTESIAN_POINT('Origin',(115.1273339271,32.1501070924332,7.3));
#12346=CARTESIAN_POINT('',(113.6273339271,32.1501070924332,0.));
#12347=CARTESIAN_POINT('Origin',(113.6273339271,33.6501070924332,0.));
#12348=CARTESIAN_POINT('',(170.2273339271,33.6501070924332,7.3));
#12349=CARTESIAN_POINT('',(170.2273339271,33.6501070924332,0.));
#12350=CARTESIAN_POINT('',(55.5242089271002,33.6501070924332,7.3));
#12351=CARTESIAN_POINT('Origin',(170.2273339271,32.1501070924332,0.));
#12352=CARTESIAN_POINT('',(171.7273339271,32.1501070924332,7.3));
#12353=CARTESIAN_POINT('',(171.7273339271,32.1501070924332,0.));
#12354=CARTESIAN_POINT('Origin',(170.2273339271,32.1501070924332,7.3));
#12355=CARTESIAN_POINT('Origin',(171.7273339271,57.4626070924332,0.));
#12356=CARTESIAN_POINT('',(171.7273339271,-3.89989290756677,7.3));
#12357=CARTESIAN_POINT('',(171.7273339271,-3.89989290756677,0.));
#12358=CARTESIAN_POINT('',(171.7273339271,15.5532320924332,7.3));
#12359=CARTESIAN_POINT('Origin',(132.6773339271,-23.4998929075668,0.));
#12360=CARTESIAN_POINT('',(151.1773339271,-23.4998929075668,7.3));
#12361=CARTESIAN_POINT('',(151.1773339271,-23.4998929075668,0.));
#12362=CARTESIAN_POINT('',(134.1773339271,-23.4998929075668,7.3));
#12363=CARTESIAN_POINT('',(65.0492089271002,-23.4998929075668,7.3));
#12364=CARTESIAN_POINT('',(134.1773339271,-23.4998929075668,0.));
#12365=CARTESIAN_POINT('Origin',(151.1773339271,-24.9998929075668,0.));
#12366=CARTESIAN_POINT('',(152.6773339271,-24.9998929075668,7.3));
#12367=CARTESIAN_POINT('',(152.6773339271,-24.9998929075668,0.));
#12368=CARTESIAN_POINT('Origin',(151.1773339271,-24.9998929075668,7.3));
#12369=CARTESIAN_POINT('Origin',(152.6773339271,-23.4998929075668,0.));
#12370=CARTESIAN_POINT('',(152.6773339271,-41.0498929075668,7.3));
#12371=CARTESIAN_POINT('',(152.6773339271,-41.0498929075668,0.));
#12372=CARTESIAN_POINT('',(152.6773339271,-13.0217679075668,7.3));
#12373=CARTESIAN_POINT('Origin',(154.1773339271,-41.0498929075668,0.));
#12374=CARTESIAN_POINT('',(154.1773339271,-42.5498929075668,7.3));
#12375=CARTESIAN_POINT('',(154.1773339271,-42.5498929075668,0.));
#12376=CARTESIAN_POINT('Origin',(154.1773339271,-41.0498929075668,7.3));
#12377=CARTESIAN_POINT('Origin',(152.6773339271,-42.5498929075668,0.));
#12378=CARTESIAN_POINT('',(170.2273339271,-42.5498929075668,7.3));
#12379=CARTESIAN_POINT('',(170.2273339271,-42.5498929075668,0.));
#12380=CARTESIAN_POINT('',(75.0492089271002,-42.5498929075668,7.3));
#12381=CARTESIAN_POINT('Origin',(170.2273339271,-44.0498929075668,0.));
#12382=CARTESIAN_POINT('',(171.7273339271,-44.0498929075668,7.3));
#12383=CARTESIAN_POINT('',(171.7273339271,-44.0498929075668,0.));
#12384=CARTESIAN_POINT('Origin',(170.2273339271,-44.0498929075668,7.3));
#12385=CARTESIAN_POINT('Origin',(171.7273339271,57.4626070924332,0.));
#12386=CARTESIAN_POINT('',(171.7273339271,-61.0498929075668,7.3));
#12387=CARTESIAN_POINT('',(171.7273339271,-61.0498929075668,0.));
#12388=CARTESIAN_POINT('',(171.7273339271,-31.2837769919533,7.3));
#12389=CARTESIAN_POINT('Origin',(170.2273339271,-61.0498929075668,0.));
#12390=CARTESIAN_POINT('',(170.2273339271,-62.5498929075668,7.3));
#12391=CARTESIAN_POINT('',(170.2273339271,-62.5498929075668,0.));
#12392=CARTESIAN_POINT('Origin',(170.2273339271,-61.0498929075668,7.3));
#12393=CARTESIAN_POINT('Origin',(84.5023339271002,55.9626070924332,0.));
#12394=CARTESIAN_POINT('',(86.0023339271002,55.9626070924332,7.3));
#12395=CARTESIAN_POINT('',(86.0023339271002,55.9626070924332,0.));
#12396=CARTESIAN_POINT('',(84.5023339271002,57.4626070924332,7.3));
#12397=CARTESIAN_POINT('Origin',(84.5023339271002,55.9626070924332,7.3));
#12398=CARTESIAN_POINT('',(84.5023339271002,57.4626070924332,0.));
#12399=CARTESIAN_POINT('Origin',(86.0023339271002,57.4626070924332,0.));
#12400=CARTESIAN_POINT('',(86.0023339271002,37.4626070924332,7.3));
#12401=CARTESIAN_POINT('',(86.0023339271002,37.4626070924332,0.));
#12402=CARTESIAN_POINT('',(86.0023339271002,27.4594820924332,7.3));
#12403=CARTESIAN_POINT('Origin',(86.0023339271002,37.4626070924332,0.));
#12404=CARTESIAN_POINT('',(10.3523339271002,37.4626070924332,7.3));
#12405=CARTESIAN_POINT('',(10.3523339271002,37.4626070924332,0.));
#12406=CARTESIAN_POINT('',(41.7117089271002,37.4626070924332,7.3));
#12407=CARTESIAN_POINT('Origin',(10.3523339271002,38.9626070924332,0.));
#12408=CARTESIAN_POINT('',(8.85233392710018,38.9626070924332,7.3));
#12409=CARTESIAN_POINT('',(8.85233392710018,38.9626070924332,0.));
#12410=CARTESIAN_POINT('Origin',(10.3523339271002,38.9626070924332,7.3));
#12411=CARTESIAN_POINT('Origin',(8.85233392710018,37.4626070924332,0.));
#12412=CARTESIAN_POINT('',(8.85233392710018,55.9626070924332,7.3));
#12413=CARTESIAN_POINT('',(8.85233392710018,55.9626070924332,0.));
#12414=CARTESIAN_POINT('',(8.85233392710018,17.4594820924332,7.3));
#12415=CARTESIAN_POINT('Origin',(10.3523339271002,55.9626070924332,0.));
#12416=CARTESIAN_POINT('',(10.3523339271002,57.4626070924332,7.3));
#12417=CARTESIAN_POINT('',(10.3523339271002,57.4626070924332,0.));
#12418=CARTESIAN_POINT('Origin',(10.3523339271002,55.9626070924332,7.3));
#12419=CARTESIAN_POINT('Origin',(3.53983392710019,55.9626070924332,0.));
#12420=CARTESIAN_POINT('',(5.03983392710018,55.9626070924332,7.3));
#12421=CARTESIAN_POINT('',(5.03983392710018,55.9626070924332,0.));
#12422=CARTESIAN_POINT('',(3.53983392710019,57.4626070924332,7.3));
#12423=CARTESIAN_POINT('Origin',(3.53983392710019,55.9626070924332,7.3));
#12424=CARTESIAN_POINT('',(3.53983392710019,57.4626070924332,0.));
#12425=CARTESIAN_POINT('Origin',(5.03983392710018,57.4626070924332,0.));
#12426=CARTESIAN_POINT('',(5.03983392710018,38.9626070924332,7.3));
#12427=CARTESIAN_POINT('',(5.03983392710018,38.9626070924332,0.));
#12428=CARTESIAN_POINT('',(5.03983392710018,27.4594820924332,7.3));
#12429=CARTESIAN_POINT('Origin',(3.53983392710018,38.9626070924332,0.));
#12430=CARTESIAN_POINT('',(3.53983392710018,37.4626070924332,7.3));
#12431=CARTESIAN_POINT('',(3.53983392710018,37.4626070924332,0.));
#12432=CARTESIAN_POINT('Origin',(3.53983392710018,38.9626070924332,7.3));
#12433=CARTESIAN_POINT('Origin',(5.03983392710018,37.4626070924332,0.));
#12434=CARTESIAN_POINT('',(-70.6101660728998,37.4626070924332,7.3));
#12435=CARTESIAN_POINT('',(-70.6101660728998,37.4626070924332,0.));
#12436=CARTESIAN_POINT('',(1.23045892710019,37.4626070924332,7.3));
#12437=CARTESIAN_POINT('Origin',(-70.6101660728998,38.9626070924332,0.));
#12438=CARTESIAN_POINT('',(-72.1101660728998,38.9626070924332,7.3));
#12439=CARTESIAN_POINT('',(-72.1101660728998,38.9626070924332,0.));
#12440=CARTESIAN_POINT('Origin',(-70.6101660728998,38.9626070924332,7.3));
#12441=CARTESIAN_POINT('Origin',(-72.1101660728998,37.4626070924332,0.));
#12442=CARTESIAN_POINT('',(-72.1101660728998,55.9626070924332,7.3));
#12443=CARTESIAN_POINT('',(-72.1101660728998,55.9626070924332,0.));
#12444=CARTESIAN_POINT('',(-72.1101660728998,17.4594820924332,7.3));
#12445=CARTESIAN_POINT('Origin',(-70.6101660728998,55.9626070924332,0.));
#12446=CARTESIAN_POINT('',(-70.6101660728998,57.4626070924332,7.3));
#12447=CARTESIAN_POINT('',(-70.6101660728998,57.4626070924332,0.));
#12448=CARTESIAN_POINT('Origin',(-70.6101660728998,55.9626070924332,7.3));
#12449=CARTESIAN_POINT('Origin',(-77.4226660728998,55.9626070924332,0.));
#12450=CARTESIAN_POINT('',(-75.9226660728998,55.9626070924332,7.3));
#12451=CARTESIAN_POINT('',(-75.9226660728998,55.9626070924332,0.));
#12452=CARTESIAN_POINT('',(-77.4226660728998,57.4626070924332,7.3));
#12453=CARTESIAN_POINT('Origin',(-77.4226660728998,55.9626070924332,7.3));
#12454=CARTESIAN_POINT('',(-77.4226660728998,57.4626070924332,0.));
#12455=CARTESIAN_POINT('Origin',(-75.9226660728998,57.4626070924332,0.));
#12456=CARTESIAN_POINT('',(-75.9226660728998,38.9626070924332,7.3));
#12457=CARTESIAN_POINT('',(-75.9226660728998,38.9626070924332,0.));
#12458=CARTESIAN_POINT('',(-75.9226660728998,27.4594820924332,7.3));
#12459=CARTESIAN_POINT('Origin',(-77.4226660728998,38.9626070924332,0.));
#12460=CARTESIAN_POINT('',(-77.4226660728998,37.4626070924332,7.3));
#12461=CARTESIAN_POINT('',(-77.4226660728998,37.4626070924332,0.));
#12462=CARTESIAN_POINT('Origin',(-77.4226660728998,38.9626070924332,7.3));
#12463=CARTESIAN_POINT('Origin',(-75.9226660728998,37.4626070924332,0.));
#12464=CARTESIAN_POINT('',(-151.5726660729,37.4626070924332,7.3));
#12465=CARTESIAN_POINT('',(-151.5726660729,37.4626070924332,0.));
#12466=CARTESIAN_POINT('',(-39.2507910728998,37.4626070924332,7.3));
#12467=CARTESIAN_POINT('Origin',(-151.5726660729,38.9626070924332,0.));
#12468=CARTESIAN_POINT('',(-153.0726660729,38.9626070924332,7.3));
#12469=CARTESIAN_POINT('',(-153.0726660729,38.9626070924332,0.));
#12470=CARTESIAN_POINT('Origin',(-151.5726660729,38.9626070924332,7.3));
#12471=CARTESIAN_POINT('Origin',(-153.0726660729,37.4626070924332,0.));
#12472=CARTESIAN_POINT('',(-153.0726660729,55.9626070924332,7.3));
#12473=CARTESIAN_POINT('',(-153.0726660729,55.9626070924332,0.));
#12474=CARTESIAN_POINT('',(-153.0726660729,17.4594820924332,7.3));
#12475=CARTESIAN_POINT('Origin',(-151.5726660729,55.9626070924332,0.));
#12476=CARTESIAN_POINT('',(-151.5726660729,57.4626070924332,7.3));
#12477=CARTESIAN_POINT('',(-151.5726660729,57.4626070924332,0.));
#12478=CARTESIAN_POINT('Origin',(-151.5726660729,55.9626070924332,7.3));
#12479=CARTESIAN_POINT('Origin',(-2.57891607289981,-2.5436429075668,0.8));
#12480=CARTESIAN_POINT('',(-131.690811823407,57.4626070924332,0.8));
#12481=CARTESIAN_POINT('',(-154.454520322392,57.4626070924332,0.8));
#12482=CARTESIAN_POINT('',(-77.0757910728998,57.4626070924332,0.8));
#12483=CARTESIAN_POINT('',(-152.333199978833,58.3412867488735,0.8));
#12484=CARTESIAN_POINT('Origin',(-154.454520322392,60.4626070924332,0.8));
#12485=CARTESIAN_POINT('',(-148.719112682307,61.9553740453996,0.8));
#12486=CARTESIAN_POINT('',(-153.040433025866,57.6340537018399,0.8));
#12487=CARTESIAN_POINT('',(-146.95134572934,62.6876070924332,0.8));
#12488=CARTESIAN_POINT('Origin',(-146.95134572934,60.1876070924332,0.8));
#12489=CARTESIAN_POINT('',(-145.5726660729,62.6876070924332,0.8));
#12490=CARTESIAN_POINT('',(156.081013583541,62.6876070924332,0.8));
#12491=CARTESIAN_POINT('',(-140.5726660729,62.6876070924332,0.8));
#12492=CARTESIAN_POINT('Origin',(-143.0726660729,62.6876070924332,0.8));
#12493=CARTESIAN_POINT('',(-139.193986416459,62.6876070924332,0.8));
#12494=CARTESIAN_POINT('',(156.081013583541,62.6876070924332,0.8));
#12495=CARTESIAN_POINT('',(-137.426219463493,61.9553740453996,0.8));
#12496=CARTESIAN_POINT('Origin',(-139.193986416459,60.1876070924332,0.8));
#12497=CARTESIAN_POINT('',(-133.812132166967,58.3412867488735,0.8));
#12498=CARTESIAN_POINT('',(-85.52138090112,10.0505354830265,0.8));
#12499=CARTESIAN_POINT('Origin',(-131.690811823407,60.4626070924332,0.8));
#12500=CARTESIAN_POINT('',(-142.0349160729,62.6876070924332,0.8));
#12501=CARTESIAN_POINT('Origin',(-143.0726660729,62.6876070924332,0.8));
#12502=CARTESIAN_POINT('Origin',(-2.57891607289981,-2.5436429075668,0.8));
#12503=CARTESIAN_POINT('',(-136.28148641646,-64.0748929075668,0.8));
#12504=CARTESIAN_POINT('',(-121.28884572934,-64.0748929075667,0.8));
#12505=CARTESIAN_POINT('',(-89.2445410728999,-64.0748929075667,0.8));
#12506=CARTESIAN_POINT('',(-121.642399119933,-64.2213395169735,0.8));
#12507=CARTESIAN_POINT('Origin',(-121.28884572934,-64.5748929075667,0.8));
#12508=CARTESIAN_POINT('',(-123.138719463493,-65.7176598605332,0.8));
#12509=CARTESIAN_POINT('',(-121.642399119933,-64.2213395169735,0.8));
#12510=CARTESIAN_POINT('',(-124.906486416459,-66.4498929075668,0.8));
#12511=CARTESIAN_POINT('Origin',(-124.90648641646,-63.9498929075667,0.8));
#12512=CARTESIAN_POINT('',(-126.2851660729,-66.4498929075668,0.8));
#12513=CARTESIAN_POINT('',(-132.66384572934,-66.4498929075668,0.8));
#12514=CARTESIAN_POINT('',(-131.2851660729,-66.4498929075668,0.8));
#12515=CARTESIAN_POINT('Origin',(-128.7851660729,-66.4498929075668,0.8));
#12516=CARTESIAN_POINT('',(-132.66384572934,-66.4498929075668,0.8));
#12517=CARTESIAN_POINT('',(-132.66384572934,-66.4498929075668,0.8));
#12518=CARTESIAN_POINT('',(-134.431612682307,-65.7176598605331,0.8));
#12519=CARTESIAN_POINT('Origin',(-132.66384572934,-63.9498929075667,0.8));
#12520=CARTESIAN_POINT('',(-135.927933025866,-64.2213395169736,0.8));
#12521=CARTESIAN_POINT('',(-134.431612682307,-65.7176598605331,0.8));
#12522=CARTESIAN_POINT('Origin',(-136.28148641646,-64.5748929075667,0.8));
#12523=CARTESIAN_POINT('',(-127.7474160729,-66.4498929075668,0.8));
#12524=CARTESIAN_POINT('Origin',(-128.7851660729,-66.4498929075668,0.8));
#12525=CARTESIAN_POINT('Origin',(-2.57891607289981,-2.5436429075668,0.8));
#12526=CARTESIAN_POINT('',(30.4060135835405,-64.0748929075668,0.8));
#12527=CARTESIAN_POINT('',(45.3986542706599,-64.0748929075668,0.8));
#12528=CARTESIAN_POINT('',(-89.2445410728999,-64.0748929075667,0.8));
#12529=CARTESIAN_POINT('',(45.0451008800666,-64.2213395169736,0.8));
#12530=CARTESIAN_POINT('Origin',(45.39865427066,-64.574892907567,0.8));
#12531=CARTESIAN_POINT('',(43.5487805365069,-65.7176598605332,0.8));
#12532=CARTESIAN_POINT('',(45.0451008800666,-64.2213395169736,0.8));
#12533=CARTESIAN_POINT('',(41.7810135835405,-66.4498929075668,0.8));
#12534=CARTESIAN_POINT('Origin',(41.7810135835405,-63.9498929075667,0.8));
#12535=CARTESIAN_POINT('',(40.4023339271002,-66.4498929075668,0.8));
#12536=CARTESIAN_POINT('',(-132.66384572934,-66.4498929075668,0.8));
#12537=CARTESIAN_POINT('',(35.4023339271002,-66.4498929075668,0.8));
#12538=CARTESIAN_POINT('Origin',(37.9023339271002,-66.4498929075668,0.8));
#12539=CARTESIAN_POINT('',(34.0236542706599,-66.4498929075668,0.8));
#12540=CARTESIAN_POINT('',(-132.66384572934,-66.4498929075668,0.8));
#12541=CARTESIAN_POINT('',(32.2558873176935,-65.7176598605332,0.8));
#12542=CARTESIAN_POINT('Origin',(34.0236542706599,-63.9498929075667,0.8));
#12543=CARTESIAN_POINT('',(30.7595669741338,-64.2213395169736,0.8));
#12544=CARTESIAN_POINT('',(32.2558873176935,-65.7176598605331,0.8));
#12545=CARTESIAN_POINT('Origin',(30.4060135835405,-64.5748929075668,0.8));
#12546=CARTESIAN_POINT('',(38.9400839271002,-66.4498929075668,0.8));
#12547=CARTESIAN_POINT('Origin',(37.9023339271002,-66.4498929075668,0.8));
#12548=CARTESIAN_POINT('Origin',(-2.57891607289981,-2.5436429075668,0.8));
#12549=CARTESIAN_POINT('',(125.656013583541,-64.0748929075668,0.8));
#12550=CARTESIAN_POINT('',(140.64865427066,-64.0748929075668,0.8));
#12551=CARTESIAN_POINT('',(-89.2445410728999,-64.0748929075667,0.8));
#12552=CARTESIAN_POINT('',(140.295100880067,-64.2213395169735,0.8));
#12553=CARTESIAN_POINT('Origin',(140.64865427066,-64.5748929075666,0.8));
#12554=CARTESIAN_POINT('',(138.798780536507,-65.7176598605332,0.8));
#12555=CARTESIAN_POINT('',(140.295100880067,-64.2213395169735,0.8));
#12556=CARTESIAN_POINT('',(137.031013583541,-66.4498929075668,0.8));
#12557=CARTESIAN_POINT('Origin',(137.031013583541,-63.9498929075669,0.8));
#12558=CARTESIAN_POINT('',(135.6523339271,-66.4498929075668,0.8));
#12559=CARTESIAN_POINT('',(-132.66384572934,-66.4498929075668,0.8));
#12560=CARTESIAN_POINT('',(130.6523339271,-66.4498929075668,0.8));
#12561=CARTESIAN_POINT('Origin',(133.1523339271,-66.4498929075668,0.8));
#12562=CARTESIAN_POINT('',(129.27365427066,-66.4498929075668,0.8));
#12563=CARTESIAN_POINT('',(-132.66384572934,-66.4498929075668,0.8));
#12564=CARTESIAN_POINT('',(127.505887317693,-65.7176598605331,0.8));
#12565=CARTESIAN_POINT('Origin',(129.27365427066,-63.9498929075667,0.8));
#12566=CARTESIAN_POINT('',(126.009566974134,-64.2213395169736,0.8));
#12567=CARTESIAN_POINT('',(127.505887317693,-65.7176598605331,0.8));
#12568=CARTESIAN_POINT('Origin',(125.656013583541,-64.5748929075666,0.8));
#12569=CARTESIAN_POINT('',(134.1900839271,-66.4498929075668,0.8));
#12570=CARTESIAN_POINT('Origin',(133.1523339271,-66.4498929075668,0.8));
#12571=CARTESIAN_POINT('Origin',(-158.3851660729,55.9626070924332,0.));
#12572=CARTESIAN_POINT('',(-156.8851660729,55.9626070924332,7.3));
#12573=CARTESIAN_POINT('',(-156.8851660729,55.9626070924332,0.));
#12574=CARTESIAN_POINT('',(-158.3851660729,57.4626070924332,7.3));
#12575=CARTESIAN_POINT('Origin',(-158.3851660729,55.9626070924332,7.3));
#12576=CARTESIAN_POINT('',(-158.3851660729,57.4626070924332,0.));
#12577=CARTESIAN_POINT('Origin',(-156.8851660729,57.4626070924332,0.));
#12578=CARTESIAN_POINT('',(-156.8851660729,38.9626070924332,7.3));
#12579=CARTESIAN_POINT('',(-156.8851660729,38.9626070924332,0.));
#12580=CARTESIAN_POINT('',(-156.8851660729,27.4594820924332,7.3));
#12581=CARTESIAN_POINT('Origin',(-158.3851660729,38.9626070924332,0.));
#12582=CARTESIAN_POINT('',(-158.3851660729,37.4626070924332,7.3));
#12583=CARTESIAN_POINT('',(-158.3851660729,37.4626070924332,0.));
#12584=CARTESIAN_POINT('Origin',(-158.3851660729,38.9626070924332,7.3));
#12585=CARTESIAN_POINT('Origin',(-156.8851660729,37.4626070924332,0.));
#12586=CARTESIAN_POINT('',(-175.3851660729,37.4626070924332,7.3));
#12587=CARTESIAN_POINT('',(-175.3851660729,37.4626070924332,0.));
#12588=CARTESIAN_POINT('',(-79.7320410728998,37.4626070924332,7.3));
#12589=CARTESIAN_POINT('Origin',(-175.3851660729,38.9626070924332,0.));
#12590=CARTESIAN_POINT('',(-176.8851660729,38.9626070924332,7.3));
#12591=CARTESIAN_POINT('',(-176.8851660729,38.9626070924332,0.));
#12592=CARTESIAN_POINT('Origin',(-175.3851660729,38.9626070924332,7.3));
#12593=CARTESIAN_POINT('Origin',(-176.8851660729,53.4366252612065,0.));
#12594=CARTESIAN_POINT('',(-176.8851660729,55.9626070924332,7.3));
#12595=CARTESIAN_POINT('',(-176.8851660729,55.9626070924332,0.));
#12596=CARTESIAN_POINT('',(-176.8851660729,25.4464911768199,7.3));
#12597=CARTESIAN_POINT('Origin',(-57.3476660728998,62.6876070924332,6.3117362928262));
#12598=CARTESIAN_POINT('',(-56.3099160728998,62.6876070924332,6.));
#12599=CARTESIAN_POINT('Origin',(-57.3476660728998,62.6876070924332,6.));
#12600=CARTESIAN_POINT('',(-57.3476660728998,62.6876070924332,6.62354310739585));
#12601=CARTESIAN_POINT('',(-56.8287323889545,62.6876070924332,6.3117362928262));
#12602=CARTESIAN_POINT('Origin',(-57.3476660728998,62.6876070924332,3.4));
#12603=CARTESIAN_POINT('',(-56.3099160728998,62.6876070924332,0.8));
#12604=CARTESIAN_POINT('Origin',(-57.3476660728998,62.6876070924332,0.8));
#12605=CARTESIAN_POINT('',(-56.3099160728998,62.6876070924332,3.4));
#12606=CARTESIAN_POINT('Origin',(152.2023339271,62.6876070924332,6.3117362928262));
#12607=CARTESIAN_POINT('',(153.2400839271,62.6876070924332,6.));
#12608=CARTESIAN_POINT('Origin',(152.2023339271,62.6876070924332,6.));
#12609=CARTESIAN_POINT('',(152.2023339271,62.6876070924332,6.62354310739585));
#12610=CARTESIAN_POINT('',(152.721267611046,62.6876070924332,6.3117362928262));
#12611=CARTESIAN_POINT('Origin',(152.2023339271,62.6876070924332,3.4));
#12612=CARTESIAN_POINT('',(153.2400839271,62.6876070924332,0.8));
#12613=CARTESIAN_POINT('Origin',(152.2023339271,62.6876070924332,0.8));
#12614=CARTESIAN_POINT('',(153.2400839271,62.6876070924332,3.4));
#12615=CARTESIAN_POINT('Origin',(-128.7851660729,-66.4498929075668,6.3117362928262));
#12616=CARTESIAN_POINT('',(-127.7474160729,-66.4498929075668,6.));
#12617=CARTESIAN_POINT('Origin',(-128.7851660729,-66.4498929075668,6.));
#12618=CARTESIAN_POINT('',(-128.7851660729,-66.4498929075668,6.62354310739585));
#12619=CARTESIAN_POINT('',(-128.266232388954,-66.4498929075668,6.3117362928262));
#12620=CARTESIAN_POINT('Origin',(-128.7851660729,-66.4498929075668,3.4));
#12621=CARTESIAN_POINT('',(-127.7474160729,-66.4498929075668,3.4));
#12622=CARTESIAN_POINT('Origin',(133.1523339271,-66.4498929075668,6.3117362928262));
#12623=CARTESIAN_POINT('',(134.1900839271,-66.4498929075668,6.));
#12624=CARTESIAN_POINT('Origin',(133.1523339271,-66.4498929075668,6.));
#12625=CARTESIAN_POINT('',(133.1523339271,-66.4498929075668,6.62354310739585));
#12626=CARTESIAN_POINT('',(133.671267611046,-66.4498929075668,6.3117362928262));
#12627=CARTESIAN_POINT('Origin',(133.1523339271,-66.4498929075668,3.4));
#12628=CARTESIAN_POINT('',(134.1900839271,-66.4498929075668,3.4));
#12629=CARTESIAN_POINT('Origin',(28.3773339271002,62.6876070924332,6.3117362928262));
#12630=CARTESIAN_POINT('',(29.4150839271002,62.6876070924332,6.));
#12631=CARTESIAN_POINT('Origin',(28.3773339271002,62.6876070924332,6.));
#12632=CARTESIAN_POINT('',(28.3773339271002,62.6876070924332,6.62354310739585));
#12633=CARTESIAN_POINT('',(28.8962676110455,62.6876070924332,6.3117362928262));
#12634=CARTESIAN_POINT('Origin',(28.3773339271002,62.6876070924332,3.4));
#12635=CARTESIAN_POINT('',(29.4150839271002,62.6876070924332,0.8));
#12636=CARTESIAN_POINT('Origin',(28.3773339271002,62.6876070924332,0.8));
#12637=CARTESIAN_POINT('',(29.4150839271002,62.6876070924332,3.4));
#12638=CARTESIAN_POINT('Origin',(-143.0726660729,62.6876070924332,6.3117362928262));
#12639=CARTESIAN_POINT('',(-142.0349160729,62.6876070924332,6.));
#12640=CARTESIAN_POINT('Origin',(-143.0726660729,62.6876070924332,6.));
#12641=CARTESIAN_POINT('',(-143.0726660729,62.6876070924332,6.62354310739585));
#12642=CARTESIAN_POINT('',(-142.553732388954,62.6876070924332,6.3117362928262));
#12643=CARTESIAN_POINT('Origin',(-143.0726660729,62.6876070924332,3.4));
#12644=CARTESIAN_POINT('',(-142.0349160729,62.6876070924332,3.4));
#12645=CARTESIAN_POINT('Origin',(37.9023339271002,-66.4498929075668,6.3117362928262));
#12646=CARTESIAN_POINT('',(38.9400839271002,-66.4498929075668,6.));
#12647=CARTESIAN_POINT('Origin',(37.9023339271002,-66.4498929075668,6.));
#12648=CARTESIAN_POINT('',(37.9023339271002,-66.4498929075668,6.62354310739585));
#12649=CARTESIAN_POINT('',(38.4212676110456,-66.4498929075668,6.3117362928262));
#12650=CARTESIAN_POINT('Origin',(37.9023339271002,-66.4498929075668,3.4));
#12651=CARTESIAN_POINT('',(38.9400839271002,-66.4498929075668,3.4));
#12652=CARTESIAN_POINT('Ctrl Pts',(146.007440318785,-10.8928845214467,7.8));
#12653=CARTESIAN_POINT('Ctrl Pts',(146.007440318785,-10.8928845214467,7.3));
#12654=CARTESIAN_POINT('Ctrl Pts',(146.01723909405,-12.1886933108139,7.8));
#12655=CARTESIAN_POINT('Ctrl Pts',(146.01723909405,-12.1886933108139,7.3));
#12656=CARTESIAN_POINT('Ctrl Pts',(146.051531817311,-13.4845028477228,7.8));
#12657=CARTESIAN_POINT('Ctrl Pts',(146.051531817311,-13.4845028477228,7.3));
#12658=CARTESIAN_POINT('',(146.007440318785,-10.8928845214467,7.8));
#12659=CARTESIAN_POINT('',(146.051531817311,-13.4845028477228,7.8));
#12660=CARTESIAN_POINT('Ctrl Pts',(146.007440318785,-10.8928845214467,7.8));
#12661=CARTESIAN_POINT('Ctrl Pts',(146.01723909405,-12.1886933108139,7.8));
#12662=CARTESIAN_POINT('Ctrl Pts',(146.051531817311,-13.4845028477228,7.8));
#12663=CARTESIAN_POINT('',(146.007440318785,-10.8928845214467,7.3));
#12664=CARTESIAN_POINT('',(146.007440318785,-10.8928845214467,7.8));
#12665=CARTESIAN_POINT('',(146.051531817311,-13.4845028477228,7.3));
#12666=CARTESIAN_POINT('Ctrl Pts',(146.007440318785,-10.8928845214467,7.3));
#12667=CARTESIAN_POINT('Ctrl Pts',(146.01723909405,-12.1886933108139,7.3));
#12668=CARTESIAN_POINT('Ctrl Pts',(146.051531817311,-13.4845028477228,7.3));
#12669=CARTESIAN_POINT('',(146.051531817311,-13.4845028477228,7.8));
#12670=CARTESIAN_POINT('Origin',(147.144029475681,-15.2310276402341,7.8));
#12671=CARTESIAN_POINT('',(147.144029475681,-15.2310276402341,7.8));
#12672=CARTESIAN_POINT('',(140.780080320969,9.05894738400982,7.8));
#12673=CARTESIAN_POINT('',(147.144029475681,-15.2310276402341,7.3));
#12674=CARTESIAN_POINT('',(147.144029475681,-15.2310276402341,7.8));
#12675=CARTESIAN_POINT('',(147.144029475681,-15.2310276402341,7.3));
#12676=CARTESIAN_POINT('Origin',(147.842149603431,-15.2310276402341,7.8));
#12677=CARTESIAN_POINT('',(147.842149603431,-15.2310276402341,7.8));
#12678=CARTESIAN_POINT('',(72.6316167652654,-15.2310276402341,7.8));
#12679=CARTESIAN_POINT('',(147.842149603431,-15.2310276402341,7.3));
#12680=CARTESIAN_POINT('',(147.842149603431,-15.2310276402341,7.8));
#12681=CARTESIAN_POINT('',(147.842149603431,-15.2310276402341,7.3));
#12682=CARTESIAN_POINT('Origin',(148.981187706601,-10.8928848952175,7.8));
#12683=CARTESIAN_POINT('',(148.981187706601,-10.8928848952175,7.8));
#12684=CARTESIAN_POINT('',(145.11928194498,-25.6013467237401,7.8));
#12685=CARTESIAN_POINT('',(148.981187706601,-10.8928848952175,7.3));
#12686=CARTESIAN_POINT('',(148.981187706601,-10.8928848952175,7.8));
#12687=CARTESIAN_POINT('',(148.981187706601,-10.8928848952175,7.3));
#12688=CARTESIAN_POINT('Ctrl Pts',(148.924846991453,-13.4845028477228,7.8));
#12689=CARTESIAN_POINT('Ctrl Pts',(148.924846991453,-13.4845028477228,7.3));
#12690=CARTESIAN_POINT('Ctrl Pts',(148.968939985061,-12.1886940583555,7.8));
#12691=CARTESIAN_POINT('Ctrl Pts',(148.968939985061,-12.1886940583555,7.3));
#12692=CARTESIAN_POINT('Ctrl Pts',(148.981187706601,-10.8928848952175,7.8));
#12693=CARTESIAN_POINT('Ctrl Pts',(148.981187706601,-10.8928848952175,7.3));
#12694=CARTESIAN_POINT('',(148.924846991453,-13.4845028477228,7.8));
#12695=CARTESIAN_POINT('Ctrl Pts',(148.924846991453,-13.4845028477228,7.8));
#12696=CARTESIAN_POINT('Ctrl Pts',(148.968939985061,-12.1886940583555,7.8));
#12697=CARTESIAN_POINT('Ctrl Pts',(148.981187706601,-10.8928848952175,7.8));
#12698=CARTESIAN_POINT('',(148.924846991453,-13.4845028477228,7.3));
#12699=CARTESIAN_POINT('',(148.924846991453,-13.4845028477228,7.8));
#12700=CARTESIAN_POINT('Ctrl Pts',(148.924846991453,-13.4845028477228,7.3));
#12701=CARTESIAN_POINT('Ctrl Pts',(148.968939985061,-12.1886940583555,7.3));
#12702=CARTESIAN_POINT('Ctrl Pts',(148.981187706601,-10.8928848952175,7.3));
#12703=CARTESIAN_POINT('Ctrl Pts',(148.890552773109,-16.0638727049178,7.8));
#12704=CARTESIAN_POINT('Ctrl Pts',(148.890552773109,-16.0638727049178,7.3));
#12705=CARTESIAN_POINT('Ctrl Pts',(148.890552773109,-14.7680639155505,7.8));
#12706=CARTESIAN_POINT('Ctrl Pts',(148.890552773109,-14.7680639155505,7.3));
#12707=CARTESIAN_POINT('Ctrl Pts',(148.924846991453,-13.4845028477228,7.8));
#12708=CARTESIAN_POINT('Ctrl Pts',(148.924846991453,-13.4845028477228,7.3));
#12709=CARTESIAN_POINT('',(148.890552773109,-16.0638727049178,7.8));
#12710=CARTESIAN_POINT('Ctrl Pts',(148.890552773109,-16.0638727049178,7.8));
#12711=CARTESIAN_POINT('Ctrl Pts',(148.890552773109,-14.7680639155505,7.8));
#12712=CARTESIAN_POINT('Ctrl Pts',(148.924846991453,-13.4845028477228,7.8));
#12713=CARTESIAN_POINT('',(148.890552773109,-16.0638727049178,7.3));
#12714=CARTESIAN_POINT('',(148.890552773109,-16.0638727049178,7.8));
#12715=CARTESIAN_POINT('Ctrl Pts',(148.890552773109,-16.0638727049178,7.3));
#12716=CARTESIAN_POINT('Ctrl Pts',(148.890552773109,-14.7680639155505,7.3));
#12717=CARTESIAN_POINT('Ctrl Pts',(148.924846991453,-13.4845028477228,7.3));
#12718=CARTESIAN_POINT('Origin',(148.890552773109,-17.7222145003782,7.8));
#12719=CARTESIAN_POINT('',(148.890552773109,-17.7222145003782,7.8));
#12720=CARTESIAN_POINT('',(148.890552773109,-10.1329287039725,7.8));
#12721=CARTESIAN_POINT('',(148.890552773109,-17.7222145003782,7.3));
#12722=CARTESIAN_POINT('',(148.890552773109,-17.7222145003782,7.8));
#12723=CARTESIAN_POINT('',(148.890552773109,-17.7222145003782,7.3));
#12724=CARTESIAN_POINT('Origin',(149.735645559332,-17.7222145003782,7.8));
#12725=CARTESIAN_POINT('',(149.735645559332,-17.7222145003782,7.8));
#12726=CARTESIAN_POINT('',(73.5783647432162,-17.7222145003782,7.8));
#12727=CARTESIAN_POINT('',(149.735645559332,-17.7222145003782,7.3));
#12728=CARTESIAN_POINT('',(149.735645559332,-17.7222145003782,7.8));
#12729=CARTESIAN_POINT('',(149.735645559332,-17.7222145003782,7.3));
#12730=CARTESIAN_POINT('Origin',(149.735645559332,-9.44030467211182,7.8));
#12731=CARTESIAN_POINT('',(149.735645559332,-9.44030467211182,7.8));
#12732=CARTESIAN_POINT('',(149.735645559332,-5.99197378983931,7.8));
#12733=CARTESIAN_POINT('',(149.735645559332,-9.44030467211182,7.3));
#12734=CARTESIAN_POINT('',(149.735645559332,-9.44030467211182,7.8));
#12735=CARTESIAN_POINT('',(149.735645559332,-9.44030467211182,7.3));
#12736=CARTESIAN_POINT('Origin',(148.655397117585,-9.44030467211182,7.8));
#12737=CARTESIAN_POINT('',(148.655397117585,-9.44030467211182,7.8));
#12738=CARTESIAN_POINT('',(73.0382405223424,-9.44030467211174,7.8));
#12739=CARTESIAN_POINT('',(148.655397117585,-9.44030467211182,7.3));
#12740=CARTESIAN_POINT('',(148.655397117585,-9.44030467211182,7.8));
#12741=CARTESIAN_POINT('',(148.655397117585,-9.44030467211182,7.3));
#12742=CARTESIAN_POINT('Origin',(147.49431251761,-13.8788788832603,7.8));
#12743=CARTESIAN_POINT('',(147.49431251761,-13.8788788832603,7.8));
#12744=CARTESIAN_POINT('',(144.076118834686,-26.9458908219843,7.8));
#12745=CARTESIAN_POINT('',(147.49431251761,-13.8788788832603,7.3));
#12746=CARTESIAN_POINT('',(147.49431251761,-13.8788788832603,7.8));
#12747=CARTESIAN_POINT('',(147.49431251761,-13.8788788832603,7.3));
#12748=CARTESIAN_POINT('Origin',(146.333229412718,-9.44030504588262,7.8));
#12749=CARTESIAN_POINT('',(146.333229412718,-9.44030504588262,7.8));
#12750=CARTESIAN_POINT('',(140.720319562766,12.0166558784484,7.8));
#12751=CARTESIAN_POINT('',(146.333229412718,-9.44030504588262,7.3));
#12752=CARTESIAN_POINT('',(146.333229412718,-9.44030504588262,7.8));
#12753=CARTESIAN_POINT('',(146.333229412718,-9.44030504588262,7.3));
#12754=CARTESIAN_POINT('Origin',(145.250530529613,-9.44030504588262,7.8));
#12755=CARTESIAN_POINT('',(145.250530529613,-9.44030504588262,7.8));
#12756=CARTESIAN_POINT('',(71.3358072283565,-9.44030504588254,7.8));
#12757=CARTESIAN_POINT('',(145.250530529613,-9.44030504588262,7.3));
#12758=CARTESIAN_POINT('',(145.250530529613,-9.44030504588262,7.8));
#12759=CARTESIAN_POINT('',(145.250530529613,-9.44030504588262,7.3));
#12760=CARTESIAN_POINT('Origin',(145.250530529613,-17.7222145003782,7.8));
#12761=CARTESIAN_POINT('',(145.250530529613,-17.7222145003782,7.8));
#12762=CARTESIAN_POINT('',(145.250530529613,-10.1329287039725,7.8));
#12763=CARTESIAN_POINT('',(145.250530529613,-17.7222145003782,7.3));
#12764=CARTESIAN_POINT('',(145.250530529613,-17.7222145003782,7.8));
#12765=CARTESIAN_POINT('',(145.250530529613,-17.7222145003782,7.3));
#12766=CARTESIAN_POINT('Origin',(146.095623315836,-17.7222145003782,7.8));
#12767=CARTESIAN_POINT('',(146.095623315836,-17.7222145003782,7.8));
#12768=CARTESIAN_POINT('',(71.7583536214681,-17.7222145003782,7.8));
#12769=CARTESIAN_POINT('',(146.095623315836,-17.7222145003782,7.3));
#12770=CARTESIAN_POINT('',(146.095623315836,-17.7222145003782,7.8));
#12771=CARTESIAN_POINT('',(146.095623315836,-17.7222145003782,7.3));
#12772=CARTESIAN_POINT('Origin',(146.095623315836,-16.0638727049178,7.8));
#12773=CARTESIAN_POINT('',(146.095623315836,-16.0638727049178,7.8));
#12774=CARTESIAN_POINT('',(146.095623315836,-9.30375780624229,7.8));
#12775=CARTESIAN_POINT('',(146.095623315836,-16.0638727049178,7.3));
#12776=CARTESIAN_POINT('',(146.095623315836,-16.0638727049178,7.8));
#12777=CARTESIAN_POINT('',(146.095623315836,-16.0638727049178,7.3));
#12778=CARTESIAN_POINT('Ctrl Pts',(146.051531817311,-13.4845028477228,7.8));
#12779=CARTESIAN_POINT('Ctrl Pts',(146.051531817311,-13.4845028477228,7.3));
#12780=CARTESIAN_POINT('Ctrl Pts',(146.095623315836,-14.7680639155505,7.8));
#12781=CARTESIAN_POINT('Ctrl Pts',(146.095623315836,-14.7680639155505,7.3));
#12782=CARTESIAN_POINT('Ctrl Pts',(146.095623315836,-16.0638727049178,7.8));
#12783=CARTESIAN_POINT('Ctrl Pts',(146.095623315836,-16.0638727049178,7.3));
#12784=CARTESIAN_POINT('Ctrl Pts',(146.051531817311,-13.4845028477228,7.8));
#12785=CARTESIAN_POINT('Ctrl Pts',(146.095623315836,-14.7680639155505,7.8));
#12786=CARTESIAN_POINT('Ctrl Pts',(146.095623315836,-16.0638727049178,7.8));
#12787=CARTESIAN_POINT('Ctrl Pts',(146.051531817311,-13.4845028477228,7.3));
#12788=CARTESIAN_POINT('Ctrl Pts',(146.095623315836,-14.7680639155505,7.3));
#12789=CARTESIAN_POINT('Ctrl Pts',(146.095623315836,-16.0638727049178,7.3));
#12790=CARTESIAN_POINT('Origin',(147.493088044473,-13.581259586245,7.3));
#12791=CARTESIAN_POINT('Ctrl Pts',(124.238338821094,-16.8428282433528,7.8));
#12792=CARTESIAN_POINT('Ctrl Pts',(124.238338821094,-16.8428282433528,7.3));
#12793=CARTESIAN_POINT('Ctrl Pts',(124.395109694176,-16.945709403301,7.8));
#12794=CARTESIAN_POINT('Ctrl Pts',(124.395109694176,-16.945709403301,7.3));
#12795=CARTESIAN_POINT('Ctrl Pts',(124.576376010337,-16.9898009018264,7.8));
#12796=CARTESIAN_POINT('Ctrl Pts',(124.576376010337,-16.9898009018264,7.3));
#12797=CARTESIAN_POINT('',(124.238338821094,-16.8428282433528,7.8));
#12798=CARTESIAN_POINT('',(124.576376010337,-16.9898009018264,7.8));
#12799=CARTESIAN_POINT('Ctrl Pts',(124.238338821094,-16.8428282433528,7.8));
#12800=CARTESIAN_POINT('Ctrl Pts',(124.395109694176,-16.945709403301,7.8));
#12801=CARTESIAN_POINT('Ctrl Pts',(124.576376010337,-16.9898009018264,7.8));
#12802=CARTESIAN_POINT('',(124.238338821094,-16.8428282433528,7.3));
#12803=CARTESIAN_POINT('',(124.238338821094,-16.8428282433528,7.8));
#12804=CARTESIAN_POINT('',(124.576376010337,-16.9898009018264,7.3));
#12805=CARTESIAN_POINT('Ctrl Pts',(124.238338821094,-16.8428282433528,7.3));
#12806=CARTESIAN_POINT('Ctrl Pts',(124.395109694176,-16.945709403301,7.3));
#12807=CARTESIAN_POINT('Ctrl Pts',(124.576376010337,-16.9898009018264,7.3));
#12808=CARTESIAN_POINT('',(124.576376010337,-16.9898009018264,7.8));
#12809=CARTESIAN_POINT('Ctrl Pts',(123.956641225686,-16.5954241187473,7.8));
#12810=CARTESIAN_POINT('Ctrl Pts',(123.956641225686,-16.5954241187473,7.3));
#12811=CARTESIAN_POINT('Ctrl Pts',(124.079118441081,-16.7423967772209,7.8));
#12812=CARTESIAN_POINT('Ctrl Pts',(124.079118441081,-16.7423967772209,7.3));
#12813=CARTESIAN_POINT('Ctrl Pts',(124.238338821094,-16.8428282433528,7.8));
#12814=CARTESIAN_POINT('Ctrl Pts',(124.238338821094,-16.8428282433528,7.3));
#12815=CARTESIAN_POINT('',(123.956641225686,-16.5954241187473,7.8));
#12816=CARTESIAN_POINT('Ctrl Pts',(123.956641225686,-16.5954241187473,7.8));
#12817=CARTESIAN_POINT('Ctrl Pts',(124.079118441081,-16.7423967772209,7.8));
#12818=CARTESIAN_POINT('Ctrl Pts',(124.238338821094,-16.8428282433528,7.8));
#12819=CARTESIAN_POINT('',(123.956641225686,-16.5954241187473,7.3));
#12820=CARTESIAN_POINT('',(123.956641225686,-16.5954241187473,7.8));
#12821=CARTESIAN_POINT('Ctrl Pts',(123.956641225686,-16.5954241187473,7.3));
#12822=CARTESIAN_POINT('Ctrl Pts',(124.079118441081,-16.7423967772209,7.3));
#12823=CARTESIAN_POINT('Ctrl Pts',(124.238338821094,-16.8428282433528,7.3));
#12824=CARTESIAN_POINT('Ctrl Pts',(123.763127187985,-16.2696350248141,7.8));
#12825=CARTESIAN_POINT('Ctrl Pts',(123.763127187985,-16.2696350248141,7.3));
#12826=CARTESIAN_POINT('Ctrl Pts',(123.8439622249,-16.4386534325504,7.8));
#12827=CARTESIAN_POINT('Ctrl Pts',(123.8439622249,-16.4386534325504,7.3));
#12828=CARTESIAN_POINT('Ctrl Pts',(123.956641225686,-16.5954241187473,7.8));
#12829=CARTESIAN_POINT('Ctrl Pts',(123.956641225686,-16.5954241187473,7.3));
#12830=CARTESIAN_POINT('',(123.763127187985,-16.2696350248141,7.8));
#12831=CARTESIAN_POINT('Ctrl Pts',(123.763127187985,-16.2696350248141,7.8));
#12832=CARTESIAN_POINT('Ctrl Pts',(123.8439622249,-16.4386534325504,7.8));
#12833=CARTESIAN_POINT('Ctrl Pts',(123.956641225686,-16.5954241187473,7.8));
#12834=CARTESIAN_POINT('',(123.763127187985,-16.2696350248141,7.3));
#12835=CARTESIAN_POINT('',(123.763127187985,-16.2696350248141,7.8));
#12836=CARTESIAN_POINT('Ctrl Pts',(123.763127187985,-16.2696350248141,7.3));
#12837=CARTESIAN_POINT('Ctrl Pts',(123.8439622249,-16.4386534325504,7.3));
#12838=CARTESIAN_POINT('Ctrl Pts',(123.956641225686,-16.5954241187473,7.3));
#12839=CARTESIAN_POINT('Ctrl Pts',(123.674943630278,-15.9071027662625,7.8));
#12840=CARTESIAN_POINT('Ctrl Pts',(123.674943630278,-15.9071027662625,7.3));
#12841=CARTESIAN_POINT('Ctrl Pts',(123.696989566427,-16.0883688955383,7.8));
#12842=CARTESIAN_POINT('Ctrl Pts',(123.696989566427,-16.0883688955383,7.3));
#12843=CARTESIAN_POINT('Ctrl Pts',(123.763127187985,-16.2696350248141,7.8));
#12844=CARTESIAN_POINT('Ctrl Pts',(123.763127187985,-16.2696350248141,7.3));
#12845=CARTESIAN_POINT('',(123.674943630278,-15.9071027662625,7.8));
#12846=CARTESIAN_POINT('Ctrl Pts',(123.674943630278,-15.9071027662625,7.8));
#12847=CARTESIAN_POINT('Ctrl Pts',(123.696989566427,-16.0883688955383,7.8));
#12848=CARTESIAN_POINT('Ctrl Pts',(123.763127187985,-16.2696350248141,7.8));
#12849=CARTESIAN_POINT('',(123.674943630278,-15.9071027662625,7.3));
#12850=CARTESIAN_POINT('',(123.674943630278,-15.9071027662625,7.8));
#12851=CARTESIAN_POINT('Ctrl Pts',(123.674943630278,-15.9071027662625,7.3));
#12852=CARTESIAN_POINT('Ctrl Pts',(123.696989566427,-16.0883688955383,7.3));
#12853=CARTESIAN_POINT('Ctrl Pts',(123.763127187985,-16.2696350248141,7.3));
#12854=CARTESIAN_POINT('Ctrl Pts',(123.650448187199,-15.5249737047228,7.8));
#12855=CARTESIAN_POINT('Ctrl Pts',(123.650448187199,-15.5249737047228,7.3));
#12856=CARTESIAN_POINT('Ctrl Pts',(123.650448187199,-15.7160378617219,7.8));
#12857=CARTESIAN_POINT('Ctrl Pts',(123.650448187199,-15.7160378617219,7.3));
#12858=CARTESIAN_POINT('Ctrl Pts',(123.674943630278,-15.9071027662625,7.8));
#12859=CARTESIAN_POINT('Ctrl Pts',(123.674943630278,-15.9071027662625,7.3));
#12860=CARTESIAN_POINT('',(123.650448187199,-15.5249737047228,7.8));
#12861=CARTESIAN_POINT('Ctrl Pts',(123.650448187199,-15.5249737047228,7.8));
#12862=CARTESIAN_POINT('Ctrl Pts',(123.650448187199,-15.7160378617219,7.8));
#12863=CARTESIAN_POINT('Ctrl Pts',(123.674943630278,-15.9071027662625,7.8));
#12864=CARTESIAN_POINT('',(123.650448187199,-15.5249737047228,7.3));
#12865=CARTESIAN_POINT('',(123.650448187199,-15.5249737047228,7.8));
#12866=CARTESIAN_POINT('Ctrl Pts',(123.650448187199,-15.5249737047228,7.3));
#12867=CARTESIAN_POINT('Ctrl Pts',(123.650448187199,-15.7160378617219,7.3));
#12868=CARTESIAN_POINT('Ctrl Pts',(123.674943630278,-15.9071027662625,7.3));
#12869=CARTESIAN_POINT('Origin',(123.650448187199,-11.6375469628503,7.8));
#12870=CARTESIAN_POINT('',(123.650448187199,-11.6375469628503,7.8));
#12871=CARTESIAN_POINT('',(123.650448187199,-7.09059493520858,7.8));
#12872=CARTESIAN_POINT('',(123.650448187199,-11.6375469628503,7.3));
#12873=CARTESIAN_POINT('',(123.650448187199,-11.6375469628503,7.8));
#12874=CARTESIAN_POINT('',(123.650448187199,-11.6375469628503,7.3));
#12875=CARTESIAN_POINT('Ctrl Pts',(123.674943630278,-11.2652163028047,7.8));
#12876=CARTESIAN_POINT('Ctrl Pts',(123.674943630278,-11.2652163028047,7.3));
#12877=CARTESIAN_POINT('Ctrl Pts',(123.650448187199,-11.4464824320805,7.8));
#12878=CARTESIAN_POINT('Ctrl Pts',(123.650448187199,-11.4464824320805,7.3));
#12879=CARTESIAN_POINT('Ctrl Pts',(123.650448187199,-11.6375469628503,7.8));
#12880=CARTESIAN_POINT('Ctrl Pts',(123.650448187199,-11.6375469628503,7.3));
#12881=CARTESIAN_POINT('',(123.674943630278,-11.2652163028047,7.8));
#12882=CARTESIAN_POINT('Ctrl Pts',(123.674943630278,-11.2652163028047,7.8));
#12883=CARTESIAN_POINT('Ctrl Pts',(123.650448187199,-11.4464824320805,7.8));
#12884=CARTESIAN_POINT('Ctrl Pts',(123.650448187199,-11.6375469628503,7.8));
#12885=CARTESIAN_POINT('',(123.674943630278,-11.2652163028047,7.3));
#12886=CARTESIAN_POINT('',(123.674943630278,-11.2652163028047,7.8));
#12887=CARTESIAN_POINT('Ctrl Pts',(123.674943630278,-11.2652163028047,7.3));
#12888=CARTESIAN_POINT('Ctrl Pts',(123.650448187199,-11.4464824320805,7.3));
#12889=CARTESIAN_POINT('Ctrl Pts',(123.650448187199,-11.6375469628503,7.3));
#12890=CARTESIAN_POINT('Ctrl Pts',(123.763127187985,-10.9051333642986,7.8));
#12891=CARTESIAN_POINT('Ctrl Pts',(123.763127187985,-10.9051333642986,7.3));
#12892=CARTESIAN_POINT('Ctrl Pts',(123.696989566427,-11.0741517720349,7.8));
#12893=CARTESIAN_POINT('Ctrl Pts',(123.696989566427,-11.0741517720349,7.3));
#12894=CARTESIAN_POINT('Ctrl Pts',(123.674943630278,-11.2652163028047,7.8));
#12895=CARTESIAN_POINT('Ctrl Pts',(123.674943630278,-11.2652163028047,7.3));
#12896=CARTESIAN_POINT('',(123.763127187985,-10.9051333642986,7.8));
#12897=CARTESIAN_POINT('Ctrl Pts',(123.763127187985,-10.9051333642986,7.8));
#12898=CARTESIAN_POINT('Ctrl Pts',(123.696989566427,-11.0741517720349,7.8));
#12899=CARTESIAN_POINT('Ctrl Pts',(123.674943630278,-11.2652163028047,7.8));
#12900=CARTESIAN_POINT('',(123.763127187985,-10.9051333642986,7.3));
#12901=CARTESIAN_POINT('',(123.763127187985,-10.9051333642986,7.8));
#12902=CARTESIAN_POINT('Ctrl Pts',(123.763127187985,-10.9051333642986,7.3));
#12903=CARTESIAN_POINT('Ctrl Pts',(123.696989566427,-11.0741517720349,7.3));
#12904=CARTESIAN_POINT('Ctrl Pts',(123.674943630278,-11.2652163028047,7.3));
#12905=CARTESIAN_POINT('Ctrl Pts',(123.956641225686,-10.5793438965946,7.8));
#12906=CARTESIAN_POINT('Ctrl Pts',(123.956641225686,-10.5793438965946,7.3));
#12907=CARTESIAN_POINT('Ctrl Pts',(123.8439622249,-10.723866861252,7.8));
#12908=CARTESIAN_POINT('Ctrl Pts',(123.8439622249,-10.723866861252,7.3));
#12909=CARTESIAN_POINT('Ctrl Pts',(123.763127187985,-10.9051333642986,7.8));
#12910=CARTESIAN_POINT('Ctrl Pts',(123.763127187985,-10.9051333642986,7.3));
#12911=CARTESIAN_POINT('',(123.956641225686,-10.5793438965946,7.8));
#12912=CARTESIAN_POINT('Ctrl Pts',(123.956641225686,-10.5793438965946,7.8));
#12913=CARTESIAN_POINT('Ctrl Pts',(123.8439622249,-10.723866861252,7.8));
#12914=CARTESIAN_POINT('Ctrl Pts',(123.763127187985,-10.9051333642986,7.8));
#12915=CARTESIAN_POINT('',(123.956641225686,-10.5793438965946,7.3));
#12916=CARTESIAN_POINT('',(123.956641225686,-10.5793438965946,7.8));
#12917=CARTESIAN_POINT('Ctrl Pts',(123.956641225686,-10.5793438965946,7.3));
#12918=CARTESIAN_POINT('Ctrl Pts',(123.8439622249,-10.723866861252,7.3));
#12919=CARTESIAN_POINT('Ctrl Pts',(123.763127187985,-10.9051333642986,7.3));
#12920=CARTESIAN_POINT('Ctrl Pts',(124.238338821094,-10.3196920504496,7.8));
#12921=CARTESIAN_POINT('Ctrl Pts',(124.238338821094,-10.3196920504496,7.3));
#12922=CARTESIAN_POINT('Ctrl Pts',(124.079118441081,-10.4201235165815,7.8));
#12923=CARTESIAN_POINT('Ctrl Pts',(124.079118441081,-10.4201235165815,7.3));
#12924=CARTESIAN_POINT('Ctrl Pts',(123.956641225686,-10.5793438965946,7.8));
#12925=CARTESIAN_POINT('Ctrl Pts',(123.956641225686,-10.5793438965946,7.3));
#12926=CARTESIAN_POINT('',(124.238338821094,-10.3196920504496,7.8));
#12927=CARTESIAN_POINT('Ctrl Pts',(124.238338821094,-10.3196920504496,7.8));
#12928=CARTESIAN_POINT('Ctrl Pts',(124.079118441081,-10.4201235165815,7.8));
#12929=CARTESIAN_POINT('Ctrl Pts',(123.956641225686,-10.5793438965946,7.8));
#12930=CARTESIAN_POINT('',(124.238338821094,-10.3196920504496,7.3));
#12931=CARTESIAN_POINT('',(124.238338821094,-10.3196920504496,7.8));
#12932=CARTESIAN_POINT('Ctrl Pts',(124.238338821094,-10.3196920504496,7.3));
#12933=CARTESIAN_POINT('Ctrl Pts',(124.079118441081,-10.4201235165815,7.3));
#12934=CARTESIAN_POINT('Ctrl Pts',(123.956641225686,-10.5793438965946,7.3));
#12935=CARTESIAN_POINT('Ctrl Pts',(124.576376010337,-10.1849671135155,7.8));
#12936=CARTESIAN_POINT('Ctrl Pts',(124.576376010337,-10.1849671135155,7.3));
#12937=CARTESIAN_POINT('Ctrl Pts',(124.395109694176,-10.2168112642722,7.8));
#12938=CARTESIAN_POINT('Ctrl Pts',(124.395109694176,-10.2168112642722,7.3));
#12939=CARTESIAN_POINT('Ctrl Pts',(124.238338821094,-10.3196920504496,7.8));
#12940=CARTESIAN_POINT('Ctrl Pts',(124.238338821094,-10.3196920504496,7.3));
#12941=CARTESIAN_POINT('',(124.576376010337,-10.1849671135155,7.8));
#12942=CARTESIAN_POINT('Ctrl Pts',(124.576376010337,-10.1849671135155,7.8));
#12943=CARTESIAN_POINT('Ctrl Pts',(124.395109694176,-10.2168112642722,7.8));
#12944=CARTESIAN_POINT('Ctrl Pts',(124.238338821094,-10.3196920504496,7.8));
#12945=CARTESIAN_POINT('',(124.576376010337,-10.1849671135155,7.3));
#12946=CARTESIAN_POINT('',(124.576376010337,-10.1849671135155,7.8));
#12947=CARTESIAN_POINT('Ctrl Pts',(124.576376010337,-10.1849671135155,7.3));
#12948=CARTESIAN_POINT('Ctrl Pts',(124.395109694176,-10.2168112642722,7.3));
#12949=CARTESIAN_POINT('Ctrl Pts',(124.238338821094,-10.3196920504496,7.3));
#12950=CARTESIAN_POINT('Ctrl Pts',(124.958504884992,-10.1384259211738,7.8));
#12951=CARTESIAN_POINT('Ctrl Pts',(124.958504884992,-10.1384259211738,7.3));
#12952=CARTESIAN_POINT('Ctrl Pts',(124.767440354222,-10.1384259211738,7.8));
#12953=CARTESIAN_POINT('Ctrl Pts',(124.767440354222,-10.1384259211738,7.3));
#12954=CARTESIAN_POINT('Ctrl Pts',(124.576376010337,-10.1849671135155,7.8));
#12955=CARTESIAN_POINT('Ctrl Pts',(124.576376010337,-10.1849671135155,7.3));
#12956=CARTESIAN_POINT('',(124.958504884992,-10.1384259211738,7.8));
#12957=CARTESIAN_POINT('Ctrl Pts',(124.958504884992,-10.1384259211738,7.8));
#12958=CARTESIAN_POINT('Ctrl Pts',(124.767440354222,-10.1384259211738,7.8));
#12959=CARTESIAN_POINT('Ctrl Pts',(124.576376010337,-10.1849671135155,7.8));
#12960=CARTESIAN_POINT('',(124.958504884992,-10.1384259211738,7.3));
#12961=CARTESIAN_POINT('',(124.958504884992,-10.1384259211738,7.8));
#12962=CARTESIAN_POINT('Ctrl Pts',(124.958504884992,-10.1384259211738,7.3));
#12963=CARTESIAN_POINT('Ctrl Pts',(124.767440354222,-10.1384259211738,7.3));
#12964=CARTESIAN_POINT('Ctrl Pts',(124.576376010337,-10.1849671135155,7.3));
#12965=CARTESIAN_POINT('Ctrl Pts',(125.330835545037,-10.1849671135155,7.8));
#12966=CARTESIAN_POINT('Ctrl Pts',(125.330835545037,-10.1849671135155,7.3));
#12967=CARTESIAN_POINT('Ctrl Pts',(125.149569415761,-10.1384259211738,7.8));
#12968=CARTESIAN_POINT('Ctrl Pts',(125.149569415761,-10.1384259211738,7.3));
#12969=CARTESIAN_POINT('Ctrl Pts',(124.958504884992,-10.1384259211738,7.8));
#12970=CARTESIAN_POINT('Ctrl Pts',(124.958504884992,-10.1384259211738,7.3));
#12971=CARTESIAN_POINT('',(125.330835545037,-10.1849671135155,7.8));
#12972=CARTESIAN_POINT('Ctrl Pts',(125.330835545037,-10.1849671135155,7.8));
#12973=CARTESIAN_POINT('Ctrl Pts',(125.149569415761,-10.1384259211738,7.8));
#12974=CARTESIAN_POINT('Ctrl Pts',(124.958504884992,-10.1384259211738,7.8));
#12975=CARTESIAN_POINT('',(125.330835545037,-10.1849671135155,7.3));
#12976=CARTESIAN_POINT('',(125.330835545037,-10.1849671135155,7.8));
#12977=CARTESIAN_POINT('Ctrl Pts',(125.330835545037,-10.1849671135155,7.3));
#12978=CARTESIAN_POINT('Ctrl Pts',(125.149569415761,-10.1384259211738,7.3));
#12979=CARTESIAN_POINT('Ctrl Pts',(124.958504884992,-10.1384259211738,7.3));
#12980=CARTESIAN_POINT('Ctrl Pts',(125.678670762004,-10.3196920504496,7.8));
#12981=CARTESIAN_POINT('Ctrl Pts',(125.678670762004,-10.3196920504496,7.3));
#12982=CARTESIAN_POINT('Ctrl Pts',(125.521900075807,-10.2168112642722,7.8));
#12983=CARTESIAN_POINT('Ctrl Pts',(125.521900075807,-10.2168112642722,7.3));
#12984=CARTESIAN_POINT('Ctrl Pts',(125.330835545037,-10.1849671135155,7.8));
#12985=CARTESIAN_POINT('Ctrl Pts',(125.330835545037,-10.1849671135155,7.3));
#12986=CARTESIAN_POINT('',(125.678670762004,-10.3196920504496,7.8));
#12987=CARTESIAN_POINT('Ctrl Pts',(125.678670762004,-10.3196920504496,7.8));
#12988=CARTESIAN_POINT('Ctrl Pts',(125.521900075807,-10.2168112642722,7.8));
#12989=CARTESIAN_POINT('Ctrl Pts',(125.330835545037,-10.1849671135155,7.8));
#12990=CARTESIAN_POINT('',(125.678670762004,-10.3196920504496,7.3));
#12991=CARTESIAN_POINT('',(125.678670762004,-10.3196920504496,7.8));
#12992=CARTESIAN_POINT('Ctrl Pts',(125.678670762004,-10.3196920504496,7.3));
#12993=CARTESIAN_POINT('Ctrl Pts',(125.521900075807,-10.2168112642722,7.3));
#12994=CARTESIAN_POINT('Ctrl Pts',(125.330835545037,-10.1849671135155,7.3));
#12995=CARTESIAN_POINT('Ctrl Pts',(125.950570329688,-10.5793438965946,7.8));
#12996=CARTESIAN_POINT('Ctrl Pts',(125.950570329688,-10.5793438965946,7.3));
#12997=CARTESIAN_POINT('Ctrl Pts',(125.837891142017,-10.4201235165815,7.8));
#12998=CARTESIAN_POINT('Ctrl Pts',(125.837891142017,-10.4201235165815,7.3));
#12999=CARTESIAN_POINT('Ctrl Pts',(125.678670762004,-10.3196920504496,7.8));
#13000=CARTESIAN_POINT('Ctrl Pts',(125.678670762004,-10.3196920504496,7.3));
#13001=CARTESIAN_POINT('',(125.950570329688,-10.5793438965946,7.8));
#13002=CARTESIAN_POINT('Ctrl Pts',(125.950570329688,-10.5793438965946,7.8));
#13003=CARTESIAN_POINT('Ctrl Pts',(125.837891142017,-10.4201235165815,7.8));
#13004=CARTESIAN_POINT('Ctrl Pts',(125.678670762004,-10.3196920504496,7.8));
#13005=CARTESIAN_POINT('',(125.950570329688,-10.5793438965946,7.3));
#13006=CARTESIAN_POINT('',(125.950570329688,-10.5793438965946,7.8));
#13007=CARTESIAN_POINT('Ctrl Pts',(125.950570329688,-10.5793438965946,7.3));
#13008=CARTESIAN_POINT('Ctrl Pts',(125.837891142017,-10.4201235165815,7.3));
#13009=CARTESIAN_POINT('Ctrl Pts',(125.678670762004,-10.3196920504496,7.3));
#13010=CARTESIAN_POINT('Ctrl Pts',(126.141634860458,-10.9051333642986,7.8));
#13011=CARTESIAN_POINT('Ctrl Pts',(126.141634860458,-10.9051333642986,7.3));
#13012=CARTESIAN_POINT('Ctrl Pts',(126.073047545083,-10.7238672350228,7.8));
#13013=CARTESIAN_POINT('Ctrl Pts',(126.073047545083,-10.7238672350228,7.3));
#13014=CARTESIAN_POINT('Ctrl Pts',(125.950570329688,-10.5793438965946,7.8));
#13015=CARTESIAN_POINT('Ctrl Pts',(125.950570329688,-10.5793438965946,7.3));
#13016=CARTESIAN_POINT('',(126.141634860458,-10.9051333642986,7.8));
#13017=CARTESIAN_POINT('Ctrl Pts',(126.141634860458,-10.9051333642986,7.8));
#13018=CARTESIAN_POINT('Ctrl Pts',(126.073047545083,-10.7238672350228,7.8));
#13019=CARTESIAN_POINT('Ctrl Pts',(125.950570329688,-10.5793438965946,7.8));
#13020=CARTESIAN_POINT('',(126.141634860458,-10.9051333642986,7.3));
#13021=CARTESIAN_POINT('',(126.141634860458,-10.9051333642986,7.8));
#13022=CARTESIAN_POINT('Ctrl Pts',(126.141634860458,-10.9051333642986,7.3));
#13023=CARTESIAN_POINT('Ctrl Pts',(126.073047545083,-10.7238672350228,7.3));
#13024=CARTESIAN_POINT('Ctrl Pts',(125.950570329688,-10.5793438965946,7.3));
#13025=CARTESIAN_POINT('Ctrl Pts',(126.24206632659,-11.2652163028047,7.8));
#13026=CARTESIAN_POINT('Ctrl Pts',(126.24206632659,-11.2652163028047,7.3));
#13027=CARTESIAN_POINT('Ctrl Pts',(126.220020577327,-11.0741517720349,7.8));
#13028=CARTESIAN_POINT('Ctrl Pts',(126.220020577327,-11.0741517720349,7.3));
#13029=CARTESIAN_POINT('Ctrl Pts',(126.141634860458,-10.9051333642986,7.8));
#13030=CARTESIAN_POINT('Ctrl Pts',(126.141634860458,-10.9051333642986,7.3));
#13031=CARTESIAN_POINT('',(126.24206632659,-11.2652163028047,7.8));
#13032=CARTESIAN_POINT('Ctrl Pts',(126.24206632659,-11.2652163028047,7.8));
#13033=CARTESIAN_POINT('Ctrl Pts',(126.220020577327,-11.0741517720349,7.8));
#13034=CARTESIAN_POINT('Ctrl Pts',(126.141634860458,-10.9051333642986,7.8));
#13035=CARTESIAN_POINT('',(126.24206632659,-11.2652163028047,7.3));
#13036=CARTESIAN_POINT('',(126.24206632659,-11.2652163028047,7.8));
#13037=CARTESIAN_POINT('Ctrl Pts',(126.24206632659,-11.2652163028047,7.3));
#13038=CARTESIAN_POINT('Ctrl Pts',(126.220020577327,-11.0741517720349,7.3));
#13039=CARTESIAN_POINT('Ctrl Pts',(126.141634860458,-10.9051333642986,7.3));
#13040=CARTESIAN_POINT('Ctrl Pts',(126.266561769669,-11.6375469628503,7.8));
#13041=CARTESIAN_POINT('Ctrl Pts',(126.266561769669,-11.6375469628503,7.3));
#13042=CARTESIAN_POINT('Ctrl Pts',(126.266561769669,-11.4464824320805,7.8));
#13043=CARTESIAN_POINT('Ctrl Pts',(126.266561769669,-11.4464824320805,7.3));
#13044=CARTESIAN_POINT('Ctrl Pts',(126.24206632659,-11.2652163028047,7.8));
#13045=CARTESIAN_POINT('Ctrl Pts',(126.24206632659,-11.2652163028047,7.3));
#13046=CARTESIAN_POINT('',(126.266561769669,-11.6375469628503,7.8));
#13047=CARTESIAN_POINT('Ctrl Pts',(126.266561769669,-11.6375469628503,7.8));
#13048=CARTESIAN_POINT('Ctrl Pts',(126.266561769669,-11.4464824320805,7.8));
#13049=CARTESIAN_POINT('Ctrl Pts',(126.24206632659,-11.2652163028047,7.8));
#13050=CARTESIAN_POINT('',(126.266561769669,-11.6375469628503,7.3));
#13051=CARTESIAN_POINT('',(126.266561769669,-11.6375469628503,7.8));
#13052=CARTESIAN_POINT('Ctrl Pts',(126.266561769669,-11.6375469628503,7.3));
#13053=CARTESIAN_POINT('Ctrl Pts',(126.266561769669,-11.4464824320805,7.3));
#13054=CARTESIAN_POINT('Ctrl Pts',(126.24206632659,-11.2652163028047,7.3));
#13055=CARTESIAN_POINT('Origin',(126.266561769669,-15.5249737047228,7.8));
#13056=CARTESIAN_POINT('',(126.266561769669,-15.5249737047228,7.8));
#13057=CARTESIAN_POINT('',(126.266561769669,-9.03430830614483,7.8));
#13058=CARTESIAN_POINT('',(126.266561769669,-15.5249737047228,7.3));
#13059=CARTESIAN_POINT('',(126.266561769669,-15.5249737047228,7.8));
#13060=CARTESIAN_POINT('',(126.266561769669,-15.5249737047228,7.3));
#13061=CARTESIAN_POINT('Ctrl Pts',(126.24206632659,-15.9071027662625,7.8));
#13062=CARTESIAN_POINT('Ctrl Pts',(126.24206632659,-15.9071027662625,7.3));
#13063=CARTESIAN_POINT('Ctrl Pts',(126.266561769669,-15.7160386092635,7.8));
#13064=CARTESIAN_POINT('Ctrl Pts',(126.266561769669,-15.7160386092635,7.3));
#13065=CARTESIAN_POINT('Ctrl Pts',(126.266561769669,-15.5249737047228,7.8));
#13066=CARTESIAN_POINT('Ctrl Pts',(126.266561769669,-15.5249737047228,7.3));
#13067=CARTESIAN_POINT('',(126.24206632659,-15.9071027662625,7.8));
#13068=CARTESIAN_POINT('Ctrl Pts',(126.24206632659,-15.9071027662625,7.8));
#13069=CARTESIAN_POINT('Ctrl Pts',(126.266561769669,-15.7160386092635,7.8));
#13070=CARTESIAN_POINT('Ctrl Pts',(126.266561769669,-15.5249737047228,7.8));
#13071=CARTESIAN_POINT('',(126.24206632659,-15.9071027662625,7.3));
#13072=CARTESIAN_POINT('',(126.24206632659,-15.9071027662625,7.8));
#13073=CARTESIAN_POINT('Ctrl Pts',(126.24206632659,-15.9071027662625,7.3));
#13074=CARTESIAN_POINT('Ctrl Pts',(126.266561769669,-15.7160386092635,7.3));
#13075=CARTESIAN_POINT('Ctrl Pts',(126.266561769669,-15.5249737047228,7.3));
#13076=CARTESIAN_POINT('Ctrl Pts',(126.141634860458,-16.2696350248141,7.8));
#13077=CARTESIAN_POINT('Ctrl Pts',(126.141634860458,-16.2696350248141,7.3));
#13078=CARTESIAN_POINT('Ctrl Pts',(126.220020203557,-16.0883688955383,7.8));
#13079=CARTESIAN_POINT('Ctrl Pts',(126.220020203557,-16.0883688955383,7.3));
#13080=CARTESIAN_POINT('Ctrl Pts',(126.24206632659,-15.9071027662625,7.8));
#13081=CARTESIAN_POINT('Ctrl Pts',(126.24206632659,-15.9071027662625,7.3));
#13082=CARTESIAN_POINT('',(126.141634860458,-16.2696350248141,7.8));
#13083=CARTESIAN_POINT('Ctrl Pts',(126.141634860458,-16.2696350248141,7.8));
#13084=CARTESIAN_POINT('Ctrl Pts',(126.220020203557,-16.0883688955383,7.8));
#13085=CARTESIAN_POINT('Ctrl Pts',(126.24206632659,-15.9071027662625,7.8));
#13086=CARTESIAN_POINT('',(126.141634860458,-16.2696350248141,7.3));
#13087=CARTESIAN_POINT('',(126.141634860458,-16.2696350248141,7.8));
#13088=CARTESIAN_POINT('Ctrl Pts',(126.141634860458,-16.2696350248141,7.3));
#13089=CARTESIAN_POINT('Ctrl Pts',(126.220020203557,-16.0883688955383,7.3));
#13090=CARTESIAN_POINT('Ctrl Pts',(126.24206632659,-15.9071027662625,7.3));
#13091=CARTESIAN_POINT('Ctrl Pts',(125.950570329688,-16.5954241187473,7.8));
#13092=CARTESIAN_POINT('Ctrl Pts',(125.950570329688,-16.5954241187473,7.3));
#13093=CARTESIAN_POINT('Ctrl Pts',(126.073047545083,-16.4386534325504,7.8));
#13094=CARTESIAN_POINT('Ctrl Pts',(126.073047545083,-16.4386534325504,7.3));
#13095=CARTESIAN_POINT('Ctrl Pts',(126.141634860458,-16.2696350248141,7.8));
#13096=CARTESIAN_POINT('Ctrl Pts',(126.141634860458,-16.2696350248141,7.3));
#13097=CARTESIAN_POINT('',(125.950570329688,-16.5954241187473,7.8));
#13098=CARTESIAN_POINT('Ctrl Pts',(125.950570329688,-16.5954241187473,7.8));
#13099=CARTESIAN_POINT('Ctrl Pts',(126.073047545083,-16.4386534325504,7.8));
#13100=CARTESIAN_POINT('Ctrl Pts',(126.141634860458,-16.2696350248141,7.8));
#13101=CARTESIAN_POINT('',(125.950570329688,-16.5954241187473,7.3));
#13102=CARTESIAN_POINT('',(125.950570329688,-16.5954241187473,7.8));
#13103=CARTESIAN_POINT('Ctrl Pts',(125.950570329688,-16.5954241187473,7.3));
#13104=CARTESIAN_POINT('Ctrl Pts',(126.073047545083,-16.4386534325504,7.3));
#13105=CARTESIAN_POINT('Ctrl Pts',(126.141634860458,-16.2696350248141,7.3));
#13106=CARTESIAN_POINT('Ctrl Pts',(125.678670762004,-16.8428282433528,7.8));
#13107=CARTESIAN_POINT('Ctrl Pts',(125.678670762004,-16.8428282433528,7.3));
#13108=CARTESIAN_POINT('Ctrl Pts',(125.837891142017,-16.7423967772209,7.8));
#13109=CARTESIAN_POINT('Ctrl Pts',(125.837891142017,-16.7423967772209,7.3));
#13110=CARTESIAN_POINT('Ctrl Pts',(125.950570329688,-16.5954241187473,7.8));
#13111=CARTESIAN_POINT('Ctrl Pts',(125.950570329688,-16.5954241187473,7.3));
#13112=CARTESIAN_POINT('',(125.678670762004,-16.8428282433528,7.8));
#13113=CARTESIAN_POINT('Ctrl Pts',(125.678670762004,-16.8428282433528,7.8));
#13114=CARTESIAN_POINT('Ctrl Pts',(125.837891142017,-16.7423967772209,7.8));
#13115=CARTESIAN_POINT('Ctrl Pts',(125.950570329688,-16.5954241187473,7.8));
#13116=CARTESIAN_POINT('',(125.678670762004,-16.8428282433528,7.3));
#13117=CARTESIAN_POINT('',(125.678670762004,-16.8428282433528,7.8));
#13118=CARTESIAN_POINT('Ctrl Pts',(125.678670762004,-16.8428282433528,7.3));
#13119=CARTESIAN_POINT('Ctrl Pts',(125.837891142017,-16.7423967772209,7.3));
#13120=CARTESIAN_POINT('Ctrl Pts',(125.950570329688,-16.5954241187473,7.3));
#13121=CARTESIAN_POINT('Ctrl Pts',(125.330835545037,-16.9898009018264,7.8));
#13122=CARTESIAN_POINT('Ctrl Pts',(125.330835545037,-16.9898009018264,7.3));
#13123=CARTESIAN_POINT('Ctrl Pts',(125.521900075807,-16.945709403301,7.8));
#13124=CARTESIAN_POINT('Ctrl Pts',(125.521900075807,-16.945709403301,7.3));
#13125=CARTESIAN_POINT('Ctrl Pts',(125.678670762004,-16.8428282433528,7.8));
#13126=CARTESIAN_POINT('Ctrl Pts',(125.678670762004,-16.8428282433528,7.3));
#13127=CARTESIAN_POINT('',(125.330835545037,-16.9898009018264,7.8));
#13128=CARTESIAN_POINT('Ctrl Pts',(125.330835545037,-16.9898009018264,7.8));
#13129=CARTESIAN_POINT('Ctrl Pts',(125.521900075807,-16.945709403301,7.8));
#13130=CARTESIAN_POINT('Ctrl Pts',(125.678670762004,-16.8428282433528,7.8));
#13131=CARTESIAN_POINT('',(125.330835545037,-16.9898009018264,7.3));
#13132=CARTESIAN_POINT('',(125.330835545037,-16.9898009018264,7.8));
#13133=CARTESIAN_POINT('Ctrl Pts',(125.330835545037,-16.9898009018264,7.3));
#13134=CARTESIAN_POINT('Ctrl Pts',(125.521900075807,-16.945709403301,7.3));
#13135=CARTESIAN_POINT('Ctrl Pts',(125.678670762004,-16.8428282433528,7.3));
#13136=CARTESIAN_POINT('Ctrl Pts',(124.958504884992,-17.0240943726286,7.8));
#13137=CARTESIAN_POINT('Ctrl Pts',(124.958504884992,-17.0240943726286,7.3));
#13138=CARTESIAN_POINT('Ctrl Pts',(125.149569415761,-17.0240943726286,7.8));
#13139=CARTESIAN_POINT('Ctrl Pts',(125.149569415761,-17.0240943726286,7.3));
#13140=CARTESIAN_POINT('Ctrl Pts',(125.330835545037,-16.9898009018264,7.8));
#13141=CARTESIAN_POINT('Ctrl Pts',(125.330835545037,-16.9898009018264,7.3));
#13142=CARTESIAN_POINT('',(124.958504884992,-17.0240943726286,7.8));
#13143=CARTESIAN_POINT('Ctrl Pts',(124.958504884992,-17.0240943726286,7.8));
#13144=CARTESIAN_POINT('Ctrl Pts',(125.149569415761,-17.0240943726286,7.8));
#13145=CARTESIAN_POINT('Ctrl Pts',(125.330835545037,-16.9898009018264,7.8));
#13146=CARTESIAN_POINT('',(124.958504884992,-17.0240943726286,7.3));
#13147=CARTESIAN_POINT('',(124.958504884992,-17.0240943726286,7.8));
#13148=CARTESIAN_POINT('Ctrl Pts',(124.958504884992,-17.0240943726286,7.3));
#13149=CARTESIAN_POINT('Ctrl Pts',(125.149569415761,-17.0240943726286,7.3));
#13150=CARTESIAN_POINT('Ctrl Pts',(125.330835545037,-16.9898009018264,7.3));
#13151=CARTESIAN_POINT('Ctrl Pts',(124.576376010337,-16.9898009018264,7.8));
#13152=CARTESIAN_POINT('Ctrl Pts',(124.576376010337,-16.9898009018264,7.3));
#13153=CARTESIAN_POINT('Ctrl Pts',(124.767440541107,-17.0240943726286,7.8));
#13154=CARTESIAN_POINT('Ctrl Pts',(124.767440541107,-17.0240943726286,7.3));
#13155=CARTESIAN_POINT('Ctrl Pts',(124.958504884992,-17.0240943726286,7.8));
#13156=CARTESIAN_POINT('Ctrl Pts',(124.958504884992,-17.0240943726286,7.3));
#13157=CARTESIAN_POINT('Ctrl Pts',(124.576376010337,-16.9898009018264,7.8));
#13158=CARTESIAN_POINT('Ctrl Pts',(124.767440541107,-17.0240943726286,7.8));
#13159=CARTESIAN_POINT('Ctrl Pts',(124.958504884992,-17.0240943726286,7.8));
#13160=CARTESIAN_POINT('Ctrl Pts',(124.576376010337,-16.9898009018264,7.3));
#13161=CARTESIAN_POINT('Ctrl Pts',(124.767440541107,-17.0240943726286,7.3));
#13162=CARTESIAN_POINT('Ctrl Pts',(124.958504884992,-17.0240943726286,7.3));
#13163=CARTESIAN_POINT('Ctrl Pts',(126.580103142063,-17.1931135279065,7.8));
#13164=CARTESIAN_POINT('Ctrl Pts',(126.580103142063,-17.1931135279065,7.3));
#13165=CARTESIAN_POINT('Ctrl Pts',(126.37924058357,-17.4184719032493,7.8));
#13166=CARTESIAN_POINT('Ctrl Pts',(126.37924058357,-17.4184719032493,7.3));
#13167=CARTESIAN_POINT('Ctrl Pts',(126.119588737425,-17.5654445617229,7.8));
#13168=CARTESIAN_POINT('Ctrl Pts',(126.119588737425,-17.5654445617229,7.3));
#13169=CARTESIAN_POINT('',(126.580103142063,-17.1931135279065,7.8));
#13170=CARTESIAN_POINT('',(126.119588737425,-17.5654445617229,7.8));
#13171=CARTESIAN_POINT('Ctrl Pts',(126.580103142063,-17.1931135279065,7.8));
#13172=CARTESIAN_POINT('Ctrl Pts',(126.37924058357,-17.4184719032493,7.8));
#13173=CARTESIAN_POINT('Ctrl Pts',(126.119588737425,-17.5654445617229,7.8));
#13174=CARTESIAN_POINT('',(126.580103142063,-17.1931135279065,7.3));
#13175=CARTESIAN_POINT('',(126.580103142063,-17.1931135279065,7.8));
#13176=CARTESIAN_POINT('',(126.119588737425,-17.5654445617229,7.3));
#13177=CARTESIAN_POINT('Ctrl Pts',(126.580103142063,-17.1931135279065,7.3));
#13178=CARTESIAN_POINT('Ctrl Pts',(126.37924058357,-17.4184719032493,7.3));
#13179=CARTESIAN_POINT('Ctrl Pts',(126.119588737425,-17.5654445617229,7.3));
#13180=CARTESIAN_POINT('',(126.119588737425,-17.5654445617229,7.8));
#13181=CARTESIAN_POINT('Ctrl Pts',(126.918140331306,-16.6958563324208,7.8));
#13182=CARTESIAN_POINT('Ctrl Pts',(126.918140331306,-16.6958563324208,7.3));
#13183=CARTESIAN_POINT('Ctrl Pts',(126.795663115912,-16.9677559001053,7.8));
#13184=CARTESIAN_POINT('Ctrl Pts',(126.795663115912,-16.9677559001053,7.3));
#13185=CARTESIAN_POINT('Ctrl Pts',(126.580103142063,-17.1931135279065,7.8));
#13186=CARTESIAN_POINT('Ctrl Pts',(126.580103142063,-17.1931135279065,7.3));
#13187=CARTESIAN_POINT('',(126.918140331306,-16.6958563324208,7.8));
#13188=CARTESIAN_POINT('Ctrl Pts',(126.918140331306,-16.6958563324208,7.8));
#13189=CARTESIAN_POINT('Ctrl Pts',(126.795663115912,-16.9677559001053,7.8));
#13190=CARTESIAN_POINT('Ctrl Pts',(126.580103142063,-17.1931135279065,7.8));
#13191=CARTESIAN_POINT('',(126.918140331306,-16.6958563324208,7.3));
#13192=CARTESIAN_POINT('',(126.918140331306,-16.6958563324208,7.8));
#13193=CARTESIAN_POINT('Ctrl Pts',(126.918140331306,-16.6958563324208,7.3));
#13194=CARTESIAN_POINT('Ctrl Pts',(126.795663115912,-16.9677559001053,7.3));
#13195=CARTESIAN_POINT('Ctrl Pts',(126.580103142063,-17.1931135279065,7.3));
#13196=CARTESIAN_POINT('Ctrl Pts',(127.087158739043,-16.1324611416053,7.8));
#13197=CARTESIAN_POINT('Ctrl Pts',(127.087158739043,-16.1324611416053,7.3));
#13198=CARTESIAN_POINT('Ctrl Pts',(127.043066866746,-16.4264064585525,7.8));
#13199=CARTESIAN_POINT('Ctrl Pts',(127.043066866746,-16.4264064585525,7.3));
#13200=CARTESIAN_POINT('Ctrl Pts',(126.918140331306,-16.6958563324208,7.8));
#13201=CARTESIAN_POINT('Ctrl Pts',(126.918140331306,-16.6958563324208,7.3));
#13202=CARTESIAN_POINT('',(127.087158739043,-16.1324611416053,7.8));
#13203=CARTESIAN_POINT('Ctrl Pts',(127.087158739043,-16.1324611416053,7.8));
#13204=CARTESIAN_POINT('Ctrl Pts',(127.043066866746,-16.4264064585525,7.8));
#13205=CARTESIAN_POINT('Ctrl Pts',(126.918140331306,-16.6958563324208,7.8));
#13206=CARTESIAN_POINT('',(127.087158739043,-16.1324611416053,7.3));
#13207=CARTESIAN_POINT('',(127.087158739043,-16.1324611416053,7.8));
#13208=CARTESIAN_POINT('Ctrl Pts',(127.087158739043,-16.1324611416053,7.3));
#13209=CARTESIAN_POINT('Ctrl Pts',(127.043066866746,-16.4264064585525,7.3));
#13210=CARTESIAN_POINT('Ctrl Pts',(126.918140331306,-16.6958563324208,7.3));
#13211=CARTESIAN_POINT('Ctrl Pts',(127.143498332878,-15.5249744522644,7.8));
#13212=CARTESIAN_POINT('Ctrl Pts',(127.143498332878,-15.5249744522644,7.3));
#13213=CARTESIAN_POINT('Ctrl Pts',(127.143498332878,-15.8287177969349,7.8));
#13214=CARTESIAN_POINT('Ctrl Pts',(127.143498332878,-15.8287177969349,7.3));
#13215=CARTESIAN_POINT('Ctrl Pts',(127.087158739043,-16.1324611416053,7.8));
#13216=CARTESIAN_POINT('Ctrl Pts',(127.087158739043,-16.1324611416053,7.3));
#13217=CARTESIAN_POINT('',(127.143498332878,-15.5249744522644,7.8));
#13218=CARTESIAN_POINT('Ctrl Pts',(127.143498332878,-15.5249744522644,7.8));
#13219=CARTESIAN_POINT('Ctrl Pts',(127.143498332878,-15.8287177969349,7.8));
#13220=CARTESIAN_POINT('Ctrl Pts',(127.087158739043,-16.1324611416053,7.8));
#13221=CARTESIAN_POINT('',(127.143498332878,-15.5249744522644,7.3));
#13222=CARTESIAN_POINT('',(127.143498332878,-15.5249744522644,7.8));
#13223=CARTESIAN_POINT('Ctrl Pts',(127.143498332878,-15.5249744522644,7.3));
#13224=CARTESIAN_POINT('Ctrl Pts',(127.143498332878,-15.8287177969349,7.3));
#13225=CARTESIAN_POINT('Ctrl Pts',(127.087158739043,-16.1324611416053,7.3));
#13226=CARTESIAN_POINT('Origin',(127.143498332878,-11.6375477103919,7.8));
#13227=CARTESIAN_POINT('',(127.143498332878,-11.6375477103919,7.8));
#13228=CARTESIAN_POINT('',(127.143498332878,-7.09059530897938,7.8));
#13229=CARTESIAN_POINT('',(127.143498332878,-11.6375477103919,7.3));
#13230=CARTESIAN_POINT('',(127.143498332878,-11.6375477103919,7.8));
#13231=CARTESIAN_POINT('',(127.143498332878,-11.6375477103919,7.3));
#13232=CARTESIAN_POINT('Ctrl Pts',(127.087158739043,-11.0398590487743,7.8));
#13233=CARTESIAN_POINT('Ctrl Pts',(127.087158739043,-11.0398590487743,7.3));
#13234=CARTESIAN_POINT('Ctrl Pts',(127.143498332878,-11.3338043657215,7.8));
#13235=CARTESIAN_POINT('Ctrl Pts',(127.143498332878,-11.3338043657215,7.3));
#13236=CARTESIAN_POINT('Ctrl Pts',(127.143498332878,-11.6375477103919,7.8));
#13237=CARTESIAN_POINT('Ctrl Pts',(127.143498332878,-11.6375477103919,7.3));
#13238=CARTESIAN_POINT('',(127.087158739043,-11.0398590487743,7.8));
#13239=CARTESIAN_POINT('Ctrl Pts',(127.087158739043,-11.0398590487743,7.8));
#13240=CARTESIAN_POINT('Ctrl Pts',(127.143498332878,-11.3338043657215,7.8));
#13241=CARTESIAN_POINT('Ctrl Pts',(127.143498332878,-11.6375477103919,7.8));
#13242=CARTESIAN_POINT('',(127.087158739043,-11.0398590487743,7.3));
#13243=CARTESIAN_POINT('',(127.087158739043,-11.0398590487743,7.8));
#13244=CARTESIAN_POINT('Ctrl Pts',(127.087158739043,-11.0398590487743,7.3));
#13245=CARTESIAN_POINT('Ctrl Pts',(127.143498332878,-11.3338043657215,7.3));
#13246=CARTESIAN_POINT('Ctrl Pts',(127.143498332878,-11.6375477103919,7.3));
#13247=CARTESIAN_POINT('Ctrl Pts',(126.918140331306,-10.4666658302356,7.8));
#13248=CARTESIAN_POINT('Ctrl Pts',(126.918140331306,-10.4666658302356,7.3));
#13249=CARTESIAN_POINT('Ctrl Pts',(127.043067240517,-10.7361157041039,7.8));
#13250=CARTESIAN_POINT('Ctrl Pts',(127.043067240517,-10.7361157041039,7.3));
#13251=CARTESIAN_POINT('Ctrl Pts',(127.087158739043,-11.0398590487743,7.8));
#13252=CARTESIAN_POINT('Ctrl Pts',(127.087158739043,-11.0398590487743,7.3));
#13253=CARTESIAN_POINT('',(126.918140331306,-10.4666658302356,7.8));
#13254=CARTESIAN_POINT('Ctrl Pts',(126.918140331306,-10.4666658302356,7.8));
#13255=CARTESIAN_POINT('Ctrl Pts',(127.043067240517,-10.7361157041039,7.8));
#13256=CARTESIAN_POINT('Ctrl Pts',(127.087158739043,-11.0398590487743,7.8));
#13257=CARTESIAN_POINT('',(126.918140331306,-10.4666658302356,7.3));
#13258=CARTESIAN_POINT('',(126.918140331306,-10.4666658302356,7.8));
#13259=CARTESIAN_POINT('Ctrl Pts',(126.918140331306,-10.4666658302356,7.3));
#13260=CARTESIAN_POINT('Ctrl Pts',(127.043067240517,-10.7361157041039,7.3));
#13261=CARTESIAN_POINT('Ctrl Pts',(127.087158739043,-11.0398590487743,7.3));
#13262=CARTESIAN_POINT('Ctrl Pts',(126.580103142063,-9.96940826097909,7.8));
#13263=CARTESIAN_POINT('Ctrl Pts',(126.580103142063,-9.96940826097909,7.3));
#13264=CARTESIAN_POINT('Ctrl Pts',(126.795663115912,-10.1947662625511,7.8));
#13265=CARTESIAN_POINT('Ctrl Pts',(126.795663115912,-10.1947662625511,7.3));
#13266=CARTESIAN_POINT('Ctrl Pts',(126.918140331306,-10.4666658302356,7.8));
#13267=CARTESIAN_POINT('Ctrl Pts',(126.918140331306,-10.4666658302356,7.3));
#13268=CARTESIAN_POINT('',(126.580103142063,-9.96940826097909,7.8));
#13269=CARTESIAN_POINT('Ctrl Pts',(126.580103142063,-9.96940826097909,7.8));
#13270=CARTESIAN_POINT('Ctrl Pts',(126.795663115912,-10.1947662625511,7.8));
#13271=CARTESIAN_POINT('Ctrl Pts',(126.918140331306,-10.4666658302356,7.8));
#13272=CARTESIAN_POINT('',(126.580103142063,-9.96940826097909,7.3));
#13273=CARTESIAN_POINT('',(126.580103142063,-9.96940826097909,7.8));
#13274=CARTESIAN_POINT('Ctrl Pts',(126.580103142063,-9.96940826097909,7.3));
#13275=CARTESIAN_POINT('Ctrl Pts',(126.795663115912,-10.1947662625511,7.3));
#13276=CARTESIAN_POINT('Ctrl Pts',(126.918140331306,-10.4666658302356,7.3));
#13277=CARTESIAN_POINT('Ctrl Pts',(126.119588737425,-9.60932532247293,7.8));
#13278=CARTESIAN_POINT('Ctrl Pts',(126.119588737425,-9.60932532247293,7.3));
#13279=CARTESIAN_POINT('Ctrl Pts',(126.37924058357,-9.74405025940707,7.8));
#13280=CARTESIAN_POINT('Ctrl Pts',(126.37924058357,-9.74405025940707,7.3));
#13281=CARTESIAN_POINT('Ctrl Pts',(126.580103142063,-9.96940826097909,7.8));
#13282=CARTESIAN_POINT('Ctrl Pts',(126.580103142063,-9.96940826097909,7.3));
#13283=CARTESIAN_POINT('',(126.119588737425,-9.60932532247293,7.8));
#13284=CARTESIAN_POINT('Ctrl Pts',(126.119588737425,-9.60932532247293,7.8));
#13285=CARTESIAN_POINT('Ctrl Pts',(126.37924058357,-9.74405025940707,7.8));
#13286=CARTESIAN_POINT('Ctrl Pts',(126.580103142063,-9.96940826097909,7.8));
#13287=CARTESIAN_POINT('',(126.119588737425,-9.60932532247293,7.3));
#13288=CARTESIAN_POINT('',(126.119588737425,-9.60932532247293,7.8));
#13289=CARTESIAN_POINT('Ctrl Pts',(126.119588737425,-9.60932532247293,7.3));
#13290=CARTESIAN_POINT('Ctrl Pts',(126.37924058357,-9.74405025940707,7.3));
#13291=CARTESIAN_POINT('Ctrl Pts',(126.580103142063,-9.96940826097909,7.3));
#13292=CARTESIAN_POINT('Ctrl Pts',(125.556193546609,-9.40601307016363,7.8));
#13293=CARTESIAN_POINT('Ctrl Pts',(125.556193546609,-9.40601307016363,7.3));
#13294=CARTESIAN_POINT('Ctrl Pts',(125.85993689128,-9.46235266399934,7.8));
#13295=CARTESIAN_POINT('Ctrl Pts',(125.85993689128,-9.46235266399934,7.3));
#13296=CARTESIAN_POINT('Ctrl Pts',(126.119588737425,-9.60932532247293,7.8));
#13297=CARTESIAN_POINT('Ctrl Pts',(126.119588737425,-9.60932532247293,7.3));
#13298=CARTESIAN_POINT('',(125.556193546609,-9.40601307016363,7.8));
#13299=CARTESIAN_POINT('Ctrl Pts',(125.556193546609,-9.40601307016363,7.8));
#13300=CARTESIAN_POINT('Ctrl Pts',(125.85993689128,-9.46235266399934,7.8));
#13301=CARTESIAN_POINT('Ctrl Pts',(126.119588737425,-9.60932532247293,7.8));
#13302=CARTESIAN_POINT('',(125.556193546609,-9.40601307016363,7.3));
#13303=CARTESIAN_POINT('',(125.556193546609,-9.40601307016363,7.8));
#13304=CARTESIAN_POINT('Ctrl Pts',(125.556193546609,-9.40601307016363,7.3));
#13305=CARTESIAN_POINT('Ctrl Pts',(125.85993689128,-9.46235266399934,7.3));
#13306=CARTESIAN_POINT('Ctrl Pts',(126.119588737425,-9.60932532247293,7.3));
#13307=CARTESIAN_POINT('Ctrl Pts',(124.958504884992,-9.34967347632793,7.8));
#13308=CARTESIAN_POINT('Ctrl Pts',(124.958504884992,-9.34967347632793,7.3));
#13309=CARTESIAN_POINT('Ctrl Pts',(125.262248229662,-9.34967347632793,7.8));
#13310=CARTESIAN_POINT('Ctrl Pts',(125.262248229662,-9.34967347632793,7.3));
#13311=CARTESIAN_POINT('Ctrl Pts',(125.556193546609,-9.40601307016363,7.8));
#13312=CARTESIAN_POINT('Ctrl Pts',(125.556193546609,-9.40601307016363,7.3));
#13313=CARTESIAN_POINT('',(124.958504884992,-9.34967347632793,7.8));
#13314=CARTESIAN_POINT('Ctrl Pts',(124.958504884992,-9.34967347632793,7.8));
#13315=CARTESIAN_POINT('Ctrl Pts',(125.262248229662,-9.34967347632793,7.8));
#13316=CARTESIAN_POINT('Ctrl Pts',(125.556193546609,-9.40601307016363,7.8));
#13317=CARTESIAN_POINT('',(124.958504884992,-9.34967347632793,7.3));
#13318=CARTESIAN_POINT('',(124.958504884992,-9.34967347632793,7.8));
#13319=CARTESIAN_POINT('Ctrl Pts',(124.958504884992,-9.34967347632793,7.3));
#13320=CARTESIAN_POINT('Ctrl Pts',(125.262248229662,-9.34967347632793,7.3));
#13321=CARTESIAN_POINT('Ctrl Pts',(125.556193546609,-9.40601307016363,7.3));
#13322=CARTESIAN_POINT('Ctrl Pts',(124.35101782188,-9.40601307016363,7.8));
#13323=CARTESIAN_POINT('Ctrl Pts',(124.35101782188,-9.40601307016363,7.3));
#13324=CARTESIAN_POINT('Ctrl Pts',(124.654761353436,-9.34967347632793,7.8));
#13325=CARTESIAN_POINT('Ctrl Pts',(124.654761353436,-9.34967347632793,7.3));
#13326=CARTESIAN_POINT('Ctrl Pts',(124.958504884992,-9.34967347632793,7.8));
#13327=CARTESIAN_POINT('Ctrl Pts',(124.958504884992,-9.34967347632793,7.3));
#13328=CARTESIAN_POINT('',(124.35101782188,-9.40601307016363,7.8));
#13329=CARTESIAN_POINT('Ctrl Pts',(124.35101782188,-9.40601307016363,7.8));
#13330=CARTESIAN_POINT('Ctrl Pts',(124.654761353436,-9.34967347632793,7.8));
#13331=CARTESIAN_POINT('Ctrl Pts',(124.958504884992,-9.34967347632793,7.8));
#13332=CARTESIAN_POINT('',(124.35101782188,-9.40601307016363,7.3));
#13333=CARTESIAN_POINT('',(124.35101782188,-9.40601307016363,7.8));
#13334=CARTESIAN_POINT('Ctrl Pts',(124.35101782188,-9.40601307016363,7.3));
#13335=CARTESIAN_POINT('Ctrl Pts',(124.654761353436,-9.34967347632793,7.3));
#13336=CARTESIAN_POINT('Ctrl Pts',(124.958504884992,-9.34967347632793,7.3));
#13337=CARTESIAN_POINT('Ctrl Pts',(123.797420845673,-9.60932532247293,7.8));
#13338=CARTESIAN_POINT('Ctrl Pts',(123.797420845673,-9.60932532247293,7.3));
#13339=CARTESIAN_POINT('Ctrl Pts',(124.057072504933,-9.46235266399934,7.8));
#13340=CARTESIAN_POINT('Ctrl Pts',(124.057072504933,-9.46235266399934,7.3));
#13341=CARTESIAN_POINT('Ctrl Pts',(124.35101782188,-9.40601307016363,7.8));
#13342=CARTESIAN_POINT('Ctrl Pts',(124.35101782188,-9.40601307016363,7.3));
#13343=CARTESIAN_POINT('',(123.797420845673,-9.60932532247293,7.8));
#13344=CARTESIAN_POINT('Ctrl Pts',(123.797420845673,-9.60932532247293,7.8));
#13345=CARTESIAN_POINT('Ctrl Pts',(124.057072504933,-9.46235266399934,7.8));
#13346=CARTESIAN_POINT('Ctrl Pts',(124.35101782188,-9.40601307016363,7.8));
#13347=CARTESIAN_POINT('',(123.797420845673,-9.60932532247293,7.3));
#13348=CARTESIAN_POINT('',(123.797420845673,-9.60932532247293,7.8));
#13349=CARTESIAN_POINT('Ctrl Pts',(123.797420845673,-9.60932532247293,7.3));
#13350=CARTESIAN_POINT('Ctrl Pts',(124.057072504933,-9.46235266399934,7.3));
#13351=CARTESIAN_POINT('Ctrl Pts',(124.35101782188,-9.40601307016363,7.3));
#13352=CARTESIAN_POINT('Ctrl Pts',(123.324658812938,-9.96940826097909,7.8));
#13353=CARTESIAN_POINT('Ctrl Pts',(123.324658812938,-9.96940826097909,7.3));
#13354=CARTESIAN_POINT('Ctrl Pts',(123.537769186413,-9.74405025940707,7.8));
#13355=CARTESIAN_POINT('Ctrl Pts',(123.537769186413,-9.74405025940707,7.3));
#13356=CARTESIAN_POINT('Ctrl Pts',(123.797420845673,-9.60932532247293,7.8));
#13357=CARTESIAN_POINT('Ctrl Pts',(123.797420845673,-9.60932532247293,7.3));
#13358=CARTESIAN_POINT('',(123.324658812938,-9.96940826097909,7.8));
#13359=CARTESIAN_POINT('Ctrl Pts',(123.324658812938,-9.96940826097909,7.8));
#13360=CARTESIAN_POINT('Ctrl Pts',(123.537769186413,-9.74405025940707,7.8));
#13361=CARTESIAN_POINT('Ctrl Pts',(123.797420845673,-9.60932532247293,7.8));
#13362=CARTESIAN_POINT('',(123.324658812938,-9.96940826097909,7.3));
#13363=CARTESIAN_POINT('',(123.324658812938,-9.96940826097909,7.8));
#13364=CARTESIAN_POINT('Ctrl Pts',(123.324658812938,-9.96940826097909,7.3));
#13365=CARTESIAN_POINT('Ctrl Pts',(123.537769186413,-9.74405025940707,7.3));
#13366=CARTESIAN_POINT('Ctrl Pts',(123.797420845673,-9.60932532247293,7.3));
#13367=CARTESIAN_POINT('Ctrl Pts',(122.998869438677,-10.4666658302356,7.8));
#13368=CARTESIAN_POINT('Ctrl Pts',(122.998869438677,-10.4666658302356,7.3));
#13369=CARTESIAN_POINT('Ctrl Pts',(123.121346654072,-10.1947662625511,7.8));
#13370=CARTESIAN_POINT('Ctrl Pts',(123.121346654072,-10.1947662625511,7.3));
#13371=CARTESIAN_POINT('Ctrl Pts',(123.324658812938,-9.96940826097909,7.8));
#13372=CARTESIAN_POINT('Ctrl Pts',(123.324658812938,-9.96940826097909,7.3));
#13373=CARTESIAN_POINT('',(122.998869438677,-10.4666658302356,7.8));
#13374=CARTESIAN_POINT('Ctrl Pts',(122.998869438677,-10.4666658302356,7.8));
#13375=CARTESIAN_POINT('Ctrl Pts',(123.121346654072,-10.1947662625511,7.8));
#13376=CARTESIAN_POINT('Ctrl Pts',(123.324658812938,-9.96940826097909,7.8));
#13377=CARTESIAN_POINT('',(122.998869438677,-10.4666658302356,7.3));
#13378=CARTESIAN_POINT('',(122.998869438677,-10.4666658302356,7.8));
#13379=CARTESIAN_POINT('Ctrl Pts',(122.998869438677,-10.4666658302356,7.3));
#13380=CARTESIAN_POINT('Ctrl Pts',(123.121346654072,-10.1947662625511,7.3));
#13381=CARTESIAN_POINT('Ctrl Pts',(123.324658812938,-9.96940826097909,7.3));
#13382=CARTESIAN_POINT('Ctrl Pts',(122.817603122516,-11.0398590487743,7.8));
#13383=CARTESIAN_POINT('Ctrl Pts',(122.817603122516,-11.0398590487743,7.3));
#13384=CARTESIAN_POINT('Ctrl Pts',(122.873942622909,-10.7361157041039,7.8));
#13385=CARTESIAN_POINT('Ctrl Pts',(122.873942622909,-10.7361157041039,7.3));
#13386=CARTESIAN_POINT('Ctrl Pts',(122.998869438677,-10.4666658302356,7.8));
#13387=CARTESIAN_POINT('Ctrl Pts',(122.998869438677,-10.4666658302356,7.3));
#13388=CARTESIAN_POINT('',(122.817603122516,-11.0398590487743,7.8));
#13389=CARTESIAN_POINT('Ctrl Pts',(122.817603122516,-11.0398590487743,7.8));
#13390=CARTESIAN_POINT('Ctrl Pts',(122.873942622909,-10.7361157041039,7.8));
#13391=CARTESIAN_POINT('Ctrl Pts',(122.998869438677,-10.4666658302356,7.8));
#13392=CARTESIAN_POINT('',(122.817603122516,-11.0398590487743,7.3));
#13393=CARTESIAN_POINT('',(122.817603122516,-11.0398590487743,7.8));
#13394=CARTESIAN_POINT('Ctrl Pts',(122.817603122516,-11.0398590487743,7.3));
#13395=CARTESIAN_POINT('Ctrl Pts',(122.873942622909,-10.7361157041039,7.3));
#13396=CARTESIAN_POINT('Ctrl Pts',(122.998869438677,-10.4666658302356,7.3));
#13397=CARTESIAN_POINT('Ctrl Pts',(122.773511343662,-11.6375477103919,7.8));
#13398=CARTESIAN_POINT('Ctrl Pts',(122.773511343662,-11.6375477103919,7.3));
#13399=CARTESIAN_POINT('Ctrl Pts',(122.773511343662,-11.3338043657215,7.8));
#13400=CARTESIAN_POINT('Ctrl Pts',(122.773511343662,-11.3338043657215,7.3));
#13401=CARTESIAN_POINT('Ctrl Pts',(122.817603122516,-11.0398590487743,7.8));
#13402=CARTESIAN_POINT('Ctrl Pts',(122.817603122516,-11.0398590487743,7.3));
#13403=CARTESIAN_POINT('',(122.773511343662,-11.6375477103919,7.8));
#13404=CARTESIAN_POINT('Ctrl Pts',(122.773511343662,-11.6375477103919,7.8));
#13405=CARTESIAN_POINT('Ctrl Pts',(122.773511343662,-11.3338043657215,7.8));
#13406=CARTESIAN_POINT('Ctrl Pts',(122.817603122516,-11.0398590487743,7.8));
#13407=CARTESIAN_POINT('',(122.773511343662,-11.6375477103919,7.3));
#13408=CARTESIAN_POINT('',(122.773511343662,-11.6375477103919,7.8));
#13409=CARTESIAN_POINT('Ctrl Pts',(122.773511343662,-11.6375477103919,7.3));
#13410=CARTESIAN_POINT('Ctrl Pts',(122.773511343662,-11.3338043657215,7.3));
#13411=CARTESIAN_POINT('Ctrl Pts',(122.817603122516,-11.0398590487743,7.3));
#13412=CARTESIAN_POINT('Origin',(122.773511343662,-15.5249744522644,7.8));
#13413=CARTESIAN_POINT('',(122.773511343662,-15.5249744522644,7.8));
#13414=CARTESIAN_POINT('',(122.773511343662,-9.03430867991563,7.8));
#13415=CARTESIAN_POINT('',(122.773511343662,-15.5249744522644,7.3));
#13416=CARTESIAN_POINT('',(122.773511343662,-15.5249744522644,7.8));
#13417=CARTESIAN_POINT('',(122.773511343662,-15.5249744522644,7.3));
#13418=CARTESIAN_POINT('Ctrl Pts',(122.817603122516,-16.1324611416053,7.8));
#13419=CARTESIAN_POINT('Ctrl Pts',(122.817603122516,-16.1324611416053,7.3));
#13420=CARTESIAN_POINT('Ctrl Pts',(122.773511343662,-15.8287177969349,7.8));
#13421=CARTESIAN_POINT('Ctrl Pts',(122.773511343662,-15.8287177969349,7.3));
#13422=CARTESIAN_POINT('Ctrl Pts',(122.773511343662,-15.5249744522644,7.8));
#13423=CARTESIAN_POINT('Ctrl Pts',(122.773511343662,-15.5249744522644,7.3));
#13424=CARTESIAN_POINT('',(122.817603122516,-16.1324611416053,7.8));
#13425=CARTESIAN_POINT('Ctrl Pts',(122.817603122516,-16.1324611416053,7.8));
#13426=CARTESIAN_POINT('Ctrl Pts',(122.773511343662,-15.8287177969349,7.8));
#13427=CARTESIAN_POINT('Ctrl Pts',(122.773511343662,-15.5249744522644,7.8));
#13428=CARTESIAN_POINT('',(122.817603122516,-16.1324611416053,7.3));
#13429=CARTESIAN_POINT('',(122.817603122516,-16.1324611416053,7.8));
#13430=CARTESIAN_POINT('Ctrl Pts',(122.817603122516,-16.1324611416053,7.3));
#13431=CARTESIAN_POINT('Ctrl Pts',(122.773511343662,-15.8287177969349,7.3));
#13432=CARTESIAN_POINT('Ctrl Pts',(122.773511343662,-15.5249744522644,7.3));
#13433=CARTESIAN_POINT('Ctrl Pts',(122.998869438677,-16.6958563324208,7.8));
#13434=CARTESIAN_POINT('Ctrl Pts',(122.998869438677,-16.6958563324208,7.3));
#13435=CARTESIAN_POINT('Ctrl Pts',(122.873942716351,-16.4264064585525,7.8));
#13436=CARTESIAN_POINT('Ctrl Pts',(122.873942716351,-16.4264064585525,7.3));
#13437=CARTESIAN_POINT('Ctrl Pts',(122.817603122516,-16.1324611416053,7.8));
#13438=CARTESIAN_POINT('Ctrl Pts',(122.817603122516,-16.1324611416053,7.3));
#13439=CARTESIAN_POINT('',(122.998869438677,-16.6958563324208,7.8));
#13440=CARTESIAN_POINT('Ctrl Pts',(122.998869438677,-16.6958563324208,7.8));
#13441=CARTESIAN_POINT('Ctrl Pts',(122.873942716351,-16.4264064585525,7.8));
#13442=CARTESIAN_POINT('Ctrl Pts',(122.817603122516,-16.1324611416053,7.8));
#13443=CARTESIAN_POINT('',(122.998869438677,-16.6958563324208,7.3));
#13444=CARTESIAN_POINT('',(122.998869438677,-16.6958563324208,7.8));
#13445=CARTESIAN_POINT('Ctrl Pts',(122.998869438677,-16.6958563324208,7.3));
#13446=CARTESIAN_POINT('Ctrl Pts',(122.873942716351,-16.4264064585525,7.3));
#13447=CARTESIAN_POINT('Ctrl Pts',(122.817603122516,-16.1324611416053,7.3));
#13448=CARTESIAN_POINT('Ctrl Pts',(123.324658812938,-17.1931135279065,7.8));
#13449=CARTESIAN_POINT('Ctrl Pts',(123.324658812938,-17.1931135279065,7.3));
#13450=CARTESIAN_POINT('Ctrl Pts',(123.121346654072,-16.9677551525637,7.8));
#13451=CARTESIAN_POINT('Ctrl Pts',(123.121346654072,-16.9677551525637,7.3));
#13452=CARTESIAN_POINT('Ctrl Pts',(122.998869438677,-16.6958563324208,7.8));
#13453=CARTESIAN_POINT('Ctrl Pts',(122.998869438677,-16.6958563324208,7.3));
#13454=CARTESIAN_POINT('',(123.324658812938,-17.1931135279065,7.8));
#13455=CARTESIAN_POINT('Ctrl Pts',(123.324658812938,-17.1931135279065,7.8));
#13456=CARTESIAN_POINT('Ctrl Pts',(123.121346654072,-16.9677551525637,7.8));
#13457=CARTESIAN_POINT('Ctrl Pts',(122.998869438677,-16.6958563324208,7.8));
#13458=CARTESIAN_POINT('',(123.324658812938,-17.1931135279065,7.3));
#13459=CARTESIAN_POINT('',(123.324658812938,-17.1931135279065,7.8));
#13460=CARTESIAN_POINT('Ctrl Pts',(123.324658812938,-17.1931135279065,7.3));
#13461=CARTESIAN_POINT('Ctrl Pts',(123.121346654072,-16.9677551525637,7.3));
#13462=CARTESIAN_POINT('Ctrl Pts',(122.998869438677,-16.6958563324208,7.3));
#13463=CARTESIAN_POINT('Ctrl Pts',(123.797420845673,-17.5654445617229,7.8));
#13464=CARTESIAN_POINT('Ctrl Pts',(123.797420845673,-17.5654445617229,7.3));
#13465=CARTESIAN_POINT('Ctrl Pts',(123.537769186413,-17.4184719032493,7.8));
#13466=CARTESIAN_POINT('Ctrl Pts',(123.537769186413,-17.4184719032493,7.3));
#13467=CARTESIAN_POINT('Ctrl Pts',(123.324658812938,-17.1931135279065,7.8));
#13468=CARTESIAN_POINT('Ctrl Pts',(123.324658812938,-17.1931135279065,7.3));
#13469=CARTESIAN_POINT('',(123.797420845673,-17.5654445617229,7.8));
#13470=CARTESIAN_POINT('Ctrl Pts',(123.797420845673,-17.5654445617229,7.8));
#13471=CARTESIAN_POINT('Ctrl Pts',(123.537769186413,-17.4184719032493,7.8));
#13472=CARTESIAN_POINT('Ctrl Pts',(123.324658812938,-17.1931135279065,7.8));
#13473=CARTESIAN_POINT('',(123.797420845673,-17.5654445617229,7.3));
#13474=CARTESIAN_POINT('',(123.797420845673,-17.5654445617229,7.8));
#13475=CARTESIAN_POINT('Ctrl Pts',(123.797420845673,-17.5654445617229,7.3));
#13476=CARTESIAN_POINT('Ctrl Pts',(123.537769186413,-17.4184719032493,7.3));
#13477=CARTESIAN_POINT('Ctrl Pts',(123.324658812938,-17.1931135279065,7.3));
#13478=CARTESIAN_POINT('Ctrl Pts',(124.35101782188,-17.756508718722,7.8));
#13479=CARTESIAN_POINT('Ctrl Pts',(124.35101782188,-17.756508718722,7.3));
#13480=CARTESIAN_POINT('Ctrl Pts',(124.057072504933,-17.7001694986571,7.8));
#13481=CARTESIAN_POINT('Ctrl Pts',(124.057072504933,-17.7001694986571,7.3));
#13482=CARTESIAN_POINT('Ctrl Pts',(123.797420845673,-17.5654445617229,7.8));
#13483=CARTESIAN_POINT('Ctrl Pts',(123.797420845673,-17.5654445617229,7.3));
#13484=CARTESIAN_POINT('',(124.35101782188,-17.756508718722,7.8));
#13485=CARTESIAN_POINT('Ctrl Pts',(124.35101782188,-17.756508718722,7.8));
#13486=CARTESIAN_POINT('Ctrl Pts',(124.057072504933,-17.7001694986571,7.8));
#13487=CARTESIAN_POINT('Ctrl Pts',(123.797420845673,-17.5654445617229,7.8));
#13488=CARTESIAN_POINT('',(124.35101782188,-17.756508718722,7.3));
#13489=CARTESIAN_POINT('',(124.35101782188,-17.756508718722,7.8));
#13490=CARTESIAN_POINT('Ctrl Pts',(124.35101782188,-17.756508718722,7.3));
#13491=CARTESIAN_POINT('Ctrl Pts',(124.057072504933,-17.7001694986571,7.3));
#13492=CARTESIAN_POINT('Ctrl Pts',(123.797420845673,-17.5654445617229,7.3));
#13493=CARTESIAN_POINT('Ctrl Pts',(124.958504884992,-17.8128479387869,7.8));
#13494=CARTESIAN_POINT('Ctrl Pts',(124.958504884992,-17.8128479387869,7.3));
#13495=CARTESIAN_POINT('Ctrl Pts',(124.654761353436,-17.8128479387869,7.8));
#13496=CARTESIAN_POINT('Ctrl Pts',(124.654761353436,-17.8128479387869,7.3));
#13497=CARTESIAN_POINT('Ctrl Pts',(124.35101782188,-17.756508718722,7.8));
#13498=CARTESIAN_POINT('Ctrl Pts',(124.35101782188,-17.756508718722,7.3));
#13499=CARTESIAN_POINT('',(124.958504884992,-17.8128479387869,7.8));
#13500=CARTESIAN_POINT('Ctrl Pts',(124.958504884992,-17.8128479387869,7.8));
#13501=CARTESIAN_POINT('Ctrl Pts',(124.654761353436,-17.8128479387869,7.8));
#13502=CARTESIAN_POINT('Ctrl Pts',(124.35101782188,-17.756508718722,7.8));
#13503=CARTESIAN_POINT('',(124.958504884992,-17.8128479387869,7.3));
#13504=CARTESIAN_POINT('',(124.958504884992,-17.8128479387869,7.8));
#13505=CARTESIAN_POINT('Ctrl Pts',(124.958504884992,-17.8128479387869,7.3));
#13506=CARTESIAN_POINT('Ctrl Pts',(124.654761353436,-17.8128479387869,7.3));
#13507=CARTESIAN_POINT('Ctrl Pts',(124.35101782188,-17.756508718722,7.3));
#13508=CARTESIAN_POINT('Ctrl Pts',(125.556193546609,-17.756508718722,7.8));
#13509=CARTESIAN_POINT('Ctrl Pts',(125.556193546609,-17.756508718722,7.3));
#13510=CARTESIAN_POINT('Ctrl Pts',(125.262248229662,-17.8128479387869,7.8));
#13511=CARTESIAN_POINT('Ctrl Pts',(125.262248229662,-17.8128479387869,7.3));
#13512=CARTESIAN_POINT('Ctrl Pts',(124.958504884992,-17.8128479387869,7.8));
#13513=CARTESIAN_POINT('Ctrl Pts',(124.958504884992,-17.8128479387869,7.3));
#13514=CARTESIAN_POINT('',(125.556193546609,-17.756508718722,7.8));
#13515=CARTESIAN_POINT('Ctrl Pts',(125.556193546609,-17.756508718722,7.8));
#13516=CARTESIAN_POINT('Ctrl Pts',(125.262248229662,-17.8128479387869,7.8));
#13517=CARTESIAN_POINT('Ctrl Pts',(124.958504884992,-17.8128479387869,7.8));
#13518=CARTESIAN_POINT('',(125.556193546609,-17.756508718722,7.3));
#13519=CARTESIAN_POINT('',(125.556193546609,-17.756508718722,7.8));
#13520=CARTESIAN_POINT('Ctrl Pts',(125.556193546609,-17.756508718722,7.3));
#13521=CARTESIAN_POINT('Ctrl Pts',(125.262248229662,-17.8128479387869,7.3));
#13522=CARTESIAN_POINT('Ctrl Pts',(124.958504884992,-17.8128479387869,7.3));
#13523=CARTESIAN_POINT('Ctrl Pts',(126.119588737425,-17.5654445617229,7.8));
#13524=CARTESIAN_POINT('Ctrl Pts',(126.119588737425,-17.5654445617229,7.3));
#13525=CARTESIAN_POINT('Ctrl Pts',(125.85993689128,-17.7001694986571,7.8));
#13526=CARTESIAN_POINT('Ctrl Pts',(125.85993689128,-17.7001694986571,7.3));
#13527=CARTESIAN_POINT('Ctrl Pts',(125.556193546609,-17.756508718722,7.8));
#13528=CARTESIAN_POINT('Ctrl Pts',(125.556193546609,-17.756508718722,7.3));
#13529=CARTESIAN_POINT('Ctrl Pts',(126.119588737425,-17.5654445617229,7.8));
#13530=CARTESIAN_POINT('Ctrl Pts',(125.85993689128,-17.7001694986571,7.8));
#13531=CARTESIAN_POINT('Ctrl Pts',(125.556193546609,-17.756508718722,7.8));
#13532=CARTESIAN_POINT('Ctrl Pts',(126.119588737425,-17.5654445617229,7.3));
#13533=CARTESIAN_POINT('Ctrl Pts',(125.85993689128,-17.7001694986571,7.3));
#13534=CARTESIAN_POINT('Ctrl Pts',(125.556193546609,-17.756508718722,7.3));
#13535=CARTESIAN_POINT('Origin',(124.95850483827,-13.5812607075574,7.3));
#13536=CARTESIAN_POINT('Origin',(142.298829638601,-10.2290578644993,7.8));
#13537=CARTESIAN_POINT('',(142.298829638601,-10.2290578644993,7.8));
#13538=CARTESIAN_POINT('',(142.298829638601,-16.9334609342199,7.8));
#13539=CARTESIAN_POINT('',(142.298829638601,-6.38635038603305,7.8));
#13540=CARTESIAN_POINT('',(142.298829638601,-10.2290578644993,7.3));
#13541=CARTESIAN_POINT('',(142.298829638601,-10.2290578644993,7.8));
#13542=CARTESIAN_POINT('',(142.298829638601,-16.9334609342199,7.3));
#13543=CARTESIAN_POINT('',(142.298829638601,-10.2290578644993,7.3));
#13544=CARTESIAN_POINT('',(142.298829638601,-16.9334609342199,7.8));
#13545=CARTESIAN_POINT('Origin',(143.832243777309,-10.2290578644993,7.8));
#13546=CARTESIAN_POINT('',(143.832243777309,-10.2290578644993,7.8));
#13547=CARTESIAN_POINT('',(70.6266638522048,-10.2290578644993,7.8));
#13548=CARTESIAN_POINT('',(143.832243777309,-10.2290578644993,7.3));
#13549=CARTESIAN_POINT('',(143.832243777309,-10.2290578644993,7.8));
#13550=CARTESIAN_POINT('',(143.832243777309,-10.2290578644993,7.3));
#13551=CARTESIAN_POINT('Origin',(143.832243777309,-9.44030467211182,7.8));
#13552=CARTESIAN_POINT('',(143.832243777309,-9.44030467211182,7.8));
#13553=CARTESIAN_POINT('',(143.832243777309,-5.99197378983931,7.8));
#13554=CARTESIAN_POINT('',(143.832243777309,-9.44030467211182,7.3));
#13555=CARTESIAN_POINT('',(143.832243777309,-9.44030467211182,7.8));
#13556=CARTESIAN_POINT('',(143.832243777309,-9.44030467211182,7.3));
#13557=CARTESIAN_POINT('Origin',(139.888477441601,-9.44030467211182,7.8));
#13558=CARTESIAN_POINT('',(139.888477441601,-9.44030467211182,7.8));
#13559=CARTESIAN_POINT('',(68.6547806843507,-9.44030467211182,7.8));
#13560=CARTESIAN_POINT('',(139.888477441601,-9.44030467211182,7.3));
#13561=CARTESIAN_POINT('',(139.888477441601,-9.44030467211182,7.8));
#13562=CARTESIAN_POINT('',(139.888477441601,-9.44030467211182,7.3));
#13563=CARTESIAN_POINT('Origin',(139.888477441601,-10.2290578644993,7.8));
#13564=CARTESIAN_POINT('',(139.888477441601,-10.2290578644993,7.8));
#13565=CARTESIAN_POINT('',(139.888477441601,-6.38635038603305,7.8));
#13566=CARTESIAN_POINT('',(139.888477441601,-10.2290578644993,7.3));
#13567=CARTESIAN_POINT('',(139.888477441601,-10.2290578644993,7.8));
#13568=CARTESIAN_POINT('',(139.888477441601,-10.2290578644993,7.3));
#13569=CARTESIAN_POINT('Origin',(141.419442634035,-10.2290578644993,7.8));
#13570=CARTESIAN_POINT('',(141.419442634035,-10.2290578644993,7.8));
#13571=CARTESIAN_POINT('',(69.4202632805674,-10.2290578644993,7.8));
#13572=CARTESIAN_POINT('',(141.419442634035,-10.2290578644993,7.3));
#13573=CARTESIAN_POINT('',(141.419442634035,-10.2290578644993,7.8));
#13574=CARTESIAN_POINT('',(141.419442634035,-10.2290578644993,7.3));
#13575=CARTESIAN_POINT('Origin',(141.419442634035,-16.9334609342199,7.8));
#13576=CARTESIAN_POINT('',(141.419442634035,-16.9334609342199,7.8));
#13577=CARTESIAN_POINT('',(141.419442634035,-9.73855192089335,7.8));
#13578=CARTESIAN_POINT('',(141.419442634035,-16.9334609342199,7.3));
#13579=CARTESIAN_POINT('',(141.419442634035,-16.9334609342199,7.8));
#13580=CARTESIAN_POINT('',(141.419442634035,-16.9334609342199,7.3));
#13581=CARTESIAN_POINT('Origin',(139.888477441601,-16.9334609342199,7.8));
#13582=CARTESIAN_POINT('',(139.888477441601,-16.9334609342199,7.8));
#13583=CARTESIAN_POINT('',(68.6547806843507,-16.9334609342199,7.8));
#13584=CARTESIAN_POINT('',(139.888477441601,-16.9334609342199,7.3));
#13585=CARTESIAN_POINT('',(139.888477441601,-16.9334609342199,7.8));
#13586=CARTESIAN_POINT('',(139.888477441601,-16.9334609342199,7.3));
#13587=CARTESIAN_POINT('Origin',(139.888477441601,-17.7222145003782,7.8));
#13588=CARTESIAN_POINT('',(139.888477441601,-17.7222145003782,7.8));
#13589=CARTESIAN_POINT('',(139.888477441601,-10.1329287039725,7.8));
#13590=CARTESIAN_POINT('',(139.888477441601,-17.7222145003782,7.3));
#13591=CARTESIAN_POINT('',(139.888477441601,-17.7222145003782,7.8));
#13592=CARTESIAN_POINT('',(139.888477441601,-17.7222145003782,7.3));
#13593=CARTESIAN_POINT('Origin',(143.832243777309,-17.7222145003782,7.8));
#13594=CARTESIAN_POINT('',(143.832243777309,-17.7222145003782,7.8));
#13595=CARTESIAN_POINT('',(70.6266638522048,-17.7222145003782,7.8));
#13596=CARTESIAN_POINT('',(143.832243777309,-17.7222145003782,7.3));
#13597=CARTESIAN_POINT('',(143.832243777309,-17.7222145003782,7.8));
#13598=CARTESIAN_POINT('',(143.832243777309,-17.7222145003782,7.3));
#13599=CARTESIAN_POINT('Origin',(143.832243777309,-16.9334609342199,7.8));
#13600=CARTESIAN_POINT('',(143.832243777309,-16.9334609342199,7.8));
#13601=CARTESIAN_POINT('',(143.832243777309,-9.73855192089335,7.8));
#13602=CARTESIAN_POINT('',(143.832243777309,-16.9334609342199,7.3));
#13603=CARTESIAN_POINT('',(143.832243777309,-16.9334609342199,7.8));
#13604=CARTESIAN_POINT('',(143.832243777309,-16.9334609342199,7.3));
#13605=CARTESIAN_POINT('Origin',(142.298829638601,-16.9334609342199,7.8));
#13606=CARTESIAN_POINT('',(69.8599567828508,-16.9334609342199,7.8));
#13607=CARTESIAN_POINT('',(142.298829638601,-16.9334609342199,7.3));
#13608=CARTESIAN_POINT('Origin',(141.860360609455,-13.581259586245,7.3));
#13609=CARTESIAN_POINT('Ctrl Pts',(154.705765577748,-17.1710670311022,7.8));
#13610=CARTESIAN_POINT('Ctrl Pts',(154.705765577748,-17.1710670311022,7.3));
#13611=CARTESIAN_POINT('Ctrl Pts',(154.514699925666,-17.396425406445,7.8));
#13612=CARTESIAN_POINT('Ctrl Pts',(154.514699925666,-17.396425406445,7.3));
#13613=CARTESIAN_POINT('Ctrl Pts',(154.255048827063,-17.5433980649186,7.8));
#13614=CARTESIAN_POINT('Ctrl Pts',(154.255048827063,-17.5433980649186,7.3));
#13615=CARTESIAN_POINT('',(154.705765577748,-17.1710670311022,7.8));
#13616=CARTESIAN_POINT('',(154.255048827063,-17.5433980649186,7.8));
#13617=CARTESIAN_POINT('Ctrl Pts',(154.705765577748,-17.1710670311022,7.8));
#13618=CARTESIAN_POINT('Ctrl Pts',(154.514699925666,-17.396425406445,7.8));
#13619=CARTESIAN_POINT('Ctrl Pts',(154.255048827063,-17.5433980649186,7.8));
#13620=CARTESIAN_POINT('',(154.705765577748,-17.1710670311022,7.3));
#13621=CARTESIAN_POINT('',(154.705765577748,-17.1710670311022,7.8));
#13622=CARTESIAN_POINT('',(154.255048827063,-17.5433980649186,7.3));
#13623=CARTESIAN_POINT('Ctrl Pts',(154.705765577748,-17.1710670311022,7.3));
#13624=CARTESIAN_POINT('Ctrl Pts',(154.514699925666,-17.396425406445,7.3));
#13625=CARTESIAN_POINT('Ctrl Pts',(154.255048827063,-17.5433980649186,7.3));
#13626=CARTESIAN_POINT('',(154.255048827063,-17.5433980649186,7.8));
#13627=CARTESIAN_POINT('Ctrl Pts',(155.00950966996,-16.6762587818911,7.8));
#13628=CARTESIAN_POINT('Ctrl Pts',(155.00950966996,-16.6762587818911,7.3));
#13629=CARTESIAN_POINT('Ctrl Pts',(154.89683122983,-16.9457086557594,7.8));
#13630=CARTESIAN_POINT('Ctrl Pts',(154.89683122983,-16.9457086557594,7.3));
#13631=CARTESIAN_POINT('Ctrl Pts',(154.705765577748,-17.1710670311022,7.8));
#13632=CARTESIAN_POINT('Ctrl Pts',(154.705765577748,-17.1710670311022,7.3));
#13633=CARTESIAN_POINT('',(155.00950966996,-16.6762587818911,7.8));
#13634=CARTESIAN_POINT('Ctrl Pts',(155.00950966996,-16.6762587818911,7.8));
#13635=CARTESIAN_POINT('Ctrl Pts',(154.89683122983,-16.9457086557594,7.8));
#13636=CARTESIAN_POINT('Ctrl Pts',(154.705765577748,-17.1710670311022,7.8));
#13637=CARTESIAN_POINT('',(155.00950966996,-16.6762587818911,7.3));
#13638=CARTESIAN_POINT('',(155.00950966996,-16.6762587818911,7.8));
#13639=CARTESIAN_POINT('Ctrl Pts',(155.00950966996,-16.6762587818911,7.3));
#13640=CARTESIAN_POINT('Ctrl Pts',(154.89683122983,-16.9457086557594,7.3));
#13641=CARTESIAN_POINT('Ctrl Pts',(154.705765577748,-17.1710670311022,7.3));
#13642=CARTESIAN_POINT('Ctrl Pts',(155.178528825238,-16.1128635910756,7.8));
#13643=CARTESIAN_POINT('Ctrl Pts',(155.178528825238,-16.1128635910756,7.3));
#13644=CARTESIAN_POINT('Ctrl Pts',(155.13443583163,-16.4043592142066,7.8));
#13645=CARTESIAN_POINT('Ctrl Pts',(155.13443583163,-16.4043592142066,7.3));
#13646=CARTESIAN_POINT('Ctrl Pts',(155.00950966996,-16.6762587818911,7.8));
#13647=CARTESIAN_POINT('Ctrl Pts',(155.00950966996,-16.6762587818911,7.3));
#13648=CARTESIAN_POINT('',(155.178528825238,-16.1128635910756,7.8));
#13649=CARTESIAN_POINT('Ctrl Pts',(155.178528825238,-16.1128635910756,7.8));
#13650=CARTESIAN_POINT('Ctrl Pts',(155.13443583163,-16.4043592142066,7.8));
#13651=CARTESIAN_POINT('Ctrl Pts',(155.00950966996,-16.6762587818911,7.8));
#13652=CARTESIAN_POINT('',(155.178528825238,-16.1128635910756,7.3));
#13653=CARTESIAN_POINT('',(155.178528825238,-16.1128635910756,7.8));
#13654=CARTESIAN_POINT('Ctrl Pts',(155.178528825238,-16.1128635910756,7.3));
#13655=CARTESIAN_POINT('Ctrl Pts',(155.13443583163,-16.4043592142066,7.3));
#13656=CARTESIAN_POINT('Ctrl Pts',(155.00950966996,-16.6762587818911,7.3));
#13657=CARTESIAN_POINT('Ctrl Pts',(155.222621818847,-15.5249729571812,7.8));
#13658=CARTESIAN_POINT('Ctrl Pts',(155.222621818847,-15.5249729571812,7.3));
#13659=CARTESIAN_POINT('Ctrl Pts',(155.222621818847,-15.8189182741284,7.8));
#13660=CARTESIAN_POINT('Ctrl Pts',(155.222621818847,-15.8189182741284,7.3));
#13661=CARTESIAN_POINT('Ctrl Pts',(155.178528825238,-16.1128635910756,7.8));
#13662=CARTESIAN_POINT('Ctrl Pts',(155.178528825238,-16.1128635910756,7.3));
#13663=CARTESIAN_POINT('',(155.222621818847,-15.5249729571812,7.8));
#13664=CARTESIAN_POINT('Ctrl Pts',(155.222621818847,-15.5249729571812,7.8));
#13665=CARTESIAN_POINT('Ctrl Pts',(155.222621818847,-15.8189182741284,7.8));
#13666=CARTESIAN_POINT('Ctrl Pts',(155.178528825238,-16.1128635910756,7.8));
#13667=CARTESIAN_POINT('',(155.222621818847,-15.5249729571812,7.3));
#13668=CARTESIAN_POINT('',(155.222621818847,-15.5249729571812,7.8));
#13669=CARTESIAN_POINT('Ctrl Pts',(155.222621818847,-15.5249729571812,7.3));
#13670=CARTESIAN_POINT('Ctrl Pts',(155.222621818847,-15.8189182741284,7.3));
#13671=CARTESIAN_POINT('Ctrl Pts',(155.178528825238,-16.1128635910756,7.3));
#13672=CARTESIAN_POINT('Origin',(155.222621818847,-9.44030504588262,7.8));
#13673=CARTESIAN_POINT('',(155.222621818847,-9.44030504588262,7.8));
#13674=CARTESIAN_POINT('',(155.222621818847,-5.99197397672471,7.8));
#13675=CARTESIAN_POINT('',(155.222621818847,-9.44030504588262,7.3));
#13676=CARTESIAN_POINT('',(155.222621818847,-9.44030504588262,7.8));
#13677=CARTESIAN_POINT('',(155.222621818847,-9.44030504588262,7.3));
#13678=CARTESIAN_POINT('Origin',(154.345683760554,-9.44030504588262,7.8));
#13679=CARTESIAN_POINT('',(154.345683760554,-9.44030504588262,7.8));
#13680=CARTESIAN_POINT('',(75.8833838438273,-9.44030504588242,7.8));
#13681=CARTESIAN_POINT('',(154.345683760554,-9.44030504588262,7.3));
#13682=CARTESIAN_POINT('',(154.345683760554,-9.44030504588262,7.8));
#13683=CARTESIAN_POINT('',(154.345683760554,-9.44030504588262,7.3));
#13684=CARTESIAN_POINT('Origin',(154.345683760554,-15.5249729571812,7.8));
#13685=CARTESIAN_POINT('',(154.345683760554,-15.5249729571812,7.8));
#13686=CARTESIAN_POINT('',(154.345683760554,-9.03430793237403,7.8));
#13687=CARTESIAN_POINT('',(154.345683760554,-15.5249729571812,7.3));
#13688=CARTESIAN_POINT('',(154.345683760554,-15.5249729571812,7.8));
#13689=CARTESIAN_POINT('',(154.345683760554,-15.5249729571812,7.3));
#13690=CARTESIAN_POINT('Ctrl Pts',(154.321188317476,-15.8973039909977,7.8));
#13691=CARTESIAN_POINT('Ctrl Pts',(154.321188317476,-15.8973039909977,7.3));
#13692=CARTESIAN_POINT('Ctrl Pts',(154.345683760554,-15.7062398339986,7.8));
#13693=CARTESIAN_POINT('Ctrl Pts',(154.345683760554,-15.7062398339986,7.3));
#13694=CARTESIAN_POINT('Ctrl Pts',(154.345683760554,-15.5249729571812,7.8));
#13695=CARTESIAN_POINT('Ctrl Pts',(154.345683760554,-15.5249729571812,7.3));
#13696=CARTESIAN_POINT('',(154.321188317476,-15.8973039909977,7.8));
#13697=CARTESIAN_POINT('Ctrl Pts',(154.321188317476,-15.8973039909977,7.8));
#13698=CARTESIAN_POINT('Ctrl Pts',(154.345683760554,-15.7062398339986,7.8));
#13699=CARTESIAN_POINT('Ctrl Pts',(154.345683760554,-15.5249729571812,7.8));
#13700=CARTESIAN_POINT('',(154.321188317476,-15.8973039909977,7.3));
#13701=CARTESIAN_POINT('',(154.321188317476,-15.8973039909977,7.8));
#13702=CARTESIAN_POINT('Ctrl Pts',(154.321188317476,-15.8973039909977,7.3));
#13703=CARTESIAN_POINT('Ctrl Pts',(154.345683760554,-15.7062398339986,7.3));
#13704=CARTESIAN_POINT('Ctrl Pts',(154.345683760554,-15.5249729571812,7.3));
#13705=CARTESIAN_POINT('Ctrl Pts',(154.233005320425,-16.2475885280098,7.8));
#13706=CARTESIAN_POINT('Ctrl Pts',(154.233005320425,-16.2475885280098,7.3));
#13707=CARTESIAN_POINT('Ctrl Pts',(154.299141820671,-16.0785701202735,7.8));
#13708=CARTESIAN_POINT('Ctrl Pts',(154.299141820671,-16.0785701202735,7.3));
#13709=CARTESIAN_POINT('Ctrl Pts',(154.321188317476,-15.8973039909977,7.8));
#13710=CARTESIAN_POINT('Ctrl Pts',(154.321188317476,-15.8973039909977,7.3));
#13711=CARTESIAN_POINT('',(154.233005320425,-16.2475885280098,7.8));
#13712=CARTESIAN_POINT('Ctrl Pts',(154.233005320425,-16.2475885280098,7.8));
#13713=CARTESIAN_POINT('Ctrl Pts',(154.299141820671,-16.0785701202735,7.8));
#13714=CARTESIAN_POINT('Ctrl Pts',(154.321188317476,-15.8973039909977,7.8));
#13715=CARTESIAN_POINT('',(154.233005320425,-16.2475885280098,7.3));
#13716=CARTESIAN_POINT('',(154.233005320425,-16.2475885280098,7.8));
#13717=CARTESIAN_POINT('Ctrl Pts',(154.233005320425,-16.2475885280098,7.3));
#13718=CARTESIAN_POINT('Ctrl Pts',(154.299141820671,-16.0785701202735,7.3));
#13719=CARTESIAN_POINT('Ctrl Pts',(154.321188317476,-15.8973039909977,7.3));
#13720=CARTESIAN_POINT('Ctrl Pts',(154.073784940412,-16.5733776219429,7.8));
#13721=CARTESIAN_POINT('Ctrl Pts',(154.073784940412,-16.5733776219429,7.3));
#13722=CARTESIAN_POINT('Ctrl Pts',(154.176664605277,-16.4166069357461,7.8));
#13723=CARTESIAN_POINT('Ctrl Pts',(154.176664605277,-16.4166069357461,7.3));
#13724=CARTESIAN_POINT('Ctrl Pts',(154.233005320425,-16.2475885280098,7.8));
#13725=CARTESIAN_POINT('Ctrl Pts',(154.233005320425,-16.2475885280098,7.3));
#13726=CARTESIAN_POINT('',(154.073784940412,-16.5733776219429,7.8));
#13727=CARTESIAN_POINT('Ctrl Pts',(154.073784940412,-16.5733776219429,7.8));
#13728=CARTESIAN_POINT('Ctrl Pts',(154.176664605277,-16.4166069357461,7.8));
#13729=CARTESIAN_POINT('Ctrl Pts',(154.233005320425,-16.2475885280098,7.8));
#13730=CARTESIAN_POINT('',(154.073784940412,-16.5733776219429,7.3));
#13731=CARTESIAN_POINT('',(154.073784940412,-16.5733776219429,7.8));
#13732=CARTESIAN_POINT('Ctrl Pts',(154.073784940412,-16.5733776219429,7.3));
#13733=CARTESIAN_POINT('Ctrl Pts',(154.176664605277,-16.4166069357461,7.3));
#13734=CARTESIAN_POINT('Ctrl Pts',(154.233005320425,-16.2475885280098,7.3));
#13735=CARTESIAN_POINT('Ctrl Pts',(153.814133841808,-16.8330294680879,7.8));
#13736=CARTESIAN_POINT('Ctrl Pts',(153.814133841808,-16.8330294680879,7.3));
#13737=CARTESIAN_POINT('Ctrl Pts',(153.973354221821,-16.7203502804165,7.8));
#13738=CARTESIAN_POINT('Ctrl Pts',(153.973354221821,-16.7203502804165,7.3));
#13739=CARTESIAN_POINT('Ctrl Pts',(154.073784940412,-16.5733776219429,7.8));
#13740=CARTESIAN_POINT('Ctrl Pts',(154.073784940412,-16.5733776219429,7.3));
#13741=CARTESIAN_POINT('',(153.814133841808,-16.8330294680879,7.8));
#13742=CARTESIAN_POINT('Ctrl Pts',(153.814133841808,-16.8330294680879,7.8));
#13743=CARTESIAN_POINT('Ctrl Pts',(153.973354221821,-16.7203502804165,7.8));
#13744=CARTESIAN_POINT('Ctrl Pts',(154.073784940412,-16.5733776219429,7.8));
#13745=CARTESIAN_POINT('',(153.814133841808,-16.8330294680879,7.3));
#13746=CARTESIAN_POINT('',(153.814133841808,-16.8330294680879,7.8));
#13747=CARTESIAN_POINT('Ctrl Pts',(153.814133841808,-16.8330294680879,7.3));
#13748=CARTESIAN_POINT('Ctrl Pts',(153.973354221821,-16.7203502804165,7.3));
#13749=CARTESIAN_POINT('Ctrl Pts',(154.073784940412,-16.5733776219429,7.3));
#13750=CARTESIAN_POINT('Ctrl Pts',(153.488343252792,-16.9800021265615,7.8));
#13751=CARTESIAN_POINT('Ctrl Pts',(153.488343252792,-16.9800021265615,7.3));
#13752=CARTESIAN_POINT('Ctrl Pts',(153.669610129609,-16.9334609342199,7.8));
#13753=CARTESIAN_POINT('Ctrl Pts',(153.669610129609,-16.9334609342199,7.3));
#13754=CARTESIAN_POINT('Ctrl Pts',(153.814133841808,-16.8330294680879,7.8));
#13755=CARTESIAN_POINT('Ctrl Pts',(153.814133841808,-16.8330294680879,7.3));
#13756=CARTESIAN_POINT('',(153.488343252792,-16.9800021265615,7.8));
#13757=CARTESIAN_POINT('Ctrl Pts',(153.488343252792,-16.9800021265615,7.8));
#13758=CARTESIAN_POINT('Ctrl Pts',(153.669610129609,-16.9334609342199,7.8));
#13759=CARTESIAN_POINT('Ctrl Pts',(153.814133841808,-16.8330294680879,7.8));
#13760=CARTESIAN_POINT('',(153.488343252792,-16.9800021265615,7.3));
#13761=CARTESIAN_POINT('',(153.488343252792,-16.9800021265615,7.8));
#13762=CARTESIAN_POINT('Ctrl Pts',(153.488343252792,-16.9800021265615,7.3));
#13763=CARTESIAN_POINT('Ctrl Pts',(153.669610129609,-16.9334609342199,7.3));
#13764=CARTESIAN_POINT('Ctrl Pts',(153.814133841808,-16.8330294680879,7.3));
#13765=CARTESIAN_POINT('Ctrl Pts',(153.128261435598,-17.024093625087,7.8));
#13766=CARTESIAN_POINT('Ctrl Pts',(153.128261435598,-17.024093625087,7.3));
#13767=CARTESIAN_POINT('Ctrl Pts',(153.307079366141,-17.024093625087,7.8));
#13768=CARTESIAN_POINT('Ctrl Pts',(153.307079366141,-17.024093625087,7.3));
#13769=CARTESIAN_POINT('Ctrl Pts',(153.488343252792,-16.9800021265615,7.8));
#13770=CARTESIAN_POINT('Ctrl Pts',(153.488343252792,-16.9800021265615,7.3));
#13771=CARTESIAN_POINT('',(153.128261435598,-17.024093625087,7.8));
#13772=CARTESIAN_POINT('Ctrl Pts',(153.128261435598,-17.024093625087,7.8));
#13773=CARTESIAN_POINT('Ctrl Pts',(153.307079366141,-17.024093625087,7.8));
#13774=CARTESIAN_POINT('Ctrl Pts',(153.488343252792,-16.9800021265615,7.8));
#13775=CARTESIAN_POINT('',(153.128261435598,-17.024093625087,7.3));
#13776=CARTESIAN_POINT('',(153.128261435598,-17.024093625087,7.8));
#13777=CARTESIAN_POINT('Ctrl Pts',(153.128261435598,-17.024093625087,7.3));
#13778=CARTESIAN_POINT('Ctrl Pts',(153.307079366141,-17.024093625087,7.3));
#13779=CARTESIAN_POINT('Ctrl Pts',(153.488343252792,-16.9800021265615,7.3));
#13780=CARTESIAN_POINT('Ctrl Pts',(152.768179618404,-16.9800021265615,7.8));
#13781=CARTESIAN_POINT('Ctrl Pts',(152.768179618404,-16.9800021265615,7.3));
#13782=CARTESIAN_POINT('Ctrl Pts',(152.946997548947,-17.024093625087,7.8));
#13783=CARTESIAN_POINT('Ctrl Pts',(152.946997548947,-17.024093625087,7.3));
#13784=CARTESIAN_POINT('Ctrl Pts',(153.128261435598,-17.024093625087,7.8));
#13785=CARTESIAN_POINT('Ctrl Pts',(153.128261435598,-17.024093625087,7.3));
#13786=CARTESIAN_POINT('',(152.768179618404,-16.9800021265615,7.8));
#13787=CARTESIAN_POINT('Ctrl Pts',(152.768179618404,-16.9800021265615,7.8));
#13788=CARTESIAN_POINT('Ctrl Pts',(152.946997548947,-17.024093625087,7.8));
#13789=CARTESIAN_POINT('Ctrl Pts',(153.128261435598,-17.024093625087,7.8));
#13790=CARTESIAN_POINT('',(152.768179618404,-16.9800021265615,7.3));
#13791=CARTESIAN_POINT('',(152.768179618404,-16.9800021265615,7.8));
#13792=CARTESIAN_POINT('Ctrl Pts',(152.768179618404,-16.9800021265615,7.3));
#13793=CARTESIAN_POINT('Ctrl Pts',(152.946997548947,-17.024093625087,7.3));
#13794=CARTESIAN_POINT('Ctrl Pts',(153.128261435598,-17.024093625087,7.3));
#13795=CARTESIAN_POINT('Ctrl Pts',(152.430141307848,-16.8330294680879,7.8));
#13796=CARTESIAN_POINT('Ctrl Pts',(152.430141307848,-16.8330294680879,7.3));
#13797=CARTESIAN_POINT('Ctrl Pts',(152.586912741587,-16.9334609342199,7.8));
#13798=CARTESIAN_POINT('Ctrl Pts',(152.586912741587,-16.9334609342199,7.3));
#13799=CARTESIAN_POINT('Ctrl Pts',(152.768179618404,-16.9800021265615,7.8));
#13800=CARTESIAN_POINT('Ctrl Pts',(152.768179618404,-16.9800021265615,7.3));
#13801=CARTESIAN_POINT('',(152.430141307848,-16.8330294680879,7.8));
#13802=CARTESIAN_POINT('Ctrl Pts',(152.430141307848,-16.8330294680879,7.8));
#13803=CARTESIAN_POINT('Ctrl Pts',(152.586912741587,-16.9334609342199,7.8));
#13804=CARTESIAN_POINT('Ctrl Pts',(152.768179618404,-16.9800021265615,7.8));
#13805=CARTESIAN_POINT('',(152.430141307848,-16.8330294680879,7.3));
#13806=CARTESIAN_POINT('',(152.430141307848,-16.8330294680879,7.8));
#13807=CARTESIAN_POINT('Ctrl Pts',(152.430141307848,-16.8330294680879,7.3));
#13808=CARTESIAN_POINT('Ctrl Pts',(152.586912741587,-16.9334609342199,7.3));
#13809=CARTESIAN_POINT('Ctrl Pts',(152.768179618404,-16.9800021265615,7.3));
#13810=CARTESIAN_POINT('Ctrl Pts',(152.18028898451,-16.5733776219429,7.8));
#13811=CARTESIAN_POINT('Ctrl Pts',(152.18028898451,-16.5733776219429,7.3));
#13812=CARTESIAN_POINT('Ctrl Pts',(152.283168649375,-16.7203502804165,7.8));
#13813=CARTESIAN_POINT('Ctrl Pts',(152.283168649375,-16.7203502804165,7.3));
#13814=CARTESIAN_POINT('Ctrl Pts',(152.430141307848,-16.8330294680879,7.8));
#13815=CARTESIAN_POINT('Ctrl Pts',(152.430141307848,-16.8330294680879,7.3));
#13816=CARTESIAN_POINT('',(152.18028898451,-16.5733776219429,7.8));
#13817=CARTESIAN_POINT('Ctrl Pts',(152.18028898451,-16.5733776219429,7.8));
#13818=CARTESIAN_POINT('Ctrl Pts',(152.283168649375,-16.7203502804165,7.8));
#13819=CARTESIAN_POINT('Ctrl Pts',(152.430141307848,-16.8330294680879,7.8));
#13820=CARTESIAN_POINT('',(152.18028898451,-16.5733776219429,7.3));
#13821=CARTESIAN_POINT('',(152.18028898451,-16.5733776219429,7.8));
#13822=CARTESIAN_POINT('Ctrl Pts',(152.18028898451,-16.5733776219429,7.3));
#13823=CARTESIAN_POINT('Ctrl Pts',(152.283168649375,-16.7203502804165,7.3));
#13824=CARTESIAN_POINT('Ctrl Pts',(152.430141307848,-16.8330294680879,7.3));
#13825=CARTESIAN_POINT('Ctrl Pts',(152.011269829232,-16.2475885280098,7.8));
#13826=CARTESIAN_POINT('Ctrl Pts',(152.011269829232,-16.2475885280098,7.3));
#13827=CARTESIAN_POINT('Ctrl Pts',(152.07985826592,-16.4166069357461,7.8));
#13828=CARTESIAN_POINT('Ctrl Pts',(152.07985826592,-16.4166069357461,7.3));
#13829=CARTESIAN_POINT('Ctrl Pts',(152.18028898451,-16.5733776219429,7.8));
#13830=CARTESIAN_POINT('Ctrl Pts',(152.18028898451,-16.5733776219429,7.3));
#13831=CARTESIAN_POINT('',(152.011269829232,-16.2475885280098,7.8));
#13832=CARTESIAN_POINT('Ctrl Pts',(152.011269829232,-16.2475885280098,7.8));
#13833=CARTESIAN_POINT('Ctrl Pts',(152.07985826592,-16.4166069357461,7.8));
#13834=CARTESIAN_POINT('Ctrl Pts',(152.18028898451,-16.5733776219429,7.8));
#13835=CARTESIAN_POINT('',(152.011269829232,-16.2475885280098,7.3));
#13836=CARTESIAN_POINT('',(152.011269829232,-16.2475885280098,7.8));
#13837=CARTESIAN_POINT('Ctrl Pts',(152.011269829232,-16.2475885280098,7.3));
#13838=CARTESIAN_POINT('Ctrl Pts',(152.07985826592,-16.4166069357461,7.3));
#13839=CARTESIAN_POINT('Ctrl Pts',(152.18028898451,-16.5733776219429,7.3));
#13840=CARTESIAN_POINT('Ctrl Pts',(151.932885607446,-15.8973039909977,7.8));
#13841=CARTESIAN_POINT('Ctrl Pts',(151.932885607446,-15.8973039909977,7.3));
#13842=CARTESIAN_POINT('Ctrl Pts',(151.95493210425,-16.0785701202735,7.8));
#13843=CARTESIAN_POINT('Ctrl Pts',(151.95493210425,-16.0785701202735,7.3));
#13844=CARTESIAN_POINT('Ctrl Pts',(152.011269829232,-16.2475885280098,7.8));
#13845=CARTESIAN_POINT('Ctrl Pts',(152.011269829232,-16.2475885280098,7.3));
#13846=CARTESIAN_POINT('',(151.932885607446,-15.8973039909977,7.8));
#13847=CARTESIAN_POINT('Ctrl Pts',(151.932885607446,-15.8973039909977,7.8));
#13848=CARTESIAN_POINT('Ctrl Pts',(151.95493210425,-16.0785701202735,7.8));
#13849=CARTESIAN_POINT('Ctrl Pts',(152.011269829232,-16.2475885280098,7.8));
#13850=CARTESIAN_POINT('',(151.932885607446,-15.8973039909977,7.3));
#13851=CARTESIAN_POINT('',(151.932885607446,-15.8973039909977,7.8));
#13852=CARTESIAN_POINT('Ctrl Pts',(151.932885607446,-15.8973039909977,7.3));
#13853=CARTESIAN_POINT('Ctrl Pts',(151.95493210425,-16.0785701202735,7.3));
#13854=CARTESIAN_POINT('Ctrl Pts',(152.011269829232,-16.2475885280098,7.3));
#13855=CARTESIAN_POINT('Ctrl Pts',(151.910839110642,-15.5249729571812,7.8));
#13856=CARTESIAN_POINT('Ctrl Pts',(151.910839110642,-15.5249729571812,7.3));
#13857=CARTESIAN_POINT('Ctrl Pts',(151.910839110642,-15.706239086457,7.8));
#13858=CARTESIAN_POINT('Ctrl Pts',(151.910839110642,-15.706239086457,7.3));
#13859=CARTESIAN_POINT('Ctrl Pts',(151.932885607446,-15.8973039909977,7.8));
#13860=CARTESIAN_POINT('Ctrl Pts',(151.932885607446,-15.8973039909977,7.3));
#13861=CARTESIAN_POINT('',(151.910839110642,-15.5249729571812,7.8));
#13862=CARTESIAN_POINT('Ctrl Pts',(151.910839110642,-15.5249729571812,7.8));
#13863=CARTESIAN_POINT('Ctrl Pts',(151.910839110642,-15.706239086457,7.8));
#13864=CARTESIAN_POINT('Ctrl Pts',(151.932885607446,-15.8973039909977,7.8));
#13865=CARTESIAN_POINT('',(151.910839110642,-15.5249729571812,7.3));
#13866=CARTESIAN_POINT('',(151.910839110642,-15.5249729571812,7.8));
#13867=CARTESIAN_POINT('Ctrl Pts',(151.910839110642,-15.5249729571812,7.3));
#13868=CARTESIAN_POINT('Ctrl Pts',(151.910839110642,-15.706239086457,7.3));
#13869=CARTESIAN_POINT('Ctrl Pts',(151.932885607446,-15.8973039909977,7.3));
#13870=CARTESIAN_POINT('Origin',(151.910839110642,-9.44030504588262,7.8));
#13871=CARTESIAN_POINT('',(151.910839110642,-9.44030504588262,7.8));
#13872=CARTESIAN_POINT('',(151.910839110642,-5.99197397672471,7.8));
#13873=CARTESIAN_POINT('',(151.910839110642,-9.44030504588262,7.3));
#13874=CARTESIAN_POINT('',(151.910839110642,-9.44030504588262,7.8));
#13875=CARTESIAN_POINT('',(151.910839110642,-9.44030504588262,7.3));
#13876=CARTESIAN_POINT('Origin',(151.031452106075,-9.44030504588262,7.8));
#13877=CARTESIAN_POINT('',(151.031452106075,-9.44030504588262,7.8));
#13878=CARTESIAN_POINT('',(74.2262680165874,-9.44030504588252,7.8));
#13879=CARTESIAN_POINT('',(151.031452106075,-9.44030504588262,7.3));
#13880=CARTESIAN_POINT('',(151.031452106075,-9.44030504588262,7.8));
#13881=CARTESIAN_POINT('',(151.031452106075,-9.44030504588262,7.3));
#13882=CARTESIAN_POINT('Origin',(151.031452106075,-15.5249729571812,7.8));
#13883=CARTESIAN_POINT('',(151.031452106075,-15.5249729571812,7.8));
#13884=CARTESIAN_POINT('',(151.031452106075,-9.03430793237403,7.8));
#13885=CARTESIAN_POINT('',(151.031452106075,-15.5249729571812,7.3));
#13886=CARTESIAN_POINT('',(151.031452106075,-15.5249729571812,7.8));
#13887=CARTESIAN_POINT('',(151.031452106075,-15.5249729571812,7.3));
#13888=CARTESIAN_POINT('Ctrl Pts',(151.077994045958,-16.1128635910756,7.8));
#13889=CARTESIAN_POINT('Ctrl Pts',(151.077994045958,-16.1128635910756,7.3));
#13890=CARTESIAN_POINT('Ctrl Pts',(151.031452106075,-15.8189182741284,7.8));
#13891=CARTESIAN_POINT('Ctrl Pts',(151.031452106075,-15.8189182741284,7.3));
#13892=CARTESIAN_POINT('Ctrl Pts',(151.031452106075,-15.5249729571812,7.8));
#13893=CARTESIAN_POINT('Ctrl Pts',(151.031452106075,-15.5249729571812,7.3));
#13894=CARTESIAN_POINT('',(151.077994045958,-16.1128635910756,7.8));
#13895=CARTESIAN_POINT('Ctrl Pts',(151.077994045958,-16.1128635910756,7.8));
#13896=CARTESIAN_POINT('Ctrl Pts',(151.031452106075,-15.8189182741284,7.8));
#13897=CARTESIAN_POINT('Ctrl Pts',(151.031452106075,-15.5249729571812,7.8));
#13898=CARTESIAN_POINT('',(151.077994045958,-16.1128635910756,7.3));
#13899=CARTESIAN_POINT('',(151.077994045958,-16.1128635910756,7.8));
#13900=CARTESIAN_POINT('Ctrl Pts',(151.077994045958,-16.1128635910756,7.3));
#13901=CARTESIAN_POINT('Ctrl Pts',(151.031452106075,-15.8189182741284,7.3));
#13902=CARTESIAN_POINT('Ctrl Pts',(151.031452106075,-15.5249729571812,7.3));
#13903=CARTESIAN_POINT('Ctrl Pts',(151.234765479696,-16.6762587818911,7.8));
#13904=CARTESIAN_POINT('Ctrl Pts',(151.234765479696,-16.6762587818911,7.3));
#13905=CARTESIAN_POINT('Ctrl Pts',(151.122087039567,-16.4043592142066,7.8));
#13906=CARTESIAN_POINT('Ctrl Pts',(151.122087039567,-16.4043592142066,7.3));
#13907=CARTESIAN_POINT('Ctrl Pts',(151.077994045958,-16.1128635910756,7.8));
#13908=CARTESIAN_POINT('Ctrl Pts',(151.077994045958,-16.1128635910756,7.3));
#13909=CARTESIAN_POINT('',(151.234765479696,-16.6762587818911,7.8));
#13910=CARTESIAN_POINT('Ctrl Pts',(151.234765479696,-16.6762587818911,7.8));
#13911=CARTESIAN_POINT('Ctrl Pts',(151.122087039567,-16.4043592142066,7.8));
#13912=CARTESIAN_POINT('Ctrl Pts',(151.077994045958,-16.1128635910756,7.8));
#13913=CARTESIAN_POINT('',(151.234765479696,-16.6762587818911,7.3));
#13914=CARTESIAN_POINT('',(151.234765479696,-16.6762587818911,7.8));
#13915=CARTESIAN_POINT('Ctrl Pts',(151.234765479696,-16.6762587818911,7.3));
#13916=CARTESIAN_POINT('Ctrl Pts',(151.122087039567,-16.4043592142066,7.3));
#13917=CARTESIAN_POINT('Ctrl Pts',(151.077994045958,-16.1128635910756,7.3));
#13918=CARTESIAN_POINT('Ctrl Pts',(151.550757293448,-17.1710670311022,7.8));
#13919=CARTESIAN_POINT('Ctrl Pts',(151.550757293448,-17.1710670311022,7.3));
#13920=CARTESIAN_POINT('Ctrl Pts',(151.359691641366,-16.9457086557594,7.8));
#13921=CARTESIAN_POINT('Ctrl Pts',(151.359691641366,-16.9457086557594,7.3));
#13922=CARTESIAN_POINT('Ctrl Pts',(151.234765479696,-16.6762587818911,7.8));
#13923=CARTESIAN_POINT('Ctrl Pts',(151.234765479696,-16.6762587818911,7.3));
#13924=CARTESIAN_POINT('',(151.550757293448,-17.1710670311022,7.8));
#13925=CARTESIAN_POINT('Ctrl Pts',(151.550757293448,-17.1710670311022,7.8));
#13926=CARTESIAN_POINT('Ctrl Pts',(151.359691641366,-16.9457086557594,7.8));
#13927=CARTESIAN_POINT('Ctrl Pts',(151.234765479696,-16.6762587818911,7.8));
#13928=CARTESIAN_POINT('',(151.550757293448,-17.1710670311022,7.3));
#13929=CARTESIAN_POINT('',(151.550757293448,-17.1710670311022,7.8));
#13930=CARTESIAN_POINT('Ctrl Pts',(151.550757293448,-17.1710670311022,7.3));
#13931=CARTESIAN_POINT('Ctrl Pts',(151.359691641366,-16.9457086557594,7.3));
#13932=CARTESIAN_POINT('Ctrl Pts',(151.234765479696,-16.6762587818911,7.3));
#13933=CARTESIAN_POINT('Ctrl Pts',(151.989226322594,-17.5433980649186,7.8));
#13934=CARTESIAN_POINT('Ctrl Pts',(151.989226322594,-17.5433980649186,7.3));
#13935=CARTESIAN_POINT('Ctrl Pts',(151.74182294553,-17.396425406445,7.8));
#13936=CARTESIAN_POINT('Ctrl Pts',(151.74182294553,-17.396425406445,7.3));
#13937=CARTESIAN_POINT('Ctrl Pts',(151.550757293448,-17.1710670311022,7.8));
#13938=CARTESIAN_POINT('Ctrl Pts',(151.550757293448,-17.1710670311022,7.3));
#13939=CARTESIAN_POINT('',(151.989226322594,-17.5433980649186,7.8));
#13940=CARTESIAN_POINT('Ctrl Pts',(151.989226322594,-17.5433980649186,7.8));
#13941=CARTESIAN_POINT('Ctrl Pts',(151.74182294553,-17.396425406445,7.8));
#13942=CARTESIAN_POINT('Ctrl Pts',(151.550757293448,-17.1710670311022,7.8));
#13943=CARTESIAN_POINT('',(151.989226322594,-17.5433980649186,7.3));
#13944=CARTESIAN_POINT('',(151.989226322594,-17.5433980649186,7.8));
#13945=CARTESIAN_POINT('Ctrl Pts',(151.989226322594,-17.5433980649186,7.3));
#13946=CARTESIAN_POINT('Ctrl Pts',(151.74182294553,-17.396425406445,7.3));
#13947=CARTESIAN_POINT('Ctrl Pts',(151.550757293448,-17.1710670311022,7.3));
#13948=CARTESIAN_POINT('Ctrl Pts',(152.542822738145,-17.756508718722,7.8));
#13949=CARTESIAN_POINT('Ctrl Pts',(152.542822738145,-17.756508718722,7.3));
#13950=CARTESIAN_POINT('Ctrl Pts',(152.248877421198,-17.6903707233922,7.8));
#13951=CARTESIAN_POINT('Ctrl Pts',(152.248877421198,-17.6903707233922,7.3));
#13952=CARTESIAN_POINT('Ctrl Pts',(151.989226322594,-17.5433980649186,7.8));
#13953=CARTESIAN_POINT('Ctrl Pts',(151.989226322594,-17.5433980649186,7.3));
#13954=CARTESIAN_POINT('',(152.542822738145,-17.756508718722,7.8));
#13955=CARTESIAN_POINT('Ctrl Pts',(152.542822738145,-17.756508718722,7.8));
#13956=CARTESIAN_POINT('Ctrl Pts',(152.248877421198,-17.6903707233922,7.8));
#13957=CARTESIAN_POINT('Ctrl Pts',(151.989226322594,-17.5433980649186,7.8));
#13958=CARTESIAN_POINT('',(152.542822738145,-17.756508718722,7.3));
#13959=CARTESIAN_POINT('',(152.542822738145,-17.756508718722,7.8));
#13960=CARTESIAN_POINT('Ctrl Pts',(152.542822738145,-17.756508718722,7.3));
#13961=CARTESIAN_POINT('Ctrl Pts',(152.248877421198,-17.6903707233922,7.3));
#13962=CARTESIAN_POINT('Ctrl Pts',(151.989226322594,-17.5433980649186,7.3));
#13963=CARTESIAN_POINT('Ctrl Pts',(153.128264425764,-17.8128479387869,7.8));
#13964=CARTESIAN_POINT('Ctrl Pts',(153.128264425764,-17.8128479387869,7.3));
#13965=CARTESIAN_POINT('Ctrl Pts',(152.834319108817,-17.8128479387869,7.8));
#13966=CARTESIAN_POINT('Ctrl Pts',(152.834319108817,-17.8128479387869,7.3));
#13967=CARTESIAN_POINT('Ctrl Pts',(152.542822738145,-17.756508718722,7.8));
#13968=CARTESIAN_POINT('Ctrl Pts',(152.542822738145,-17.756508718722,7.3));
#13969=CARTESIAN_POINT('',(153.128264425764,-17.8128479387809,7.8));
#13970=CARTESIAN_POINT('Ctrl Pts',(153.128264425764,-17.8128479387869,7.8));
#13971=CARTESIAN_POINT('Ctrl Pts',(152.834319108817,-17.8128479387869,7.8));
#13972=CARTESIAN_POINT('Ctrl Pts',(152.542822738145,-17.756508718722,7.8));
#13973=CARTESIAN_POINT('',(153.128264425764,-17.8128479387809,7.3));
#13974=CARTESIAN_POINT('',(153.128264425764,-17.8128479387809,7.8));
#13975=CARTESIAN_POINT('Ctrl Pts',(153.128264425764,-17.8128479387869,7.3));
#13976=CARTESIAN_POINT('Ctrl Pts',(152.834319108817,-17.8128479387869,7.3));
#13977=CARTESIAN_POINT('Ctrl Pts',(152.542822738145,-17.756508718722,7.3));
#13978=CARTESIAN_POINT('Ctrl Pts',(153.713700133051,-17.756508718722,7.8));
#13979=CARTESIAN_POINT('Ctrl Pts',(153.713700133051,-17.756508718722,7.3));
#13980=CARTESIAN_POINT('Ctrl Pts',(153.419754816104,-17.8128479387869,7.8));
#13981=CARTESIAN_POINT('Ctrl Pts',(153.419754816104,-17.8128479387869,7.3));
#13982=CARTESIAN_POINT('Ctrl Pts',(153.128258445432,-17.8128479387869,7.8));
#13983=CARTESIAN_POINT('Ctrl Pts',(153.128258445432,-17.8128479387869,7.3));
#13984=CARTESIAN_POINT('',(153.713700133051,-17.756508718722,7.8));
#13985=CARTESIAN_POINT('Ctrl Pts',(153.713700133051,-17.756508718722,7.8));
#13986=CARTESIAN_POINT('Ctrl Pts',(153.419757831392,-17.8128473608598,7.8));
#13987=CARTESIAN_POINT('Ctrl Pts',(153.128264425765,-17.8128479387809,7.8));
#13988=CARTESIAN_POINT('',(153.713700133051,-17.756508718722,7.3));
#13989=CARTESIAN_POINT('',(153.713700133051,-17.756508718722,7.8));
#13990=CARTESIAN_POINT('Ctrl Pts',(153.713700133051,-17.756508718722,7.3));
#13991=CARTESIAN_POINT('Ctrl Pts',(153.419757831392,-17.8128473608598,7.3));
#13992=CARTESIAN_POINT('Ctrl Pts',(153.128264425765,-17.8128479387809,7.3));
#13993=CARTESIAN_POINT('Ctrl Pts',(154.255048827063,-17.5433980649186,7.8));
#13994=CARTESIAN_POINT('Ctrl Pts',(154.255048827063,-17.5433980649186,7.3));
#13995=CARTESIAN_POINT('Ctrl Pts',(154.007645449999,-17.6903707233922,7.8));
#13996=CARTESIAN_POINT('Ctrl Pts',(154.007645449999,-17.6903707233922,7.3));
#13997=CARTESIAN_POINT('Ctrl Pts',(153.713700133051,-17.756508718722,7.8));
#13998=CARTESIAN_POINT('Ctrl Pts',(153.713700133051,-17.756508718722,7.3));
#13999=CARTESIAN_POINT('Ctrl Pts',(154.255048827063,-17.5433980649186,7.8));
#14000=CARTESIAN_POINT('Ctrl Pts',(154.007645449999,-17.6903707233922,7.8));
#14001=CARTESIAN_POINT('Ctrl Pts',(153.713700133051,-17.756508718722,7.8));
#14002=CARTESIAN_POINT('Ctrl Pts',(154.255048827063,-17.5433980649186,7.3));
#14003=CARTESIAN_POINT('Ctrl Pts',(154.007645449999,-17.6903707233922,7.3));
#14004=CARTESIAN_POINT('Ctrl Pts',(153.713700133051,-17.756508718722,7.3));
#14005=CARTESIAN_POINT('Origin',(153.127036962461,-13.6265764923347,7.3));
#14006=CARTESIAN_POINT('Ctrl Pts',(131.055421265371,-10.285399327189,7.8));
#14007=CARTESIAN_POINT('Ctrl Pts',(131.055421265371,-10.285399327189,7.3));
#14008=CARTESIAN_POINT('Ctrl Pts',(130.861907414556,-10.2290597333533,7.8));
#14009=CARTESIAN_POINT('Ctrl Pts',(130.861907414556,-10.2290597333533,7.3));
#14010=CARTESIAN_POINT('Ctrl Pts',(130.661044482292,-10.2290597333533,7.8));
#14011=CARTESIAN_POINT('Ctrl Pts',(130.661044482292,-10.2290597333533,7.3));
#14012=CARTESIAN_POINT('',(131.055421265371,-10.285399327189,7.8));
#14013=CARTESIAN_POINT('',(130.661044482292,-10.2290597333533,7.8));
#14014=CARTESIAN_POINT('Ctrl Pts',(131.055421265371,-10.285399327189,7.8));
#14015=CARTESIAN_POINT('Ctrl Pts',(130.861907414556,-10.2290597333533,7.8));
#14016=CARTESIAN_POINT('Ctrl Pts',(130.661044482292,-10.2290597333533,7.8));
#14017=CARTESIAN_POINT('',(131.055421265371,-10.285399327189,7.3));
#14018=CARTESIAN_POINT('',(131.055421265371,-10.285399327189,7.8));
#14019=CARTESIAN_POINT('',(130.661044482292,-10.2290597333533,7.3));
#14020=CARTESIAN_POINT('Ctrl Pts',(131.055421265371,-10.285399327189,7.3));
#14021=CARTESIAN_POINT('Ctrl Pts',(130.861907414556,-10.2290597333533,7.3));
#14022=CARTESIAN_POINT('Ctrl Pts',(130.661044482292,-10.2290597333533,7.3));
#14023=CARTESIAN_POINT('',(130.661044482292,-10.2290597333533,7.8));
#14024=CARTESIAN_POINT('Ctrl Pts',(131.403256856109,-10.4421700133859,7.8));
#14025=CARTESIAN_POINT('Ctrl Pts',(131.403256856109,-10.4421700133859,7.3));
#14026=CARTESIAN_POINT('Ctrl Pts',(131.246486169912,-10.3294908257144,7.8));
#14027=CARTESIAN_POINT('Ctrl Pts',(131.246486169912,-10.3294908257144,7.3));
#14028=CARTESIAN_POINT('Ctrl Pts',(131.055421265371,-10.285399327189,7.8));
#14029=CARTESIAN_POINT('Ctrl Pts',(131.055421265371,-10.285399327189,7.3));
#14030=CARTESIAN_POINT('',(131.403256856109,-10.4421700133859,7.8));
#14031=CARTESIAN_POINT('Ctrl Pts',(131.403256856109,-10.4421700133859,7.8));
#14032=CARTESIAN_POINT('Ctrl Pts',(131.246486169912,-10.3294908257144,7.8));
#14033=CARTESIAN_POINT('Ctrl Pts',(131.055421265371,-10.285399327189,7.8));
#14034=CARTESIAN_POINT('',(131.403256856109,-10.4421700133859,7.3));
#14035=CARTESIAN_POINT('',(131.403256856109,-10.4421700133859,7.8));
#14036=CARTESIAN_POINT('Ctrl Pts',(131.403256856109,-10.4421700133859,7.3));
#14037=CARTESIAN_POINT('Ctrl Pts',(131.246486169912,-10.3294908257144,7.3));
#14038=CARTESIAN_POINT('Ctrl Pts',(131.055421265371,-10.285399327189,7.3));
#14039=CARTESIAN_POINT('Ctrl Pts',(131.684954451516,-10.7238676087936,7.8));
#14040=CARTESIAN_POINT('Ctrl Pts',(131.684954451516,-10.7238676087936,7.3));
#14041=CARTESIAN_POINT('Ctrl Pts',(131.572275263845,-10.5548492010573,7.8));
#14042=CARTESIAN_POINT('Ctrl Pts',(131.572275263845,-10.5548492010573,7.3));
#14043=CARTESIAN_POINT('Ctrl Pts',(131.403256856109,-10.4421700133859,7.8));
#14044=CARTESIAN_POINT('Ctrl Pts',(131.403256856109,-10.4421700133859,7.3));
#14045=CARTESIAN_POINT('',(131.684954451516,-10.7238676087936,7.8));
#14046=CARTESIAN_POINT('Ctrl Pts',(131.684954451516,-10.7238676087936,7.8));
#14047=CARTESIAN_POINT('Ctrl Pts',(131.572275263845,-10.5548492010573,7.8));
#14048=CARTESIAN_POINT('Ctrl Pts',(131.403256856109,-10.4421700133859,7.8));
#14049=CARTESIAN_POINT('',(131.684954451516,-10.7238676087936,7.3));
#14050=CARTESIAN_POINT('',(131.684954451516,-10.7238676087936,7.8));
#14051=CARTESIAN_POINT('Ctrl Pts',(131.684954451516,-10.7238676087936,7.3));
#14052=CARTESIAN_POINT('Ctrl Pts',(131.572275263845,-10.5548492010573,7.3));
#14053=CARTESIAN_POINT('Ctrl Pts',(131.403256856109,-10.4421700133859,7.3));
#14054=CARTESIAN_POINT('Ctrl Pts',(131.876018608515,-11.0839505472997,7.8));
#14055=CARTESIAN_POINT('Ctrl Pts',(131.876018608515,-11.0839505472997,7.3));
#14056=CARTESIAN_POINT('Ctrl Pts',(131.809880613186,-10.8928860165299,7.8));
#14057=CARTESIAN_POINT('Ctrl Pts',(131.809880613186,-10.8928860165299,7.3));
#14058=CARTESIAN_POINT('Ctrl Pts',(131.684954451516,-10.7238676087936,7.8));
#14059=CARTESIAN_POINT('Ctrl Pts',(131.684954451516,-10.7238676087936,7.3));
#14060=CARTESIAN_POINT('',(131.876018608515,-11.0839505472997,7.8));
#14061=CARTESIAN_POINT('Ctrl Pts',(131.876018608515,-11.0839505472997,7.8));
#14062=CARTESIAN_POINT('Ctrl Pts',(131.809880613186,-10.8928860165299,7.8));
#14063=CARTESIAN_POINT('Ctrl Pts',(131.684954451516,-10.7238676087936,7.8));
#14064=CARTESIAN_POINT('',(131.876018608515,-11.0839505472997,7.3));
#14065=CARTESIAN_POINT('',(131.876018608515,-11.0839505472997,7.8));
#14066=CARTESIAN_POINT('Ctrl Pts',(131.876018608515,-11.0839505472997,7.3));
#14067=CARTESIAN_POINT('Ctrl Pts',(131.809880613186,-10.8928860165299,7.3));
#14068=CARTESIAN_POINT('Ctrl Pts',(131.684954451516,-10.7238676087936,7.3));
#14069=CARTESIAN_POINT('Ctrl Pts',(131.966652046924,-11.4685289288848,7.8));
#14070=CARTESIAN_POINT('Ctrl Pts',(131.966652046924,-11.4685289288848,7.3));
#14071=CARTESIAN_POINT('Ctrl Pts',(131.944606297661,-11.2652166765755,7.8));
#14072=CARTESIAN_POINT('Ctrl Pts',(131.944606297661,-11.2652166765755,7.3));
#14073=CARTESIAN_POINT('Ctrl Pts',(131.876018608515,-11.0839505472997,7.8));
#14074=CARTESIAN_POINT('Ctrl Pts',(131.876018608515,-11.0839505472997,7.3));
#14075=CARTESIAN_POINT('',(131.966652046924,-11.4685289288848,7.8));
#14076=CARTESIAN_POINT('Ctrl Pts',(131.966652046924,-11.4685289288848,7.8));
#14077=CARTESIAN_POINT('Ctrl Pts',(131.944606297661,-11.2652166765755,7.8));
#14078=CARTESIAN_POINT('Ctrl Pts',(131.876018608515,-11.0839505472997,7.8));
#14079=CARTESIAN_POINT('',(131.966652046924,-11.4685289288848,7.3));
#14080=CARTESIAN_POINT('',(131.966652046924,-11.4685289288848,7.8));
#14081=CARTESIAN_POINT('Ctrl Pts',(131.966652046924,-11.4685289288848,7.3));
#14082=CARTESIAN_POINT('Ctrl Pts',(131.944606297661,-11.2652166765755,7.3));
#14083=CARTESIAN_POINT('Ctrl Pts',(131.876018608515,-11.0839505472997,7.3));
#14084=CARTESIAN_POINT('Ctrl Pts',(131.988697796187,-11.862905711964,7.8));
#14085=CARTESIAN_POINT('Ctrl Pts',(131.988697796187,-11.862905711964,7.3));
#14086=CARTESIAN_POINT('Ctrl Pts',(131.988697796187,-11.6693918611487,7.8));
#14087=CARTESIAN_POINT('Ctrl Pts',(131.988697796187,-11.6693918611487,7.3));
#14088=CARTESIAN_POINT('Ctrl Pts',(131.966652046924,-11.4685289288848,7.8));
#14089=CARTESIAN_POINT('Ctrl Pts',(131.966652046924,-11.4685289288848,7.3));
#14090=CARTESIAN_POINT('',(131.988697796187,-11.862905711964,7.8));
#14091=CARTESIAN_POINT('Ctrl Pts',(131.988697796187,-11.862905711964,7.8));
#14092=CARTESIAN_POINT('Ctrl Pts',(131.988697796187,-11.6693918611487,7.8));
#14093=CARTESIAN_POINT('Ctrl Pts',(131.966652046924,-11.4685289288848,7.8));
#14094=CARTESIAN_POINT('',(131.988697796187,-11.862905711964,7.3));
#14095=CARTESIAN_POINT('',(131.988697796187,-11.862905711964,7.8));
#14096=CARTESIAN_POINT('Ctrl Pts',(131.988697796187,-11.862905711964,7.3));
#14097=CARTESIAN_POINT('Ctrl Pts',(131.988697796187,-11.6693918611487,7.3));
#14098=CARTESIAN_POINT('Ctrl Pts',(131.966652046924,-11.4685289288848,7.3));
#14099=CARTESIAN_POINT('Ctrl Pts',(131.966652046924,-12.2670805227664,7.8));
#14100=CARTESIAN_POINT('Ctrl Pts',(131.966652046924,-12.2670805227664,7.3));
#14101=CARTESIAN_POINT('Ctrl Pts',(131.988697796187,-12.0637682704571,7.8));
#14102=CARTESIAN_POINT('Ctrl Pts',(131.988697796187,-12.0637682704571,7.3));
#14103=CARTESIAN_POINT('Ctrl Pts',(131.988697796187,-11.862905711964,7.8));
#14104=CARTESIAN_POINT('Ctrl Pts',(131.988697796187,-11.862905711964,7.3));
#14105=CARTESIAN_POINT('',(131.966652046924,-12.2670805227664,7.8));
#14106=CARTESIAN_POINT('Ctrl Pts',(131.966652046924,-12.2670805227664,7.8));
#14107=CARTESIAN_POINT('Ctrl Pts',(131.988697796187,-12.0637682704571,7.8));
#14108=CARTESIAN_POINT('Ctrl Pts',(131.988697796187,-11.862905711964,7.8));
#14109=CARTESIAN_POINT('',(131.966652046924,-12.2670805227664,7.3));
#14110=CARTESIAN_POINT('',(131.966652046924,-12.2670805227664,7.8));
#14111=CARTESIAN_POINT('Ctrl Pts',(131.966652046924,-12.2670805227664,7.3));
#14112=CARTESIAN_POINT('Ctrl Pts',(131.988697796187,-12.0637682704571,7.3));
#14113=CARTESIAN_POINT('Ctrl Pts',(131.988697796187,-11.862905711964,7.3));
#14114=CARTESIAN_POINT('Ctrl Pts',(131.876018608515,-12.6614573058455,7.8));
#14115=CARTESIAN_POINT('Ctrl Pts',(131.876018608515,-12.6614573058455,7.3));
#14116=CARTESIAN_POINT('Ctrl Pts',(131.94460555012,-12.4703931488465,7.8));
#14117=CARTESIAN_POINT('Ctrl Pts',(131.94460555012,-12.4703931488465,7.3));
#14118=CARTESIAN_POINT('Ctrl Pts',(131.966652046924,-12.2670805227664,7.8));
#14119=CARTESIAN_POINT('Ctrl Pts',(131.966652046924,-12.2670805227664,7.3));
#14120=CARTESIAN_POINT('',(131.876018608515,-12.6614573058455,7.8));
#14121=CARTESIAN_POINT('Ctrl Pts',(131.876018608515,-12.6614573058455,7.8));
#14122=CARTESIAN_POINT('Ctrl Pts',(131.94460555012,-12.4703931488465,7.8));
#14123=CARTESIAN_POINT('Ctrl Pts',(131.966652046924,-12.2670805227664,7.8));
#14124=CARTESIAN_POINT('',(131.876018608515,-12.6614573058455,7.3));
#14125=CARTESIAN_POINT('',(131.876018608515,-12.6614573058455,7.8));
#14126=CARTESIAN_POINT('Ctrl Pts',(131.876018608515,-12.6614573058455,7.3));
#14127=CARTESIAN_POINT('Ctrl Pts',(131.94460555012,-12.4703931488465,7.3));
#14128=CARTESIAN_POINT('Ctrl Pts',(131.966652046924,-12.2670805227664,7.3));
#14129=CARTESIAN_POINT('Ctrl Pts',(131.684954451516,-13.0117418428576,7.8));
#14130=CARTESIAN_POINT('Ctrl Pts',(131.684954451516,-13.0117418428576,7.3));
#14131=CARTESIAN_POINT('Ctrl Pts',(131.809881360727,-12.8427234351213,7.8));
#14132=CARTESIAN_POINT('Ctrl Pts',(131.809881360727,-12.8427234351213,7.3));
#14133=CARTESIAN_POINT('Ctrl Pts',(131.876018608515,-12.6614573058455,7.8));
#14134=CARTESIAN_POINT('Ctrl Pts',(131.876018608515,-12.6614573058455,7.3));
#14135=CARTESIAN_POINT('',(131.684954451516,-13.0117418428576,7.8));
#14136=CARTESIAN_POINT('Ctrl Pts',(131.684954451516,-13.0117418428576,7.8));
#14137=CARTESIAN_POINT('Ctrl Pts',(131.809881360727,-12.8427234351213,7.8));
#14138=CARTESIAN_POINT('Ctrl Pts',(131.876018608515,-12.6614573058455,7.8));
#14139=CARTESIAN_POINT('',(131.684954451516,-13.0117418428576,7.3));
#14140=CARTESIAN_POINT('',(131.684954451516,-13.0117418428576,7.8));
#14141=CARTESIAN_POINT('Ctrl Pts',(131.684954451516,-13.0117418428576,7.3));
#14142=CARTESIAN_POINT('Ctrl Pts',(131.809881360727,-12.8427234351213,7.3));
#14143=CARTESIAN_POINT('Ctrl Pts',(131.876018608515,-12.6614573058455,7.3));
#14144=CARTESIAN_POINT('Ctrl Pts',(131.403256856109,-13.2934394382653,7.8));
#14145=CARTESIAN_POINT('Ctrl Pts',(131.403256856109,-13.2934394382653,7.3));
#14146=CARTESIAN_POINT('Ctrl Pts',(131.572275263845,-13.1807602505939,7.8));
#14147=CARTESIAN_POINT('Ctrl Pts',(131.572275263845,-13.1807602505939,7.3));
#14148=CARTESIAN_POINT('Ctrl Pts',(131.684954451516,-13.0117418428576,7.8));
#14149=CARTESIAN_POINT('Ctrl Pts',(131.684954451516,-13.0117418428576,7.3));
#14150=CARTESIAN_POINT('',(131.403256856109,-13.2934394382653,7.8));
#14151=CARTESIAN_POINT('Ctrl Pts',(131.403256856109,-13.2934394382653,7.8));
#14152=CARTESIAN_POINT('Ctrl Pts',(131.572275263845,-13.1807602505939,7.8));
#14153=CARTESIAN_POINT('Ctrl Pts',(131.684954451516,-13.0117418428576,7.8));
#14154=CARTESIAN_POINT('',(131.403256856109,-13.2934394382653,7.3));
#14155=CARTESIAN_POINT('',(131.403256856109,-13.2934394382653,7.8));
#14156=CARTESIAN_POINT('Ctrl Pts',(131.403256856109,-13.2934394382653,7.3));
#14157=CARTESIAN_POINT('Ctrl Pts',(131.572275263845,-13.1807602505939,7.3));
#14158=CARTESIAN_POINT('Ctrl Pts',(131.684954451516,-13.0117418428576,7.3));
#14159=CARTESIAN_POINT('Ctrl Pts',(131.055421265371,-13.4624578460016,7.8));
#14160=CARTESIAN_POINT('Ctrl Pts',(131.055421265371,-13.4624578460016,7.3));
#14161=CARTESIAN_POINT('Ctrl Pts',(131.24648542237,-13.4061186259367,7.8));
#14162=CARTESIAN_POINT('Ctrl Pts',(131.24648542237,-13.4061186259367,7.3));
#14163=CARTESIAN_POINT('Ctrl Pts',(131.403256856109,-13.2934394382653,7.8));
#14164=CARTESIAN_POINT('Ctrl Pts',(131.403256856109,-13.2934394382653,7.3));
#14165=CARTESIAN_POINT('',(131.055421265371,-13.4624578460016,7.8));
#14166=CARTESIAN_POINT('Ctrl Pts',(131.055421265371,-13.4624578460016,7.8));
#14167=CARTESIAN_POINT('Ctrl Pts',(131.24648542237,-13.4061186259367,7.8));
#14168=CARTESIAN_POINT('Ctrl Pts',(131.403256856109,-13.2934394382653,7.8));
#14169=CARTESIAN_POINT('',(131.055421265371,-13.4624578460016,7.3));
#14170=CARTESIAN_POINT('',(131.055421265371,-13.4624578460016,7.8));
#14171=CARTESIAN_POINT('Ctrl Pts',(131.055421265371,-13.4624578460016,7.3));
#14172=CARTESIAN_POINT('Ctrl Pts',(131.24648542237,-13.4061186259367,7.3));
#14173=CARTESIAN_POINT('Ctrl Pts',(131.403256856109,-13.2934394382653,7.3));
#14174=CARTESIAN_POINT('Ctrl Pts',(130.661044482292,-13.5065493445271,7.8));
#14175=CARTESIAN_POINT('Ctrl Pts',(130.661044482292,-13.5065493445271,7.3));
#14176=CARTESIAN_POINT('Ctrl Pts',(130.861907414556,-13.5065493445271,7.8));
#14177=CARTESIAN_POINT('Ctrl Pts',(130.861907414556,-13.5065493445271,7.3));
#14178=CARTESIAN_POINT('Ctrl Pts',(131.055421265371,-13.4624578460016,7.8));
#14179=CARTESIAN_POINT('Ctrl Pts',(131.055421265371,-13.4624578460016,7.3));
#14180=CARTESIAN_POINT('',(130.661044482292,-13.5065493445271,7.8));
#14181=CARTESIAN_POINT('Ctrl Pts',(130.661044482292,-13.5065493445271,7.8));
#14182=CARTESIAN_POINT('Ctrl Pts',(130.861907414556,-13.5065493445271,7.8));
#14183=CARTESIAN_POINT('Ctrl Pts',(131.055421265371,-13.4624578460016,7.8));
#14184=CARTESIAN_POINT('',(130.661044482292,-13.5065493445271,7.3));
#14185=CARTESIAN_POINT('',(130.661044482292,-13.5065493445271,7.8));
#14186=CARTESIAN_POINT('Ctrl Pts',(130.661044482292,-13.5065493445271,7.3));
#14187=CARTESIAN_POINT('Ctrl Pts',(130.861907414556,-13.5065493445271,7.3));
#14188=CARTESIAN_POINT('Ctrl Pts',(131.055421265371,-13.4624578460016,7.3));
#14189=CARTESIAN_POINT('Origin',(129.556299849924,-13.5065493445271,7.8));
#14190=CARTESIAN_POINT('',(129.556299849924,-13.5065493445271,7.8));
#14191=CARTESIAN_POINT('',(63.4886918885121,-13.5065493445271,7.8));
#14192=CARTESIAN_POINT('',(129.556299849924,-13.5065493445271,7.3));
#14193=CARTESIAN_POINT('',(129.556299849924,-13.5065493445271,7.8));
#14194=CARTESIAN_POINT('',(129.556299849924,-13.5065493445271,7.3));
#14195=CARTESIAN_POINT('Origin',(129.556299849924,-10.2290586120409,7.8));
#14196=CARTESIAN_POINT('',(129.556299849924,-10.2290586120409,7.8));
#14197=CARTESIAN_POINT('',(129.556299849924,-6.38635075980385,7.8));
#14198=CARTESIAN_POINT('',(129.556299849924,-10.2290586120409,7.3));
#14199=CARTESIAN_POINT('',(129.556299849924,-10.2290586120409,7.8));
#14200=CARTESIAN_POINT('',(129.556299849924,-10.2290586120409,7.3));
#14201=CARTESIAN_POINT('Origin',(130.661044482292,-10.2290597333533,7.8));
#14202=CARTESIAN_POINT('',(64.0410603044276,-10.2289921142747,7.8));
#14203=CARTESIAN_POINT('',(130.661044482292,-10.2290597333533,7.3));
#14204=CARTESIAN_POINT('Ctrl Pts',(131.268531171633,-14.2414126368951,7.8));
#14205=CARTESIAN_POINT('Ctrl Pts',(131.268531171633,-14.2414126368951,7.3));
#14206=CARTESIAN_POINT('Ctrl Pts',(130.964787826963,-14.29775185696,7.8));
#14207=CARTESIAN_POINT('Ctrl Pts',(130.964787826963,-14.29775185696,7.3));
#14208=CARTESIAN_POINT('Ctrl Pts',(130.661044482292,-14.29775185696,7.8));
#14209=CARTESIAN_POINT('Ctrl Pts',(130.661044482292,-14.29775185696,7.3));
#14210=CARTESIAN_POINT('',(131.268531171633,-14.2414126368951,7.8));
#14211=CARTESIAN_POINT('',(130.661044482292,-14.29775185696,7.8));
#14212=CARTESIAN_POINT('Ctrl Pts',(131.268531171633,-14.2414126368951,7.8));
#14213=CARTESIAN_POINT('Ctrl Pts',(130.964787826963,-14.29775185696,7.8));
#14214=CARTESIAN_POINT('Ctrl Pts',(130.661044482292,-14.29775185696,7.8));
#14215=CARTESIAN_POINT('',(131.268531171633,-14.2414126368951,7.3));
#14216=CARTESIAN_POINT('',(131.268531171633,-14.2414126368951,7.8));
#14217=CARTESIAN_POINT('',(130.661044482292,-14.29775185696,7.3));
#14218=CARTESIAN_POINT('Ctrl Pts',(131.268531171633,-14.2414126368951,7.3));
#14219=CARTESIAN_POINT('Ctrl Pts',(130.964787826963,-14.29775185696,7.3));
#14220=CARTESIAN_POINT('Ctrl Pts',(130.661044482292,-14.29775185696,7.3));
#14221=CARTESIAN_POINT('',(130.661044482292,-14.29775185696,7.8));
#14222=CARTESIAN_POINT('Ctrl Pts',(131.853972111711,-14.0160542615523,7.8));
#14223=CARTESIAN_POINT('Ctrl Pts',(131.853972111711,-14.0160542615523,7.3));
#14224=CARTESIAN_POINT('Ctrl Pts',(131.584522237843,-14.1728249477491,7.8));
#14225=CARTESIAN_POINT('Ctrl Pts',(131.584522237843,-14.1728249477491,7.3));
#14226=CARTESIAN_POINT('Ctrl Pts',(131.268531171633,-14.2414126368951,7.8));
#14227=CARTESIAN_POINT('Ctrl Pts',(131.268531171633,-14.2414126368951,7.3));
#14228=CARTESIAN_POINT('',(131.853972111711,-14.0160542615523,7.8));
#14229=CARTESIAN_POINT('Ctrl Pts',(131.853972111711,-14.0160542615523,7.8));
#14230=CARTESIAN_POINT('Ctrl Pts',(131.584522237843,-14.1728249477491,7.8));
#14231=CARTESIAN_POINT('Ctrl Pts',(131.268531171633,-14.2414126368951,7.8));
#14232=CARTESIAN_POINT('',(131.853972111711,-14.0160542615523,7.3));
#14233=CARTESIAN_POINT('',(131.853972111711,-14.0160542615523,7.8));
#14234=CARTESIAN_POINT('Ctrl Pts',(131.853972111711,-14.0160542615523,7.3));
#14235=CARTESIAN_POINT('Ctrl Pts',(131.584522237843,-14.1728249477491,7.3));
#14236=CARTESIAN_POINT('Ctrl Pts',(131.268531171633,-14.2414126368951,7.3));
#14237=CARTESIAN_POINT('Ctrl Pts',(132.326733864118,-13.6216774784731,7.8));
#14238=CARTESIAN_POINT('Ctrl Pts',(132.326733864118,-13.6216774784731,7.3));
#14239=CARTESIAN_POINT('Ctrl Pts',(132.125870931854,-13.8568338815392,7.8));
#14240=CARTESIAN_POINT('Ctrl Pts',(132.125870931854,-13.8568338815392,7.3));
#14241=CARTESIAN_POINT('Ctrl Pts',(131.853972111711,-14.0160542615523,7.8));
#14242=CARTESIAN_POINT('Ctrl Pts',(131.853972111711,-14.0160542615523,7.3));
#14243=CARTESIAN_POINT('',(132.326733864118,-13.6216774784731,7.8));
#14244=CARTESIAN_POINT('Ctrl Pts',(132.326733864118,-13.6216774784731,7.8));
#14245=CARTESIAN_POINT('Ctrl Pts',(132.125870931854,-13.8568338815392,7.8));
#14246=CARTESIAN_POINT('Ctrl Pts',(131.853972111711,-14.0160542615523,7.8));
#14247=CARTESIAN_POINT('',(132.326733864118,-13.6216774784731,7.3));
#14248=CARTESIAN_POINT('',(132.326733864118,-13.6216774784731,7.8));
#14249=CARTESIAN_POINT('Ctrl Pts',(132.326733864118,-13.6216774784731,7.3));
#14250=CARTESIAN_POINT('Ctrl Pts',(132.125870931854,-13.8568338815392,7.3));
#14251=CARTESIAN_POINT('Ctrl Pts',(131.853972111711,-14.0160542615523,7.3));
#14252=CARTESIAN_POINT('Ctrl Pts',(132.654972651867,-13.0901260646436,7.8));
#14253=CARTESIAN_POINT('Ctrl Pts',(132.654972651867,-13.0901260646436,7.3));
#14254=CARTESIAN_POINT('Ctrl Pts',(132.530045742656,-13.3718236600514,7.8));
#14255=CARTESIAN_POINT('Ctrl Pts',(132.530045742656,-13.3718236600514,7.3));
#14256=CARTESIAN_POINT('Ctrl Pts',(132.326733864118,-13.6216774784731,7.8));
#14257=CARTESIAN_POINT('Ctrl Pts',(132.326733864118,-13.6216774784731,7.3));
#14258=CARTESIAN_POINT('',(132.654972651867,-13.0901260646436,7.8));
#14259=CARTESIAN_POINT('Ctrl Pts',(132.654972651867,-13.0901260646436,7.8));
#14260=CARTESIAN_POINT('Ctrl Pts',(132.530045742656,-13.3718236600514,7.8));
#14261=CARTESIAN_POINT('Ctrl Pts',(132.326733864118,-13.6216774784731,7.8));
#14262=CARTESIAN_POINT('',(132.654972651867,-13.0901260646436,7.3));
#14263=CARTESIAN_POINT('',(132.654972651867,-13.0901260646436,7.8));
#14264=CARTESIAN_POINT('Ctrl Pts',(132.654972651867,-13.0901260646436,7.3));
#14265=CARTESIAN_POINT('Ctrl Pts',(132.530045742656,-13.3718236600514,7.3));
#14266=CARTESIAN_POINT('Ctrl Pts',(132.326733864118,-13.6216774784731,7.3));
#14267=CARTESIAN_POINT('Ctrl Pts',(132.823991059604,-12.4948870968422,7.8));
#14268=CARTESIAN_POINT('Ctrl Pts',(132.823991059604,-12.4948870968422,7.3));
#14269=CARTESIAN_POINT('Ctrl Pts',(132.777449867262,-12.7986304415126,7.8));
#14270=CARTESIAN_POINT('Ctrl Pts',(132.777449867262,-12.7986304415126,7.3));
#14271=CARTESIAN_POINT('Ctrl Pts',(132.654972651867,-13.0901260646436,7.8));
#14272=CARTESIAN_POINT('Ctrl Pts',(132.654972651867,-13.0901260646436,7.3));
#14273=CARTESIAN_POINT('',(132.823991059604,-12.4948870968422,7.8));
#14274=CARTESIAN_POINT('Ctrl Pts',(132.823991059604,-12.4948870968422,7.8));
#14275=CARTESIAN_POINT('Ctrl Pts',(132.777449867262,-12.7986304415126,7.8));
#14276=CARTESIAN_POINT('Ctrl Pts',(132.654972651867,-13.0901260646436,7.8));
#14277=CARTESIAN_POINT('',(132.823991059604,-12.4948870968422,7.3));
#14278=CARTESIAN_POINT('',(132.823991059604,-12.4948870968422,7.8));
#14279=CARTESIAN_POINT('Ctrl Pts',(132.823991059604,-12.4948870968422,7.3));
#14280=CARTESIAN_POINT('Ctrl Pts',(132.777449867262,-12.7986304415126,7.3));
#14281=CARTESIAN_POINT('Ctrl Pts',(132.654972651867,-13.0901260646436,7.3));
#14282=CARTESIAN_POINT('Ctrl Pts',(132.868082558129,-11.8629045906516,7.8));
#14283=CARTESIAN_POINT('Ctrl Pts',(132.868082558129,-11.8629045906516,7.3));
#14284=CARTESIAN_POINT('Ctrl Pts',(132.868082558129,-12.1788956568615,7.8));
#14285=CARTESIAN_POINT('Ctrl Pts',(132.868082558129,-12.1788956568615,7.3));
#14286=CARTESIAN_POINT('Ctrl Pts',(132.823991059604,-12.4948870968422,7.8));
#14287=CARTESIAN_POINT('Ctrl Pts',(132.823991059604,-12.4948870968422,7.3));
#14288=CARTESIAN_POINT('',(132.868082558129,-11.8629045906516,7.8));
#14289=CARTESIAN_POINT('Ctrl Pts',(132.868082558129,-11.8629045906516,7.8));
#14290=CARTESIAN_POINT('Ctrl Pts',(132.868082558129,-12.1788956568615,7.8));
#14291=CARTESIAN_POINT('Ctrl Pts',(132.823991059604,-12.4948870968422,7.8));
#14292=CARTESIAN_POINT('',(132.868082558129,-11.8629045906516,7.3));
#14293=CARTESIAN_POINT('',(132.868082558129,-11.8629045906516,7.8));
#14294=CARTESIAN_POINT('Ctrl Pts',(132.868082558129,-11.8629045906516,7.3));
#14295=CARTESIAN_POINT('Ctrl Pts',(132.868082558129,-12.1788956568615,7.3));
#14296=CARTESIAN_POINT('Ctrl Pts',(132.823991059604,-12.4948870968422,7.3));
#14297=CARTESIAN_POINT('Ctrl Pts',(132.823991059604,-11.2554175275399,7.8));
#14298=CARTESIAN_POINT('Ctrl Pts',(132.823991059604,-11.2554175275399,7.3));
#14299=CARTESIAN_POINT('Ctrl Pts',(132.868082558129,-11.5591608722103,7.8));
#14300=CARTESIAN_POINT('Ctrl Pts',(132.868082558129,-11.5591608722103,7.3));
#14301=CARTESIAN_POINT('Ctrl Pts',(132.868082558129,-11.8629045906516,7.8));
#14302=CARTESIAN_POINT('Ctrl Pts',(132.868082558129,-11.8629045906516,7.3));
#14303=CARTESIAN_POINT('',(132.823991059604,-11.2554175275399,7.8));
#14304=CARTESIAN_POINT('Ctrl Pts',(132.823991059604,-11.2554175275399,7.8));
#14305=CARTESIAN_POINT('Ctrl Pts',(132.868082558129,-11.5591608722103,7.8));
#14306=CARTESIAN_POINT('Ctrl Pts',(132.868082558129,-11.8629045906516,7.8));
#14307=CARTESIAN_POINT('',(132.823991059604,-11.2554175275399,7.3));
#14308=CARTESIAN_POINT('',(132.823991059604,-11.2554175275399,7.8));
#14309=CARTESIAN_POINT('Ctrl Pts',(132.823991059604,-11.2554175275399,7.3));
#14310=CARTESIAN_POINT('Ctrl Pts',(132.868082558129,-11.5591608722103,7.3));
#14311=CARTESIAN_POINT('Ctrl Pts',(132.868082558129,-11.8629045906516,7.3));
#14312=CARTESIAN_POINT('Ctrl Pts',(132.654972651867,-10.6577288659222,7.8));
#14313=CARTESIAN_POINT('Ctrl Pts',(132.654972651867,-10.6577288659222,7.3));
#14314=CARTESIAN_POINT('Ctrl Pts',(132.777449867262,-10.93942646133,7.8));
#14315=CARTESIAN_POINT('Ctrl Pts',(132.777449867262,-10.93942646133,7.3));
#14316=CARTESIAN_POINT('Ctrl Pts',(132.823991059604,-11.2554175275399,7.8));
#14317=CARTESIAN_POINT('Ctrl Pts',(132.823991059604,-11.2554175275399,7.3));
#14318=CARTESIAN_POINT('',(132.654972651867,-10.6577288659222,7.8));
#14319=CARTESIAN_POINT('Ctrl Pts',(132.654972651867,-10.6577288659222,7.8));
#14320=CARTESIAN_POINT('Ctrl Pts',(132.777449867262,-10.93942646133,7.8));
#14321=CARTESIAN_POINT('Ctrl Pts',(132.823991059604,-11.2554175275399,7.8));
#14322=CARTESIAN_POINT('',(132.654972651867,-10.6577288659222,7.3));
#14323=CARTESIAN_POINT('',(132.654972651867,-10.6577288659222,7.8));
#14324=CARTESIAN_POINT('Ctrl Pts',(132.654972651867,-10.6577288659222,7.3));
#14325=CARTESIAN_POINT('Ctrl Pts',(132.777449867262,-10.93942646133,7.3));
#14326=CARTESIAN_POINT('Ctrl Pts',(132.823991059604,-11.2554175275399,7.3));
#14327=CARTESIAN_POINT('Ctrl Pts',(132.326733864118,-10.128627145909,7.8));
#14328=CARTESIAN_POINT('Ctrl Pts',(132.326733864118,-10.128627145909,7.3));
#14329=CARTESIAN_POINT('Ctrl Pts',(132.530045742656,-10.363783548975,7.8));
#14330=CARTESIAN_POINT('Ctrl Pts',(132.530045742656,-10.363783548975,7.3));
#14331=CARTESIAN_POINT('Ctrl Pts',(132.654972651867,-10.6577288659222,7.8));
#14332=CARTESIAN_POINT('Ctrl Pts',(132.654972651867,-10.6577288659222,7.3));
#14333=CARTESIAN_POINT('',(132.326733864118,-10.128627145909,7.8));
#14334=CARTESIAN_POINT('Ctrl Pts',(132.326733864118,-10.128627145909,7.8));
#14335=CARTESIAN_POINT('Ctrl Pts',(132.530045742656,-10.363783548975,7.8));
#14336=CARTESIAN_POINT('Ctrl Pts',(132.654972651867,-10.6577288659222,7.8));
#14337=CARTESIAN_POINT('',(132.326733864118,-10.128627145909,7.3));
#14338=CARTESIAN_POINT('',(132.326733864118,-10.128627145909,7.8));
#14339=CARTESIAN_POINT('Ctrl Pts',(132.326733864118,-10.128627145909,7.3));
#14340=CARTESIAN_POINT('Ctrl Pts',(132.530045742656,-10.363783548975,7.3));
#14341=CARTESIAN_POINT('Ctrl Pts',(132.654972651867,-10.6577288659222,7.3));
#14342=CARTESIAN_POINT('Ctrl Pts',(131.853972111711,-9.72200264129035,7.8));
#14343=CARTESIAN_POINT('Ctrl Pts',(131.853972111711,-9.72200264129035,7.3));
#14344=CARTESIAN_POINT('Ctrl Pts',(132.125871679396,-9.8787733274872,7.8));
#14345=CARTESIAN_POINT('Ctrl Pts',(132.125871679396,-9.8787733274872,7.3));
#14346=CARTESIAN_POINT('Ctrl Pts',(132.326733864118,-10.128627145909,7.8));
#14347=CARTESIAN_POINT('Ctrl Pts',(132.326733864118,-10.128627145909,7.3));
#14348=CARTESIAN_POINT('',(131.853972111711,-9.72200264129035,7.8));
#14349=CARTESIAN_POINT('Ctrl Pts',(131.853972111711,-9.72200264129035,7.8));
#14350=CARTESIAN_POINT('Ctrl Pts',(132.125871679396,-9.8787733274872,7.8));
#14351=CARTESIAN_POINT('Ctrl Pts',(132.326733864118,-10.128627145909,7.8));
#14352=CARTESIAN_POINT('',(131.853972111711,-9.72200264129035,7.3));
#14353=CARTESIAN_POINT('',(131.853972111711,-9.72200264129035,7.8));
#14354=CARTESIAN_POINT('Ctrl Pts',(131.853972111711,-9.72200264129035,7.3));
#14355=CARTESIAN_POINT('Ctrl Pts',(132.125871679396,-9.8787733274872,7.3));
#14356=CARTESIAN_POINT('Ctrl Pts',(132.326733864118,-10.128627145909,7.3));
#14357=CARTESIAN_POINT('Ctrl Pts',(131.268531171633,-9.50889236125779,7.8));
#14358=CARTESIAN_POINT('Ctrl Pts',(131.268531171633,-9.50889236125779,7.3));
#14359=CARTESIAN_POINT('Ctrl Pts',(131.584522237843,-9.5652319550935,7.8));
#14360=CARTESIAN_POINT('Ctrl Pts',(131.584522237843,-9.5652319550935,7.3));
#14361=CARTESIAN_POINT('Ctrl Pts',(131.853972111711,-9.72200264129035,7.8));
#14362=CARTESIAN_POINT('Ctrl Pts',(131.853972111711,-9.72200264129035,7.3));
#14363=CARTESIAN_POINT('',(131.268531171633,-9.50889236125779,7.8));
#14364=CARTESIAN_POINT('Ctrl Pts',(131.268531171633,-9.50889236125779,7.8));
#14365=CARTESIAN_POINT('Ctrl Pts',(131.584522237843,-9.5652319550935,7.8));
#14366=CARTESIAN_POINT('Ctrl Pts',(131.853972111711,-9.72200264129035,7.8));
#14367=CARTESIAN_POINT('',(131.268531171633,-9.50889236125779,7.3));
#14368=CARTESIAN_POINT('',(131.268531171633,-9.50889236125779,7.8));
#14369=CARTESIAN_POINT('Ctrl Pts',(131.268531171633,-9.50889236125779,7.3));
#14370=CARTESIAN_POINT('Ctrl Pts',(131.584522237843,-9.5652319550935,7.3));
#14371=CARTESIAN_POINT('Ctrl Pts',(131.853972111711,-9.72200264129035,7.3));
#14372=CARTESIAN_POINT('Ctrl Pts',(130.661044482292,-9.44030504588262,7.8));
#14373=CARTESIAN_POINT('Ctrl Pts',(130.661044482292,-9.44030504588262,7.3));
#14374=CARTESIAN_POINT('Ctrl Pts',(130.964787826963,-9.44030504588262,7.8));
#14375=CARTESIAN_POINT('Ctrl Pts',(130.964787826963,-9.44030504588262,7.3));
#14376=CARTESIAN_POINT('Ctrl Pts',(131.268531171633,-9.50889236125779,7.8));
#14377=CARTESIAN_POINT('Ctrl Pts',(131.268531171633,-9.50889236125779,7.3));
#14378=CARTESIAN_POINT('',(130.661044482292,-9.44030504588262,7.8));
#14379=CARTESIAN_POINT('Ctrl Pts',(130.661044482292,-9.44030504588262,7.8));
#14380=CARTESIAN_POINT('Ctrl Pts',(130.964787826963,-9.44030504588262,7.8));
#14381=CARTESIAN_POINT('Ctrl Pts',(131.268531171633,-9.50889236125779,7.8));
#14382=CARTESIAN_POINT('',(130.661044482292,-9.44030504588262,7.3));
#14383=CARTESIAN_POINT('',(130.661044482292,-9.44030504588262,7.8));
#14384=CARTESIAN_POINT('Ctrl Pts',(130.661044482292,-9.44030504588262,7.3));
#14385=CARTESIAN_POINT('Ctrl Pts',(130.964787826963,-9.44030504588262,7.3));
#14386=CARTESIAN_POINT('Ctrl Pts',(131.268531171633,-9.50889236125779,7.3));
#14387=CARTESIAN_POINT('Origin',(128.676913592899,-9.44030504588262,7.8));
#14388=CARTESIAN_POINT('',(128.676913592899,-9.44030504588262,7.8));
#14389=CARTESIAN_POINT('',(63.0489987599994,-9.44030504588266,7.8));
#14390=CARTESIAN_POINT('',(128.676913592899,-9.44030504588262,7.3));
#14391=CARTESIAN_POINT('',(128.676913592899,-9.44030504588262,7.8));
#14392=CARTESIAN_POINT('',(128.676913592899,-9.44030504588262,7.3));
#14393=CARTESIAN_POINT('Origin',(128.676913592899,-17.7222145003782,7.8));
#14394=CARTESIAN_POINT('',(128.676913592899,-17.7222145003782,7.8));
#14395=CARTESIAN_POINT('',(128.676913592899,-10.1329287039725,7.8));
#14396=CARTESIAN_POINT('',(128.676913592899,-17.7222145003782,7.3));
#14397=CARTESIAN_POINT('',(128.676913592899,-17.7222145003782,7.8));
#14398=CARTESIAN_POINT('',(128.676913592899,-17.7222145003782,7.3));
#14399=CARTESIAN_POINT('Origin',(129.556299849924,-17.7222145003782,7.8));
#14400=CARTESIAN_POINT('',(129.556299849924,-17.7222145003782,7.8));
#14401=CARTESIAN_POINT('',(63.4886918885121,-17.7222145003782,7.8));
#14402=CARTESIAN_POINT('',(129.556299849924,-17.7222145003782,7.3));
#14403=CARTESIAN_POINT('',(129.556299849924,-17.7222145003782,7.8));
#14404=CARTESIAN_POINT('',(129.556299849924,-17.7222145003782,7.3));
#14405=CARTESIAN_POINT('Origin',(129.556299849924,-14.29775185696,7.8));
#14406=CARTESIAN_POINT('',(129.556299849924,-14.29775185696,7.8));
#14407=CARTESIAN_POINT('',(129.556299849924,-8.4206973822634,7.8));
#14408=CARTESIAN_POINT('',(129.556299849924,-14.29775185696,7.3));
#14409=CARTESIAN_POINT('',(129.556299849924,-14.29775185696,7.8));
#14410=CARTESIAN_POINT('',(129.556299849924,-14.29775185696,7.3));
#14411=CARTESIAN_POINT('Origin',(130.661044482292,-14.29775185696,7.8));
#14412=CARTESIAN_POINT('',(64.0410642046961,-14.29775185696,7.8));
#14413=CARTESIAN_POINT('',(130.661044482292,-14.29775185696,7.3));
#14414=CARTESIAN_POINT('Origin',(130.772498075514,-13.5812597731304,7.3));
#14415=CARTESIAN_POINT('Origin',(138.389357521237,-9.44030541965342,7.8));
#14416=CARTESIAN_POINT('',(138.389357521237,-9.44030541965342,7.8));
#14417=CARTESIAN_POINT('',(138.389357521237,-10.2290586120409,7.8));
#14418=CARTESIAN_POINT('',(138.389357521237,-5.99197416361011,7.8));
#14419=CARTESIAN_POINT('',(138.389357521237,-9.44030541965342,7.3));
#14420=CARTESIAN_POINT('',(138.389357521237,-9.44030541965342,7.8));
#14421=CARTESIAN_POINT('',(138.389357521237,-10.2290586120409,7.3));
#14422=CARTESIAN_POINT('',(138.389357521237,-9.44030541965342,7.3));
#14423=CARTESIAN_POINT('',(138.389357521237,-10.2290586120409,7.8));
#14424=CARTESIAN_POINT('Origin',(134.063461376448,-9.44030541965342,7.8));
#14425=CARTESIAN_POINT('',(134.063461376448,-9.44030541965342,7.8));
#14426=CARTESIAN_POINT('',(65.7422726517739,-9.44030541965344,7.8));
#14427=CARTESIAN_POINT('',(134.063461376448,-9.44030541965342,7.3));
#14428=CARTESIAN_POINT('',(134.063461376448,-9.44030541965342,7.8));
#14429=CARTESIAN_POINT('',(134.063461376448,-9.44030541965342,7.3));
#14430=CARTESIAN_POINT('Origin',(134.063461376448,-10.2290586120409,7.8));
#14431=CARTESIAN_POINT('',(134.063461376448,-10.2290586120409,7.8));
#14432=CARTESIAN_POINT('',(134.063461376447,-6.38635075980232,7.8));
#14433=CARTESIAN_POINT('',(134.063461376448,-10.2290586120409,7.3));
#14434=CARTESIAN_POINT('',(134.063461376448,-10.2290586120409,7.8));
#14435=CARTESIAN_POINT('',(134.063461376448,-10.2290586120409,7.3));
#14436=CARTESIAN_POINT('Origin',(135.78549072588,-10.2290586120409,7.8));
#14437=CARTESIAN_POINT('',(135.78549072588,-10.2290586120409,7.8));
#14438=CARTESIAN_POINT('',(66.6032873264901,-10.229058612041,7.8));
#14439=CARTESIAN_POINT('',(135.78549072588,-10.2290586120409,7.3));
#14440=CARTESIAN_POINT('',(135.78549072588,-10.2290586120409,7.8));
#14441=CARTESIAN_POINT('',(135.78549072588,-10.2290586120409,7.3));
#14442=CARTESIAN_POINT('Origin',(135.78549072588,-17.7222145003782,7.8));
#14443=CARTESIAN_POINT('',(135.78549072588,-17.7222145003782,7.8));
#14444=CARTESIAN_POINT('',(135.78549072588,-10.1329287039725,7.8));
#14445=CARTESIAN_POINT('',(135.78549072588,-17.7222145003782,7.3));
#14446=CARTESIAN_POINT('',(135.78549072588,-17.7222145003782,7.8));
#14447=CARTESIAN_POINT('',(135.78549072588,-17.7222145003782,7.3));
#14448=CARTESIAN_POINT('Origin',(136.664877730447,-17.7222145003782,7.8));
#14449=CARTESIAN_POINT('',(136.664877730447,-17.7222145003782,7.8));
#14450=CARTESIAN_POINT('',(67.0429808287736,-17.7222145003782,7.8));
#14451=CARTESIAN_POINT('',(136.664877730447,-17.7222145003782,7.3));
#14452=CARTESIAN_POINT('',(136.664877730447,-17.7222145003782,7.8));
#14453=CARTESIAN_POINT('',(136.664877730447,-17.7222145003782,7.3));
#14454=CARTESIAN_POINT('Origin',(136.664877730447,-10.2290586120409,7.8));
#14455=CARTESIAN_POINT('',(136.664877730447,-10.2290586120409,7.8));
#14456=CARTESIAN_POINT('',(136.664877730447,-6.38635075980385,7.8));
#14457=CARTESIAN_POINT('',(136.664877730447,-10.2290586120409,7.3));
#14458=CARTESIAN_POINT('',(136.664877730447,-10.2290586120409,7.8));
#14459=CARTESIAN_POINT('',(136.664877730447,-10.2290586120409,7.3));
#14460=CARTESIAN_POINT('Origin',(138.389357521237,-10.2290586120409,7.8));
#14461=CARTESIAN_POINT('',(67.9052207241686,-10.2290586120409,7.8));
#14462=CARTESIAN_POINT('',(138.389357521237,-10.2290586120409,7.3));
#14463=CARTESIAN_POINT('Origin',(136.226409448842,-13.5812599600158,7.3));
#14464=CARTESIAN_POINT('Ctrl Pts',(160.32747275453,-17.2714992447757,7.8));
#14465=CARTESIAN_POINT('Ctrl Pts',(160.32747275453,-17.2714992447757,7.3));
#14466=CARTESIAN_POINT('Ctrl Pts',(160.124159380908,-17.465013095591,7.8));
#14467=CARTESIAN_POINT('Ctrl Pts',(160.124159380908,-17.465013095591,7.3));
#14468=CARTESIAN_POINT('Ctrl Pts',(159.866957228579,-17.5874903109856,7.8));
#14469=CARTESIAN_POINT('Ctrl Pts',(159.866957228579,-17.5874903109856,7.3));
#14470=CARTESIAN_POINT('',(160.32747275453,-17.2714992447757,7.8));
#14471=CARTESIAN_POINT('',(159.866957228579,-17.5874903109856,7.8));
#14472=CARTESIAN_POINT('Ctrl Pts',(160.32747275453,-17.2714992447757,7.8));
#14473=CARTESIAN_POINT('Ctrl Pts',(160.124159380908,-17.465013095591,7.8));
#14474=CARTESIAN_POINT('Ctrl Pts',(159.866957228579,-17.5874903109856,7.8));
#14475=CARTESIAN_POINT('',(160.32747275453,-17.2714992447757,7.3));
#14476=CARTESIAN_POINT('',(160.32747275453,-17.2714992447757,7.8));
#14477=CARTESIAN_POINT('',(159.866957228579,-17.5874903109856,7.3));
#14478=CARTESIAN_POINT('Ctrl Pts',(160.32747275453,-17.2714992447757,7.3));
#14479=CARTESIAN_POINT('Ctrl Pts',(160.124159380908,-17.465013095591,7.3));
#14480=CARTESIAN_POINT('Ctrl Pts',(159.866957228579,-17.5874903109856,7.3));
#14481=CARTESIAN_POINT('',(159.866957228579,-17.5874903109856,7.8));
#14482=CARTESIAN_POINT('Ctrl Pts',(160.677758786625,-16.8207832416317,7.8));
#14483=CARTESIAN_POINT('Ctrl Pts',(160.677758786625,-16.8207832416317,7.3));
#14484=CARTESIAN_POINT('Ctrl Pts',(160.543033849691,-17.0706370600534,7.8));
#14485=CARTESIAN_POINT('Ctrl Pts',(160.543033849691,-17.0706370600534,7.3));
#14486=CARTESIAN_POINT('Ctrl Pts',(160.32747275453,-17.2714992447757,7.8));
#14487=CARTESIAN_POINT('Ctrl Pts',(160.32747275453,-17.2714992447757,7.3));
#14488=CARTESIAN_POINT('',(160.677758786625,-16.8207832416317,7.8));
#14489=CARTESIAN_POINT('Ctrl Pts',(160.677758786625,-16.8207832416317,7.8));
#14490=CARTESIAN_POINT('Ctrl Pts',(160.543033849691,-17.0706370600534,7.8));
#14491=CARTESIAN_POINT('Ctrl Pts',(160.32747275453,-17.2714992447757,7.8));
#14492=CARTESIAN_POINT('',(160.677758786625,-16.8207832416317,7.3));
#14493=CARTESIAN_POINT('',(160.677758786625,-16.8207832416317,7.8));
#14494=CARTESIAN_POINT('Ctrl Pts',(160.677758786625,-16.8207832416317,7.3));
#14495=CARTESIAN_POINT('Ctrl Pts',(160.543033849691,-17.0706370600534,7.3));
#14496=CARTESIAN_POINT('Ctrl Pts',(160.32747275453,-17.2714992447757,7.3));
#14497=CARTESIAN_POINT('Ctrl Pts',(160.881072160247,-16.2818834938951,7.8));
#14498=CARTESIAN_POINT('Ctrl Pts',(160.881072160247,-16.2818834938951,7.3));
#14499=CARTESIAN_POINT('Ctrl Pts',(160.812483723559,-16.5635810893029,7.8));
#14500=CARTESIAN_POINT('Ctrl Pts',(160.812483723559,-16.5635810893029,7.3));
#14501=CARTESIAN_POINT('Ctrl Pts',(160.677758786625,-16.8207832416317,7.8));
#14502=CARTESIAN_POINT('Ctrl Pts',(160.677758786625,-16.8207832416317,7.3));
#14503=CARTESIAN_POINT('',(160.881072160247,-16.2818834938951,7.8));
#14504=CARTESIAN_POINT('Ctrl Pts',(160.881072160247,-16.2818834938951,7.8));
#14505=CARTESIAN_POINT('Ctrl Pts',(160.812483723559,-16.5635810893029,7.8));
#14506=CARTESIAN_POINT('Ctrl Pts',(160.677758786625,-16.8207832416317,7.8));
#14507=CARTESIAN_POINT('',(160.881072160247,-16.2818834938951,7.3));
#14508=CARTESIAN_POINT('',(160.881072160247,-16.2818834938951,7.8));
#14509=CARTESIAN_POINT('Ctrl Pts',(160.881072160247,-16.2818834938951,7.3));
#14510=CARTESIAN_POINT('Ctrl Pts',(160.812483723559,-16.5635810893029,7.3));
#14511=CARTESIAN_POINT('Ctrl Pts',(160.677758786625,-16.8207832416317,7.3));
#14512=CARTESIAN_POINT('Ctrl Pts',(160.947208660493,-15.7184883030797,7.8));
#14513=CARTESIAN_POINT('Ctrl Pts',(160.947208660493,-15.7184883030797,7.3));
#14514=CARTESIAN_POINT('Ctrl Pts',(160.947208660493,-16.0001858984874,7.8));
#14515=CARTESIAN_POINT('Ctrl Pts',(160.947208660493,-16.0001858984874,7.3));
#14516=CARTESIAN_POINT('Ctrl Pts',(160.881072160247,-16.2818834938951,7.8));
#14517=CARTESIAN_POINT('Ctrl Pts',(160.881072160247,-16.2818834938951,7.3));
#14518=CARTESIAN_POINT('',(160.947208660493,-15.7184883030797,7.8));
#14519=CARTESIAN_POINT('Ctrl Pts',(160.947208660493,-15.7184883030797,7.8));
#14520=CARTESIAN_POINT('Ctrl Pts',(160.947208660493,-16.0001858984874,7.8));
#14521=CARTESIAN_POINT('Ctrl Pts',(160.881072160247,-16.2818834938951,7.8));
#14522=CARTESIAN_POINT('',(160.947208660493,-15.7184883030797,7.3));
#14523=CARTESIAN_POINT('',(160.947208660493,-15.7184883030797,7.8));
#14524=CARTESIAN_POINT('Ctrl Pts',(160.947208660493,-15.7184883030797,7.3));
#14525=CARTESIAN_POINT('Ctrl Pts',(160.947208660493,-16.0001858984874,7.3));
#14526=CARTESIAN_POINT('Ctrl Pts',(160.881072160247,-16.2818834938951,7.3));
#14527=CARTESIAN_POINT('Ctrl Pts',(160.868824438707,-15.1428453907248,7.8));
#14528=CARTESIAN_POINT('Ctrl Pts',(160.868824438707,-15.1428453907248,7.3));
#14529=CARTESIAN_POINT('Ctrl Pts',(160.947208660493,-15.4245429861325,7.8));
#14530=CARTESIAN_POINT('Ctrl Pts',(160.947208660493,-15.4245429861325,7.3));
#14531=CARTESIAN_POINT('Ctrl Pts',(160.947208660493,-15.7184883030797,7.8));
#14532=CARTESIAN_POINT('Ctrl Pts',(160.947208660493,-15.7184883030797,7.3));
#14533=CARTESIAN_POINT('',(160.868824438707,-15.1428453907248,7.8));
#14534=CARTESIAN_POINT('Ctrl Pts',(160.868824438707,-15.1428453907248,7.8));
#14535=CARTESIAN_POINT('Ctrl Pts',(160.947208660493,-15.4245429861325,7.8));
#14536=CARTESIAN_POINT('Ctrl Pts',(160.947208660493,-15.7184883030797,7.8));
#14537=CARTESIAN_POINT('',(160.868824438707,-15.1428453907248,7.3));
#14538=CARTESIAN_POINT('',(160.868824438707,-15.1428453907248,7.8));
#14539=CARTESIAN_POINT('Ctrl Pts',(160.868824438707,-15.1428453907248,7.3));
#14540=CARTESIAN_POINT('Ctrl Pts',(160.947208660493,-15.4245429861325,7.3));
#14541=CARTESIAN_POINT('Ctrl Pts',(160.947208660493,-15.7184883030797,7.3));
#14542=CARTESIAN_POINT('Ctrl Pts',(160.665511065086,-14.601495949172,7.8));
#14543=CARTESIAN_POINT('Ctrl Pts',(160.665511065086,-14.601495949172,7.3));
#14544=CARTESIAN_POINT('Ctrl Pts',(160.80023600202,-14.861147795317,7.8));
#14545=CARTESIAN_POINT('Ctrl Pts',(160.80023600202,-14.861147795317,7.3));
#14546=CARTESIAN_POINT('Ctrl Pts',(160.868824438707,-15.1428453907248,7.8));
#14547=CARTESIAN_POINT('Ctrl Pts',(160.868824438707,-15.1428453907248,7.3));
#14548=CARTESIAN_POINT('',(160.665511065086,-14.601495949172,7.8));
#14549=CARTESIAN_POINT('Ctrl Pts',(160.665511065086,-14.601495949172,7.8));
#14550=CARTESIAN_POINT('Ctrl Pts',(160.80023600202,-14.861147795317,7.8));
#14551=CARTESIAN_POINT('Ctrl Pts',(160.868824438707,-15.1428453907248,7.8));
#14552=CARTESIAN_POINT('',(160.665511065086,-14.601495949172,7.3));
#14553=CARTESIAN_POINT('',(160.665511065086,-14.601495949172,7.8));
#14554=CARTESIAN_POINT('Ctrl Pts',(160.665511065086,-14.601495949172,7.3));
#14555=CARTESIAN_POINT('Ctrl Pts',(160.80023600202,-14.861147795317,7.3));
#14556=CARTESIAN_POINT('Ctrl Pts',(160.868824438707,-15.1428453907248,7.3));
#14557=CARTESIAN_POINT('Ctrl Pts',(160.339720476069,-14.1287341967653,7.8));
#14558=CARTESIAN_POINT('Ctrl Pts',(160.339720476069,-14.1287341967653,7.3));
#14559=CARTESIAN_POINT('Ctrl Pts',(160.530786128151,-14.3418448505686,7.8));
#14560=CARTESIAN_POINT('Ctrl Pts',(160.530786128151,-14.3418448505686,7.3));
#14561=CARTESIAN_POINT('Ctrl Pts',(160.665511065086,-14.601495949172,7.8));
#14562=CARTESIAN_POINT('Ctrl Pts',(160.665511065086,-14.601495949172,7.3));
#14563=CARTESIAN_POINT('',(160.339720476069,-14.1287341967653,7.8));
#14564=CARTESIAN_POINT('Ctrl Pts',(160.339720476069,-14.1287341967653,7.8));
#14565=CARTESIAN_POINT('Ctrl Pts',(160.530786128151,-14.3418448505686,7.8));
#14566=CARTESIAN_POINT('Ctrl Pts',(160.665511065086,-14.601495949172,7.8));
#14567=CARTESIAN_POINT('',(160.339720476069,-14.1287341967653,7.3));
#14568=CARTESIAN_POINT('',(160.339720476069,-14.1287341967653,7.8));
#14569=CARTESIAN_POINT('Ctrl Pts',(160.339720476069,-14.1287341967653,7.3));
#14570=CARTESIAN_POINT('Ctrl Pts',(160.530786128151,-14.3418448505686,7.3));
#14571=CARTESIAN_POINT('Ctrl Pts',(160.665511065086,-14.601495949172,7.3));
#14572=CARTESIAN_POINT('Ctrl Pts',(159.911050222188,-13.7343574136861,7.8));
#14573=CARTESIAN_POINT('Ctrl Pts',(159.911050222188,-13.7343574136861,7.3));
#14574=CARTESIAN_POINT('Ctrl Pts',(160.148654823987,-13.9156235429619,7.8));
#14575=CARTESIAN_POINT('Ctrl Pts',(160.148654823987,-13.9156235429619,7.3));
#14576=CARTESIAN_POINT('Ctrl Pts',(160.339720476069,-14.1287341967653,7.8));
#14577=CARTESIAN_POINT('Ctrl Pts',(160.339720476069,-14.1287341967653,7.3));
#14578=CARTESIAN_POINT('',(159.911050222188,-13.7343574136861,7.8));
#14579=CARTESIAN_POINT('Ctrl Pts',(159.911050222188,-13.7343574136861,7.8));
#14580=CARTESIAN_POINT('Ctrl Pts',(160.148654823987,-13.9156235429619,7.8));
#14581=CARTESIAN_POINT('Ctrl Pts',(160.339720476069,-14.1287341967653,7.8));
#14582=CARTESIAN_POINT('',(159.911050222188,-13.7343574136861,7.3));
#14583=CARTESIAN_POINT('',(159.911050222188,-13.7343574136861,7.8));
#14584=CARTESIAN_POINT('Ctrl Pts',(159.911050222188,-13.7343574136861,7.3));
#14585=CARTESIAN_POINT('Ctrl Pts',(160.148654823987,-13.9156235429619,7.3));
#14586=CARTESIAN_POINT('Ctrl Pts',(160.339720476069,-14.1287341967653,7.3));
#14587=CARTESIAN_POINT('Ctrl Pts',(159.426039253158,-13.408568319753,7.8));
#14588=CARTESIAN_POINT('Ctrl Pts',(159.426039253158,-13.408568319753,7.3));
#14589=CARTESIAN_POINT('Ctrl Pts',(159.685690351762,-13.5530912844103,7.8));
#14590=CARTESIAN_POINT('Ctrl Pts',(159.685690351762,-13.5530912844103,7.3));
#14591=CARTESIAN_POINT('Ctrl Pts',(159.911050222188,-13.7343574136861,7.8));
#14592=CARTESIAN_POINT('Ctrl Pts',(159.911050222188,-13.7343574136861,7.3));
#14593=CARTESIAN_POINT('',(159.426039253158,-13.408568319753,7.8));
#14594=CARTESIAN_POINT('Ctrl Pts',(159.426039253158,-13.408568319753,7.8));
#14595=CARTESIAN_POINT('Ctrl Pts',(159.685690351762,-13.5530912844103,7.8));
#14596=CARTESIAN_POINT('Ctrl Pts',(159.911050222188,-13.7343574136861,7.8));
#14597=CARTESIAN_POINT('',(159.426039253158,-13.408568319753,7.3));
#14598=CARTESIAN_POINT('',(159.426039253158,-13.408568319753,7.8));
#14599=CARTESIAN_POINT('Ctrl Pts',(159.426039253158,-13.408568319753,7.3));
#14600=CARTESIAN_POINT('Ctrl Pts',(159.685690351762,-13.5530912844103,7.3));
#14601=CARTESIAN_POINT('Ctrl Pts',(159.911050222188,-13.7343574136861,7.3));
#14602=CARTESIAN_POINT('Ctrl Pts',(158.918984777491,-13.1366687520685,7.8));
#14603=CARTESIAN_POINT('Ctrl Pts',(158.918984777491,-13.1366687520685,7.3));
#14604=CARTESIAN_POINT('Ctrl Pts',(159.178635876095,-13.2615956612794,7.8));
#14605=CARTESIAN_POINT('Ctrl Pts',(159.178635876095,-13.2615956612794,7.3));
#14606=CARTESIAN_POINT('Ctrl Pts',(159.426039253158,-13.408568319753,7.8));
#14607=CARTESIAN_POINT('Ctrl Pts',(159.426039253158,-13.408568319753,7.3));
#14608=CARTESIAN_POINT('',(158.918984777491,-13.1366687520685,7.8));
#14609=CARTESIAN_POINT('Ctrl Pts',(158.918984777491,-13.1366687520685,7.8));
#14610=CARTESIAN_POINT('Ctrl Pts',(159.178635876095,-13.2615956612794,7.8));
#14611=CARTESIAN_POINT('Ctrl Pts',(159.426039253158,-13.408568319753,7.8));
#14612=CARTESIAN_POINT('',(158.918984777491,-13.1366687520685,7.3));
#14613=CARTESIAN_POINT('',(158.918984777491,-13.1366687520685,7.8));
#14614=CARTESIAN_POINT('Ctrl Pts',(158.918984777491,-13.1366687520685,7.3));
#14615=CARTESIAN_POINT('Ctrl Pts',(159.178635876095,-13.2615956612794,7.3));
#14616=CARTESIAN_POINT('Ctrl Pts',(159.426039253158,-13.408568319753,7.3));
#14617=CARTESIAN_POINT('Ctrl Pts',(158.411930301824,-12.8549711566607,7.8));
#14618=CARTESIAN_POINT('Ctrl Pts',(158.411930301824,-12.8549711566607,7.3));
#14619=CARTESIAN_POINT('Ctrl Pts',(158.659333678888,-13.0019438151343,7.8));
#14620=CARTESIAN_POINT('Ctrl Pts',(158.659333678888,-13.0019438151343,7.3));
#14621=CARTESIAN_POINT('Ctrl Pts',(158.918984777491,-13.1366687520685,7.8));
#14622=CARTESIAN_POINT('Ctrl Pts',(158.918984777491,-13.1366687520685,7.3));
#14623=CARTESIAN_POINT('',(158.411930301824,-12.8549711566607,7.8));
#14624=CARTESIAN_POINT('Ctrl Pts',(158.411930301824,-12.8549711566607,7.8));
#14625=CARTESIAN_POINT('Ctrl Pts',(158.659333678888,-13.0019438151343,7.8));
#14626=CARTESIAN_POINT('Ctrl Pts',(158.918984777491,-13.1366687520685,7.8));
#14627=CARTESIAN_POINT('',(158.411930301824,-12.8549711566607,7.3));
#14628=CARTESIAN_POINT('',(158.411930301824,-12.8549711566607,7.8));
#14629=CARTESIAN_POINT('Ctrl Pts',(158.411930301824,-12.8549711566607,7.3));
#14630=CARTESIAN_POINT('Ctrl Pts',(158.659333678888,-13.0019438151343,7.3));
#14631=CARTESIAN_POINT('Ctrl Pts',(158.918984777491,-13.1366687520685,7.3));
#14632=CARTESIAN_POINT('Ctrl Pts',(157.961213551138,-12.4948878443838,7.8));
#14633=CARTESIAN_POINT('Ctrl Pts',(157.961213551138,-12.4948878443838,7.3));
#14634=CARTESIAN_POINT('Ctrl Pts',(158.16452692476,-12.7079984981872,7.8));
#14635=CARTESIAN_POINT('Ctrl Pts',(158.16452692476,-12.7079984981872,7.3));
#14636=CARTESIAN_POINT('Ctrl Pts',(158.411930301824,-12.8549711566607,7.8));
#14637=CARTESIAN_POINT('Ctrl Pts',(158.411930301824,-12.8549711566607,7.3));
#14638=CARTESIAN_POINT('',(157.961213551138,-12.4948878443838,7.8));
#14639=CARTESIAN_POINT('Ctrl Pts',(157.961213551138,-12.4948878443838,7.8));
#14640=CARTESIAN_POINT('Ctrl Pts',(158.16452692476,-12.7079984981872,7.8));
#14641=CARTESIAN_POINT('Ctrl Pts',(158.411930301824,-12.8549711566607,7.8));
#14642=CARTESIAN_POINT('',(157.961213551138,-12.4948878443838,7.3));
#14643=CARTESIAN_POINT('',(157.961213551138,-12.4948878443838,7.8));
#14644=CARTESIAN_POINT('Ctrl Pts',(157.961213551138,-12.4948878443838,7.3));
#14645=CARTESIAN_POINT('Ctrl Pts',(158.16452692476,-12.7079984981872,7.3));
#14646=CARTESIAN_POINT('Ctrl Pts',(158.411930301824,-12.8549711566607,7.3));
#14647=CARTESIAN_POINT('Ctrl Pts',(157.645221737387,-12.0098779966668,7.8));
#14648=CARTESIAN_POINT('Ctrl Pts',(157.645221737387,-12.0098779966668,7.3));
#14649=CARTESIAN_POINT('Ctrl Pts',(157.757900177516,-12.2817771905804,7.8));
#14650=CARTESIAN_POINT('Ctrl Pts',(157.757900177516,-12.2817771905804,7.3));
#14651=CARTESIAN_POINT('Ctrl Pts',(157.961213551138,-12.4948878443838,7.8));
#14652=CARTESIAN_POINT('Ctrl Pts',(157.961213551138,-12.4948878443838,7.3));
#14653=CARTESIAN_POINT('',(157.645221737387,-12.0098779966668,7.8));
#14654=CARTESIAN_POINT('Ctrl Pts',(157.645221737387,-12.0098779966668,7.8));
#14655=CARTESIAN_POINT('Ctrl Pts',(157.757900177516,-12.2817771905804,7.8));
#14656=CARTESIAN_POINT('Ctrl Pts',(157.961213551138,-12.4948878443838,7.8));
#14657=CARTESIAN_POINT('',(157.645221737387,-12.0098779966668,7.3));
#14658=CARTESIAN_POINT('',(157.645221737387,-12.0098779966668,7.8));
#14659=CARTESIAN_POINT('Ctrl Pts',(157.645221737387,-12.0098779966668,7.3));
#14660=CARTESIAN_POINT('Ctrl Pts',(157.757900177516,-12.2817771905804,7.3));
#14661=CARTESIAN_POINT('Ctrl Pts',(157.961213551138,-12.4948878443838,7.3));
#14662=CARTESIAN_POINT('Ctrl Pts',(157.532543297257,-11.4464828058513,7.8));
#14663=CARTESIAN_POINT('Ctrl Pts',(157.532543297257,-11.4464828058513,7.3));
#14664=CARTESIAN_POINT('Ctrl Pts',(157.532543297257,-11.7404281227985,7.8));
#14665=CARTESIAN_POINT('Ctrl Pts',(157.532543297257,-11.7404281227985,7.3));
#14666=CARTESIAN_POINT('Ctrl Pts',(157.645221737387,-12.0098779966668,7.8));
#14667=CARTESIAN_POINT('Ctrl Pts',(157.645221737387,-12.0098779966668,7.3));
#14668=CARTESIAN_POINT('',(157.532543297257,-11.4464828058513,7.8));
#14669=CARTESIAN_POINT('Ctrl Pts',(157.532543297257,-11.4464828058513,7.8));
#14670=CARTESIAN_POINT('Ctrl Pts',(157.532543297257,-11.7404281227985,7.8));
#14671=CARTESIAN_POINT('Ctrl Pts',(157.645221737387,-12.0098779966668,7.8));
#14672=CARTESIAN_POINT('',(157.532543297257,-11.4464828058513,7.3));
#14673=CARTESIAN_POINT('',(157.532543297257,-11.4464828058513,7.8));
#14674=CARTESIAN_POINT('Ctrl Pts',(157.532543297257,-11.4464828058513,7.3));
#14675=CARTESIAN_POINT('Ctrl Pts',(157.532543297257,-11.7404281227985,7.3));
#14676=CARTESIAN_POINT('Ctrl Pts',(157.645221737387,-12.0098779966668,7.3));
#14677=CARTESIAN_POINT('Ctrl Pts',(157.613379455484,-10.9394272088716,7.8));
#14678=CARTESIAN_POINT('Ctrl Pts',(157.613379455484,-10.9394272088716,7.3));
#14679=CARTESIAN_POINT('Ctrl Pts',(157.532543297257,-11.1868313334771,7.8));
#14680=CARTESIAN_POINT('Ctrl Pts',(157.532543297257,-11.1868313334771,7.3));
#14681=CARTESIAN_POINT('Ctrl Pts',(157.532543297257,-11.4464828058513,7.8));
#14682=CARTESIAN_POINT('Ctrl Pts',(157.532543297257,-11.4464828058513,7.3));
#14683=CARTESIAN_POINT('',(157.613379455484,-10.9394272088716,7.8));
#14684=CARTESIAN_POINT('Ctrl Pts',(157.613379455484,-10.9394272088716,7.8));
#14685=CARTESIAN_POINT('Ctrl Pts',(157.532543297257,-11.1868313334771,7.8));
#14686=CARTESIAN_POINT('Ctrl Pts',(157.532543297257,-11.4464828058513,7.8));
#14687=CARTESIAN_POINT('',(157.613379455484,-10.9394272088716,7.3));
#14688=CARTESIAN_POINT('',(157.613379455484,-10.9394272088716,7.8));
#14689=CARTESIAN_POINT('Ctrl Pts',(157.613379455484,-10.9394272088716,7.3));
#14690=CARTESIAN_POINT('Ctrl Pts',(157.532543297257,-11.1868313334771,7.3));
#14691=CARTESIAN_POINT('Ctrl Pts',(157.532543297257,-11.4464828058513,7.3));
#14692=CARTESIAN_POINT('Ctrl Pts',(157.860782832548,-10.5107569549902,7.8));
#14693=CARTESIAN_POINT('Ctrl Pts',(157.860782832548,-10.5107569549902,7.3));
#14694=CARTESIAN_POINT('Ctrl Pts',(157.69176367727,-10.692023084266,7.8));
#14695=CARTESIAN_POINT('Ctrl Pts',(157.69176367727,-10.692023084266,7.3));
#14696=CARTESIAN_POINT('Ctrl Pts',(157.613379455484,-10.9394272088716,7.8));
#14697=CARTESIAN_POINT('Ctrl Pts',(157.613379455484,-10.9394272088716,7.3));
#14698=CARTESIAN_POINT('',(157.860782832548,-10.5107569549902,7.8));
#14699=CARTESIAN_POINT('Ctrl Pts',(157.860782832548,-10.5107569549902,7.8));
#14700=CARTESIAN_POINT('Ctrl Pts',(157.69176367727,-10.692023084266,7.8));
#14701=CARTESIAN_POINT('Ctrl Pts',(157.613379455484,-10.9394272088716,7.8));
#14702=CARTESIAN_POINT('',(157.860782832548,-10.5107569549902,7.3));
#14703=CARTESIAN_POINT('',(157.860782832548,-10.5107569549902,7.8));
#14704=CARTESIAN_POINT('Ctrl Pts',(157.860782832548,-10.5107569549902,7.3));
#14705=CARTESIAN_POINT('Ctrl Pts',(157.69176367727,-10.692023084266,7.3));
#14706=CARTESIAN_POINT('Ctrl Pts',(157.613379455484,-10.9394272088716,7.3));
#14707=CARTESIAN_POINT('Ctrl Pts',(158.27720536489,-10.2290593595825,7.8));
#14708=CARTESIAN_POINT('Ctrl Pts',(158.27720536489,-10.2290593595825,7.3));
#14709=CARTESIAN_POINT('Ctrl Pts',(158.029801987826,-10.3196924242204,7.8));
#14710=CARTESIAN_POINT('Ctrl Pts',(158.029801987826,-10.3196924242204,7.3));
#14711=CARTESIAN_POINT('Ctrl Pts',(157.860782832548,-10.5107569549902,7.8));
#14712=CARTESIAN_POINT('Ctrl Pts',(157.860782832548,-10.5107569549902,7.3));
#14713=CARTESIAN_POINT('',(158.27720536489,-10.2290593595825,7.8));
#14714=CARTESIAN_POINT('Ctrl Pts',(158.27720536489,-10.2290593595825,7.8));
#14715=CARTESIAN_POINT('Ctrl Pts',(158.029801987826,-10.3196924242204,7.8));
#14716=CARTESIAN_POINT('Ctrl Pts',(157.860782832548,-10.5107569549902,7.8));
#14717=CARTESIAN_POINT('',(158.27720536489,-10.2290593595825,7.3));
#14718=CARTESIAN_POINT('',(158.27720536489,-10.2290593595825,7.8));
#14719=CARTESIAN_POINT('Ctrl Pts',(158.27720536489,-10.2290593595825,7.3));
#14720=CARTESIAN_POINT('Ctrl Pts',(158.029801987826,-10.3196924242204,7.3));
#14721=CARTESIAN_POINT('Ctrl Pts',(157.860782832548,-10.5107569549902,7.3));
#14722=CARTESIAN_POINT('Ctrl Pts',(158.772012119018,-10.14087561499,7.8));
#14723=CARTESIAN_POINT('Ctrl Pts',(158.772012119018,-10.14087561499,7.3));
#14724=CARTESIAN_POINT('Ctrl Pts',(158.524608741954,-10.14087561499,7.8));
#14725=CARTESIAN_POINT('Ctrl Pts',(158.524608741954,-10.14087561499,7.3));
#14726=CARTESIAN_POINT('Ctrl Pts',(158.27720536489,-10.2290593595825,7.8));
#14727=CARTESIAN_POINT('Ctrl Pts',(158.27720536489,-10.2290593595825,7.3));
#14728=CARTESIAN_POINT('',(158.772012119018,-10.14087561499,7.8));
#14729=CARTESIAN_POINT('Ctrl Pts',(158.772012119018,-10.14087561499,7.8));
#14730=CARTESIAN_POINT('Ctrl Pts',(158.524608741954,-10.14087561499,7.8));
#14731=CARTESIAN_POINT('Ctrl Pts',(158.27720536489,-10.2290593595825,7.8));
#14732=CARTESIAN_POINT('',(158.772012119018,-10.14087561499,7.3));
#14733=CARTESIAN_POINT('',(158.772012119018,-10.14087561499,7.8));
#14734=CARTESIAN_POINT('Ctrl Pts',(158.772012119018,-10.14087561499,7.3));
#14735=CARTESIAN_POINT('Ctrl Pts',(158.524608741954,-10.14087561499,7.3));
#14736=CARTESIAN_POINT('Ctrl Pts',(158.27720536489,-10.2290593595825,7.3));
#14737=CARTESIAN_POINT('Ctrl Pts',(159.257023088047,-10.2290593595825,7.8));
#14738=CARTESIAN_POINT('Ctrl Pts',(159.257023088047,-10.2290593595825,7.3));
#14739=CARTESIAN_POINT('Ctrl Pts',(159.021867432522,-10.14087561499,7.8));
#14740=CARTESIAN_POINT('Ctrl Pts',(159.021867432522,-10.14087561499,7.3));
#14741=CARTESIAN_POINT('Ctrl Pts',(158.772012119018,-10.14087561499,7.8));
#14742=CARTESIAN_POINT('Ctrl Pts',(158.772012119018,-10.14087561499,7.3));
#14743=CARTESIAN_POINT('',(159.257023088047,-10.2290593595825,7.8));
#14744=CARTESIAN_POINT('Ctrl Pts',(159.257023088047,-10.2290593595825,7.8));
#14745=CARTESIAN_POINT('Ctrl Pts',(159.021867432522,-10.14087561499,7.8));
#14746=CARTESIAN_POINT('Ctrl Pts',(158.772012119018,-10.14087561499,7.8));
#14747=CARTESIAN_POINT('',(159.257023088047,-10.2290593595825,7.3));
#14748=CARTESIAN_POINT('',(159.257023088047,-10.2290593595825,7.8));
#14749=CARTESIAN_POINT('Ctrl Pts',(159.257023088047,-10.2290593595825,7.3));
#14750=CARTESIAN_POINT('Ctrl Pts',(159.021867432522,-10.14087561499,7.3));
#14751=CARTESIAN_POINT('Ctrl Pts',(158.772012119018,-10.14087561499,7.3));
#14752=CARTESIAN_POINT('Ctrl Pts',(159.673445620389,-10.500958927267,7.8));
#14753=CARTESIAN_POINT('Ctrl Pts',(159.673445620389,-10.500958927267,7.3));
#14754=CARTESIAN_POINT('Ctrl Pts',(159.504426465111,-10.3098943964971,7.8));
#14755=CARTESIAN_POINT('Ctrl Pts',(159.504426465111,-10.3098943964971,7.3));
#14756=CARTESIAN_POINT('Ctrl Pts',(159.257023088047,-10.2290593595825,7.8));
#14757=CARTESIAN_POINT('Ctrl Pts',(159.257023088047,-10.2290593595825,7.3));
#14758=CARTESIAN_POINT('',(159.673445620389,-10.500958927267,7.8));
#14759=CARTESIAN_POINT('Ctrl Pts',(159.673445620389,-10.500958927267,7.8));
#14760=CARTESIAN_POINT('Ctrl Pts',(159.504426465111,-10.3098943964971,7.8));
#14761=CARTESIAN_POINT('Ctrl Pts',(159.257023088047,-10.2290593595825,7.8));
#14762=CARTESIAN_POINT('',(159.673445620389,-10.500958927267,7.3));
#14763=CARTESIAN_POINT('',(159.673445620389,-10.500958927267,7.8));
#14764=CARTESIAN_POINT('Ctrl Pts',(159.673445620389,-10.500958927267,7.3));
#14765=CARTESIAN_POINT('Ctrl Pts',(159.504426465111,-10.3098943964971,7.3));
#14766=CARTESIAN_POINT('Ctrl Pts',(159.257023088047,-10.2290593595825,7.3));
#14767=CARTESIAN_POINT('Ctrl Pts',(159.923297943727,-10.9296291811483,7.8));
#14768=CARTESIAN_POINT('Ctrl Pts',(159.923297943727,-10.9296291811483,7.3));
#14769=CARTESIAN_POINT('Ctrl Pts',(159.8424617855,-10.6797757364973,7.8));
#14770=CARTESIAN_POINT('Ctrl Pts',(159.8424617855,-10.6797757364973,7.3));
#14771=CARTESIAN_POINT('Ctrl Pts',(159.673445620389,-10.500958927267,7.8));
#14772=CARTESIAN_POINT('Ctrl Pts',(159.673445620389,-10.500958927267,7.3));
#14773=CARTESIAN_POINT('',(159.923297943727,-10.9296291811483,7.8));
#14774=CARTESIAN_POINT('Ctrl Pts',(159.923297943727,-10.9296291811483,7.8));
#14775=CARTESIAN_POINT('Ctrl Pts',(159.8424617855,-10.6797757364973,7.8));
#14776=CARTESIAN_POINT('Ctrl Pts',(159.673445620389,-10.500958927267,7.8));
#14777=CARTESIAN_POINT('',(159.923297943727,-10.9296291811483,7.3));
#14778=CARTESIAN_POINT('',(159.923297943727,-10.9296291811483,7.8));
#14779=CARTESIAN_POINT('Ctrl Pts',(159.923297943727,-10.9296291811483,7.3));
#14780=CARTESIAN_POINT('Ctrl Pts',(159.8424617855,-10.6797757364973,7.3));
#14781=CARTESIAN_POINT('Ctrl Pts',(159.673445620389,-10.500958927267,7.3));
#14782=CARTESIAN_POINT('Ctrl Pts',(160.001682165513,-11.4121893350491,7.8));
#14783=CARTESIAN_POINT('Ctrl Pts',(160.001682165513,-11.4121893350491,7.3));
#14784=CARTESIAN_POINT('Ctrl Pts',(160.001682165513,-11.1647852104436,7.8));
#14785=CARTESIAN_POINT('Ctrl Pts',(160.001682165513,-11.1647852104436,7.3));
#14786=CARTESIAN_POINT('Ctrl Pts',(159.923297943727,-10.9296291811483,7.8));
#14787=CARTESIAN_POINT('Ctrl Pts',(159.923297943727,-10.9296291811483,7.3));
#14788=CARTESIAN_POINT('',(160.001682165513,-11.4121893350491,7.8));
#14789=CARTESIAN_POINT('Ctrl Pts',(160.001682165513,-11.4121893350491,7.8));
#14790=CARTESIAN_POINT('Ctrl Pts',(160.001682165513,-11.1647852104436,7.8));
#14791=CARTESIAN_POINT('Ctrl Pts',(159.923297943727,-10.9296291811483,7.8));
#14792=CARTESIAN_POINT('',(160.001682165513,-11.4121893350491,7.3));
#14793=CARTESIAN_POINT('',(160.001682165513,-11.4121893350491,7.8));
#14794=CARTESIAN_POINT('Ctrl Pts',(160.001682165513,-11.4121893350491,7.3));
#14795=CARTESIAN_POINT('Ctrl Pts',(160.001682165513,-11.1647852104436,7.3));
#14796=CARTESIAN_POINT('Ctrl Pts',(159.923297943727,-10.9296291811483,7.3));
#14797=CARTESIAN_POINT('Origin',(160.001682165513,-11.4685289288848,7.8));
#14798=CARTESIAN_POINT('',(160.001682165513,-11.4685289288848,7.8));
#14799=CARTESIAN_POINT('',(160.001682165513,-7.00608591822582,7.8));
#14800=CARTESIAN_POINT('',(160.001682165513,-11.4685289288848,7.3));
#14801=CARTESIAN_POINT('',(160.001682165513,-11.4685289288848,7.8));
#14802=CARTESIAN_POINT('',(160.001682165513,-11.4685289288848,7.3));
#14803=CARTESIAN_POINT('Origin',(160.88106917008,-11.4685289288848,7.8));
#14804=CARTESIAN_POINT('',(160.88106917008,-11.4685289288848,7.8));
#14805=CARTESIAN_POINT('',(79.1510765485903,-11.4685289288846,7.8));
#14806=CARTESIAN_POINT('',(160.88106917008,-11.4685289288848,7.3));
#14807=CARTESIAN_POINT('',(160.88106917008,-11.4685289288848,7.8));
#14808=CARTESIAN_POINT('',(160.88106917008,-11.4685289288848,7.3));
#14809=CARTESIAN_POINT('Origin',(160.88106917008,-11.3901435857864,7.8));
#14810=CARTESIAN_POINT('',(160.88106917008,-11.3901435857864,7.8));
#14811=CARTESIAN_POINT('',(160.88106917008,-6.9668932466766,7.8));
#14812=CARTESIAN_POINT('',(160.88106917008,-11.3901435857864,7.3));
#14813=CARTESIAN_POINT('',(160.88106917008,-11.3901435857864,7.8));
#14814=CARTESIAN_POINT('',(160.88106917008,-11.3901435857864,7.3));
#14815=CARTESIAN_POINT('Ctrl Pts',(160.812480733393,-10.8389961165104,7.8));
#14816=CARTESIAN_POINT('Ctrl Pts',(160.812480733393,-10.8389961165104,7.3));
#14817=CARTESIAN_POINT('Ctrl Pts',(160.88106917008,-11.1084459903787,7.8));
#14818=CARTESIAN_POINT('Ctrl Pts',(160.88106917008,-11.1084459903787,7.3));
#14819=CARTESIAN_POINT('Ctrl Pts',(160.88106917008,-11.3901435857864,7.8));
#14820=CARTESIAN_POINT('Ctrl Pts',(160.88106917008,-11.3901435857864,7.3));
#14821=CARTESIAN_POINT('',(160.812480733393,-10.8389961165104,7.8));
#14822=CARTESIAN_POINT('Ctrl Pts',(160.812480733393,-10.8389961165104,7.8));
#14823=CARTESIAN_POINT('Ctrl Pts',(160.88106917008,-11.1084459903787,7.8));
#14824=CARTESIAN_POINT('Ctrl Pts',(160.88106917008,-11.3901435857864,7.8));
#14825=CARTESIAN_POINT('',(160.812480733393,-10.8389961165104,7.3));
#14826=CARTESIAN_POINT('',(160.812480733393,-10.8389961165104,7.8));
#14827=CARTESIAN_POINT('Ctrl Pts',(160.812480733393,-10.8389961165104,7.3));
#14828=CARTESIAN_POINT('Ctrl Pts',(160.88106917008,-11.1084459903787,7.3));
#14829=CARTESIAN_POINT('Ctrl Pts',(160.88106917008,-11.3901435857864,7.3));
#14830=CARTESIAN_POINT('Ctrl Pts',(160.621415081311,-10.3319405195307,7.8));
#14831=CARTESIAN_POINT('Ctrl Pts',(160.621415081311,-10.3319405195307,7.3));
#14832=CARTESIAN_POINT('Ctrl Pts',(160.756140018245,-10.5670969225967,7.8));
#14833=CARTESIAN_POINT('Ctrl Pts',(160.756140018245,-10.5670969225967,7.3));
#14834=CARTESIAN_POINT('Ctrl Pts',(160.812480733393,-10.8389961165104,7.8));
#14835=CARTESIAN_POINT('Ctrl Pts',(160.812480733393,-10.8389961165104,7.3));
#14836=CARTESIAN_POINT('',(160.621415081311,-10.3319405195307,7.8));
#14837=CARTESIAN_POINT('Ctrl Pts',(160.621415081311,-10.3319405195307,7.8));
#14838=CARTESIAN_POINT('Ctrl Pts',(160.756140018245,-10.5670969225967,7.8));
#14839=CARTESIAN_POINT('Ctrl Pts',(160.812480733393,-10.8389961165104,7.8));
#14840=CARTESIAN_POINT('',(160.621415081311,-10.3319405195307,7.3));
#14841=CARTESIAN_POINT('',(160.621415081311,-10.3319405195307,7.8));
#14842=CARTESIAN_POINT('Ctrl Pts',(160.621415081311,-10.3319405195307,7.3));
#14843=CARTESIAN_POINT('Ctrl Pts',(160.756140018245,-10.5670969225967,7.3));
#14844=CARTESIAN_POINT('Ctrl Pts',(160.812480733393,-10.8389961165104,7.3));
#14845=CARTESIAN_POINT('Ctrl Pts',(160.29317554602,-9.89102254410986,7.8));
#14846=CARTESIAN_POINT('Ctrl Pts',(160.29317554602,-9.89102254410986,7.3));
#14847=CARTESIAN_POINT('Ctrl Pts',(160.496488919641,-10.0845363949251,7.8));
#14848=CARTESIAN_POINT('Ctrl Pts',(160.496488919641,-10.0845363949251,7.3));
#14849=CARTESIAN_POINT('Ctrl Pts',(160.621415081311,-10.3319405195307,7.8));
#14850=CARTESIAN_POINT('Ctrl Pts',(160.621415081311,-10.3319405195307,7.3));
#14851=CARTESIAN_POINT('',(160.29317554602,-9.89102254410986,7.8));
#14852=CARTESIAN_POINT('Ctrl Pts',(160.29317554602,-9.89102254410986,7.8));
#14853=CARTESIAN_POINT('Ctrl Pts',(160.496488919641,-10.0845363949251,7.8));
#14854=CARTESIAN_POINT('Ctrl Pts',(160.621415081311,-10.3319405195307,7.8));
#14855=CARTESIAN_POINT('',(160.29317554602,-9.89102254410986,7.3));
#14856=CARTESIAN_POINT('',(160.29317554602,-9.89102254410986,7.8));
#14857=CARTESIAN_POINT('Ctrl Pts',(160.29317554602,-9.89102254410986,7.3));
#14858=CARTESIAN_POINT('Ctrl Pts',(160.496488919641,-10.0845363949251,7.3));
#14859=CARTESIAN_POINT('Ctrl Pts',(160.621415081311,-10.3319405195307,7.3));
#14860=CARTESIAN_POINT('Ctrl Pts',(159.842458795334,-9.56523307640589,7.8));
#14861=CARTESIAN_POINT('Ctrl Pts',(159.842458795334,-9.56523307640589,7.3));
#14862=CARTESIAN_POINT('Ctrl Pts',(160.092311118672,-9.69015998561677,7.8));
#14863=CARTESIAN_POINT('Ctrl Pts',(160.092311118672,-9.69015998561677,7.3));
#14864=CARTESIAN_POINT('Ctrl Pts',(160.29317554602,-9.89102254410986,7.8));
#14865=CARTESIAN_POINT('Ctrl Pts',(160.29317554602,-9.89102254410986,7.3));
#14866=CARTESIAN_POINT('',(159.842458795334,-9.56523307640589,7.8));
#14867=CARTESIAN_POINT('Ctrl Pts',(159.842458795334,-9.56523307640589,7.8));
#14868=CARTESIAN_POINT('Ctrl Pts',(160.092311118672,-9.69015998561677,7.8));
#14869=CARTESIAN_POINT('Ctrl Pts',(160.29317554602,-9.89102254410986,7.8));
#14870=CARTESIAN_POINT('',(159.842458795334,-9.56523307640589,7.3));
#14871=CARTESIAN_POINT('',(159.842458795334,-9.56523307640589,7.8));
#14872=CARTESIAN_POINT('Ctrl Pts',(159.842458795334,-9.56523307640589,7.3));
#14873=CARTESIAN_POINT('Ctrl Pts',(160.092311118672,-9.69015998561677,7.3));
#14874=CARTESIAN_POINT('Ctrl Pts',(160.29317554602,-9.89102254410986,7.3));
#14875=CARTESIAN_POINT('Ctrl Pts',(159.325605544402,-9.39621466866958,7.8));
#14876=CARTESIAN_POINT('Ctrl Pts',(159.325605544402,-9.39621466866958,7.3));
#14877=CARTESIAN_POINT('Ctrl Pts',(159.59505541827,-9.44030654096581,7.8));
#14878=CARTESIAN_POINT('Ctrl Pts',(159.59505541827,-9.44030654096581,7.3));
#14879=CARTESIAN_POINT('Ctrl Pts',(159.842458795334,-9.56523307640589,7.8));
#14880=CARTESIAN_POINT('Ctrl Pts',(159.842458795334,-9.56523307640589,7.3));
#14881=CARTESIAN_POINT('',(159.325605544402,-9.39621466866958,7.8));
#14882=CARTESIAN_POINT('Ctrl Pts',(159.325605544402,-9.39621466866958,7.8));
#14883=CARTESIAN_POINT('Ctrl Pts',(159.59505541827,-9.44030654096581,7.8));
#14884=CARTESIAN_POINT('Ctrl Pts',(159.842458795334,-9.56523307640589,7.8));
#14885=CARTESIAN_POINT('',(159.325605544402,-9.39621466866958,7.3));
#14886=CARTESIAN_POINT('',(159.325605544402,-9.39621466866958,7.8));
#14887=CARTESIAN_POINT('Ctrl Pts',(159.325605544402,-9.39621466866958,7.3));
#14888=CARTESIAN_POINT('Ctrl Pts',(159.59505541827,-9.44030654096581,7.3));
#14889=CARTESIAN_POINT('Ctrl Pts',(159.842458795334,-9.56523307640589,7.3));
#14890=CARTESIAN_POINT('Ctrl Pts',(158.772009128851,-9.35212279637333,7.8));
#14891=CARTESIAN_POINT('Ctrl Pts',(158.772009128851,-9.35212279637333,7.3));
#14892=CARTESIAN_POINT('Ctrl Pts',(159.053706724259,-9.35212279637333,7.8));
#14893=CARTESIAN_POINT('Ctrl Pts',(159.053706724259,-9.35212279637333,7.3));
#14894=CARTESIAN_POINT('Ctrl Pts',(159.325605544402,-9.39621466866958,7.8));
#14895=CARTESIAN_POINT('Ctrl Pts',(159.325605544402,-9.39621466866958,7.3));
#14896=CARTESIAN_POINT('',(158.772009128851,-9.35212279637333,7.8));
#14897=CARTESIAN_POINT('Ctrl Pts',(158.772009128851,-9.35212279637333,7.8));
#14898=CARTESIAN_POINT('Ctrl Pts',(159.053706724259,-9.35212279637333,7.8));
#14899=CARTESIAN_POINT('Ctrl Pts',(159.325605544402,-9.39621466866958,7.8));
#14900=CARTESIAN_POINT('',(158.772009128851,-9.35212279637333,7.3));
#14901=CARTESIAN_POINT('',(158.772009128851,-9.35212279637333,7.8));
#14902=CARTESIAN_POINT('Ctrl Pts',(158.772009128851,-9.35212279637333,7.3));
#14903=CARTESIAN_POINT('Ctrl Pts',(159.053706724259,-9.35212279637333,7.3));
#14904=CARTESIAN_POINT('Ctrl Pts',(159.325605544402,-9.39621466866958,7.3));
#14905=CARTESIAN_POINT('Ctrl Pts',(158.208613938036,-9.40846239020904,7.8));
#14906=CARTESIAN_POINT('Ctrl Pts',(158.208613938036,-9.40846239020904,7.3));
#14907=CARTESIAN_POINT('Ctrl Pts',(158.490311533443,-9.35212279637333,7.8));
#14908=CARTESIAN_POINT('Ctrl Pts',(158.490311533443,-9.35212279637333,7.3));
#14909=CARTESIAN_POINT('Ctrl Pts',(158.772009128851,-9.35212279637333,7.8));
#14910=CARTESIAN_POINT('Ctrl Pts',(158.772009128851,-9.35212279637333,7.3));
#14911=CARTESIAN_POINT('',(158.208613938036,-9.40846239020904,7.8));
#14912=CARTESIAN_POINT('Ctrl Pts',(158.208613938036,-9.40846239020904,7.8));
#14913=CARTESIAN_POINT('Ctrl Pts',(158.490311533443,-9.35212279637333,7.8));
#14914=CARTESIAN_POINT('Ctrl Pts',(158.772009128851,-9.35212279637333,7.8));
#14915=CARTESIAN_POINT('',(158.208613938036,-9.40846239020904,7.3));
#14916=CARTESIAN_POINT('',(158.208613938036,-9.40846239020904,7.8));
#14917=CARTESIAN_POINT('Ctrl Pts',(158.208613938036,-9.40846239020904,7.3));
#14918=CARTESIAN_POINT('Ctrl Pts',(158.490311533443,-9.35212279637333,7.3));
#14919=CARTESIAN_POINT('Ctrl Pts',(158.772009128851,-9.35212279637333,7.3));
#14920=CARTESIAN_POINT('Ctrl Pts',(157.691760687103,-9.58727919943941,7.8));
#14921=CARTESIAN_POINT('Ctrl Pts',(157.691760687103,-9.58727919943941,7.3));
#14922=CARTESIAN_POINT('Ctrl Pts',(157.939164064167,-9.45255426250528,7.8));
#14923=CARTESIAN_POINT('Ctrl Pts',(157.939164064167,-9.45255426250528,7.3));
#14924=CARTESIAN_POINT('Ctrl Pts',(158.208613938036,-9.40846239020904,7.8));
#14925=CARTESIAN_POINT('Ctrl Pts',(158.208613938036,-9.40846239020904,7.3));
#14926=CARTESIAN_POINT('',(157.691760687103,-9.58727919943941,7.8));
#14927=CARTESIAN_POINT('Ctrl Pts',(157.691760687103,-9.58727919943941,7.8));
#14928=CARTESIAN_POINT('Ctrl Pts',(157.939164064167,-9.45255426250528,7.8));
#14929=CARTESIAN_POINT('Ctrl Pts',(158.208613938036,-9.40846239020904,7.8));
#14930=CARTESIAN_POINT('',(157.691760687103,-9.58727919943941,7.3));
#14931=CARTESIAN_POINT('',(157.691760687103,-9.58727919943941,7.8));
#14932=CARTESIAN_POINT('Ctrl Pts',(157.691760687103,-9.58727919943941,7.3));
#14933=CARTESIAN_POINT('Ctrl Pts',(157.939164064167,-9.45255426250528,7.3));
#14934=CARTESIAN_POINT('Ctrl Pts',(158.208613938036,-9.40846239020904,7.3));
#14935=CARTESIAN_POINT('Ctrl Pts',(157.241043936418,-9.91551798718879,7.8));
#14936=CARTESIAN_POINT('Ctrl Pts',(157.241043936418,-9.91551798718879,7.3));
#14937=CARTESIAN_POINT('Ctrl Pts',(157.444357310039,-9.71220573487949,7.8));
#14938=CARTESIAN_POINT('Ctrl Pts',(157.444357310039,-9.71220573487949,7.3));
#14939=CARTESIAN_POINT('Ctrl Pts',(157.691760687103,-9.58727919943941,7.8));
#14940=CARTESIAN_POINT('Ctrl Pts',(157.691760687103,-9.58727919943941,7.3));
#14941=CARTESIAN_POINT('',(157.241043936418,-9.91551798718879,7.8));
#14942=CARTESIAN_POINT('Ctrl Pts',(157.241043936418,-9.91551798718879,7.8));
#14943=CARTESIAN_POINT('Ctrl Pts',(157.444357310039,-9.71220573487949,7.8));
#14944=CARTESIAN_POINT('Ctrl Pts',(157.691760687103,-9.58727919943941,7.8));
#14945=CARTESIAN_POINT('',(157.241043936418,-9.91551798718879,7.3));
#14946=CARTESIAN_POINT('',(157.241043936418,-9.91551798718879,7.8));
#14947=CARTESIAN_POINT('Ctrl Pts',(157.241043936418,-9.91551798718879,7.3));
#14948=CARTESIAN_POINT('Ctrl Pts',(157.444357310039,-9.71220573487949,7.3));
#14949=CARTESIAN_POINT('Ctrl Pts',(157.691760687103,-9.58727919943941,7.3));
#14950=CARTESIAN_POINT('Ctrl Pts',(156.912804401127,-10.3662339903328,7.8));
#14951=CARTESIAN_POINT('Ctrl Pts',(156.912804401127,-10.3662339903328,7.3));
#14952=CARTESIAN_POINT('Ctrl Pts',(157.049978284336,-10.1163805456819,7.8));
#14953=CARTESIAN_POINT('Ctrl Pts',(157.049978284336,-10.1163805456819,7.3));
#14954=CARTESIAN_POINT('Ctrl Pts',(157.241043936418,-9.91551798718879,7.8));
#14955=CARTESIAN_POINT('Ctrl Pts',(157.241043936418,-9.91551798718879,7.3));
#14956=CARTESIAN_POINT('',(156.912804401127,-10.3662339903328,7.8));
#14957=CARTESIAN_POINT('Ctrl Pts',(156.912804401127,-10.3662339903328,7.8));
#14958=CARTESIAN_POINT('Ctrl Pts',(157.049978284336,-10.1163805456819,7.8));
#14959=CARTESIAN_POINT('Ctrl Pts',(157.241043936418,-9.91551798718879,7.8));
#14960=CARTESIAN_POINT('',(156.912804401127,-10.3662339903328,7.3));
#14961=CARTESIAN_POINT('',(156.912804401127,-10.3662339903328,7.8));
#14962=CARTESIAN_POINT('Ctrl Pts',(156.912804401127,-10.3662339903328,7.3));
#14963=CARTESIAN_POINT('Ctrl Pts',(157.049978284336,-10.1163805456819,7.3));
#14964=CARTESIAN_POINT('Ctrl Pts',(157.241043936418,-9.91551798718879,7.3));
#14965=CARTESIAN_POINT('Ctrl Pts',(156.721738749045,-10.8953357103461,7.8));
#14966=CARTESIAN_POINT('Ctrl Pts',(156.721738749045,-10.8953357103461,7.3));
#14967=CARTESIAN_POINT('Ctrl Pts',(156.790327185732,-10.6136381149384,7.8));
#14968=CARTESIAN_POINT('Ctrl Pts',(156.790327185732,-10.6136381149384,7.3));
#14969=CARTESIAN_POINT('Ctrl Pts',(156.912804401127,-10.3662339903328,7.8));
#14970=CARTESIAN_POINT('Ctrl Pts',(156.912804401127,-10.3662339903328,7.3));
#14971=CARTESIAN_POINT('',(156.721738749045,-10.8953357103461,7.8));
#14972=CARTESIAN_POINT('Ctrl Pts',(156.721738749045,-10.8953357103461,7.8));
#14973=CARTESIAN_POINT('Ctrl Pts',(156.790327185732,-10.6136381149384,7.8));
#14974=CARTESIAN_POINT('Ctrl Pts',(156.912804401127,-10.3662339903328,7.8));
#14975=CARTESIAN_POINT('',(156.721738749045,-10.8953357103461,7.3));
#14976=CARTESIAN_POINT('',(156.721738749045,-10.8953357103461,7.8));
#14977=CARTESIAN_POINT('Ctrl Pts',(156.721738749045,-10.8953357103461,7.3));
#14978=CARTESIAN_POINT('Ctrl Pts',(156.790327185732,-10.6136381149384,7.3));
#14979=CARTESIAN_POINT('Ctrl Pts',(156.912804401127,-10.3662339903328,7.3));
#14980=CARTESIAN_POINT('Ctrl Pts',(156.665398033896,-11.4464831796221,7.8));
#14981=CARTESIAN_POINT('Ctrl Pts',(156.665398033896,-11.4464831796221,7.3));
#14982=CARTESIAN_POINT('Ctrl Pts',(156.665398033896,-11.1647855842144,7.8));
#14983=CARTESIAN_POINT('Ctrl Pts',(156.665398033896,-11.1647855842144,7.3));
#14984=CARTESIAN_POINT('Ctrl Pts',(156.721738749045,-10.8953357103461,7.8));
#14985=CARTESIAN_POINT('Ctrl Pts',(156.721738749045,-10.8953357103461,7.3));
#14986=CARTESIAN_POINT('',(156.665398033896,-11.4464831796221,7.8));
#14987=CARTESIAN_POINT('Ctrl Pts',(156.665398033896,-11.4464831796221,7.8));
#14988=CARTESIAN_POINT('Ctrl Pts',(156.665398033896,-11.1647855842144,7.8));
#14989=CARTESIAN_POINT('Ctrl Pts',(156.721738749045,-10.8953357103461,7.8));
#14990=CARTESIAN_POINT('',(156.665398033896,-11.4464831796221,7.3));
#14991=CARTESIAN_POINT('',(156.665398033896,-11.4464831796221,7.8));
#14992=CARTESIAN_POINT('Ctrl Pts',(156.665398033896,-11.4464831796221,7.3));
#14993=CARTESIAN_POINT('Ctrl Pts',(156.665398033896,-11.1647855842144,7.3));
#14994=CARTESIAN_POINT('Ctrl Pts',(156.721738749045,-10.8953357103461,7.3));
#14995=CARTESIAN_POINT('Ctrl Pts',(156.733986470584,-12.022126091977,7.8));
#14996=CARTESIAN_POINT('Ctrl Pts',(156.733986470584,-12.022126091977,7.3));
#14997=CARTESIAN_POINT('Ctrl Pts',(156.665398033896,-11.7281807750298,7.8));
#14998=CARTESIAN_POINT('Ctrl Pts',(156.665398033896,-11.7281807750298,7.3));
#14999=CARTESIAN_POINT('Ctrl Pts',(156.665398033896,-11.4464831796221,7.8));
#15000=CARTESIAN_POINT('Ctrl Pts',(156.665398033896,-11.4464831796221,7.3));
#15001=CARTESIAN_POINT('',(156.733986470584,-12.022126091977,7.8));
#15002=CARTESIAN_POINT('Ctrl Pts',(156.733986470584,-12.022126091977,7.8));
#15003=CARTESIAN_POINT('Ctrl Pts',(156.665398033896,-11.7281807750298,7.8));
#15004=CARTESIAN_POINT('Ctrl Pts',(156.665398033896,-11.4464831796221,7.8));
#15005=CARTESIAN_POINT('',(156.733986470584,-12.022126091977,7.3));
#15006=CARTESIAN_POINT('',(156.733986470584,-12.022126091977,7.8));
#15007=CARTESIAN_POINT('Ctrl Pts',(156.733986470584,-12.022126091977,7.3));
#15008=CARTESIAN_POINT('Ctrl Pts',(156.665398033896,-11.7281807750298,7.3));
#15009=CARTESIAN_POINT('Ctrl Pts',(156.665398033896,-11.4464831796221,7.3));
#15010=CARTESIAN_POINT('Ctrl Pts',(156.937299844206,-12.5634755335298,7.8));
#15011=CARTESIAN_POINT('Ctrl Pts',(156.937299844206,-12.5634755335298,7.3));
#15012=CARTESIAN_POINT('Ctrl Pts',(156.800125960997,-12.3038236873848,7.8));
#15013=CARTESIAN_POINT('Ctrl Pts',(156.800125960997,-12.3038236873848,7.3));
#15014=CARTESIAN_POINT('Ctrl Pts',(156.733986470584,-12.022126091977,7.8));
#15015=CARTESIAN_POINT('Ctrl Pts',(156.733986470584,-12.022126091977,7.3));
#15016=CARTESIAN_POINT('',(156.937299844206,-12.5634755335298,7.8));
#15017=CARTESIAN_POINT('Ctrl Pts',(156.937299844206,-12.5634755335298,7.8));
#15018=CARTESIAN_POINT('Ctrl Pts',(156.800125960997,-12.3038236873848,7.8));
#15019=CARTESIAN_POINT('Ctrl Pts',(156.733986470584,-12.022126091977,7.8));
#15020=CARTESIAN_POINT('',(156.937299844206,-12.5634755335298,7.3));
#15021=CARTESIAN_POINT('',(156.937299844206,-12.5634755335298,7.8));
#15022=CARTESIAN_POINT('Ctrl Pts',(156.937299844206,-12.5634755335298,7.3));
#15023=CARTESIAN_POINT('Ctrl Pts',(156.800125960997,-12.3038236873848,7.3));
#15024=CARTESIAN_POINT('Ctrl Pts',(156.733986470584,-12.022126091977,7.3));
#15025=CARTESIAN_POINT('Ctrl Pts',(157.275338154762,-13.0362372859365,7.8));
#15026=CARTESIAN_POINT('Ctrl Pts',(157.275338154762,-13.0362372859365,7.3));
#15027=CARTESIAN_POINT('Ctrl Pts',(157.081823556405,-12.8108789105937,7.8));
#15028=CARTESIAN_POINT('Ctrl Pts',(157.081823556405,-12.8108789105937,7.3));
#15029=CARTESIAN_POINT('Ctrl Pts',(156.937299844206,-12.5634755335298,7.8));
#15030=CARTESIAN_POINT('Ctrl Pts',(156.937299844206,-12.5634755335298,7.3));
#15031=CARTESIAN_POINT('',(157.275338154762,-13.0362372859365,7.8));
#15032=CARTESIAN_POINT('Ctrl Pts',(157.275338154762,-13.0362372859365,7.8));
#15033=CARTESIAN_POINT('Ctrl Pts',(157.081823556405,-12.8108789105937,7.8));
#15034=CARTESIAN_POINT('Ctrl Pts',(156.937299844206,-12.5634755335298,7.8));
#15035=CARTESIAN_POINT('',(157.275338154762,-13.0362372859365,7.3));
#15036=CARTESIAN_POINT('',(157.275338154762,-13.0362372859365,7.8));
#15037=CARTESIAN_POINT('Ctrl Pts',(157.275338154762,-13.0362372859365,7.3));
#15038=CARTESIAN_POINT('Ctrl Pts',(157.081823556405,-12.8108789105937,7.3));
#15039=CARTESIAN_POINT('Ctrl Pts',(156.937299844206,-12.5634755335298,7.3));
#15040=CARTESIAN_POINT('Ctrl Pts',(157.691760687103,-13.4306140690157,7.8));
#15041=CARTESIAN_POINT('Ctrl Pts',(157.691760687103,-13.4306140690157,7.3));
#15042=CARTESIAN_POINT('Ctrl Pts',(157.466403806844,-13.2493479397399,7.8));
#15043=CARTESIAN_POINT('Ctrl Pts',(157.466403806844,-13.2493479397399,7.3));
#15044=CARTESIAN_POINT('Ctrl Pts',(157.275338154762,-13.0362372859365,7.8));
#15045=CARTESIAN_POINT('Ctrl Pts',(157.275338154762,-13.0362372859365,7.3));
#15046=CARTESIAN_POINT('',(157.691760687103,-13.4306140690157,7.8));
#15047=CARTESIAN_POINT('Ctrl Pts',(157.691760687103,-13.4306140690157,7.8));
#15048=CARTESIAN_POINT('Ctrl Pts',(157.466403806844,-13.2493479397399,7.8));
#15049=CARTESIAN_POINT('Ctrl Pts',(157.275338154762,-13.0362372859365,7.8));
#15050=CARTESIAN_POINT('',(157.691760687103,-13.4306140690157,7.3));
#15051=CARTESIAN_POINT('',(157.691760687103,-13.4306140690157,7.8));
#15052=CARTESIAN_POINT('Ctrl Pts',(157.691760687103,-13.4306140690157,7.3));
#15053=CARTESIAN_POINT('Ctrl Pts',(157.466403806844,-13.2493479397399,7.3));
#15054=CARTESIAN_POINT('Ctrl Pts',(157.275338154762,-13.0362372859365,7.3));
#15055=CARTESIAN_POINT('Ctrl Pts',(158.164523934593,-13.7564031629488,7.8));
#15056=CARTESIAN_POINT('Ctrl Pts',(158.164523934593,-13.7564031629488,7.3));
#15057=CARTESIAN_POINT('Ctrl Pts',(157.917120557529,-13.6094305044752,7.8));
#15058=CARTESIAN_POINT('Ctrl Pts',(157.917120557529,-13.6094305044752,7.3));
#15059=CARTESIAN_POINT('Ctrl Pts',(157.691760687103,-13.4306140690157,7.8));
#15060=CARTESIAN_POINT('Ctrl Pts',(157.691760687103,-13.4306140690157,7.3));
#15061=CARTESIAN_POINT('',(158.164523934593,-13.7564031629488,7.8));
#15062=CARTESIAN_POINT('Ctrl Pts',(158.164523934593,-13.7564031629488,7.8));
#15063=CARTESIAN_POINT('Ctrl Pts',(157.917120557529,-13.6094305044752,7.8));
#15064=CARTESIAN_POINT('Ctrl Pts',(157.691760687103,-13.4306140690157,7.8));
#15065=CARTESIAN_POINT('',(158.164523934593,-13.7564031629488,7.3));
#15066=CARTESIAN_POINT('',(158.164523934593,-13.7564031629488,7.8));
#15067=CARTESIAN_POINT('Ctrl Pts',(158.164523934593,-13.7564031629488,7.3));
#15068=CARTESIAN_POINT('Ctrl Pts',(157.917120557529,-13.6094305044752,7.3));
#15069=CARTESIAN_POINT('Ctrl Pts',(157.691760687103,-13.4306140690157,7.3));
#15070=CARTESIAN_POINT('Ctrl Pts',(158.6838261318,-14.0283027306333,7.8));
#15071=CARTESIAN_POINT('Ctrl Pts',(158.6838261318,-14.0283027306333,7.3));
#15072=CARTESIAN_POINT('Ctrl Pts',(158.424175033197,-13.891128099883,7.8));
#15073=CARTESIAN_POINT('Ctrl Pts',(158.424175033197,-13.891128099883,7.3));
#15074=CARTESIAN_POINT('Ctrl Pts',(158.164523934593,-13.7564031629488,7.8));
#15075=CARTESIAN_POINT('Ctrl Pts',(158.164523934593,-13.7564031629488,7.3));
#15076=CARTESIAN_POINT('',(158.6838261318,-14.0283027306333,7.8));
#15077=CARTESIAN_POINT('Ctrl Pts',(158.6838261318,-14.0283027306333,7.8));
#15078=CARTESIAN_POINT('Ctrl Pts',(158.424175033197,-13.891128099883,7.8));
#15079=CARTESIAN_POINT('Ctrl Pts',(158.164523934593,-13.7564031629488,7.8));
#15080=CARTESIAN_POINT('',(158.6838261318,-14.0283027306333,7.3));
#15081=CARTESIAN_POINT('',(158.6838261318,-14.0283027306333,7.8));
#15082=CARTESIAN_POINT('Ctrl Pts',(158.6838261318,-14.0283027306333,7.3));
#15083=CARTESIAN_POINT('Ctrl Pts',(158.424175033197,-13.891128099883,7.3));
#15084=CARTESIAN_POINT('Ctrl Pts',(158.164523934593,-13.7564031629488,7.3));
#15085=CARTESIAN_POINT('Ctrl Pts',(159.190880607468,-14.310000326041,7.8));
#15086=CARTESIAN_POINT('Ctrl Pts',(159.190880607468,-14.310000326041,7.3));
#15087=CARTESIAN_POINT('Ctrl Pts',(158.941028284129,-14.1630276675674,7.8));
#15088=CARTESIAN_POINT('Ctrl Pts',(158.941028284129,-14.1630276675674,7.3));
#15089=CARTESIAN_POINT('Ctrl Pts',(158.6838261318,-14.0283027306333,7.8));
#15090=CARTESIAN_POINT('Ctrl Pts',(158.6838261318,-14.0283027306333,7.3));
#15091=CARTESIAN_POINT('',(159.190880607468,-14.310000326041,7.8));
#15092=CARTESIAN_POINT('Ctrl Pts',(159.190880607468,-14.310000326041,7.8));
#15093=CARTESIAN_POINT('Ctrl Pts',(158.941028284129,-14.1630276675674,7.8));
#15094=CARTESIAN_POINT('Ctrl Pts',(158.6838261318,-14.0283027306333,7.8));
#15095=CARTESIAN_POINT('',(159.190880607468,-14.310000326041,7.3));
#15096=CARTESIAN_POINT('',(159.190880607468,-14.310000326041,7.8));
#15097=CARTESIAN_POINT('Ctrl Pts',(159.190880607468,-14.310000326041,7.3));
#15098=CARTESIAN_POINT('Ctrl Pts',(158.941028284129,-14.1630276675674,7.3));
#15099=CARTESIAN_POINT('Ctrl Pts',(158.6838261318,-14.0283027306333,7.3));
#15100=CARTESIAN_POINT('Ctrl Pts',(159.641597358153,-14.670083638318,7.8));
#15101=CARTESIAN_POINT('Ctrl Pts',(159.641597358153,-14.670083638318,7.3));
#15102=CARTESIAN_POINT('Ctrl Pts',(159.448082759796,-14.45452403824,7.8));
#15103=CARTESIAN_POINT('Ctrl Pts',(159.448082759796,-14.45452403824,7.3));
#15104=CARTESIAN_POINT('Ctrl Pts',(159.190880607468,-14.310000326041,7.8));
#15105=CARTESIAN_POINT('Ctrl Pts',(159.190880607468,-14.310000326041,7.3));
#15106=CARTESIAN_POINT('',(159.641597358153,-14.670083638318,7.8));
#15107=CARTESIAN_POINT('Ctrl Pts',(159.641597358153,-14.670083638318,7.8));
#15108=CARTESIAN_POINT('Ctrl Pts',(159.448082759796,-14.45452403824,7.8));
#15109=CARTESIAN_POINT('Ctrl Pts',(159.190880607468,-14.310000326041,7.8));
#15110=CARTESIAN_POINT('',(159.641597358153,-14.670083638318,7.3));
#15111=CARTESIAN_POINT('',(159.641597358153,-14.670083638318,7.8));
#15112=CARTESIAN_POINT('Ctrl Pts',(159.641597358153,-14.670083638318,7.3));
#15113=CARTESIAN_POINT('Ctrl Pts',(159.448082759796,-14.45452403824,7.3));
#15114=CARTESIAN_POINT('Ctrl Pts',(159.190880607468,-14.310000326041,7.3));
#15115=CARTESIAN_POINT('Ctrl Pts',(159.95514022563,-15.1550931122642,7.8));
#15116=CARTESIAN_POINT('Ctrl Pts',(159.95514022563,-15.1550931122642,7.3));
#15117=CARTESIAN_POINT('Ctrl Pts',(159.8424617855,-14.8733955168565,7.8));
#15118=CARTESIAN_POINT('Ctrl Pts',(159.8424617855,-14.8733955168565,7.3));
#15119=CARTESIAN_POINT('Ctrl Pts',(159.641597358153,-14.670083638318,7.8));
#15120=CARTESIAN_POINT('Ctrl Pts',(159.641597358153,-14.670083638318,7.3));
#15121=CARTESIAN_POINT('',(159.95514022563,-15.1550931122642,7.8));
#15122=CARTESIAN_POINT('Ctrl Pts',(159.95514022563,-15.1550931122642,7.8));
#15123=CARTESIAN_POINT('Ctrl Pts',(159.8424617855,-14.8733955168565,7.8));
#15124=CARTESIAN_POINT('Ctrl Pts',(159.641597358153,-14.670083638318,7.8));
#15125=CARTESIAN_POINT('',(159.95514022563,-15.1550931122642,7.3));
#15126=CARTESIAN_POINT('',(159.95514022563,-15.1550931122642,7.8));
#15127=CARTESIAN_POINT('Ctrl Pts',(159.95514022563,-15.1550931122642,7.3));
#15128=CARTESIAN_POINT('Ctrl Pts',(159.8424617855,-14.8733955168565,7.3));
#15129=CARTESIAN_POINT('Ctrl Pts',(159.641597358153,-14.670083638318,7.3));
#15130=CARTESIAN_POINT('Ctrl Pts',(160.080066387299,-15.7184883030797,7.8));
#15131=CARTESIAN_POINT('Ctrl Pts',(160.080066387299,-15.7184883030797,7.3));
#15132=CARTESIAN_POINT('Ctrl Pts',(160.080066387299,-15.4245429861325,7.8));
#15133=CARTESIAN_POINT('Ctrl Pts',(160.080066387299,-15.4245429861325,7.3));
#15134=CARTESIAN_POINT('Ctrl Pts',(159.95514022563,-15.1550931122642,7.8));
#15135=CARTESIAN_POINT('Ctrl Pts',(159.95514022563,-15.1550931122642,7.3));
#15136=CARTESIAN_POINT('',(160.080066387299,-15.7184883030797,7.8));
#15137=CARTESIAN_POINT('Ctrl Pts',(160.080066387299,-15.7184883030797,7.8));
#15138=CARTESIAN_POINT('Ctrl Pts',(160.080066387299,-15.4245429861325,7.8));
#15139=CARTESIAN_POINT('Ctrl Pts',(159.95514022563,-15.1550931122642,7.8));
#15140=CARTESIAN_POINT('',(160.080066387299,-15.7184883030797,7.3));
#15141=CARTESIAN_POINT('',(160.080066387299,-15.7184883030797,7.8));
#15142=CARTESIAN_POINT('Ctrl Pts',(160.080066387299,-15.7184883030797,7.3));
#15143=CARTESIAN_POINT('Ctrl Pts',(160.080066387299,-15.4245429861325,7.3));
#15144=CARTESIAN_POINT('Ctrl Pts',(159.95514022563,-15.1550931122642,7.3));
#15145=CARTESIAN_POINT('Ctrl Pts',(159.989434443974,-16.2353423015535,7.8));
#15146=CARTESIAN_POINT('Ctrl Pts',(159.989434443974,-16.2353423015535,7.3));
#15147=CARTESIAN_POINT('Ctrl Pts',(160.080066387299,-15.9756904554085,7.8));
#15148=CARTESIAN_POINT('Ctrl Pts',(160.080066387299,-15.9756904554085,7.3));
#15149=CARTESIAN_POINT('Ctrl Pts',(160.080066387299,-15.7184883030797,7.8));
#15150=CARTESIAN_POINT('Ctrl Pts',(160.080066387299,-15.7184883030797,7.3));
#15151=CARTESIAN_POINT('',(159.989434443974,-16.2353423015535,7.8));
#15152=CARTESIAN_POINT('Ctrl Pts',(159.989434443974,-16.2353423015535,7.8));
#15153=CARTESIAN_POINT('Ctrl Pts',(160.080066387299,-15.9756904554085,7.8));
#15154=CARTESIAN_POINT('Ctrl Pts',(160.080066387299,-15.7184883030797,7.8));
#15155=CARTESIAN_POINT('',(159.989434443974,-16.2353423015535,7.3));
#15156=CARTESIAN_POINT('',(159.989434443974,-16.2353423015535,7.8));
#15157=CARTESIAN_POINT('Ctrl Pts',(159.989434443974,-16.2353423015535,7.3));
#15158=CARTESIAN_POINT('Ctrl Pts',(160.080066387299,-15.9756904554085,7.3));
#15159=CARTESIAN_POINT('Ctrl Pts',(160.080066387299,-15.7184883030797,7.3));
#15160=CARTESIAN_POINT('Ctrl Pts',(159.707736848566,-16.6762602769743,7.8));
#15161=CARTESIAN_POINT('Ctrl Pts',(159.707736848566,-16.6762602769743,7.3));
#15162=CARTESIAN_POINT('Ctrl Pts',(159.898802500648,-16.482746426159,7.8));
#15163=CARTESIAN_POINT('Ctrl Pts',(159.898802500648,-16.482746426159,7.3));
#15164=CARTESIAN_POINT('Ctrl Pts',(159.989434443974,-16.2353423015535,7.8));
#15165=CARTESIAN_POINT('Ctrl Pts',(159.989434443974,-16.2353423015535,7.3));
#15166=CARTESIAN_POINT('',(159.707736848566,-16.6762602769743,7.8));
#15167=CARTESIAN_POINT('Ctrl Pts',(159.707736848566,-16.6762602769743,7.8));
#15168=CARTESIAN_POINT('Ctrl Pts',(159.898802500648,-16.482746426159,7.8));
#15169=CARTESIAN_POINT('Ctrl Pts',(159.989434443974,-16.2353423015535,7.8));
#15170=CARTESIAN_POINT('',(159.707736848566,-16.6762602769743,7.3));
#15171=CARTESIAN_POINT('',(159.707736848566,-16.6762602769743,7.8));
#15172=CARTESIAN_POINT('Ctrl Pts',(159.707736848566,-16.6762602769743,7.3));
#15173=CARTESIAN_POINT('Ctrl Pts',(159.898802500648,-16.482746426159,7.3));
#15174=CARTESIAN_POINT('Ctrl Pts',(159.989434443974,-16.2353423015535,7.3));
#15175=CARTESIAN_POINT('Ctrl Pts',(159.26926781942,-16.9457101508426,7.8));
#15176=CARTESIAN_POINT('Ctrl Pts',(159.26926781942,-16.9457101508426,7.3));
#15177=CARTESIAN_POINT('Ctrl Pts',(159.528918918023,-16.8673244339733,7.8));
#15178=CARTESIAN_POINT('Ctrl Pts',(159.528918918023,-16.8673244339733,7.3));
#15179=CARTESIAN_POINT('Ctrl Pts',(159.707736848566,-16.6762602769743,7.8));
#15180=CARTESIAN_POINT('Ctrl Pts',(159.707736848566,-16.6762602769743,7.3));
#15181=CARTESIAN_POINT('',(159.26926781942,-16.9457101508426,7.8));
#15182=CARTESIAN_POINT('Ctrl Pts',(159.26926781942,-16.9457101508426,7.8));
#15183=CARTESIAN_POINT('Ctrl Pts',(159.528918918023,-16.8673244339733,7.8));
#15184=CARTESIAN_POINT('Ctrl Pts',(159.707736848566,-16.6762602769743,7.8));
#15185=CARTESIAN_POINT('',(159.26926781942,-16.9457101508426,7.3));
#15186=CARTESIAN_POINT('',(159.26926781942,-16.9457101508426,7.8));
#15187=CARTESIAN_POINT('Ctrl Pts',(159.26926781942,-16.9457101508426,7.3));
#15188=CARTESIAN_POINT('Ctrl Pts',(159.528918918023,-16.8673244339733,7.3));
#15189=CARTESIAN_POINT('Ctrl Pts',(159.707736848566,-16.6762602769743,7.3));
#15190=CARTESIAN_POINT('Ctrl Pts',(158.749965622213,-17.0240958677118,7.8));
#15191=CARTESIAN_POINT('Ctrl Pts',(158.749965622213,-17.0240958677118,7.3));
#15192=CARTESIAN_POINT('Ctrl Pts',(159.009616720817,-17.0240958677118,7.8));
#15193=CARTESIAN_POINT('Ctrl Pts',(159.009616720817,-17.0240958677118,7.3));
#15194=CARTESIAN_POINT('Ctrl Pts',(159.26926781942,-16.9457101508426,7.8));
#15195=CARTESIAN_POINT('Ctrl Pts',(159.26926781942,-16.9457101508426,7.3));
#15196=CARTESIAN_POINT('',(158.749965622213,-17.0240958677118,7.8));
#15197=CARTESIAN_POINT('Ctrl Pts',(158.749965622213,-17.0240958677118,7.8));
#15198=CARTESIAN_POINT('Ctrl Pts',(159.009616720817,-17.0240958677118,7.8));
#15199=CARTESIAN_POINT('Ctrl Pts',(159.26926781942,-16.9457101508426,7.8));
#15200=CARTESIAN_POINT('',(158.749965622213,-17.0240958677118,7.3));
#15201=CARTESIAN_POINT('',(158.749965622213,-17.0240958677118,7.8));
#15202=CARTESIAN_POINT('Ctrl Pts',(158.749965622213,-17.0240958677118,7.3));
#15203=CARTESIAN_POINT('Ctrl Pts',(159.009616720817,-17.0240958677118,7.3));
#15204=CARTESIAN_POINT('Ctrl Pts',(159.26926781942,-16.9457101508426,7.3));
#15205=CARTESIAN_POINT('Ctrl Pts',(158.233112371281,-16.9457101508426,7.8));
#15206=CARTESIAN_POINT('Ctrl Pts',(158.233112371281,-16.9457101508426,7.3));
#15207=CARTESIAN_POINT('Ctrl Pts',(158.49031452361,-17.0240958677118,7.8));
#15208=CARTESIAN_POINT('Ctrl Pts',(158.49031452361,-17.0240958677118,7.3));
#15209=CARTESIAN_POINT('Ctrl Pts',(158.749965622213,-17.0240958677118,7.8));
#15210=CARTESIAN_POINT('Ctrl Pts',(158.749965622213,-17.0240958677118,7.3));
#15211=CARTESIAN_POINT('',(158.233112371281,-16.9457101508426,7.8));
#15212=CARTESIAN_POINT('Ctrl Pts',(158.233112371281,-16.9457101508426,7.8));
#15213=CARTESIAN_POINT('Ctrl Pts',(158.49031452361,-17.0240958677118,7.8));
#15214=CARTESIAN_POINT('Ctrl Pts',(158.749965622213,-17.0240958677118,7.8));
#15215=CARTESIAN_POINT('',(158.233112371281,-16.9457101508426,7.3));
#15216=CARTESIAN_POINT('',(158.233112371281,-16.9457101508426,7.8));
#15217=CARTESIAN_POINT('Ctrl Pts',(158.233112371281,-16.9457101508426,7.3));
#15218=CARTESIAN_POINT('Ctrl Pts',(158.49031452361,-17.0240958677118,7.3));
#15219=CARTESIAN_POINT('Ctrl Pts',(158.749965622213,-17.0240958677118,7.3));
#15220=CARTESIAN_POINT('Ctrl Pts',(157.79219439586,-16.6860583046975,7.8));
#15221=CARTESIAN_POINT('Ctrl Pts',(157.79219439586,-16.6860583046975,7.3));
#15222=CARTESIAN_POINT('Ctrl Pts',(157.983260047942,-16.8673244339733,7.8));
#15223=CARTESIAN_POINT('Ctrl Pts',(157.983260047942,-16.8673244339733,7.3));
#15224=CARTESIAN_POINT('Ctrl Pts',(158.233112371281,-16.9457101508426,7.8));
#15225=CARTESIAN_POINT('Ctrl Pts',(158.233112371281,-16.9457101508426,7.3));
#15226=CARTESIAN_POINT('',(157.79219439586,-16.6860583046975,7.8));
#15227=CARTESIAN_POINT('Ctrl Pts',(157.79219439586,-16.6860583046975,7.8));
#15228=CARTESIAN_POINT('Ctrl Pts',(157.983260047942,-16.8673244339733,7.8));
#15229=CARTESIAN_POINT('Ctrl Pts',(158.233112371281,-16.9457101508426,7.8));
#15230=CARTESIAN_POINT('',(157.79219439586,-16.6860583046975,7.3));
#15231=CARTESIAN_POINT('',(157.79219439586,-16.6860583046975,7.8));
#15232=CARTESIAN_POINT('Ctrl Pts',(157.79219439586,-16.6860583046975,7.3));
#15233=CARTESIAN_POINT('Ctrl Pts',(157.983260047942,-16.8673244339733,7.3));
#15234=CARTESIAN_POINT('Ctrl Pts',(158.233112371281,-16.9457101508426,7.3));
#15235=CARTESIAN_POINT('Ctrl Pts',(157.522744521992,-16.2573880508162,7.8));
#15236=CARTESIAN_POINT('Ctrl Pts',(157.522744521992,-16.2573880508162,7.3));
#15237=CARTESIAN_POINT('Ctrl Pts',(157.613376465317,-16.507241869238,7.8));
#15238=CARTESIAN_POINT('Ctrl Pts',(157.613376465317,-16.507241869238,7.3));
#15239=CARTESIAN_POINT('Ctrl Pts',(157.79219439586,-16.6860583046975,7.8));
#15240=CARTESIAN_POINT('Ctrl Pts',(157.79219439586,-16.6860583046975,7.3));
#15241=CARTESIAN_POINT('',(157.522744521992,-16.2573880508162,7.8));
#15242=CARTESIAN_POINT('Ctrl Pts',(157.522744521992,-16.2573880508162,7.8));
#15243=CARTESIAN_POINT('Ctrl Pts',(157.613376465317,-16.507241869238,7.8));
#15244=CARTESIAN_POINT('Ctrl Pts',(157.79219439586,-16.6860583046975,7.8));
#15245=CARTESIAN_POINT('',(157.522744521992,-16.2573880508162,7.3));
#15246=CARTESIAN_POINT('',(157.522744521992,-16.2573880508162,7.8));
#15247=CARTESIAN_POINT('Ctrl Pts',(157.522744521992,-16.2573880508162,7.3));
#15248=CARTESIAN_POINT('Ctrl Pts',(157.613376465317,-16.507241869238,7.3));
#15249=CARTESIAN_POINT('Ctrl Pts',(157.79219439586,-16.6860583046975,7.3));
#15250=CARTESIAN_POINT('Ctrl Pts',(157.432112578666,-15.7503320800657,7.8));
#15251=CARTESIAN_POINT('Ctrl Pts',(157.432112578666,-15.7503320800657,7.3));
#15252=CARTESIAN_POINT('Ctrl Pts',(157.432112578666,-16.0099839262107,7.8));
#15253=CARTESIAN_POINT('Ctrl Pts',(157.432112578666,-16.0099839262107,7.3));
#15254=CARTESIAN_POINT('Ctrl Pts',(157.522744521992,-16.2573880508162,7.8));
#15255=CARTESIAN_POINT('Ctrl Pts',(157.522744521992,-16.2573880508162,7.3));
#15256=CARTESIAN_POINT('',(157.432112578666,-15.7503320800657,7.8));
#15257=CARTESIAN_POINT('Ctrl Pts',(157.432112578666,-15.7503320800657,7.8));
#15258=CARTESIAN_POINT('Ctrl Pts',(157.432112578666,-16.0099839262107,7.8));
#15259=CARTESIAN_POINT('Ctrl Pts',(157.522744521992,-16.2573880508162,7.8));
#15260=CARTESIAN_POINT('',(157.432112578666,-15.7503320800657,7.3));
#15261=CARTESIAN_POINT('',(157.432112578666,-15.7503320800657,7.8));
#15262=CARTESIAN_POINT('Ctrl Pts',(157.432112578666,-15.7503320800657,7.3));
#15263=CARTESIAN_POINT('Ctrl Pts',(157.432112578666,-16.0099839262107,7.3));
#15264=CARTESIAN_POINT('Ctrl Pts',(157.522744521992,-16.2573880508162,7.3));
#15265=CARTESIAN_POINT('Origin',(157.432112578666,-15.6939928600008,7.8));
#15266=CARTESIAN_POINT('',(157.432112578666,-15.6939928600008,7.8));
#15267=CARTESIAN_POINT('',(157.432112578666,-9.11881788378378,7.8));
#15268=CARTESIAN_POINT('',(157.432112578666,-15.6939928600008,7.3));
#15269=CARTESIAN_POINT('',(157.432112578666,-15.6939928600008,7.8));
#15270=CARTESIAN_POINT('',(157.432112578666,-15.6939928600008,7.3));
#15271=CARTESIAN_POINT('Origin',(156.552725574099,-15.6939928600008,7.8));
#15272=CARTESIAN_POINT('',(156.552725574099,-15.6939928600008,7.8));
#15273=CARTESIAN_POINT('',(76.9869047505998,-15.6939928600008,7.8));
#15274=CARTESIAN_POINT('',(156.552725574099,-15.6939928600008,7.3));
#15275=CARTESIAN_POINT('',(156.552725574099,-15.6939928600008,7.8));
#15276=CARTESIAN_POINT('',(156.552725574099,-15.6939928600008,7.3));
#15277=CARTESIAN_POINT('Origin',(156.552725574099,-15.7748275231446,7.8));
#15278=CARTESIAN_POINT('',(156.552725574099,-15.7748275231446,7.8));
#15279=CARTESIAN_POINT('',(156.552725574099,-9.1592352153557,7.8));
#15280=CARTESIAN_POINT('',(156.552725574099,-15.7748275231446,7.3));
#15281=CARTESIAN_POINT('',(156.552725574099,-15.7748275231446,7.8));
#15282=CARTESIAN_POINT('',(156.552725574099,-15.7748275231446,7.3));
#15283=CARTESIAN_POINT('Ctrl Pts',(156.621314010787,-16.3382227139601,7.8));
#15284=CARTESIAN_POINT('Ctrl Pts',(156.621314010787,-16.3382227139601,7.3));
#15285=CARTESIAN_POINT('Ctrl Pts',(156.552725574099,-16.0565251185523,7.8));
#15286=CARTESIAN_POINT('Ctrl Pts',(156.552725574099,-16.0565251185523,7.3));
#15287=CARTESIAN_POINT('Ctrl Pts',(156.552725574099,-15.7748275231446,7.8));
#15288=CARTESIAN_POINT('Ctrl Pts',(156.552725574099,-15.7748275231446,7.3));
#15289=CARTESIAN_POINT('',(156.621314010787,-16.3382227139601,7.8));
#15290=CARTESIAN_POINT('Ctrl Pts',(156.621314010787,-16.3382227139601,7.8));
#15291=CARTESIAN_POINT('Ctrl Pts',(156.552725574099,-16.0565251185523,7.8));
#15292=CARTESIAN_POINT('Ctrl Pts',(156.552725574099,-15.7748275231446,7.8));
#15293=CARTESIAN_POINT('',(156.621314010787,-16.3382227139601,7.3));
#15294=CARTESIAN_POINT('',(156.621314010787,-16.3382227139601,7.8));
#15295=CARTESIAN_POINT('Ctrl Pts',(156.621314010787,-16.3382227139601,7.3));
#15296=CARTESIAN_POINT('Ctrl Pts',(156.552725574099,-16.0565251185523,7.3));
#15297=CARTESIAN_POINT('Ctrl Pts',(156.552725574099,-15.7748275231446,7.3));
#15298=CARTESIAN_POINT('Ctrl Pts',(156.824627384409,-16.8673244339733,7.8));
#15299=CARTESIAN_POINT('Ctrl Pts',(156.824627384409,-16.8673244339733,7.3));
#15300=CARTESIAN_POINT('Ctrl Pts',(156.6874535012,-16.6199203093678,7.8));
#15301=CARTESIAN_POINT('Ctrl Pts',(156.6874535012,-16.6199203093678,7.3));
#15302=CARTESIAN_POINT('Ctrl Pts',(156.621314010787,-16.3382227139601,7.8));
#15303=CARTESIAN_POINT('Ctrl Pts',(156.621314010787,-16.3382227139601,7.3));
#15304=CARTESIAN_POINT('',(156.824627384409,-16.8673244339733,7.8));
#15305=CARTESIAN_POINT('Ctrl Pts',(156.824627384409,-16.8673244339733,7.8));
#15306=CARTESIAN_POINT('Ctrl Pts',(156.6874535012,-16.6199203093678,7.8));
#15307=CARTESIAN_POINT('Ctrl Pts',(156.621314010787,-16.3382227139601,7.8));
#15308=CARTESIAN_POINT('',(156.824627384409,-16.8673244339733,7.3));
#15309=CARTESIAN_POINT('',(156.824627384409,-16.8673244339733,7.8));
#15310=CARTESIAN_POINT('Ctrl Pts',(156.824627384409,-16.8673244339733,7.3));
#15311=CARTESIAN_POINT('Ctrl Pts',(156.6874535012,-16.6199203093678,7.3));
#15312=CARTESIAN_POINT('Ctrl Pts',(156.621314010787,-16.3382227139601,7.3));
#15313=CARTESIAN_POINT('Ctrl Pts',(157.184709201602,-17.2959946878547,7.8));
#15314=CARTESIAN_POINT('Ctrl Pts',(157.184709201602,-17.2959946878547,7.3));
#15315=CARTESIAN_POINT('Ctrl Pts',(156.969148106441,-17.1024808370394,7.8));
#15316=CARTESIAN_POINT('Ctrl Pts',(156.969148106441,-17.1024808370394,7.3));
#15317=CARTESIAN_POINT('Ctrl Pts',(156.824627384409,-16.8673244339733,7.8));
#15318=CARTESIAN_POINT('Ctrl Pts',(156.824627384409,-16.8673244339733,7.3));
#15319=CARTESIAN_POINT('',(157.184709201602,-17.2959946878547,7.8));
#15320=CARTESIAN_POINT('Ctrl Pts',(157.184709201602,-17.2959946878547,7.8));
#15321=CARTESIAN_POINT('Ctrl Pts',(156.969148106441,-17.1024808370394,7.8));
#15322=CARTESIAN_POINT('Ctrl Pts',(156.824627384409,-16.8673244339733,7.8));
#15323=CARTESIAN_POINT('',(157.184709201602,-17.2959946878547,7.3));
#15324=CARTESIAN_POINT('',(157.184709201602,-17.2959946878547,7.8));
#15325=CARTESIAN_POINT('Ctrl Pts',(157.184709201602,-17.2959946878547,7.3));
#15326=CARTESIAN_POINT('Ctrl Pts',(156.969148106441,-17.1024808370394,7.3));
#15327=CARTESIAN_POINT('Ctrl Pts',(156.824627384409,-16.8673244339733,7.3));
#15328=CARTESIAN_POINT('Ctrl Pts',(157.645224727553,-17.6095360602484,7.8));
#15329=CARTESIAN_POINT('Ctrl Pts',(157.645224727553,-17.6095360602484,7.3));
#15330=CARTESIAN_POINT('Ctrl Pts',(157.397821350489,-17.4870588448537,7.8));
#15331=CARTESIAN_POINT('Ctrl Pts',(157.397821350489,-17.4870588448537,7.3));
#15332=CARTESIAN_POINT('Ctrl Pts',(157.184709201602,-17.2959946878547,7.8));
#15333=CARTESIAN_POINT('Ctrl Pts',(157.184709201602,-17.2959946878547,7.3));
#15334=CARTESIAN_POINT('',(157.645224727553,-17.6095360602484,7.8));
#15335=CARTESIAN_POINT('Ctrl Pts',(157.645224727553,-17.6095360602484,7.8));
#15336=CARTESIAN_POINT('Ctrl Pts',(157.397821350489,-17.4870588448537,7.8));
#15337=CARTESIAN_POINT('Ctrl Pts',(157.184709201602,-17.2959946878547,7.8));
#15338=CARTESIAN_POINT('',(157.645224727553,-17.6095360602484,7.3));
#15339=CARTESIAN_POINT('',(157.645224727553,-17.6095360602484,7.8));
#15340=CARTESIAN_POINT('Ctrl Pts',(157.645224727553,-17.6095360602484,7.3));
#15341=CARTESIAN_POINT('Ctrl Pts',(157.397821350489,-17.4870588448537,7.3));
#15342=CARTESIAN_POINT('Ctrl Pts',(157.184709201602,-17.2959946878547,7.3));
#15343=CARTESIAN_POINT('Ctrl Pts',(158.186573421564,-17.7687564402614,7.8));
#15344=CARTESIAN_POINT('Ctrl Pts',(158.186573421564,-17.7687564402614,7.3));
#15345=CARTESIAN_POINT('Ctrl Pts',(157.904875826156,-17.7222152479198,7.8));
#15346=CARTESIAN_POINT('Ctrl Pts',(157.904875826156,-17.7222152479198,7.3));
#15347=CARTESIAN_POINT('Ctrl Pts',(157.645224727553,-17.6095360602484,7.8));
#15348=CARTESIAN_POINT('Ctrl Pts',(157.645224727553,-17.6095360602484,7.3));
#15349=CARTESIAN_POINT('',(158.186573421564,-17.7687564402614,7.8));
#15350=CARTESIAN_POINT('Ctrl Pts',(158.186573421564,-17.7687564402614,7.8));
#15351=CARTESIAN_POINT('Ctrl Pts',(157.904875826156,-17.7222152479198,7.8));
#15352=CARTESIAN_POINT('Ctrl Pts',(157.645224727553,-17.6095360602484,7.8));
#15353=CARTESIAN_POINT('',(158.186573421564,-17.7687564402614,7.3));
#15354=CARTESIAN_POINT('',(158.186573421564,-17.7687564402614,7.8));
#15355=CARTESIAN_POINT('Ctrl Pts',(158.186573421564,-17.7687564402614,7.3));
#15356=CARTESIAN_POINT('Ctrl Pts',(157.904875826156,-17.7222152479198,7.3));
#15357=CARTESIAN_POINT('Ctrl Pts',(157.645224727553,-17.6095360602484,7.3));
#15358=CARTESIAN_POINT('Ctrl Pts',(158.74996861238,-17.8128479387869,7.8));
#15359=CARTESIAN_POINT('Ctrl Pts',(158.74996861238,-17.8128479387869,7.3));
#15360=CARTESIAN_POINT('Ctrl Pts',(158.468271016972,-17.8128479387869,7.8));
#15361=CARTESIAN_POINT('Ctrl Pts',(158.468271016972,-17.8128479387869,7.3));
#15362=CARTESIAN_POINT('Ctrl Pts',(158.186573421564,-17.7687564402614,7.8));
#15363=CARTESIAN_POINT('Ctrl Pts',(158.186573421564,-17.7687564402614,7.3));
#15364=CARTESIAN_POINT('',(158.74996861238,-17.8128479387856,7.8));
#15365=CARTESIAN_POINT('Ctrl Pts',(158.74996861238,-17.8128479387869,7.8));
#15366=CARTESIAN_POINT('Ctrl Pts',(158.468271016972,-17.8128479387869,7.8));
#15367=CARTESIAN_POINT('Ctrl Pts',(158.186573421564,-17.7687564402614,7.8));
#15368=CARTESIAN_POINT('',(158.74996861238,-17.8128479387856,7.3));
#15369=CARTESIAN_POINT('',(158.74996861238,-17.8128479387856,7.8));
#15370=CARTESIAN_POINT('Ctrl Pts',(158.74996861238,-17.8128479387869,7.3));
#15371=CARTESIAN_POINT('Ctrl Pts',(158.468271016972,-17.8128479387869,7.3));
#15372=CARTESIAN_POINT('Ctrl Pts',(158.186573421564,-17.7687564402614,7.3));
#15373=CARTESIAN_POINT('Ctrl Pts',(159.313360813029,-17.7687564402614,7.8));
#15374=CARTESIAN_POINT('Ctrl Pts',(159.313360813029,-17.7687564402614,7.3));
#15375=CARTESIAN_POINT('Ctrl Pts',(159.031663217621,-17.8128479387869,7.8));
#15376=CARTESIAN_POINT('Ctrl Pts',(159.031663217621,-17.8128479387869,7.3));
#15377=CARTESIAN_POINT('Ctrl Pts',(158.749965622213,-17.8128479387869,7.8));
#15378=CARTESIAN_POINT('Ctrl Pts',(158.749965622213,-17.8128479387869,7.3));
#15379=CARTESIAN_POINT('',(159.313360813029,-17.7687564402614,7.8));
#15380=CARTESIAN_POINT('Ctrl Pts',(159.313360813029,-17.7687564402614,7.8));
#15381=CARTESIAN_POINT('Ctrl Pts',(159.031664712704,-17.8128477047754,7.8));
#15382=CARTESIAN_POINT('Ctrl Pts',(158.74996861238,-17.8128479387856,7.8));
#15383=CARTESIAN_POINT('',(159.313360813029,-17.7687564402614,7.3));
#15384=CARTESIAN_POINT('',(159.313360813029,-17.7687564402614,7.8));
#15385=CARTESIAN_POINT('Ctrl Pts',(159.313360813029,-17.7687564402614,7.3));
#15386=CARTESIAN_POINT('Ctrl Pts',(159.031664712704,-17.8128477047754,7.3));
#15387=CARTESIAN_POINT('Ctrl Pts',(158.74996861238,-17.8128479387856,7.3));
#15388=CARTESIAN_POINT('Ctrl Pts',(159.866957228579,-17.5874903109856,7.8));
#15389=CARTESIAN_POINT('Ctrl Pts',(159.866957228579,-17.5874903109856,7.3));
#15390=CARTESIAN_POINT('Ctrl Pts',(159.607306129976,-17.7124172201965,7.8));
#15391=CARTESIAN_POINT('Ctrl Pts',(159.607306129976,-17.7124172201965,7.3));
#15392=CARTESIAN_POINT('Ctrl Pts',(159.313360813029,-17.7687564402614,7.8));
#15393=CARTESIAN_POINT('Ctrl Pts',(159.313360813029,-17.7687564402614,7.3));
#15394=CARTESIAN_POINT('Ctrl Pts',(159.866957228579,-17.5874903109856,7.8));
#15395=CARTESIAN_POINT('Ctrl Pts',(159.607306129976,-17.7124172201965,7.8));
#15396=CARTESIAN_POINT('Ctrl Pts',(159.313360813029,-17.7687564402614,7.8));
#15397=CARTESIAN_POINT('Ctrl Pts',(159.866957228579,-17.5874903109856,7.3));
#15398=CARTESIAN_POINT('Ctrl Pts',(159.607306129976,-17.7124172201965,7.3));
#15399=CARTESIAN_POINT('Ctrl Pts',(159.313360813029,-17.7687564402614,7.3));
#15400=CARTESIAN_POINT('Origin',(158.749967117296,-13.5824853675801,7.3));
#15401=CARTESIAN_POINT('Origin',(-2.57891607289981,-2.54364290756681,7.8));
#15402=CARTESIAN_POINT('Origin',(-2.57891607289981,-2.54364290756681,7.8));
#15403=CARTESIAN_POINT('Origin',(108.2310839271,66.2126070924332,-2.77));
#15404=CARTESIAN_POINT('',(106.8510839271,65.9626070924332,-2.77000000000001));
#15405=CARTESIAN_POINT('',(106.3510839271,66.4626070924332,-2.77000000000001));
#15406=CARTESIAN_POINT('',(106.8510839271,65.9626070924332,-2.77000000000001));
#15407=CARTESIAN_POINT('',(108.2310839271,66.4626070924332,-0.890000000000022));
#15408=CARTESIAN_POINT('Origin',(108.2310839271,66.4626070924332,-2.77));
#15409=CARTESIAN_POINT('',(108.2310839271,65.9626070924332,-1.39000000000001));
#15410=CARTESIAN_POINT('',(108.2310839271,66.4626070924332,-0.890000000000022));
#15411=CARTESIAN_POINT('Origin',(108.2310839271,65.9626070924332,-2.77));
#15412=CARTESIAN_POINT('Origin',(144.7692089271,66.2126070924332,-1.13999999999996));
#15413=CARTESIAN_POINT('',(115.2110839271,66.4626070924332,-0.889999999999997));
#15414=CARTESIAN_POINT('',(144.7692089271,66.4626070924332,-0.889999999999962));
#15415=CARTESIAN_POINT('',(115.2110839271,65.9626070924332,-1.39));
#15416=CARTESIAN_POINT('',(115.2110839271,66.4626070924332,-0.889999999999997));
#15417=CARTESIAN_POINT('',(144.7692089271,65.9626070924332,-1.38999999999996));
#15418=CARTESIAN_POINT('Origin',(106.6010839271,66.2126070924332,-1.3849999999995));
#15419=CARTESIAN_POINT('',(106.8510839271,65.9626070924332,-3.5));
#15420=CARTESIAN_POINT('',(106.3510839271,66.4626070924332,-3.5));
#15421=CARTESIAN_POINT('',(96.4951464270997,76.3185445924335,-3.5));
#15422=CARTESIAN_POINT('',(106.3510839271,66.4626070924332,-1.3849999999995));
#15423=CARTESIAN_POINT('',(106.8510839271,65.9626070924332,-1.38499999999951));
#15424=CARTESIAN_POINT('Origin',(115.2110839271,66.2126070924332,-2.77));
#15425=CARTESIAN_POINT('',(117.0910839271,66.4626070924332,-2.76999999999999));
#15426=CARTESIAN_POINT('Origin',(115.2110839271,66.4626070924332,-2.77));
#15427=CARTESIAN_POINT('',(116.5910839271,65.9626070924332,-2.76999999999999));
#15428=CARTESIAN_POINT('',(117.0910839271,66.4626070924332,-2.76999999999999));
#15429=CARTESIAN_POINT('Origin',(115.2110839271,65.9626070924332,-2.77));
#15430=CARTESIAN_POINT('Origin',(116.8410839271,66.2126070924332,-1.98499999999957));
#15431=CARTESIAN_POINT('',(117.0910839271,66.4626070924332,-3.5));
#15432=CARTESIAN_POINT('',(116.5910839271,65.9626070924332,-3.5));
#15433=CARTESIAN_POINT('',(69.7970214270997,19.1685445924335,-3.5));
#15434=CARTESIAN_POINT('',(116.5910839271,65.9626070924332,-1.98499999999957));
#15435=CARTESIAN_POINT('',(117.0910839271,66.4626070924332,-1.98499999999958));
#15436=CARTESIAN_POINT('Origin',(116.5910839271,66.4626070924332,-3.96999999999999));
#15437=CARTESIAN_POINT('',(116.5910839271,57.4626070924332,-3.5));
#15438=CARTESIAN_POINT('',(116.5910839271,31.9594820924332,-3.5));
#15439=CARTESIAN_POINT('',(116.5910839271,57.4626070924332,-2.76999999999999));
#15440=CARTESIAN_POINT('',(116.5910839271,57.4626070924332,-1.98500000000217));
#15441=CARTESIAN_POINT('',(116.5910839271,66.4626070924332,-2.76999999999999));
#15442=CARTESIAN_POINT('Origin',(174.3273339271,66.4626070924332,0.));
#15443=CARTESIAN_POINT('',(-176.4851660729,66.4626070924332,-3.5));
#15444=CARTESIAN_POINT('',(-179.4851660729,66.4626070924332,-3.5));
#15445=CARTESIAN_POINT('',(-176.4851660729,66.4626070924332,6.8));
#15446=CARTESIAN_POINT('',(-176.4851660729,66.4626070924332,0.));
#15447=CARTESIAN_POINT('',(171.3273339271,66.4626070924332,6.8));
#15448=CARTESIAN_POINT('',(85.8742089271002,66.4626070924332,6.8));
#15449=CARTESIAN_POINT('',(171.3273339271,66.4626070924332,-3.5));
#15450=CARTESIAN_POINT('',(171.3273339271,66.4626070924332,0.));
#15451=CARTESIAN_POINT('',(-179.4851660729,66.4626070924332,-3.5));
#15452=CARTESIAN_POINT('Origin',(-2.57891607289981,-2.54364290756681,-3.5));
#15453=CARTESIAN_POINT('',(174.3273339271,63.4626070924332,-3.5));
#15454=CARTESIAN_POINT('Origin',(171.3273339271,63.4626070924332,-3.5));
#15455=CARTESIAN_POINT('',(174.3273339271,-68.5498929075668,-3.5));
#15456=CARTESIAN_POINT('',(174.3273339271,66.4626070924332,-3.5));
#15457=CARTESIAN_POINT('',(171.3273339271,-71.5498929075668,-3.5));
#15458=CARTESIAN_POINT('Origin',(171.3273339271,-68.5498929075668,-3.5));
#15459=CARTESIAN_POINT('',(-176.4851660729,-71.5498929075668,-3.5));
#15460=CARTESIAN_POINT('',(174.3273339271,-71.5498929075668,-3.5));
#15461=CARTESIAN_POINT('',(-179.4851660729,-68.5498929075668,-3.5));
#15462=CARTESIAN_POINT('Origin',(-176.4851660729,-68.5498929075668,-3.5));
#15463=CARTESIAN_POINT('',(-179.4851660729,63.4626070924332,-3.5));
#15464=CARTESIAN_POINT('',(-179.4851660729,-71.5498929075668,-3.5));
#15465=CARTESIAN_POINT('Origin',(-176.4851660729,63.4626070924332,-3.5));
#15466=CARTESIAN_POINT('',(106.8510839271,57.4626070924332,-3.5));
#15467=CARTESIAN_POINT('',(106.8510839271,31.9594820924332,-3.5));
#15468=CARTESIAN_POINT('',(39.7591881765926,57.4626070924332,-3.5));
#15469=CARTESIAN_POINT('',(-174.68047158374,57.4626070924332,-3.5));
#15470=CARTESIAN_POINT('',(37.6378678330329,58.3412867488735,-3.5));
#15471=CARTESIAN_POINT('Origin',(39.7591881765926,60.4626070924332,-3.5));
#15472=CARTESIAN_POINT('',(34.0237805365069,61.9553740453996,-3.5));
#15473=CARTESIAN_POINT('',(43.1585207941767,52.8206337877297,-3.5));
#15474=CARTESIAN_POINT('',(32.2560135835406,62.6876070924332,-3.5));
#15475=CARTESIAN_POINT('Origin',(32.2560135835405,60.1876070924331,-3.5));
#15476=CARTESIAN_POINT('',(30.8773339271002,62.6876070924332,-3.5));
#15477=CARTESIAN_POINT('',(14.8385487553204,62.6876070924332,-3.5));
#15478=CARTESIAN_POINT('',(25.8773339271002,62.6876070924332,-3.5));
#15479=CARTESIAN_POINT('Origin',(28.3773339271002,62.6876070924332,-3.5));
#15480=CARTESIAN_POINT('',(24.4986542706598,62.6876070924332,-3.5));
#15481=CARTESIAN_POINT('',(14.8385487553204,62.6876070924332,-3.5));
#15482=CARTESIAN_POINT('',(22.7308873176935,61.9553740453996,-3.5));
#15483=CARTESIAN_POINT('Origin',(24.4986542706598,60.1876070924333,-3.5));
#15484=CARTESIAN_POINT('',(19.1168000211674,58.3412867488735,-3.5));
#15485=CARTESIAN_POINT('',(21.1459382794463,60.3704250071524,-3.5));
#15486=CARTESIAN_POINT('',(16.9954796776078,57.4626070924332,-3.5));
#15487=CARTESIAN_POINT('Origin',(16.9954796776078,60.4626070924332,-3.5));
#15488=CARTESIAN_POINT('',(-45.9658118234074,57.4626070924332,-3.5));
#15489=CARTESIAN_POINT('',(-174.68047158374,57.4626070924332,-3.5));
#15490=CARTESIAN_POINT('',(-48.0871321669671,58.3412867488735,-3.5));
#15491=CARTESIAN_POINT('Origin',(-45.9658118234074,60.4626070924332,-3.5));
#15492=CARTESIAN_POINT('',(-51.701219463493,61.9553740453995,-3.5));
#15493=CARTESIAN_POINT('',(-21.1352292058234,31.3893837877297,-3.5));
#15494=CARTESIAN_POINT('',(-53.4689864164594,62.6876070924332,-3.5));
#15495=CARTESIAN_POINT('Origin',(-53.4689864164594,60.1876070924333,-3.5));
#15496=CARTESIAN_POINT('',(-54.8476660728998,62.6876070924332,-3.5));
#15497=CARTESIAN_POINT('',(-28.0239512446796,62.6876070924332,-3.5));
#15498=CARTESIAN_POINT('',(-59.8476660728998,62.6876070924332,-3.5));
#15499=CARTESIAN_POINT('Origin',(-57.3476660728998,62.6876070924332,-3.5));
#15500=CARTESIAN_POINT('',(-61.2263457293402,62.6876070924332,-3.5));
#15501=CARTESIAN_POINT('',(-28.0239512446796,62.6876070924332,-3.5));
#15502=CARTESIAN_POINT('',(-62.9941126823065,61.9553740453996,-3.5));
#15503=CARTESIAN_POINT('Origin',(-61.2263457293402,60.1876070924333,-3.5));
#15504=CARTESIAN_POINT('',(-66.6081999788325,58.3412867488735,-3.5));
#15505=CARTESIAN_POINT('',(-65.2279961587897,59.7214905689164,-3.5));
#15506=CARTESIAN_POINT('',(-68.7295203223922,57.4626070924332,-3.5));
#15507=CARTESIAN_POINT('Origin',(-68.7295203223922,60.4626070924332,-3.5));
#15508=CARTESIAN_POINT('',(-131.690811823407,57.4626070924332,-3.5));
#15509=CARTESIAN_POINT('',(-174.68047158374,57.4626070924332,-3.5));
#15510=CARTESIAN_POINT('',(-133.812132166967,58.3412867488735,-3.5));
#15511=CARTESIAN_POINT('Origin',(-131.690811823407,60.4626070924332,-3.5));
#15512=CARTESIAN_POINT('',(-137.426219463493,61.9553740453996,-3.5));
#15513=CARTESIAN_POINT('',(-85.4289792058233,9.95813378772984,-3.5));
#15514=CARTESIAN_POINT('',(-139.193986416459,62.6876070924332,-3.5));
#15515=CARTESIAN_POINT('Origin',(-139.193986416459,60.1876070924332,-3.5));
#15516=CARTESIAN_POINT('',(-140.5726660729,62.6876070924332,-3.5));
#15517=CARTESIAN_POINT('',(-70.8864512446796,62.6876070924332,-3.5));
#15518=CARTESIAN_POINT('',(-145.5726660729,62.6876070924332,-3.5));
#15519=CARTESIAN_POINT('Origin',(-143.0726660729,62.6876070924332,-3.5));
#15520=CARTESIAN_POINT('',(-146.95134572934,62.6876070924332,-3.5));
#15521=CARTESIAN_POINT('',(-70.8864512446796,62.6876070924332,-3.5));
#15522=CARTESIAN_POINT('',(-148.719112682307,61.9553740453996,-3.5));
#15523=CARTESIAN_POINT('Origin',(-146.95134572934,60.1876070924332,-3.5));
#15524=CARTESIAN_POINT('',(-152.333199978833,58.3412867488735,-3.5));
#15525=CARTESIAN_POINT('',(-149.984894998631,60.6895917290753,-3.5));
#15526=CARTESIAN_POINT('',(-154.454520322392,57.4626070924332,-3.5));
#15527=CARTESIAN_POINT('Origin',(-154.454520322392,60.4626070924332,-3.5));
#15528=CARTESIAN_POINT('',(-175.3851660729,57.4626070924332,-3.5));
#15529=CARTESIAN_POINT('',(-176.8851660729,57.4626070924332,-3.5));
#15530=CARTESIAN_POINT('',(-176.883946562632,56.0230805874355,-3.5));
#15531=CARTESIAN_POINT('Origin',(-175.3851660729,55.9626070924332,-3.5));
#15532=CARTESIAN_POINT('',(-177.567279895965,54.2350093999778,-3.5));
#15533=CARTESIAN_POINT('Origin',(-179.881507542097,56.1440275774401,-3.5));
#15534=CARTESIAN_POINT('',(-177.9101660729,53.2805003112466,-3.5));
#15535=CARTESIAN_POINT('Origin',(-176.4101660729,53.2805003112466,-3.5));
#15536=CARTESIAN_POINT('',(-177.9101660729,-62.0748929075668,-3.5));
#15537=CARTESIAN_POINT('',(-177.9101660729,-31.2057145169735,-3.5));
#15538=CARTESIAN_POINT('',(-175.9101660729,-64.0748929075668,-3.5));
#15539=CARTESIAN_POINT('Origin',(-175.9101660729,-62.0748929075668,-3.5));
#15540=CARTESIAN_POINT('',(-136.28148641646,-64.0748929075668,-3.5));
#15541=CARTESIAN_POINT('',(-88.1409876823066,-64.0748929075668,-3.5));
#15542=CARTESIAN_POINT('',(-135.927933025866,-64.2213395169736,-3.5));
#15543=CARTESIAN_POINT('Origin',(-136.28148641646,-64.5748929075667,-3.5));
#15544=CARTESIAN_POINT('',(-134.431612682307,-65.7176598605331,-3.5));
#15545=CARTESIAN_POINT('',(-118.010102939974,-82.1391696028647,-3.5));
#15546=CARTESIAN_POINT('',(-132.66384572934,-66.4498929075668,-3.5));
#15547=CARTESIAN_POINT('Origin',(-132.66384572934,-63.9498929075667,-3.5));
#15548=CARTESIAN_POINT('',(-131.2851660729,-66.4498929075668,-3.5));
#15549=CARTESIAN_POINT('',(-67.62138090112,-66.4498929075668,-3.5));
#15550=CARTESIAN_POINT('',(-126.2851660729,-66.4498929075668,-3.5));
#15551=CARTESIAN_POINT('Origin',(-128.7851660729,-66.4498929075668,-3.5));
#15552=CARTESIAN_POINT('',(-124.906486416459,-66.4498929075668,-3.5));
#15553=CARTESIAN_POINT('',(-67.62138090112,-66.4498929075668,-3.5));
#15554=CARTESIAN_POINT('',(-123.138719463493,-65.7176598605332,-3.5));
#15555=CARTESIAN_POINT('Origin',(-124.90648641646,-63.9498929075667,-3.5));
#15556=CARTESIAN_POINT('',(-121.642399119933,-64.2213395169735,-3.5));
#15557=CARTESIAN_POINT('',(-77.2052643776,-19.7842047746449,-3.5));
#15558=CARTESIAN_POINT('',(-121.28884572934,-64.0748929075667,-3.5));
#15559=CARTESIAN_POINT('Origin',(-121.28884572934,-64.5748929075667,-3.5));
#15560=CARTESIAN_POINT('',(30.4060135835405,-64.0748929075668,-3.5));
#15561=CARTESIAN_POINT('',(-61.93388090112,-64.0748929075667,-3.5));
#15562=CARTESIAN_POINT('',(30.7595669741338,-64.2213395169736,-3.5));
#15563=CARTESIAN_POINT('Origin',(30.4060135835405,-64.5748929075668,-3.5));
#15564=CARTESIAN_POINT('',(32.2558873176935,-65.7176598605331,-3.5));
#15565=CARTESIAN_POINT('',(7.0055220600233,-40.4672946028642,-3.5));
#15566=CARTESIAN_POINT('',(34.0236542706599,-66.4498929075668,-3.5));
#15567=CARTESIAN_POINT('Origin',(34.0236542706599,-63.9498929075667,-3.5));
#15568=CARTESIAN_POINT('',(35.4023339271002,-66.4498929075668,-3.5));
#15569=CARTESIAN_POINT('',(15.7223690988801,-66.4498929075668,-3.5));
#15570=CARTESIAN_POINT('',(40.4023339271002,-66.4498929075668,-3.5));
#15571=CARTESIAN_POINT('Origin',(37.9023339271002,-66.4498929075668,-3.5));
#15572=CARTESIAN_POINT('',(41.7810135835405,-66.4498929075668,-3.5));
#15573=CARTESIAN_POINT('',(15.7223690988801,-66.4498929075668,-3.5));
#15574=CARTESIAN_POINT('',(43.5487805365069,-65.7176598605332,-3.5));
#15575=CARTESIAN_POINT('Origin',(41.7810135835405,-63.9498929075667,-3.5));
#15576=CARTESIAN_POINT('',(45.0451008800666,-64.2213395169736,-3.5));
#15577=CARTESIAN_POINT('',(47.810360622396,-61.4560797746444,-3.5));
#15578=CARTESIAN_POINT('',(45.3986542706599,-64.0748929075668,-3.5));
#15579=CARTESIAN_POINT('Origin',(45.39865427066,-64.574892907567,-3.5));
#15580=CARTESIAN_POINT('',(125.656013583541,-64.0748929075668,-3.5));
#15581=CARTESIAN_POINT('',(21.4098690988801,-64.0748929075668,-3.5));
#15582=CARTESIAN_POINT('',(126.009566974134,-64.2213395169736,-3.5));
#15583=CARTESIAN_POINT('Origin',(125.656013583541,-64.5748929075666,-3.5));
#15584=CARTESIAN_POINT('',(127.505887317693,-65.7176598605331,-3.5));
#15585=CARTESIAN_POINT('',(78.4430220600218,-16.6547946028644,-3.5));
#15586=CARTESIAN_POINT('',(129.27365427066,-66.4498929075668,-3.5));
#15587=CARTESIAN_POINT('Origin',(129.27365427066,-63.9498929075667,-3.5));
#15588=CARTESIAN_POINT('',(130.6523339271,-66.4498929075668,-3.5));
#15589=CARTESIAN_POINT('',(63.34736909888,-66.4498929075668,-3.5));
#15590=CARTESIAN_POINT('',(135.6523339271,-66.4498929075668,-3.5));
#15591=CARTESIAN_POINT('Origin',(133.1523339271,-66.4498929075668,-3.5));
#15592=CARTESIAN_POINT('',(137.031013583541,-66.4498929075668,-3.5));
#15593=CARTESIAN_POINT('',(63.34736909888,-66.4498929075668,-3.5));
#15594=CARTESIAN_POINT('',(138.798780536507,-65.7176598605332,-3.5));
#15595=CARTESIAN_POINT('Origin',(137.031013583541,-63.9498929075669,-3.5));
#15596=CARTESIAN_POINT('',(140.295100880067,-64.2213395169735,-3.5));
#15597=CARTESIAN_POINT('',(119.247860622394,-85.2685797746447,-3.5));
#15598=CARTESIAN_POINT('',(140.64865427066,-64.0748929075668,-3.5));
#15599=CARTESIAN_POINT('Origin',(140.64865427066,-64.5748929075666,-3.5));
#15600=CARTESIAN_POINT('',(170.7523339271,-64.0748929075668,-3.5));
#15601=CARTESIAN_POINT('',(82.9831555365069,-64.0748929075668,-3.5));
#15602=CARTESIAN_POINT('',(172.7523339271,-62.0748929075668,-3.5));
#15603=CARTESIAN_POINT('Origin',(170.7523339271,-62.0748929075668,-3.5));
#15604=CARTESIAN_POINT('',(172.7523339271,53.2805003112463,-3.5));
#15605=CARTESIAN_POINT('',(172.7523339271,-31.2057145169735,-3.5));
#15606=CARTESIAN_POINT('',(172.409447750166,54.2350093999777,-3.5));
#15607=CARTESIAN_POINT('Origin',(171.2523339271,53.2805003112468,-3.5));
#15608=CARTESIAN_POINT('',(171.726114416833,56.0230805874355,-3.5));
#15609=CARTESIAN_POINT('Origin',(174.723675396297,56.14402757744,-3.5));
#15610=CARTESIAN_POINT('',(170.2273339271,57.4626070924332,-3.5));
#15611=CARTESIAN_POINT('Origin',(170.2273339271,55.9626070924332,-3.5));
#15612=CARTESIAN_POINT('',(163.584188176593,57.4626070924332,-3.5));
#15613=CARTESIAN_POINT('',(-176.8851660729,57.4626070924332,-3.5));
#15614=CARTESIAN_POINT('',(161.462867833033,58.3412867488735,-3.5));
#15615=CARTESIAN_POINT('Origin',(163.584188176593,60.4626070924332,-3.5));
#15616=CARTESIAN_POINT('',(157.848780536507,61.9553740453995,-3.5));
#15617=CARTESIAN_POINT('',(136.027270794176,83.7768837877302,-3.5));
#15618=CARTESIAN_POINT('',(156.081013583541,62.6876070924332,-3.5));
#15619=CARTESIAN_POINT('Origin',(156.081013583541,60.1876070924334,-3.5));
#15620=CARTESIAN_POINT('',(154.7023339271,62.6876070924332,-3.5));
#15621=CARTESIAN_POINT('',(76.7510487553203,62.6876070924332,-3.5));
#15622=CARTESIAN_POINT('',(149.7023339271,62.6876070924332,-3.5));
#15623=CARTESIAN_POINT('Origin',(152.2023339271,62.6876070924332,-3.5));
#15624=CARTESIAN_POINT('',(148.32365427066,62.6876070924332,-3.5));
#15625=CARTESIAN_POINT('',(76.7510487553203,62.6876070924332,-3.5));
#15626=CARTESIAN_POINT('',(146.555887317693,61.9553740453996,-3.5));
#15627=CARTESIAN_POINT('Origin',(148.32365427066,60.1876070924335,-3.5));
#15628=CARTESIAN_POINT('',(142.941800021167,58.3412867488735,-3.5));
#15629=CARTESIAN_POINT('',(145.469753066136,60.8692397938423,-3.5));
#15630=CARTESIAN_POINT('',(140.820479677608,57.4626070924332,-3.5));
#15631=CARTESIAN_POINT('Origin',(140.820479677608,60.4626070924332,-3.5));
#15632=CARTESIAN_POINT('',(-174.68047158374,57.4626070924332,-3.5));
#15633=CARTESIAN_POINT('',(56.1541672604336,61.9626070924331,-3.50000000000001));
#15634=CARTESIAN_POINT('Origin',(54.8896672604336,61.9626070924331,-3.50000000000001));
#15635=CARTESIAN_POINT('',(-73.7829994062331,-66.790166585236,-3.49999999999999));
#15636=CARTESIAN_POINT('Origin',(-75.0474994062331,-66.790166585236,-3.49999999999999));
#15637=CARTESIAN_POINT('',(171.0918339271,61.9626070924332,-3.50000000000001));
#15638=CARTESIAN_POINT('Origin',(169.8273339271,61.9626070924332,-3.50000000000001));
#15639=CARTESIAN_POINT('',(-173.7206660729,-66.7901665852361,-3.49999999999999));
#15640=CARTESIAN_POINT('Origin',(-174.9851660729,-66.7901665852361,-3.49999999999999));
#15641=CARTESIAN_POINT('',(-73.7829994062331,61.9626070924332,-3.50000000000001));
#15642=CARTESIAN_POINT('Origin',(-75.0474994062331,61.9626070924332,-3.50000000000001));
#15643=CARTESIAN_POINT('',(56.1541672604336,-66.790166585236,-3.49999999999999));
#15644=CARTESIAN_POINT('Origin',(54.8896672604336,-66.790166585236,-3.49999999999999));
#15645=CARTESIAN_POINT('',(171.0918339271,-66.7901665852361,-3.49999999999999));
#15646=CARTESIAN_POINT('Origin',(169.8273339271,-66.7901665852361,-3.49999999999999));
#15647=CARTESIAN_POINT('',(-173.7206660729,61.9626070924332,-3.50000000000001));
#15648=CARTESIAN_POINT('Origin',(-174.9851660729,61.9626070924332,-3.50000000000001));
#15649=CARTESIAN_POINT('Origin',(106.8510839271,66.4626070924332,-2.77000000000001));
#15650=CARTESIAN_POINT('',(106.8510839271,57.4626070924332,-2.77000000000001));
#15651=CARTESIAN_POINT('',(106.8510839271,66.4626070924332,-2.77000000000001));
#15652=CARTESIAN_POINT('',(106.8510839271,57.4626070924332,-1.3850000000021));
#15653=CARTESIAN_POINT('Origin',(108.2310839271,66.4626070924332,-2.77));
#15654=CARTESIAN_POINT('',(108.2310839271,57.4626070924332,-1.39000000000001));
#15655=CARTESIAN_POINT('',(108.2310839271,66.4626070924332,-1.39000000000001));
#15656=CARTESIAN_POINT('Origin',(108.2310839271,57.4626070924332,-2.77));
#15657=CARTESIAN_POINT('Origin',(115.2110839271,66.4626070924332,-1.39));
#15658=CARTESIAN_POINT('',(115.2110839271,57.4626070924332,-1.39));
#15659=CARTESIAN_POINT('',(115.2110839271,66.4626070924332,-1.39));
#15660=CARTESIAN_POINT('',(-30.8370410728998,57.4626070924332,-1.39000000000017));
#15661=CARTESIAN_POINT('Origin',(115.2110839271,66.4626070924332,-2.77));
#15662=CARTESIAN_POINT('Origin',(115.2110839271,57.4626070924332,-2.77));
#15663=CARTESIAN_POINT('Origin',(-174.9851660729,61.9626070924332,-42.2));
#15664=CARTESIAN_POINT('',(-173.7206660729,61.9626070924332,4.30000000000001));
#15665=CARTESIAN_POINT('',(-173.7206660729,61.9626070924332,-42.2));
#15666=CARTESIAN_POINT('Origin',(-174.9851660729,61.9626070924332,4.30000000000001));
#15667=CARTESIAN_POINT('Origin',(-174.9851660729,61.9626070924332,4.30000000000001));
#15668=CARTESIAN_POINT('Origin',(169.8273339271,-66.7901665852361,-42.2));
#15669=CARTESIAN_POINT('',(171.0918339271,-66.7901665852361,4.30000000000004));
#15670=CARTESIAN_POINT('',(171.0918339271,-66.7901665852361,-42.2));
#15671=CARTESIAN_POINT('Origin',(169.8273339271,-66.7901665852361,4.30000000000004));
#15672=CARTESIAN_POINT('Origin',(169.8273339271,-66.7901665852361,4.30000000000004));
#15673=CARTESIAN_POINT('Origin',(54.8896672604336,-66.790166585236,-42.2));
#15674=CARTESIAN_POINT('',(56.1541672604336,-66.790166585236,4.30000000000004));
#15675=CARTESIAN_POINT('',(56.1541672604336,-66.790166585236,-42.2));
#15676=CARTESIAN_POINT('Origin',(54.8896672604336,-66.790166585236,4.30000000000004));
#15677=CARTESIAN_POINT('Origin',(54.8896672604336,-66.790166585236,4.30000000000004));
#15678=CARTESIAN_POINT('Origin',(-75.0474994062331,61.9626070924331,-42.2));
#15679=CARTESIAN_POINT('',(-73.7829994062331,61.9626070924332,4.30000000000001));
#15680=CARTESIAN_POINT('',(-73.7829994062331,61.9626070924331,-42.2));
#15681=CARTESIAN_POINT('Origin',(-75.0474994062331,61.9626070924332,4.30000000000001));
#15682=CARTESIAN_POINT('Origin',(-75.0474994062331,61.9626070924332,4.30000000000001));
#15683=CARTESIAN_POINT('Origin',(-174.9851660729,-66.7901665852361,-42.2));
#15684=CARTESIAN_POINT('',(-173.7206660729,-66.7901665852361,4.30000000000004));
#15685=CARTESIAN_POINT('',(-173.7206660729,-66.7901665852361,-42.2));
#15686=CARTESIAN_POINT('Origin',(-174.9851660729,-66.7901665852361,4.30000000000004));
#15687=CARTESIAN_POINT('Origin',(-174.9851660729,-66.7901665852361,4.30000000000004));
#15688=CARTESIAN_POINT('Origin',(169.8273339271,61.9626070924332,-42.2));
#15689=CARTESIAN_POINT('',(171.0918339271,61.9626070924332,4.30000000000001));
#15690=CARTESIAN_POINT('',(171.0918339271,61.9626070924332,-42.2));
#15691=CARTESIAN_POINT('Origin',(169.8273339271,61.9626070924332,4.30000000000001));
#15692=CARTESIAN_POINT('Origin',(169.8273339271,61.9626070924332,4.30000000000001));
#15693=CARTESIAN_POINT('Origin',(-75.0474994062331,-66.790166585236,-42.2));
#15694=CARTESIAN_POINT('',(-73.7829994062331,-66.790166585236,4.30000000000004));
#15695=CARTESIAN_POINT('',(-73.7829994062331,-66.790166585236,-42.2));
#15696=CARTESIAN_POINT('Origin',(-75.0474994062331,-66.790166585236,4.30000000000004));
#15697=CARTESIAN_POINT('Origin',(-75.0474994062331,-66.790166585236,4.30000000000004));
#15698=CARTESIAN_POINT('Origin',(54.8896672604336,61.9626070924331,-42.2));
#15699=CARTESIAN_POINT('',(56.1541672604336,61.9626070924331,4.30000000000001));
#15700=CARTESIAN_POINT('',(56.1541672604336,61.9626070924331,-42.2));
#15701=CARTESIAN_POINT('Origin',(54.8896672604336,61.9626070924331,4.30000000000001));
#15702=CARTESIAN_POINT('Origin',(54.8896672604336,61.9626070924331,4.30000000000001));
#15703=CARTESIAN_POINT('Origin',(133.1523339271,-66.4498929075668,0.8));
#15704=CARTESIAN_POINT('',(135.6523339271,-66.4498929075668,0.8));
#15705=CARTESIAN_POINT('',(130.6523339271,-66.4498929075668,0.8));
#15706=CARTESIAN_POINT('Origin',(-143.0726660729,62.6876070924332,0.8));
#15707=CARTESIAN_POINT('',(-145.5726660729,62.6876070924332,0.8));
#15708=CARTESIAN_POINT('',(-140.5726660729,62.6876070924332,0.8));
#15709=CARTESIAN_POINT('Origin',(152.2023339271,62.6876070924332,0.8));
#15710=CARTESIAN_POINT('',(149.7023339271,62.6876070924332,0.8));
#15711=CARTESIAN_POINT('',(149.7023339271,62.6876070924332,0.8));
#15712=CARTESIAN_POINT('',(154.7023339271,62.6876070924332,0.8));
#15713=CARTESIAN_POINT('',(154.7023339271,62.6876070924332,0.8));
#15714=CARTESIAN_POINT('Origin',(152.2023339271,62.6876070924332,0.8));
#15715=CARTESIAN_POINT('Origin',(28.3773339271002,62.6876070924332,0.8));
#15716=CARTESIAN_POINT('',(25.8773339271002,62.6876070924332,0.8));
#15717=CARTESIAN_POINT('',(25.8773339271002,62.6876070924332,0.8));
#15718=CARTESIAN_POINT('',(30.8773339271002,62.6876070924332,0.8));
#15719=CARTESIAN_POINT('',(30.8773339271002,62.6876070924332,0.8));
#15720=CARTESIAN_POINT('Origin',(28.3773339271002,62.6876070924332,0.8));
#15721=CARTESIAN_POINT('Origin',(-57.3476660728998,62.6876070924332,0.8));
#15722=CARTESIAN_POINT('',(-59.8476660728998,62.6876070924332,0.8));
#15723=CARTESIAN_POINT('',(-59.8476660728998,62.6876070924332,0.8));
#15724=CARTESIAN_POINT('',(-54.8476660728998,62.6876070924332,0.8));
#15725=CARTESIAN_POINT('',(-54.8476660728998,62.6876070924332,0.8));
#15726=CARTESIAN_POINT('Origin',(-57.3476660728998,62.6876070924332,0.8));
#15727=CARTESIAN_POINT('Origin',(37.9023339271002,-66.4498929075668,0.8));
#15728=CARTESIAN_POINT('',(40.4023339271002,-66.4498929075668,0.8));
#15729=CARTESIAN_POINT('',(35.4023339271002,-66.4498929075668,0.8));
#15730=CARTESIAN_POINT('Origin',(-128.7851660729,-66.4498929075668,0.8));
#15731=CARTESIAN_POINT('',(-126.2851660729,-66.4498929075668,0.8));
#15732=CARTESIAN_POINT('',(-131.2851660729,-66.4498929075668,0.8));
#15733=CARTESIAN_POINT('Origin',(129.27365427066,-66.4498929075668,-3.5));
#15734=CARTESIAN_POINT('',(129.27365427066,-66.4498929075668,-3.5));
#15735=CARTESIAN_POINT('Origin',(129.27365427066,-66.4498929075668,-3.5));
#15736=CARTESIAN_POINT('',(137.031013583541,-66.4498929075668,-3.5));
#15737=CARTESIAN_POINT('Origin',(-139.193986416459,62.6876070924332,-3.5));
#15738=CARTESIAN_POINT('',(-139.193986416459,62.6876070924332,-3.5));
#15739=CARTESIAN_POINT('Origin',(-139.193986416459,62.6876070924332,-3.5));
#15740=CARTESIAN_POINT('',(-146.95134572934,62.6876070924332,-3.5));
#15741=CARTESIAN_POINT('Origin',(156.081013583541,62.6876070924332,-3.5));
#15742=CARTESIAN_POINT('',(156.081013583541,62.6876070924332,0.8));
#15743=CARTESIAN_POINT('',(156.081013583541,62.6876070924332,-3.5));
#15744=CARTESIAN_POINT('',(156.081013583541,62.6876070924332,0.8));
#15745=CARTESIAN_POINT('Origin',(32.2560135835406,62.6876070924332,-3.5));
#15746=CARTESIAN_POINT('',(32.2560135835406,62.6876070924332,0.8));
#15747=CARTESIAN_POINT('',(32.2560135835406,62.6876070924332,-3.5));
#15748=CARTESIAN_POINT('',(156.081013583541,62.6876070924332,0.8));
#15749=CARTESIAN_POINT('Origin',(-53.4689864164594,62.6876070924332,-3.5));
#15750=CARTESIAN_POINT('',(-53.4689864164594,62.6876070924332,0.8));
#15751=CARTESIAN_POINT('',(-53.4689864164594,62.6876070924332,-3.5));
#15752=CARTESIAN_POINT('',(156.081013583541,62.6876070924332,0.8));
#15753=CARTESIAN_POINT('Origin',(-53.4689864164594,62.6876070924332,-3.5));
#15754=CARTESIAN_POINT('',(-61.2263457293402,62.6876070924332,0.8));
#15755=CARTESIAN_POINT('',(156.081013583541,62.6876070924332,0.8));
#15756=CARTESIAN_POINT('',(-61.2263457293402,62.6876070924332,-3.5));
#15757=CARTESIAN_POINT('Origin',(-2.57891607289988,-1.8811429075668,0.8));
#15758=CARTESIAN_POINT('',(-68.7295203223922,57.4626070924332,0.8));
#15759=CARTESIAN_POINT('',(-45.9658118234074,57.4626070924332,0.8));
#15760=CARTESIAN_POINT('',(-89.7320410728998,57.4626070924332,0.8));
#15761=CARTESIAN_POINT('',(-66.6081999788325,58.3412867488735,0.8));
#15762=CARTESIAN_POINT('Origin',(-68.7295203223922,60.4626070924332,0.8));
#15763=CARTESIAN_POINT('',(-62.9941126823066,61.9553740453996,0.8));
#15764=CARTESIAN_POINT('',(-67.3154330258661,57.6340537018399,0.8));
#15765=CARTESIAN_POINT('Origin',(-61.2263457293402,60.1876070924333,0.8));
#15766=CARTESIAN_POINT('',(-51.701219463493,61.9553740453995,0.8));
#15767=CARTESIAN_POINT('Origin',(-53.4689864164594,60.1876070924333,0.8));
#15768=CARTESIAN_POINT('',(-48.0871321669671,58.3412867488735,0.800000000000001));
#15769=CARTESIAN_POINT('',(-21.2276309011201,31.4817854830263,0.800000000000001));
#15770=CARTESIAN_POINT('Origin',(-45.9658118234074,60.4626070924332,0.8));
#15771=CARTESIAN_POINT('Origin',(34.0236542706599,-66.4498929075668,-3.5));
#15772=CARTESIAN_POINT('',(34.0236542706599,-66.4498929075668,-3.5));
#15773=CARTESIAN_POINT('Origin',(34.0236542706599,-66.4498929075668,-3.5));
#15774=CARTESIAN_POINT('',(41.7810135835405,-66.4498929075668,-3.5));
#15775=CARTESIAN_POINT('Origin',(-132.66384572934,-66.4498929075668,-3.5));
#15776=CARTESIAN_POINT('',(-132.66384572934,-66.4498929075668,-3.5));
#15777=CARTESIAN_POINT('Origin',(-132.66384572934,-66.4498929075668,-3.5));
#15778=CARTESIAN_POINT('',(-124.906486416459,-66.4498929075668,-3.5));
#15779=CARTESIAN_POINT('Origin',(171.7273339271,-62.5498929075668,0.));
#15780=CARTESIAN_POINT('',(115.1273339271,-62.5498929075668,7.3));
#15781=CARTESIAN_POINT('',(115.1273339271,-62.5498929075668,0.));
#15782=CARTESIAN_POINT('',(84.5742089271002,-62.5498929075668,7.3));
#15783=CARTESIAN_POINT('Origin',(171.7273339271,57.4626070924332,0.));
#15784=CARTESIAN_POINT('',(171.7273339271,38.9626070924332,7.3));
#15785=CARTESIAN_POINT('',(171.7273339271,38.9626070924332,0.));
#15786=CARTESIAN_POINT('',(171.7273339271,55.9626070924332,7.3));
#15787=CARTESIAN_POINT('',(171.7273339271,27.4594820924332,7.3));
#15788=CARTESIAN_POINT('',(171.7273339271,55.9626070924332,0.));
#15789=CARTESIAN_POINT('Origin',(174.723675396297,56.14402757744,0.));
#15790=CARTESIAN_POINT('',(172.409447750166,54.2350093999777,0.));
#15791=CARTESIAN_POINT('',(171.726114416833,56.0230805874355,0.8));
#15792=CARTESIAN_POINT('Origin',(171.2523339271,53.2805003112468,-3.5));
#15793=CARTESIAN_POINT('',(172.7523339271,53.2805003112463,-3.5));
#15794=CARTESIAN_POINT('Origin',(-179.881507542097,56.1440275774401,0.));
#15795=CARTESIAN_POINT('',(-177.567279895965,54.2350093999778,0.8));
#15796=CARTESIAN_POINT('',(-176.883946562632,56.0230805874355,0.8));
#15797=CARTESIAN_POINT('Origin',(-175.3851660729,55.9626070924332,0.));
#15798=CARTESIAN_POINT('',(-175.3851660729,57.4626070924332,7.3));
#15799=CARTESIAN_POINT('',(-175.3851660729,57.4626070924332,0.));
#15800=CARTESIAN_POINT('Origin',(-175.3851660729,55.9626070924332,7.3));
#15801=CARTESIAN_POINT('Origin',(-131.690811823407,60.4626070924332,-1.75));
#15802=CARTESIAN_POINT('',(-131.690811823407,57.4626070924332,-1.75));
#15803=CARTESIAN_POINT('',(-133.812132166967,58.3412867488735,-1.75));
#15804=CARTESIAN_POINT('Origin',(-176.8851660729,57.4626070924332,0.));
#15805=CARTESIAN_POINT('',(140.820479677608,57.4626070924332,0.8));
#15806=CARTESIAN_POINT('',(140.820479677608,57.4626070924332,-1.75));
#15807=CARTESIAN_POINT('',(163.584188176593,57.4626070924332,0.8));
#15808=CARTESIAN_POINT('',(-16.2744427681965,57.4626070924332,0.8));
#15809=CARTESIAN_POINT('',(163.584188176593,57.4626070924332,-1.75));
#15810=CARTESIAN_POINT('',(170.2273339271,57.4626070924332,7.3));
#15811=CARTESIAN_POINT('',(170.2273339271,57.4626070924332,0.));
#15812=CARTESIAN_POINT('',(115.1273339271,57.4626070924332,7.3));
#15813=CARTESIAN_POINT('',(-89.7320410728998,57.4626070924332,7.3));
#15814=CARTESIAN_POINT('',(115.1273339271,57.4626070924332,0.));
#15815=CARTESIAN_POINT('',(108.3148339271,57.4626070924332,7.3));
#15816=CARTESIAN_POINT('',(108.3148339271,57.4626070924332,0.));
#15817=CARTESIAN_POINT('',(91.3148339271002,57.4626070924332,7.3));
#15818=CARTESIAN_POINT('',(-89.7320410728998,57.4626070924332,7.3));
#15819=CARTESIAN_POINT('',(91.3148339271002,57.4626070924332,0.));
#15820=CARTESIAN_POINT('',(-89.7320410728998,57.4626070924332,7.3));
#15821=CARTESIAN_POINT('',(-89.7320410728998,57.4626070924332,7.3));
#15822=CARTESIAN_POINT('',(-89.7320410728998,57.4626070924332,7.3));
#15823=CARTESIAN_POINT('',(-89.7320410728998,57.4626070924332,7.3));
#15824=CARTESIAN_POINT('',(-154.454520322392,57.4626070924332,-1.75));
#15825=CARTESIAN_POINT('',(-68.7295203223922,57.4626070924332,-1.75));
#15826=CARTESIAN_POINT('',(-45.9658118234074,57.4626070924332,-1.75));
#15827=CARTESIAN_POINT('',(16.9954796776078,57.4626070924332,0.8));
#15828=CARTESIAN_POINT('',(16.9954796776078,57.4626070924332,-1.75));
#15829=CARTESIAN_POINT('',(39.7591881765926,57.4626070924332,0.8));
#15830=CARTESIAN_POINT('',(-89.7320410728998,57.4626070924332,0.8));
#15831=CARTESIAN_POINT('',(39.7591881765926,57.4626070924332,-1.75));
#15832=CARTESIAN_POINT('Origin',(-154.454520322392,60.4626070924332,-1.75));
#15833=CARTESIAN_POINT('',(-152.333199978833,58.3412867488735,-1.75));
#15834=CARTESIAN_POINT('Origin',(-148.719112682307,61.9553740453996,-3.5));
#15835=CARTESIAN_POINT('',(-148.719112682307,61.9553740453996,-3.5));
#15836=CARTESIAN_POINT('Origin',(-68.7295203223922,60.4626070924332,-1.75));
#15837=CARTESIAN_POINT('',(-66.6081999788325,58.3412867488735,-1.75));
#15838=CARTESIAN_POINT('Origin',(-45.9658118234074,60.4626070924332,-1.75));
#15839=CARTESIAN_POINT('',(-48.0871321669671,58.3412867488735,-1.75));
#15840=CARTESIAN_POINT('Origin',(16.9954796776078,60.4626070924332,-1.75));
#15841=CARTESIAN_POINT('',(19.1168000211674,58.3412867488735,0.8));
#15842=CARTESIAN_POINT('',(19.1168000211674,58.3412867488735,-1.75));
#15843=CARTESIAN_POINT('Origin',(16.9954796776078,60.4626070924332,0.8));
#15844=CARTESIAN_POINT('Origin',(39.7591881765926,60.4626070924332,-1.75));
#15845=CARTESIAN_POINT('',(37.6378678330329,58.3412867488735,0.8));
#15846=CARTESIAN_POINT('Origin',(39.7591881765926,60.4626070924332,0.8));
#15847=CARTESIAN_POINT('',(37.6378678330329,58.3412867488735,-1.75));
#15848=CARTESIAN_POINT('Origin',(140.820479677608,60.4626070924332,-1.75));
#15849=CARTESIAN_POINT('',(142.941800021167,58.3412867488735,0.8));
#15850=CARTESIAN_POINT('',(142.941800021167,58.3412867488735,-1.75));
#15851=CARTESIAN_POINT('Origin',(140.820479677608,60.4626070924332,0.8));
#15852=CARTESIAN_POINT('Origin',(163.584188176593,60.4626070924332,-1.75));
#15853=CARTESIAN_POINT('',(161.462867833033,58.3412867488735,0.8));
#15854=CARTESIAN_POINT('Origin',(163.584188176593,60.4626070924332,0.8));
#15855=CARTESIAN_POINT('',(161.462867833033,58.3412867488735,-1.75));
#15856=CARTESIAN_POINT('Origin',(162.170100880067,57.63405370184,-3.5));
#15857=CARTESIAN_POINT('',(157.848780536507,61.9553740453995,0.8));
#15858=CARTESIAN_POINT('',(157.174605751232,62.6295488306748,0.8));
#15859=CARTESIAN_POINT('',(157.848780536507,61.9553740453995,-3.5));
#15860=CARTESIAN_POINT('Origin',(170.7523339271,-62.0748929075668,-3.5));
#15861=CARTESIAN_POINT('',(172.7523339271,-62.0748929075668,0.8));
#15862=CARTESIAN_POINT('',(170.7523339271,-64.0748929075668,0.8));
#15863=CARTESIAN_POINT('Origin',(172.7523339271,-59.8677861263802,-3.5));
#15864=CARTESIAN_POINT('Origin',(-175.9101660729,-62.0748929075668,-3.5));
#15865=CARTESIAN_POINT('',(-175.9101660729,-64.0748929075668,0.8));
#15866=CARTESIAN_POINT('',(-177.9101660729,-62.0748929075668,0.8));
#15867=CARTESIAN_POINT('Origin',(144.336280536507,60.0751070924332,0.8));
#15868=CARTESIAN_POINT('',(146.555887317693,61.9553740453996,0.8));
#15869=CARTESIAN_POINT('',(143.284535407672,58.6840221353782,0.8));
#15870=CARTESIAN_POINT('',(148.32365427066,62.6876070924332,0.8));
#15871=CARTESIAN_POINT('Origin',(148.32365427066,60.1876070924335,0.8));
#15872=CARTESIAN_POINT('',(156.081013583541,62.6876070924332,0.8));
#15873=CARTESIAN_POINT('Origin',(156.081013583541,60.1876070924334,0.8));
#15874=CARTESIAN_POINT('Origin',(-2.57891607289988,-1.8811429075668,0.8));
#15875=CARTESIAN_POINT('',(22.7308873176935,61.9553740453996,0.8));
#15876=CARTESIAN_POINT('',(18.4095669741338,57.6340537018399,0.8));
#15877=CARTESIAN_POINT('',(24.4986542706598,62.6876070924332,0.8));
#15878=CARTESIAN_POINT('Origin',(24.4986542706598,60.1876070924333,0.8));
#15879=CARTESIAN_POINT('',(156.081013583541,62.6876070924332,0.8));
#15880=CARTESIAN_POINT('',(34.0237805365069,61.9553740453996,0.8));
#15881=CARTESIAN_POINT('Origin',(32.2560135835405,60.1876070924331,0.8));
#15882=CARTESIAN_POINT('',(43.0661190988801,52.9130354830264,0.8));
#15883=CARTESIAN_POINT('Origin',(146.555887317693,61.9553740453996,-3.5));
#15884=CARTESIAN_POINT('',(146.555887317693,61.9553740453996,-3.5));
#15885=CARTESIAN_POINT('Origin',(22.7308873176935,61.9553740453996,-3.5));
#15886=CARTESIAN_POINT('',(22.7308873176935,61.9553740453996,-3.5));
#15887=CARTESIAN_POINT('Origin',(38.3451008800665,57.6340537018399,-3.5));
#15888=CARTESIAN_POINT('',(34.0237805365069,61.9553740453996,-3.5));
#15889=CARTESIAN_POINT('Origin',(-47.3798991199335,57.6340537018399,-3.5));
#15890=CARTESIAN_POINT('',(-51.701219463493,61.9553740453995,-3.5));
#15891=CARTESIAN_POINT('Origin',(-62.9941126823065,61.9553740453996,-3.5));
#15892=CARTESIAN_POINT('',(-62.9941126823065,61.9553740453996,-3.5));
#15893=CARTESIAN_POINT('Origin',(-133.104899119933,57.6340537018399,-3.5));
#15894=CARTESIAN_POINT('',(-137.426219463493,61.9553740453996,-3.5));
#15895=CARTESIAN_POINT('Origin',(113.6273339271,37.4626070924332,0.));
#15896=CARTESIAN_POINT('',(113.6273339271,55.9626070924332,7.3));
#15897=CARTESIAN_POINT('',(113.6273339271,55.9626070924332,0.));
#15898=CARTESIAN_POINT('',(113.6273339271,38.9626070924332,7.3));
#15899=CARTESIAN_POINT('',(113.6273339271,17.4594820924332,7.3));
#15900=CARTESIAN_POINT('',(113.6273339271,38.9626070924332,0.));
#15901=CARTESIAN_POINT('Origin',(115.1273339271,55.9626070924332,0.));
#15902=CARTESIAN_POINT('Origin',(115.1273339271,55.9626070924332,7.3));
#15903=CARTESIAN_POINT('Origin',(-175.3851660729,32.1501070924332,0.));
#15904=CARTESIAN_POINT('',(-175.3851660729,33.6501070924332,7.3));
#15905=CARTESIAN_POINT('',(-175.3851660729,33.6501070924332,0.));
#15906=CARTESIAN_POINT('Origin',(-175.3851660729,32.1501070924332,7.3));
#15907=CARTESIAN_POINT('Origin',(-176.8851660729,33.6501070924332,0.));
#15908=CARTESIAN_POINT('',(108.3153339271,33.6501070924332,7.3));
#15909=CARTESIAN_POINT('',(108.3153339271,33.6501070924332,0.));
#15910=CARTESIAN_POINT('',(-89.7320410728998,33.6501070924332,7.3));
#15911=CARTESIAN_POINT('Origin',(108.3153339271,32.1501070924332,0.));
#15912=CARTESIAN_POINT('',(109.8153339271,32.1501070924332,7.3));
#15913=CARTESIAN_POINT('',(109.8153339271,32.1501070924332,0.));
#15914=CARTESIAN_POINT('Origin',(108.3153339271,32.1501070924332,7.3));
#15915=CARTESIAN_POINT('Origin',(109.8153339271,33.6501070924332,0.));
#15916=CARTESIAN_POINT('',(109.8153339271,15.5532320924332,7.3));
#15917=CARTESIAN_POINT('Origin',(115.1273339271,-61.0498929075668,0.));
#15918=CARTESIAN_POINT('',(113.6273339271,-61.0498929075668,7.3));
#15919=CARTESIAN_POINT('',(113.6273339271,-61.0498929075668,0.));
#15920=CARTESIAN_POINT('Origin',(115.1273339271,-61.0498929075668,7.3));
#15921=CARTESIAN_POINT('Origin',(113.6273339271,-62.5498929075668,0.));
#15922=CARTESIAN_POINT('',(113.6273339271,-44.0498929075668,7.3));
#15923=CARTESIAN_POINT('',(113.6273339271,-44.0498929075668,0.));
#15924=CARTESIAN_POINT('',(113.6273339271,-32.5467679075668,7.3));
#15925=CARTESIAN_POINT('Origin',(115.1273339271,-44.0498929075668,0.));
#15926=CARTESIAN_POINT('',(115.1273339271,-42.5498929075668,7.3));
#15927=CARTESIAN_POINT('',(115.1273339271,-42.5498929075668,0.));
#15928=CARTESIAN_POINT('Origin',(115.1273339271,-44.0498929075668,7.3));
#15929=CARTESIAN_POINT('Origin',(113.6273339271,-42.5498929075668,0.));
#15930=CARTESIAN_POINT('',(131.1773339271,-42.5498929075668,7.3));
#15931=CARTESIAN_POINT('',(131.1773339271,-42.5498929075668,0.));
#15932=CARTESIAN_POINT('',(55.5242089271002,-42.5498929075668,7.3));
#15933=CARTESIAN_POINT('Origin',(131.1773339271,-41.0498929075668,0.));
#15934=CARTESIAN_POINT('',(132.6773339271,-41.0498929075668,7.3));
#15935=CARTESIAN_POINT('',(132.6773339271,-41.0498929075668,0.));
#15936=CARTESIAN_POINT('Origin',(131.1773339271,-41.0498929075668,7.3));
#15937=CARTESIAN_POINT('Origin',(132.6773339271,-42.5498929075668,0.));
#15938=CARTESIAN_POINT('',(132.6773339271,-24.9998929075668,7.3));
#15939=CARTESIAN_POINT('',(132.6773339271,-24.9998929075668,0.));
#15940=CARTESIAN_POINT('',(132.6773339271,-22.5467679075668,7.3));
#15941=CARTESIAN_POINT('Origin',(134.1773339271,-24.9998929075668,0.));
#15942=CARTESIAN_POINT('Origin',(134.1773339271,-24.9998929075668,7.3));
#15943=CARTESIAN_POINT('Origin',(-136.28148641646,-64.5748929075667,-3.5));
#15944=CARTESIAN_POINT('',(-136.28148641646,-64.0748929075668,-3.5));
#15945=CARTESIAN_POINT('',(-135.927933025866,-64.2213395169736,-3.5));
#15946=CARTESIAN_POINT('Origin',(-177.9101660729,53.2805003112466,-3.5));
#15947=CARTESIAN_POINT('',(-177.9101660729,53.2805003112466,-3.5));
#15948=CARTESIAN_POINT('Origin',(-176.4101660729,53.2805003112466,-3.5));
#15949=CARTESIAN_POINT('Origin',(-146.95134572934,60.1876070924332,-3.5));
#15950=CARTESIAN_POINT('Origin',(-139.193986416459,60.1876070924332,-3.5));
#15951=CARTESIAN_POINT('Origin',(-61.2263457293402,60.1876070924333,-3.5));
#15952=CARTESIAN_POINT('Origin',(-53.4689864164594,60.1876070924333,-3.5));
#15953=CARTESIAN_POINT('Origin',(24.4986542706598,60.1876070924333,-3.5));
#15954=CARTESIAN_POINT('',(24.4986542706598,62.6876070924332,-3.5));
#15955=CARTESIAN_POINT('Origin',(32.2560135835406,62.6876070924332,-3.5));
#15956=CARTESIAN_POINT('Origin',(32.2560135835405,60.1876070924331,-3.5));
#15957=CARTESIAN_POINT('Origin',(140.64865427066,-64.0748929075668,-3.5));
#15958=CARTESIAN_POINT('',(140.64865427066,-64.0748929075668,-3.5));
#15959=CARTESIAN_POINT('',(125.656013583541,-64.0748929075668,-3.5));
#15960=CARTESIAN_POINT('',(45.3986542706599,-64.0748929075668,-3.5));
#15961=CARTESIAN_POINT('',(30.4060135835405,-64.0748929075668,-3.5));
#15962=CARTESIAN_POINT('',(-121.28884572934,-64.0748929075667,-3.5));
#15963=CARTESIAN_POINT('Origin',(140.64865427066,-64.5748929075666,-3.5));
#15964=CARTESIAN_POINT('',(140.295100880067,-64.2213395169735,-3.5));
#15965=CARTESIAN_POINT('Origin',(138.798780536507,-65.7176598605332,-3.5));
#15966=CARTESIAN_POINT('',(138.798780536507,-65.7176598605332,-3.5));
#15967=CARTESIAN_POINT('Origin',(137.031013583541,-63.9498929075669,-3.5));
#15968=CARTESIAN_POINT('Origin',(129.27365427066,-63.9498929075667,-3.5));
#15969=CARTESIAN_POINT('',(127.505887317693,-65.7176598605331,-3.5));
#15970=CARTESIAN_POINT('Origin',(126.009566974134,-64.2213395169736,-3.5));
#15971=CARTESIAN_POINT('',(126.009566974134,-64.2213395169736,-3.5));
#15972=CARTESIAN_POINT('Origin',(125.656013583541,-64.5748929075666,-3.5));
#15973=CARTESIAN_POINT('Origin',(45.39865427066,-64.574892907567,-3.5));
#15974=CARTESIAN_POINT('',(45.0451008800666,-64.2213395169736,-3.5));
#15975=CARTESIAN_POINT('Origin',(43.5487805365069,-65.7176598605332,-3.5));
#15976=CARTESIAN_POINT('',(43.5487805365069,-65.7176598605332,-3.5));
#15977=CARTESIAN_POINT('Origin',(41.7810135835405,-63.9498929075667,-3.5));
#15978=CARTESIAN_POINT('Origin',(34.0236542706599,-63.9498929075667,-3.5));
#15979=CARTESIAN_POINT('',(32.2558873176935,-65.7176598605331,-3.5));
#15980=CARTESIAN_POINT('Origin',(30.7595669741338,-64.2213395169736,-3.5));
#15981=CARTESIAN_POINT('',(30.7595669741338,-64.2213395169736,-3.5));
#15982=CARTESIAN_POINT('Origin',(30.4060135835405,-64.5748929075668,-3.5));
#15983=CARTESIAN_POINT('Origin',(-121.28884572934,-64.5748929075667,-3.5));
#15984=CARTESIAN_POINT('',(-121.642399119933,-64.2213395169735,-3.5));
#15985=CARTESIAN_POINT('Origin',(-123.138719463493,-65.7176598605332,-3.5));
#15986=CARTESIAN_POINT('',(-123.138719463493,-65.7176598605332,-3.5));
#15987=CARTESIAN_POINT('Origin',(-124.90648641646,-63.9498929075667,-3.5));
#15988=CARTESIAN_POINT('Origin',(-132.66384572934,-63.9498929075667,-3.5));
#15989=CARTESIAN_POINT('',(-134.431612682307,-65.7176598605331,-3.5));
#15990=CARTESIAN_POINT('Origin',(-135.927933025866,-64.2213395169736,-3.5));
#15991=CARTESIAN_POINT('Origin',(148.32365427066,60.1876070924335,-3.5));
#15992=CARTESIAN_POINT('',(148.32365427066,62.6876070924332,-3.5));
#15993=CARTESIAN_POINT('Origin',(156.081013583541,62.6876070924332,-3.5));
#15994=CARTESIAN_POINT('Origin',(156.081013583541,60.1876070924334,-3.5));
#15995=CARTESIAN_POINT('Origin',(170.2273339271,-3.89989290756677,0.));
#15996=CARTESIAN_POINT('',(170.2273339271,-5.39989290756677,7.3));
#15997=CARTESIAN_POINT('',(170.2273339271,-5.39989290756677,0.));
#15998=CARTESIAN_POINT('Origin',(170.2273339271,-3.89989290756677,7.3));
#15999=CARTESIAN_POINT('Origin',(171.7273339271,-5.39989290756677,0.));
#16000=CARTESIAN_POINT('',(115.1273339271,-5.39989290756677,7.3));
#16001=CARTESIAN_POINT('',(115.1273339271,-5.39989290756677,0.));
#16002=CARTESIAN_POINT('',(84.5742089271002,-5.39989290756677,7.3));
#16003=CARTESIAN_POINT('Origin',(115.1273339271,-3.89989290756677,0.));
#16004=CARTESIAN_POINT('',(113.6273339271,-3.89989290756677,7.3));
#16005=CARTESIAN_POINT('',(113.6273339271,-3.89989290756677,0.));
#16006=CARTESIAN_POINT('Origin',(115.1273339271,-3.89989290756677,7.3));
#16007=CARTESIAN_POINT('Origin',(171.3273339271,-68.5498929075668,6.8));
#16008=CARTESIAN_POINT('',(174.3273339271,-68.5498929075668,6.8));
#16009=CARTESIAN_POINT('',(173.3273339271,-68.5498929075668,7.8));
#16010=CARTESIAN_POINT('Origin',(173.3273339271,-68.5498929075668,6.8));
#16011=CARTESIAN_POINT('',(171.3273339271,-70.5498929075668,7.8));
#16012=CARTESIAN_POINT('Origin',(171.3273339271,-68.5498929075668,7.8));
#16013=CARTESIAN_POINT('',(171.3273339271,-71.5498929075668,6.8));
#16014=CARTESIAN_POINT('Origin',(171.3273339271,-70.5498929075668,6.8));
#16015=CARTESIAN_POINT('Origin',(171.3273339271,-68.5498929075668,6.8));
#16016=CARTESIAN_POINT('Origin',(-91.0320410728998,-70.5498929075668,6.8));
#16017=CARTESIAN_POINT('',(-176.4851660729,-70.5498929075668,7.8));
#16018=CARTESIAN_POINT('',(-176.4851660729,-71.5498929075668,6.8));
#16019=CARTESIAN_POINT('Origin',(-176.4851660729,-70.5498929075668,6.8));
#16020=CARTESIAN_POINT('',(-91.0320410728998,-71.5498929075668,6.8));
#16021=CARTESIAN_POINT('',(-91.0320410728998,-70.5498929075668,7.8));
#16022=CARTESIAN_POINT('Origin',(-176.4851660729,-68.5498929075668,6.8));
#16023=CARTESIAN_POINT('',(-178.4851660729,-68.5498929075668,7.8));
#16024=CARTESIAN_POINT('',(-179.4851660729,-68.5498929075668,6.8));
#16025=CARTESIAN_POINT('Origin',(-178.4851660729,-68.5498929075668,6.8));
#16026=CARTESIAN_POINT('Origin',(-176.4851660729,-68.5498929075668,6.8));
#16027=CARTESIAN_POINT('Origin',(-176.4851660729,-68.5498929075668,7.8));
#16028=CARTESIAN_POINT('Origin',(-178.4851660729,31.9594820924332,6.8));
#16029=CARTESIAN_POINT('',(-178.4851660729,63.4626070924332,7.8));
#16030=CARTESIAN_POINT('',(-179.4851660729,63.4626070924332,6.8));
#16031=CARTESIAN_POINT('Origin',(-178.4851660729,63.4626070924332,6.8));
#16032=CARTESIAN_POINT('',(-179.4851660729,31.9594820924332,6.8));
#16033=CARTESIAN_POINT('',(-178.4851660729,31.9594820924332,7.8));
#16034=CARTESIAN_POINT('Origin',(-176.4851660729,63.4626070924332,6.8));
#16035=CARTESIAN_POINT('',(-176.4851660729,65.4626070924332,7.8));
#16036=CARTESIAN_POINT('Origin',(-176.4851660729,65.4626070924332,6.8));
#16037=CARTESIAN_POINT('Origin',(-176.4851660729,63.4626070924332,6.8));
#16038=CARTESIAN_POINT('Origin',(-176.4851660729,63.4626070924332,7.8));
#16039=CARTESIAN_POINT('Origin',(85.8742089271002,65.4626070924332,6.8));
#16040=CARTESIAN_POINT('',(171.3273339271,65.4626070924332,7.8));
#16041=CARTESIAN_POINT('Origin',(171.3273339271,65.4626070924332,6.8));
#16042=CARTESIAN_POINT('',(85.8742089271002,65.4626070924332,7.8));
#16043=CARTESIAN_POINT('Origin',(171.3273339271,63.4626070924332,6.8));
#16044=CARTESIAN_POINT('',(173.3273339271,63.4626070924332,7.8));
#16045=CARTESIAN_POINT('',(174.3273339271,63.4626070924332,6.8));
#16046=CARTESIAN_POINT('Origin',(173.3273339271,63.4626070924332,6.8));
#16047=CARTESIAN_POINT('Origin',(171.3273339271,63.4626070924332,6.8));
#16048=CARTESIAN_POINT('Origin',(171.3273339271,63.4626070924332,7.8));
#16049=CARTESIAN_POINT('Origin',(173.3273339271,-37.0467679075668,6.8));
#16050=CARTESIAN_POINT('',(173.3273339271,-37.0467679075668,7.8));
#16051=CARTESIAN_POINT('',(174.3273339271,-37.0467679075668,6.8));
#16052=CARTESIAN_POINT('Origin',(171.3273339271,63.4626070924332,0.));
#16053=CARTESIAN_POINT('',(174.3273339271,63.4626070924332,0.));
#16054=CARTESIAN_POINT('Origin',(174.3273339271,-71.5498929075668,0.));
#16055=CARTESIAN_POINT('',(174.3273339271,-68.5498929075668,0.));
#16056=CARTESIAN_POINT('Origin',(171.3273339271,-68.5498929075668,0.));
#16057=CARTESIAN_POINT('',(171.3273339271,-71.5498929075668,0.));
#16058=CARTESIAN_POINT('Origin',(-2.57891607289981,-2.54364290756681,7.8));
#16059=CARTESIAN_POINT('',(113.1273339271,32.1501070924332,7.8));
#16060=CARTESIAN_POINT('',(113.1273339271,-3.89989290756677,7.8));
#16061=CARTESIAN_POINT('',(113.1273339271,-3.97176790756679,7.8));
#16062=CARTESIAN_POINT('',(115.1273339271,34.1501070924332,7.8));
#16063=CARTESIAN_POINT('Origin',(115.1273339271,32.1501070924332,7.8));
#16064=CARTESIAN_POINT('',(170.2273339271,34.1501070924332,7.8));
#16065=CARTESIAN_POINT('',(55.5242089271002,34.1501070924332,7.8));
#16066=CARTESIAN_POINT('',(172.2273339271,32.1501070924332,7.8));
#16067=CARTESIAN_POINT('Origin',(170.2273339271,32.1501070924332,7.8));
#16068=CARTESIAN_POINT('',(172.2273339271,-3.89989290756677,7.8));
#16069=CARTESIAN_POINT('',(172.2273339271,15.5532320924332,7.8));
#16070=CARTESIAN_POINT('',(170.2273339271,-5.89989290756678,7.8));
#16071=CARTESIAN_POINT('Origin',(170.2273339271,-3.89989290756677,7.8));
#16072=CARTESIAN_POINT('',(115.1273339271,-5.89989290756677,7.8));
#16073=CARTESIAN_POINT('',(84.5742089271002,-5.89989290756677,7.8));
#16074=CARTESIAN_POINT('Origin',(115.1273339271,-3.89989290756677,7.8));
#16075=CARTESIAN_POINT('',(91.3148339271002,36.9626070924332,7.8));
#16076=CARTESIAN_POINT('',(110.3148339271,36.9626070924332,7.8));
#16077=CARTESIAN_POINT('',(53.6179589271002,36.9626070924332,7.8));
#16078=CARTESIAN_POINT('',(89.3148339271002,38.9626070924332,7.8));
#16079=CARTESIAN_POINT('Origin',(91.3148339271002,38.9626070924332,7.8));
#16080=CARTESIAN_POINT('',(89.3148339271002,55.9626070924332,7.8));
#16081=CARTESIAN_POINT('',(89.3148339271002,17.4594820924332,7.8));
#16082=CARTESIAN_POINT('',(91.3148339271002,57.9626070924332,7.8));
#16083=CARTESIAN_POINT('Origin',(91.3148339271002,55.9626070924332,7.8));
#16084=CARTESIAN_POINT('',(108.3148339271,57.9626070924332,7.8));
#16085=CARTESIAN_POINT('',(-89.7320410728998,57.9626070924332,7.8));
#16086=CARTESIAN_POINT('',(110.3148339271,55.9626070924332,7.8));
#16087=CARTESIAN_POINT('Origin',(108.3148339271,55.9626070924332,7.8));
#16088=CARTESIAN_POINT('',(110.3148339271,27.4594820924332,7.8));
#16089=CARTESIAN_POINT('',(5.53983392710018,38.9626070924332,7.8));
#16090=CARTESIAN_POINT('',(5.53983392710018,55.9626070924332,7.8));
#16091=CARTESIAN_POINT('',(5.53983392710018,27.4594820924332,7.8));
#16092=CARTESIAN_POINT('',(3.53983392710018,36.9626070924332,7.8));
#16093=CARTESIAN_POINT('Origin',(3.53983392710018,38.9626070924332,7.8));
#16094=CARTESIAN_POINT('',(-70.6101660728998,36.9626070924332,7.8));
#16095=CARTESIAN_POINT('',(1.23045892710019,36.9626070924332,7.8));
#16096=CARTESIAN_POINT('',(-72.6101660728998,38.9626070924332,7.8));
#16097=CARTESIAN_POINT('Origin',(-70.6101660728998,38.9626070924332,7.8));
#16098=CARTESIAN_POINT('',(-72.6101660728998,55.9626070924332,7.8));
#16099=CARTESIAN_POINT('',(-72.6101660728998,17.4594820924332,7.8));
#16100=CARTESIAN_POINT('',(-70.6101660728998,57.9626070924332,7.8));
#16101=CARTESIAN_POINT('Origin',(-70.6101660728998,55.9626070924332,7.8));
#16102=CARTESIAN_POINT('',(3.53983392710019,57.9626070924332,7.8));
#16103=CARTESIAN_POINT('',(-89.7320410728998,57.9626070924332,7.8));
#16104=CARTESIAN_POINT('Origin',(3.53983392710019,55.9626070924332,7.8));
#16105=CARTESIAN_POINT('',(-153.5726660729,38.9626070924332,7.8));
#16106=CARTESIAN_POINT('',(-151.5726660729,36.9626070924332,7.8));
#16107=CARTESIAN_POINT('Origin',(-151.5726660729,38.9626070924332,7.8));
#16108=CARTESIAN_POINT('',(-153.5726660729,55.9626070924332,7.8));
#16109=CARTESIAN_POINT('',(-153.5726660729,17.4594820924332,7.8));
#16110=CARTESIAN_POINT('',(-151.5726660729,57.9626070924332,7.8));
#16111=CARTESIAN_POINT('Origin',(-151.5726660729,55.9626070924332,7.8));
#16112=CARTESIAN_POINT('',(-77.4226660728998,57.9626070924332,7.8));
#16113=CARTESIAN_POINT('',(-89.7320410728998,57.9626070924332,7.8));
#16114=CARTESIAN_POINT('',(-75.4226660728998,55.9626070924332,7.8));
#16115=CARTESIAN_POINT('Origin',(-77.4226660728998,55.9626070924332,7.8));
#16116=CARTESIAN_POINT('',(-75.4226660728998,38.9626070924332,7.8));
#16117=CARTESIAN_POINT('',(-75.4226660728998,27.4594820924332,7.8));
#16118=CARTESIAN_POINT('',(-77.4226660728998,36.9626070924332,7.8));
#16119=CARTESIAN_POINT('Origin',(-77.4226660728998,38.9626070924332,7.8));
#16120=CARTESIAN_POINT('',(-39.2507910728998,36.9626070924332,7.8));
#16121=CARTESIAN_POINT('',(-175.3851660729,36.9626070924332,7.8));
#16122=CARTESIAN_POINT('',(-158.3851660729,36.9626070924332,7.8));
#16123=CARTESIAN_POINT('',(-79.7320410728998,36.9626070924332,7.8));
#16124=CARTESIAN_POINT('',(-177.3851660729,38.9626070924332,7.8));
#16125=CARTESIAN_POINT('Origin',(-175.3851660729,38.9626070924332,7.8));
#16126=CARTESIAN_POINT('',(-177.3851660729,55.9626070924332,7.8));
#16127=CARTESIAN_POINT('',(-177.3851660729,25.4464911768199,7.8));
#16128=CARTESIAN_POINT('',(-175.3851660729,57.9626070924332,7.8));
#16129=CARTESIAN_POINT('Origin',(-175.3851660729,55.9626070924332,7.8));
#16130=CARTESIAN_POINT('',(-158.3851660729,57.9626070924332,7.8));
#16131=CARTESIAN_POINT('',(-89.7320410728998,57.9626070924332,7.8));
#16132=CARTESIAN_POINT('',(-156.3851660729,55.9626070924332,7.8));
#16133=CARTESIAN_POINT('Origin',(-158.3851660729,55.9626070924332,7.8));
#16134=CARTESIAN_POINT('',(-156.3851660729,38.9626070924332,7.8));
#16135=CARTESIAN_POINT('',(-156.3851660729,27.4594820924332,7.8));
#16136=CARTESIAN_POINT('Origin',(-158.3851660729,38.9626070924332,7.8));
#16137=CARTESIAN_POINT('',(108.3153339271,34.1501070924332,7.8));
#16138=CARTESIAN_POINT('',(-175.3851660729,34.1501070924332,7.8));
#16139=CARTESIAN_POINT('',(-89.7320410728998,34.1501070924332,7.8));
#16140=CARTESIAN_POINT('',(110.3153339271,32.1501070924332,7.8));
#16141=CARTESIAN_POINT('Origin',(108.3153339271,32.1501070924332,7.8));
#16142=CARTESIAN_POINT('',(110.3153339271,-61.0498929075668,7.8));
#16143=CARTESIAN_POINT('',(110.3153339271,15.5532320924332,7.8));
#16144=CARTESIAN_POINT('',(108.3153339271,-63.0498929075668,7.8));
#16145=CARTESIAN_POINT('Origin',(108.3153339271,-61.0498929075668,7.8));
#16146=CARTESIAN_POINT('',(-175.3851660729,-63.0498929075668,7.8));
#16147=CARTESIAN_POINT('',(84.5742089271002,-63.0498929075668,7.8));
#16148=CARTESIAN_POINT('',(-177.3851660729,-61.0498929075668,7.8));
#16149=CARTESIAN_POINT('Origin',(-175.3851660729,-61.0498929075668,7.8));
#16150=CARTESIAN_POINT('',(-177.3851660729,32.1501070924332,7.8));
#16151=CARTESIAN_POINT('',(-177.3851660729,-32.5467679075668,7.8));
#16152=CARTESIAN_POINT('Origin',(-175.3851660729,32.1501070924332,7.8));
#16153=CARTESIAN_POINT('',(10.3523339271002,36.9626070924332,7.8));
#16154=CARTESIAN_POINT('',(86.5023339271002,36.9626070924332,7.8));
#16155=CARTESIAN_POINT('',(41.7117089271002,36.9626070924332,7.8));
#16156=CARTESIAN_POINT('',(8.35233392710018,38.9626070924332,7.8));
#16157=CARTESIAN_POINT('Origin',(10.3523339271002,38.9626070924332,7.8));
#16158=CARTESIAN_POINT('',(8.35233392710018,55.9626070924332,7.8));
#16159=CARTESIAN_POINT('',(8.35233392710018,17.4594820924332,7.8));
#16160=CARTESIAN_POINT('',(10.3523339271002,57.9626070924332,7.8));
#16161=CARTESIAN_POINT('Origin',(10.3523339271002,55.9626070924332,7.8));
#16162=CARTESIAN_POINT('',(84.5023339271002,57.9626070924332,7.8));
#16163=CARTESIAN_POINT('',(-89.7320410728998,57.9626070924332,7.8));
#16164=CARTESIAN_POINT('',(86.5023339271001,55.9626070924332,7.8));
#16165=CARTESIAN_POINT('Origin',(84.5023339271002,55.9626070924332,7.8));
#16166=CARTESIAN_POINT('',(86.5023339271002,27.4594820924332,7.8));
#16167=CARTESIAN_POINT('',(170.2273339271,57.9626070924332,7.8));
#16168=CARTESIAN_POINT('',(115.1273339271,57.9626070924332,7.8));
#16169=CARTESIAN_POINT('',(-89.7320410728998,57.9626070924332,7.8));
#16170=CARTESIAN_POINT('',(172.2273339271,55.9626070924332,7.8));
#16171=CARTESIAN_POINT('Origin',(170.2273339271,55.9626070924332,7.8));
#16172=CARTESIAN_POINT('',(172.2273339271,38.9626070924332,7.8));
#16173=CARTESIAN_POINT('',(172.2273339271,27.4594820924332,7.8));
#16174=CARTESIAN_POINT('',(170.2273339271,36.9626070924332,7.8));
#16175=CARTESIAN_POINT('Origin',(170.2273339271,38.9626070924332,7.8));
#16176=CARTESIAN_POINT('',(115.1273339271,36.9626070924332,7.8));
#16177=CARTESIAN_POINT('',(84.5742089271002,36.9626070924332,7.8));
#16178=CARTESIAN_POINT('',(113.1273339271,38.9626070924332,7.8));
#16179=CARTESIAN_POINT('Origin',(115.1273339271,38.9626070924332,7.8));
#16180=CARTESIAN_POINT('',(113.1273339271,55.9626070924332,7.8));
#16181=CARTESIAN_POINT('',(113.1273339271,17.4594820924332,7.8));
#16182=CARTESIAN_POINT('Origin',(115.1273339271,55.9626070924332,7.8));
#16183=CARTESIAN_POINT('',(131.1773339271,-42.0498929075668,7.8));
#16184=CARTESIAN_POINT('',(115.1273339271,-42.0498929075668,7.8));
#16185=CARTESIAN_POINT('',(55.5242089271002,-42.0498929075668,7.8));
#16186=CARTESIAN_POINT('',(132.1773339271,-41.0498929075668,7.8));
#16187=CARTESIAN_POINT('Origin',(131.1773339271,-41.0498929075668,7.8));
#16188=CARTESIAN_POINT('',(132.1773339271,-24.9998929075668,7.8));
#16189=CARTESIAN_POINT('',(132.1773339271,-22.5467679075668,7.8));
#16190=CARTESIAN_POINT('',(134.1773339271,-22.9998929075668,7.8));
#16191=CARTESIAN_POINT('Origin',(134.1773339271,-24.9998929075668,7.8));
#16192=CARTESIAN_POINT('',(151.1773339271,-22.9998929075668,7.8));
#16193=CARTESIAN_POINT('',(65.0492089271002,-22.9998929075668,7.8));
#16194=CARTESIAN_POINT('',(153.1773339271,-24.9998929075668,7.8));
#16195=CARTESIAN_POINT('Origin',(151.1773339271,-24.9998929075668,7.8));
#16196=CARTESIAN_POINT('',(153.1773339271,-41.0498929075668,7.8));
#16197=CARTESIAN_POINT('',(153.1773339271,-13.0217679075668,7.8));
#16198=CARTESIAN_POINT('',(154.1773339271,-42.0498929075668,7.8));
#16199=CARTESIAN_POINT('Origin',(154.1773339271,-41.0498929075668,7.8));
#16200=CARTESIAN_POINT('',(170.2273339271,-42.0498929075668,7.8));
#16201=CARTESIAN_POINT('',(75.0492089271002,-42.0498929075668,7.8));
#16202=CARTESIAN_POINT('',(172.2273339271,-44.0498929075668,7.8));
#16203=CARTESIAN_POINT('Origin',(170.2273339271,-44.0498929075668,7.8));
#16204=CARTESIAN_POINT('',(172.2273339271,-61.0498929075668,7.8));
#16205=CARTESIAN_POINT('',(172.2273339271,-31.2837769919533,7.8));
#16206=CARTESIAN_POINT('',(170.2273339271,-63.0498929075668,7.8));
#16207=CARTESIAN_POINT('Origin',(170.2273339271,-61.0498929075668,7.8));
#16208=CARTESIAN_POINT('',(115.1273339271,-63.0498929075668,7.8));
#16209=CARTESIAN_POINT('',(84.5742089271002,-63.0498929075668,7.8));
#16210=CARTESIAN_POINT('',(113.1273339271,-61.0498929075668,7.8));
#16211=CARTESIAN_POINT('Origin',(115.1273339271,-61.0498929075668,7.8));
#16212=CARTESIAN_POINT('',(113.1273339271,-44.0498929075668,7.8));
#16213=CARTESIAN_POINT('',(113.1273339271,-32.5467679075668,7.8));
#16214=CARTESIAN_POINT('Origin',(115.1273339271,-44.0498929075668,7.8));
#16215=CARTESIAN_POINT('Origin',(55.5242089271002,-42.2998929075668,7.55));
#16216=CARTESIAN_POINT('',(131.1773339271,-42.5498929075668,7.3));
#16217=CARTESIAN_POINT('',(115.1273339271,-42.0498929075668,7.8));
#16218=CARTESIAN_POINT('Origin',(131.1773339271,-41.0498929075668,7.55));
#16219=CARTESIAN_POINT('',(132.6773339271,-41.0498929075668,7.3));
#16220=CARTESIAN_POINT('Origin',(132.4273339271,-22.5467679075668,7.55));
#16221=CARTESIAN_POINT('',(132.6773339271,-24.9998929075668,7.3));
#16222=CARTESIAN_POINT('Origin',(134.1773339271,-24.9998929075668,7.55));
#16223=CARTESIAN_POINT('',(134.1773339271,-23.4998929075668,7.3));
#16224=CARTESIAN_POINT('Origin',(65.0492089271002,-23.2498929075668,7.55));
#16225=CARTESIAN_POINT('',(151.1773339271,-23.4998929075668,7.3));
#16226=CARTESIAN_POINT('Origin',(151.1773339271,-24.9998929075668,7.55));
#16227=CARTESIAN_POINT('',(152.6773339271,-24.9998929075668,7.3));
#16228=CARTESIAN_POINT('Origin',(152.9273339271,-13.0217679075668,7.55));
#16229=CARTESIAN_POINT('',(152.6773339271,-41.0498929075668,7.3));
#16230=CARTESIAN_POINT('Origin',(154.1773339271,-41.0498929075668,7.55));
#16231=CARTESIAN_POINT('',(154.1773339271,-42.5498929075668,7.3));
#16232=CARTESIAN_POINT('Origin',(75.0492089271002,-42.2998929075668,7.55));
#16233=CARTESIAN_POINT('',(170.2273339271,-42.5498929075668,7.3));
#16234=CARTESIAN_POINT('Origin',(170.2273339271,-44.0498929075668,7.55));
#16235=CARTESIAN_POINT('',(171.7273339271,-44.0498929075668,7.3));
#16236=CARTESIAN_POINT('Origin',(171.9773339271,-31.2837769919533,7.55));
#16237=CARTESIAN_POINT('',(171.7273339271,-61.0498929075668,7.3));
#16238=CARTESIAN_POINT('Origin',(170.2273339271,-61.0498929075668,7.55));
#16239=CARTESIAN_POINT('',(170.2273339271,-62.5498929075668,7.3));
#16240=CARTESIAN_POINT('Origin',(84.5742089271002,-62.7998929075668,7.55));
#16241=CARTESIAN_POINT('',(115.1273339271,-62.5498929075668,7.3));
#16242=CARTESIAN_POINT('Origin',(115.1273339271,-61.0498929075668,7.55));
#16243=CARTESIAN_POINT('',(113.6273339271,-61.0498929075668,7.3));
#16244=CARTESIAN_POINT('Origin',(113.3773339271,-32.5467679075668,7.55));
#16245=CARTESIAN_POINT('',(113.6273339271,-44.0498929075668,7.3));
#16246=CARTESIAN_POINT('Origin',(115.1273339271,-44.0498929075668,7.55));
#16247=CARTESIAN_POINT('Origin',(113.3773339271,-3.97176790756679,7.55));
#16248=CARTESIAN_POINT('',(113.6273339271,32.1501070924332,7.3));
#16249=CARTESIAN_POINT('',(113.1273339271,-3.89989290756677,7.8));
#16250=CARTESIAN_POINT('',(113.6273339271,-3.97176790756679,7.3));
#16251=CARTESIAN_POINT('Origin',(115.1273339271,32.1501070924332,7.55));
#16252=CARTESIAN_POINT('',(115.1273339271,33.6501070924332,7.3));
#16253=CARTESIAN_POINT('Origin',(55.5242089271002,33.9001070924332,7.55));
#16254=CARTESIAN_POINT('',(170.2273339271,33.6501070924332,7.3));
#16255=CARTESIAN_POINT('Origin',(170.2273339271,32.1501070924332,7.55));
#16256=CARTESIAN_POINT('',(171.7273339271,32.1501070924332,7.3));
#16257=CARTESIAN_POINT('Origin',(171.9773339271,15.5532320924332,7.55));
#16258=CARTESIAN_POINT('',(171.7273339271,-3.89989290756677,7.3));
#16259=CARTESIAN_POINT('Origin',(170.2273339271,-3.89989290756677,7.55));
#16260=CARTESIAN_POINT('',(170.2273339271,-5.39989290756677,7.3));
#16261=CARTESIAN_POINT('Origin',(84.5742089271002,-5.64989290756677,7.55));
#16262=CARTESIAN_POINT('',(115.1273339271,-5.39989290756677,7.3));
#16263=CARTESIAN_POINT('Origin',(115.1273339271,-3.89989290756677,7.55));
#16264=CARTESIAN_POINT('Origin',(113.6273339271,-5.39989290756677,0.));
#16265=CARTESIAN_POINT('Origin',(-89.7320410728998,57.7126070924332,7.55));
#16266=CARTESIAN_POINT('',(170.2273339271,57.4626070924332,7.3));
#16267=CARTESIAN_POINT('',(115.1273339271,57.9626070924332,7.8));
#16268=CARTESIAN_POINT('Origin',(170.2273339271,55.9626070924332,7.55));
#16269=CARTESIAN_POINT('Origin',(170.2273339271,55.9626070924332,7.3));
#16270=CARTESIAN_POINT('',(171.7273339271,55.9626070924332,7.3));
#16271=CARTESIAN_POINT('Origin',(171.9773339271,27.4594820924332,7.55));
#16272=CARTESIAN_POINT('',(171.7273339271,38.9626070924332,7.3));
#16273=CARTESIAN_POINT('Origin',(170.2273339271,38.9626070924332,7.55));
#16274=CARTESIAN_POINT('',(170.2273339271,37.4626070924332,7.3));
#16275=CARTESIAN_POINT('Origin',(170.2273339271,38.9626070924332,7.3));
#16276=CARTESIAN_POINT('',(170.2273339271,37.4626070924332,7.3));
#16277=CARTESIAN_POINT('Origin',(84.5742089271002,37.2126070924332,7.55));
#16278=CARTESIAN_POINT('',(115.1273339271,37.4626070924332,7.3));
#16279=CARTESIAN_POINT('',(115.1273339271,37.4626070924332,7.3));
#16280=CARTESIAN_POINT('',(84.5742089271002,37.4626070924332,7.3));
#16281=CARTESIAN_POINT('Origin',(115.1273339271,38.9626070924332,7.55));
#16282=CARTESIAN_POINT('Origin',(115.1273339271,38.9626070924332,7.3));
#16283=CARTESIAN_POINT('',(113.6273339271,38.9626070924332,7.3));
#16284=CARTESIAN_POINT('Origin',(113.3773339271,17.4594820924332,7.55));
#16285=CARTESIAN_POINT('',(113.6273339271,55.9626070924332,7.3));
#16286=CARTESIAN_POINT('Origin',(115.1273339271,55.9626070924332,7.55));
#16287=CARTESIAN_POINT('Origin',(170.2273339271,38.9626070924332,0.));
#16288=CARTESIAN_POINT('',(170.2273339271,37.4626070924332,0.));
#16289=CARTESIAN_POINT('Origin',(170.2273339271,55.9626070924332,0.));
#16290=CARTESIAN_POINT('Origin',(53.6179589271002,37.2126070924332,7.55));
#16291=CARTESIAN_POINT('',(109.8148339271,37.4626070924332,7.3));
#16292=CARTESIAN_POINT('',(91.3148339271002,37.4626070924332,7.3));
#16293=CARTESIAN_POINT('',(53.6179589271002,37.4626070924332,7.3));
#16294=CARTESIAN_POINT('',(91.3148339271002,37.4626070924332,7.3));
#16295=CARTESIAN_POINT('',(110.3148339271,36.9626070924332,7.8));
#16296=CARTESIAN_POINT('Origin',(91.3148339271002,38.9626070924332,7.55));
#16297=CARTESIAN_POINT('',(89.8148339271002,38.9626070924332,7.3));
#16298=CARTESIAN_POINT('Origin',(91.3148339271002,38.9626070924332,7.3));
#16299=CARTESIAN_POINT('',(89.8148339271002,38.9626070924332,7.3));
#16300=CARTESIAN_POINT('Origin',(89.5648339271002,17.4594820924332,7.55));
#16301=CARTESIAN_POINT('',(89.8148339271002,55.9626070924332,7.3));
#16302=CARTESIAN_POINT('',(89.8148339271002,55.9626070924332,7.3));
#16303=CARTESIAN_POINT('',(89.8148339271002,17.4594820924332,7.3));
#16304=CARTESIAN_POINT('Origin',(91.3148339271002,55.9626070924332,7.55));
#16305=CARTESIAN_POINT('Origin',(91.3148339271002,55.9626070924332,7.3));
#16306=CARTESIAN_POINT('',(91.3148339271002,57.4626070924332,7.3));
#16307=CARTESIAN_POINT('Origin',(-89.7320410728998,57.7126070924332,7.55));
#16308=CARTESIAN_POINT('',(108.3148339271,57.4626070924332,7.3));
#16309=CARTESIAN_POINT('Origin',(108.3148339271,55.9626070924332,7.55));
#16310=CARTESIAN_POINT('',(109.8148339271,55.9626070924332,7.3));
#16311=CARTESIAN_POINT('Origin',(108.3148339271,55.9626070924332,7.3));
#16312=CARTESIAN_POINT('',(109.8148339271,55.9626070924332,7.3));
#16313=CARTESIAN_POINT('Origin',(110.0648339271,27.4594820924332,7.55));
#16314=CARTESIAN_POINT('',(109.8148339271,27.4594820924332,7.3));
#16315=CARTESIAN_POINT('Origin',(91.3148339271002,55.9626070924332,0.));
#16316=CARTESIAN_POINT('',(89.8148339271002,55.9626070924332,0.));
#16317=CARTESIAN_POINT('Origin',(89.8148339271002,37.4626070924332,0.));
#16318=CARTESIAN_POINT('',(89.8148339271002,38.9626070924332,0.));
#16319=CARTESIAN_POINT('Origin',(91.3148339271002,38.9626070924332,0.));
#16320=CARTESIAN_POINT('',(91.3148339271002,37.4626070924332,0.));
#16321=CARTESIAN_POINT('Origin',(109.8148339271,37.4626070924332,0.));
#16322=CARTESIAN_POINT('',(109.8148339271,37.4626070924332,0.));
#16323=CARTESIAN_POINT('Origin',(41.7117089271002,37.2126070924332,7.55));
#16324=CARTESIAN_POINT('',(10.3523339271002,37.4626070924332,7.3));
#16325=CARTESIAN_POINT('',(86.5023339271002,36.9626070924332,7.8));
#16326=CARTESIAN_POINT('Origin',(10.3523339271002,38.9626070924332,7.55));
#16327=CARTESIAN_POINT('',(8.85233392710018,38.9626070924332,7.3));
#16328=CARTESIAN_POINT('Origin',(8.60233392710018,17.4594820924332,7.55));
#16329=CARTESIAN_POINT('',(8.85233392710018,55.9626070924332,7.3));
#16330=CARTESIAN_POINT('Origin',(10.3523339271002,55.9626070924332,7.55));
#16331=CARTESIAN_POINT('',(10.3523339271002,57.4626070924332,7.3));
#16332=CARTESIAN_POINT('Origin',(-89.7320410728998,57.7126070924332,7.55));
#16333=CARTESIAN_POINT('',(84.5023339271002,57.4626070924332,7.3));
#16334=CARTESIAN_POINT('Origin',(84.5023339271002,55.9626070924332,7.55));
#16335=CARTESIAN_POINT('',(86.0023339271002,55.9626070924332,7.3));
#16336=CARTESIAN_POINT('Origin',(86.2523339271002,27.4594820924332,7.55));
#16337=CARTESIAN_POINT('Origin',(5.28983392710018,27.4594820924332,7.55));
#16338=CARTESIAN_POINT('',(5.03983392710018,38.9626070924332,7.3));
#16339=CARTESIAN_POINT('',(5.53983392710018,55.9626070924332,7.8));
#16340=CARTESIAN_POINT('Origin',(3.53983392710018,38.9626070924332,7.55));
#16341=CARTESIAN_POINT('',(3.53983392710018,37.4626070924332,7.3));
#16342=CARTESIAN_POINT('Origin',(1.23045892710019,37.2126070924332,7.55));
#16343=CARTESIAN_POINT('',(-70.6101660728998,37.4626070924332,7.3));
#16344=CARTESIAN_POINT('Origin',(-70.6101660728998,38.9626070924332,7.55));
#16345=CARTESIAN_POINT('',(-72.1101660728998,38.9626070924332,7.3));
#16346=CARTESIAN_POINT('Origin',(-72.3601660728998,17.4594820924332,7.55));
#16347=CARTESIAN_POINT('',(-72.1101660728998,55.9626070924332,7.3));
#16348=CARTESIAN_POINT('Origin',(-70.6101660728998,55.9626070924332,7.55));
#16349=CARTESIAN_POINT('',(-70.6101660728998,57.4626070924332,7.3));
#16350=CARTESIAN_POINT('Origin',(-89.7320410728998,57.7126070924332,7.55));
#16351=CARTESIAN_POINT('',(3.53983392710019,57.4626070924332,7.3));
#16352=CARTESIAN_POINT('Origin',(3.53983392710019,55.9626070924332,7.55));
#16353=CARTESIAN_POINT('Origin',(-89.7320410728998,33.9001070924332,7.55));
#16354=CARTESIAN_POINT('',(108.3153339271,33.6501070924332,7.3));
#16355=CARTESIAN_POINT('',(-175.3851660729,34.1501070924332,7.8));
#16356=CARTESIAN_POINT('Origin',(108.3153339271,32.1501070924332,7.55));
#16357=CARTESIAN_POINT('',(109.8153339271,32.1501070924332,7.3));
#16358=CARTESIAN_POINT('Origin',(110.0653339271,15.5532320924332,7.55));
#16359=CARTESIAN_POINT('',(109.8153339271,-61.0498929075668,7.3));
#16360=CARTESIAN_POINT('Origin',(108.3153339271,-61.0498929075668,7.55));
#16361=CARTESIAN_POINT('',(108.3153339271,-62.5498929075668,7.3));
#16362=CARTESIAN_POINT('Origin',(84.5742089271002,-62.7998929075668,7.55));
#16363=CARTESIAN_POINT('',(-175.3851660729,-62.5498929075668,7.3));
#16364=CARTESIAN_POINT('Origin',(-175.3851660729,-61.0498929075668,7.55));
#16365=CARTESIAN_POINT('',(-176.8851660729,-61.0498929075668,7.3));
#16366=CARTESIAN_POINT('Origin',(-177.1351660729,-32.5467679075668,7.55));
#16367=CARTESIAN_POINT('',(-176.8851660729,32.1501070924332,7.3));
#16368=CARTESIAN_POINT('Origin',(-175.3851660729,32.1501070924332,7.55));
#16369=CARTESIAN_POINT('Origin',(-151.5726660729,38.9626070924332,7.55));
#16370=CARTESIAN_POINT('',(-151.5726660729,36.9626070924332,7.8));
#16371=CARTESIAN_POINT('',(-153.0726660729,38.9626070924332,7.3));
#16372=CARTESIAN_POINT('Origin',(-39.2507910728998,37.2126070924332,7.55));
#16373=CARTESIAN_POINT('',(-77.4226660728998,36.9626070924332,7.8));
#16374=CARTESIAN_POINT('Origin',(-77.4226660728998,38.9626070924332,7.55));
#16375=CARTESIAN_POINT('',(-75.4226660728998,38.9626070924332,7.8));
#16376=CARTESIAN_POINT('Origin',(-75.6726660728998,27.4594820924332,7.55));
#16377=CARTESIAN_POINT('',(-75.4226660728998,55.9626070924332,7.8));
#16378=CARTESIAN_POINT('Origin',(-77.4226660728998,55.9626070924332,7.55));
#16379=CARTESIAN_POINT('',(-77.4226660728998,57.9626070924332,7.8));
#16380=CARTESIAN_POINT('Origin',(-89.7320410728998,57.7126070924332,7.55));
#16381=CARTESIAN_POINT('',(-151.5726660729,57.9626070924332,7.8));
#16382=CARTESIAN_POINT('Origin',(-151.5726660729,55.9626070924332,7.55));
#16383=CARTESIAN_POINT('',(-153.5726660729,55.9626070924332,7.8));
#16384=CARTESIAN_POINT('Origin',(-153.3226660729,17.4594820924332,7.55));
#16385=CARTESIAN_POINT('Origin',(-79.7320410728998,37.2126070924332,7.55));
#16386=CARTESIAN_POINT('',(-175.3851660729,37.4626070924332,7.3));
#16387=CARTESIAN_POINT('',(-158.3851660729,36.9626070924332,7.8));
#16388=CARTESIAN_POINT('Origin',(-175.3851660729,38.9626070924332,7.55));
#16389=CARTESIAN_POINT('',(-176.8851660729,38.9626070924332,7.3));
#16390=CARTESIAN_POINT('Origin',(-177.1351660729,25.4464911768199,7.55));
#16391=CARTESIAN_POINT('',(-176.8851660729,55.9626070924332,7.3));
#16392=CARTESIAN_POINT('Origin',(-175.3851660729,55.9626070924332,7.55));
#16393=CARTESIAN_POINT('',(-175.3851660729,57.4626070924332,7.3));
#16394=CARTESIAN_POINT('Origin',(-89.7320410728998,57.7126070924332,7.55));
#16395=CARTESIAN_POINT('',(-158.3851660729,57.4626070924332,7.3));
#16396=CARTESIAN_POINT('Origin',(-158.3851660729,55.9626070924332,7.55));
#16397=CARTESIAN_POINT('',(-156.8851660729,55.9626070924332,7.3));
#16398=CARTESIAN_POINT('Origin',(-156.6351660729,27.4594820924332,7.55));
#16399=CARTESIAN_POINT('',(-156.8851660729,38.9626070924332,7.3));
#16400=CARTESIAN_POINT('Origin',(-158.3851660729,38.9626070924332,7.55));
#16401=CARTESIAN_POINT('Origin',(171.7273339271,37.4626070924332,0.));
#16402=CARTESIAN_POINT('',(115.1273339271,37.4626070924332,0.));
#16403=CARTESIAN_POINT('Origin',(115.1273339271,38.9626070924332,0.));
#16404=CARTESIAN_POINT('Origin',(108.3148339271,55.9626070924332,0.));
#16405=CARTESIAN_POINT('',(109.8148339271,55.9626070924332,0.));
#16406=CARTESIAN_POINT('Origin',(109.8148339271,57.4626070924332,0.));
#16407=CARTESIAN_POINT('Origin',(-176.4851660729,-68.5498929075668,0.));
#16408=CARTESIAN_POINT('',(-179.4851660729,-68.5498929075668,0.));
#16409=CARTESIAN_POINT('',(-176.4851660729,-71.5498929075668,0.));
#16410=CARTESIAN_POINT('Origin',(-179.4851660729,66.4626070924332,0.));
#16411=CARTESIAN_POINT('',(-179.4851660729,63.4626070924332,0.));
#16412=CARTESIAN_POINT('Origin',(-176.4851660729,63.4626070924332,0.));
#16413=CARTESIAN_POINT('Origin',(-179.4851660729,-71.5498929075668,0.));
#16414=UNCERTAINTY_MEASURE_WITH_UNIT(LENGTH_MEASURE(0.01),#16418,
'DISTANCE_ACCURACY_VALUE',
'Maximum model space distance between geometric entities at asserted c
onnectivities');
#16415=UNCERTAINTY_MEASURE_WITH_UNIT(LENGTH_MEASURE(0.01),#16418,
'DISTANCE_ACCURACY_VALUE',
'Maximum model space distance between geometric entities at asserted c
onnectivities');
#16416=(
GEOMETRIC_REPRESENTATION_CONTEXT(3)
GLOBAL_UNCERTAINTY_ASSIGNED_CONTEXT((#16414))
GLOBAL_UNIT_ASSIGNED_CONTEXT((#16418,#16419,#16420))
REPRESENTATION_CONTEXT('','3D')
);
#16417=(
GEOMETRIC_REPRESENTATION_CONTEXT(3)
GLOBAL_UNCERTAINTY_ASSIGNED_CONTEXT((#16415))
GLOBAL_UNIT_ASSIGNED_CONTEXT((#16418,#16419,#16420))
REPRESENTATION_CONTEXT('','3D')
);
#16418=(
LENGTH_UNIT()
NAMED_UNIT(*)
SI_UNIT(.MILLI.,.METRE.)
);
#16419=(
NAMED_UNIT(*)
PLANE_ANGLE_UNIT()
SI_UNIT($,.RADIAN.)
);
#16420=(
NAMED_UNIT(*)
SI_UNIT($,.STERADIAN.)
SOLID_ANGLE_UNIT()
);
#16421=SHAPE_DEFINITION_REPRESENTATION(#16422,#16423);
#16422=PRODUCT_DEFINITION_SHAPE('',$,#16425);
#16423=SHAPE_REPRESENTATION('',(#9491),#16416);
#16424=PRODUCT_DEFINITION_CONTEXT('part definition',#16429,'design');
#16425=PRODUCT_DEFINITION('Untitled','Untitled v26',#16426,#16424);
#16426=PRODUCT_DEFINITION_FORMATION('',$,#16431);
#16427=PRODUCT_RELATED_PRODUCT_CATEGORY('Untitled v26','Untitled v26',(#16431));
#16428=APPLICATION_PROTOCOL_DEFINITION('international standard',
'automotive_design',2009,#16429);
#16429=APPLICATION_CONTEXT(
'Core Data for Automotive Mechanical Design Process');
#16430=PRODUCT_CONTEXT('part definition',#16429,'mechanical');
#16431=PRODUCT('Untitled','Untitled v26',$,(#16430));
#16432=PRESENTATION_STYLE_ASSIGNMENT((#16437));
#16433=PRESENTATION_STYLE_ASSIGNMENT((#16438));
#16434=PRESENTATION_STYLE_ASSIGNMENT((#16439));
#16435=PRESENTATION_STYLE_ASSIGNMENT((#16440));
#16436=PRESENTATION_STYLE_ASSIGNMENT((#16441));
#16437=SURFACE_STYLE_USAGE(.BOTH.,#16442);
#16438=SURFACE_STYLE_USAGE(.BOTH.,#16443);
#16439=SURFACE_STYLE_USAGE(.BOTH.,#16444);
#16440=SURFACE_STYLE_USAGE(.BOTH.,#16445);
#16441=SURFACE_STYLE_USAGE(.BOTH.,#16446);
#16442=SURFACE_SIDE_STYLE('',(#16447));
#16443=SURFACE_SIDE_STYLE('',(#16448));
#16444=SURFACE_SIDE_STYLE('',(#16449));
#16445=SURFACE_SIDE_STYLE('',(#16450));
#16446=SURFACE_SIDE_STYLE('',(#16451));
#16447=SURFACE_STYLE_FILL_AREA(#16452);
#16448=SURFACE_STYLE_FILL_AREA(#16453);
#16449=SURFACE_STYLE_FILL_AREA(#16454);
#16450=SURFACE_STYLE_FILL_AREA(#16455);
#16451=SURFACE_STYLE_FILL_AREA(#16456);
#16452=FILL_AREA_STYLE('Steel - Satin',(#16457));
#16453=FILL_AREA_STYLE('Steel - Satin',(#16458));
#16454=FILL_AREA_STYLE('Steel - Satin (2) (1)',(#16459));
#16455=FILL_AREA_STYLE('Steel - Satin (2)',(#16460));
#16456=FILL_AREA_STYLE('Steel - Satin',(#16461));
#16457=FILL_AREA_STYLE_COLOUR('Steel - Satin',#16462);
#16458=FILL_AREA_STYLE_COLOUR('Steel - Satin',#16463);
#16459=FILL_AREA_STYLE_COLOUR('Steel - Satin (2) (1)',#16464);
#16460=FILL_AREA_STYLE_COLOUR('Steel - Satin (2)',#16465);
#16461=FILL_AREA_STYLE_COLOUR('Steel - Satin',#16466);
#16462=COLOUR_RGB('Steel - Satin',0.627450980392157,0.627450980392157,0.627450980392157);
#16463=COLOUR_RGB('Steel - Satin',0.956862745098039,0.,0.0352941176470588);
#16464=COLOUR_RGB('Steel - Satin (2) (1)',0.,0.184313725490196,0.654901960784314);
#16465=COLOUR_RGB('Steel - Satin (2)',1.,1.,0.533333333333333);
#16466=COLOUR_RGB('Steel - Satin',0.890196078431372,0.894117647058824,0.898039215686275);
ENDSEC;
END-ISO-10303-21;
